,column,datatype_current_dtype_report,datatype_suggested_dtype_report,semantic_current_dtype_report,semantic_semantic_type_guess,key_id_like_flag,key_is_primary_key_like,key_is_foreign_key_like,pattern_current_dtype_report,pattern_boolean_like_string_detection,pattern_numeric_like_object_detection,pattern_date_like_object_detection,train_content_current_dtype_report,train_content_non_null_count,train_content_unique_count,train_content_unique_ratio,train_content_avg_string_length,train_content_text_vs_categorical_split,train_content_mixed_type_flag,clean_current_dtype_report,clean_special_character_flag,clean_whitespace_issue_flag,clean_format_inconsistency_flag,clean_leading_or_trailing_space_ratio,clean_multiple_space_ratio,clean_special_character_ratio
0,AMT_ANNUITY,float64,float64,float64,numeric_continuous,False,False,False,float64,False,False,False,float64,307499,13672,0.044461933209538895,,not_applicable,False,float64,False,False,False,,,
1,AMT_CREDIT,float64,float64,float64,numeric_continuous,False,False,False,float64,False,False,False,float64,307511,5603,0.01822048642162394,,not_applicable,False,float64,False,False,False,,,
2,AMT_GOODS_PRICE,float64,float64,float64,numeric_continuous,False,False,False,float64,False,False,False,float64,307233,1002,0.0032613684076905802,,not_applicable,False,float64,False,False,False,,,
3,AMT_INCOME_TOTAL,float64,float64,float64,numeric_continuous,False,False,False,float64,False,False,False,float64,307511,2548,0.008285882456237337,,not_applicable,False,float64,False,False,False,,,
4,AMT_REQ_CREDIT_BUREAU_DAY,float64,Int64,float64,categorical,False,False,False,float64,False,False,False,float64,265992,9,3.3835604078318146e-05,,not_applicable,False,float64,False,False,False,,,
5,AMT_REQ_CREDIT_BUREAU_HOUR,float64,Int64,float64,categorical,False,False,False,float64,False,False,False,float64,265992,5,1.879755782128786e-05,,not_applicable,False,float64,False,False,False,,,
6,AMT_REQ_CREDIT_BUREAU_MON,float64,Int64,float64,categorical,False,False,False,float64,False,False,False,float64,265992,24,9.022827754218172e-05,,not_applicable,False,float64,False,False,False,,,
7,AMT_REQ_CREDIT_BUREAU_QRT,float64,Int64,float64,categorical,False,False,False,float64,False,False,False,float64,265992,11,4.135462720683329e-05,,not_applicable,False,float64,False,False,False,,,
8,AMT_REQ_CREDIT_BUREAU_WEEK,float64,Int64,float64,categorical,False,False,False,float64,False,False,False,float64,265992,9,3.3835604078318146e-05,,not_applicable,False,float64,False,False,False,,,
9,AMT_REQ_CREDIT_BUREAU_YEAR,float64,Int64,float64,categorical,False,False,False,float64,False,False,False,float64,265992,25,9.39877891064393e-05,,not_applicable,False,float64,False,False,False,,,
10,APARTMENTS_AVG,float64,float64,float64,numeric_continuous,False,False,False,float64,False,False,False,float64,151450,2339,0.01544404093760317,,not_applicable,False,float64,False,False,False,,,
11,APARTMENTS_MEDI,float64,float64,float64,numeric_continuous,False,False,False,float64,False,False,False,float64,151450,1148,0.007580059425552988,,not_applicable,False,float64,False,False,False,,,
12,APARTMENTS_MODE,float64,float64,float64,numeric_continuous,False,False,False,float64,False,False,False,float64,151450,760,0.005018157807857379,,not_applicable,False,float64,False,False,False,,,
13,APPROVED_AMT_APPLICATION_MAX,float64,float64,float64,numeric_continuous,False,False,False,float64,False,False,False,float64,290065,50746,0.1749469946391326,,not_applicable,False,float64,False,False,False,,,
14,APPROVED_AMT_APPLICATION_MEAN,float64,float64,float64,numeric_continuous,False,False,False,float64,False,False,False,float64,290065,168391,0.5805285022322583,,not_applicable,False,float64,False,False,False,,,
15,APPROVED_AMT_CREDIT_MAX,float64,float64,float64,numeric_continuous,False,False,False,float64,False,False,False,float64,290065,58928,0.20315446537844967,,not_applicable,False,float64,False,False,False,,,
16,APPROVED_AMT_CREDIT_MEAN,float64,float64,float64,numeric_continuous,False,False,False,float64,False,False,False,float64,290065,185460,0.6393739334287143,,not_applicable,False,float64,False,False,False,,,
17,APPROVED_APP_CREDIT_PERC_MAX,float64,float64,float64,numeric_continuous,False,False,False,float64,False,False,False,float64,290056,145549,0.5017962048707836,,not_applicable,False,float64,False,False,False,,,
18,APPROVED_APP_CREDIT_PERC_MEAN,float64,float64,float64,numeric_continuous,False,False,False,float64,False,False,False,float64,290056,239493,0.8256784896709601,,not_applicable,False,float64,False,False,False,,,
19,APPROVED_CNT_PAYMENT_MEAN,float64,float64,float64,numeric_continuous,False,False,False,float64,False,False,False,float64,290065,1342,0.004626549221726165,,not_applicable,False,float64,False,False,False,,,
20,APPROVED_CNT_PAYMENT_SUM,float64,Int64,float64,numeric_continuous,False,False,False,float64,False,False,False,float64,290065,345,0.001189388585317084,,not_applicable,False,float64,False,False,False,,,
21,APPROVED_DAYS_DECISION_MEAN,float64,float64,float64,numeric_continuous,False,False,False,float64,False,False,False,float64,290065,34247,0.11806664023580922,,not_applicable,False,float64,False,False,False,,,
22,APPROVED_DAYS_DECISION_MIN,float64,Int64,float64,numeric_continuous,False,False,False,float64,False,False,False,float64,290065,2921,0.010070156689017978,,not_applicable,False,float64,False,False,False,,,
23,APPROVED_SK_ID_PREV_NUNIQUE,float64,Int64,float64,categorical,False,False,False,float64,False,False,False,float64,290065,25,8.618757864616551e-05,,not_applicable,False,float64,False,False,False,,,
24,APP_ADDRESS_MISMATCH_COUNT,int64,int64,int64,categorical,False,False,False,int64,False,False,False,int64,307511,7,2.276341334131137e-05,,not_applicable,False,int64,False,False,False,,,
25,APP_ANNUITY_INCOME_RATIO,float64,float64,float64,numeric_continuous,False,False,False,float64,False,False,False,float64,307499,88811,0.2888171994055265,,not_applicable,False,float64,False,False,False,,,
26,APP_CAR_BIRTH_RATIO,float64,float64,float64,numeric_continuous,False,False,False,float64,False,False,False,float64,104582,78396,0.7496127440668566,,not_applicable,False,float64,False,False,False,,,
27,APP_CONTACT_COUNT,int64,int64,int64,categorical,False,False,False,int64,False,False,False,int64,307511,6,1.9511497149695458e-05,,not_applicable,False,int64,False,False,False,,,
28,APP_CREDIT_ANNUITY_RATIO,float64,float64,float64,numeric_continuous,False,False,False,float64,False,False,False,float64,307499,39539,0.12858253197571373,,not_applicable,False,float64,False,False,False,,,
29,APP_CREDIT_INCOME_RATIO,float64,float64,float64,numeric_continuous,False,False,False,float64,False,False,False,float64,307511,48697,0.15835856278311997,,not_applicable,False,float64,False,False,False,,,
30,APP_DOCUMENT_COUNT,int64,int64,int64,categorical,False,False,False,int64,False,False,False,int64,307511,5,1.6259580958079547e-05,,not_applicable,False,int64,False,False,False,,,
31,APP_EMPLOYED_BIRTH_RATIO,float64,float64,float64,numeric_continuous,False,False,False,float64,False,False,False,float64,252137,249434,0.9892796376573053,,not_applicable,False,float64,False,False,False,,,
32,APP_EXT_SOURCE_MAX,float64,float64,float64,numeric_continuous,False,False,False,float64,False,False,False,float64,307339,121113,0.3940697405796206,,not_applicable,False,float64,False,False,False,,,
33,APP_EXT_SOURCE_MEAN,float64,float64,float64,numeric_continuous,False,False,False,float64,False,False,False,float64,307339,300347,0.9772498771714622,,not_applicable,False,float64,False,False,False,,,
34,APP_EXT_SOURCE_MIN,float64,float64,float64,numeric_continuous,False,False,False,float64,False,False,False,float64,307339,139146,0.4527443637156365,,not_applicable,False,float64,False,False,False,,,
35,APP_EXT_SOURCE_STD,float64,float64,float64,numeric_continuous,False,False,False,float64,False,False,False,float64,270602,269867,0.9972838338223664,,not_applicable,False,float64,False,False,False,,,
36,APP_GOODS_CREDIT_RATIO,float64,float64,float64,numeric_continuous,False,False,False,float64,False,False,False,float64,307233,3066,0.009979396744490337,,not_applicable,False,float64,False,False,False,,,
37,APP_INCOME_PER_PERSON,float64,float64,float64,numeric_continuous,False,False,False,float64,False,False,False,float64,307509,3064,0.009963936014880865,,not_applicable,False,float64,False,False,False,,,
38,APP_MISSING_COUNT,int64,int64,int64,categorical,False,False,False,int64,False,False,False,int64,307511,67,0.00021787838483826595,,not_applicable,False,int64,False,False,False,,,
39,APP_MISSING_RATIO,float64,float64,float64,numeric_continuous,False,False,False,float64,False,False,False,float64,307511,67,0.00021787838483826595,,not_applicable,False,float64,False,False,False,,,
40,APP_PHONE_BIRTH_RATIO,float64,float64,float64,numeric_continuous,False,False,False,float64,False,False,False,float64,307510,264924,0.8615134467171799,,not_applicable,False,float64,False,False,False,,,
41,APP_PHONE_EMPLOYED_RATIO,float64,float64,float64,numeric_continuous,False,False,False,float64,False,False,False,float64,252134,205138,0.8136070502193278,,not_applicable,False,float64,False,False,False,,,
42,BASEMENTAREA_AVG,float64,float64,float64,numeric_continuous,False,False,False,float64,False,False,False,float64,127568,3780,0.029631255487269536,,not_applicable,False,float64,False,False,False,,,
43,BASEMENTAREA_MEDI,float64,float64,float64,numeric_continuous,False,False,False,float64,False,False,False,float64,127568,3772,0.029568543835444626,,not_applicable,False,float64,False,False,False,,,
44,BASEMENTAREA_MODE,float64,float64,float64,numeric_continuous,False,False,False,float64,False,False,False,float64,127568,3841,0.030109431832434468,,not_applicable,False,float64,False,False,False,,,
45,BUREAU_ACTIVE_AMT_CREDIT_SUM_DEBT_MEAN,float64,float64,float64,numeric_continuous,False,False,False,float64,False,False,False,float64,206514,158599,0.767981831740221,,not_applicable,False,float64,False,False,False,,,
46,BUREAU_ACTIVE_AMT_CREDIT_SUM_DEBT_SUM,float64,float64,float64,numeric_continuous,False,False,False,float64,False,False,False,float64,217150,153496,0.7068662215058715,,not_applicable,False,float64,False,False,False,,,
47,BUREAU_ACTIVE_AMT_CREDIT_SUM_MEAN,float64,float64,float64,numeric_continuous,False,False,False,float64,False,False,False,float64,217149,99483,0.45813243441139495,,not_applicable,False,float64,False,False,False,,,
48,BUREAU_ACTIVE_AMT_CREDIT_SUM_OVERDUE_MEAN,float64,float64,float64,numeric_continuous,False,False,False,float64,False,False,False,float64,217150,1557,0.007170158876352752,,not_applicable,False,float64,False,False,False,,,
49,BUREAU_ACTIVE_AMT_CREDIT_SUM_OVERDUE_SUM,float64,float64,float64,numeric_continuous,False,False,False,float64,False,False,False,float64,217150,1197,0.005512318673727838,,not_applicable,False,float64,False,False,False,,,
50,BUREAU_ACTIVE_AMT_CREDIT_SUM_SUM,float64,float64,float64,numeric_continuous,False,False,False,float64,False,False,False,float64,217150,95921,0.4417269168777343,,not_applicable,False,float64,False,False,False,,,
51,BUREAU_ACTIVE_DAYS_CREDIT_MAX,float64,Int64,float64,numeric_continuous,False,False,False,float64,False,False,False,float64,217150,2907,0.013387059636196177,,not_applicable,False,float64,False,False,False,,,
52,BUREAU_ACTIVE_DAYS_CREDIT_MEAN,float64,float64,float64,numeric_continuous,False,False,False,float64,False,False,False,float64,217150,20978,0.09660603269629288,,not_applicable,False,float64,False,False,False,,,
53,BUREAU_ACTIVE_DAYS_CREDIT_MIN,float64,Int64,float64,numeric_continuous,False,False,False,float64,False,False,False,float64,217150,2922,0.01345613631130555,,not_applicable,False,float64,False,False,False,,,
54,BUREAU_AMT_ANNUITY_MAX,float64,float64,float64,numeric_continuous,False,False,False,float64,False,False,False,float64,80009,23582,0.29474184154282645,,not_applicable,False,float64,False,False,False,,,
55,BUREAU_AMT_ANNUITY_MEAN,float64,float64,float64,numeric_continuous,False,False,False,float64,False,False,False,float64,80009,40563,0.5069804646977215,,not_applicable,False,float64,False,False,False,,,
56,BUREAU_AMT_CREDIT_MAX_OVERDUE_MAX,float64,float64,float64,numeric_continuous,False,False,False,float64,False,False,False,float64,183886,44798,0.24361832874715855,,not_applicable,False,float64,False,False,False,,,
57,BUREAU_AMT_CREDIT_MAX_OVERDUE_MEAN,float64,float64,float64,numeric_continuous,False,False,False,float64,False,False,False,float64,183886,55265,0.3005394646683271,,not_applicable,False,float64,False,False,False,,,
58,BUREAU_AMT_CREDIT_SUM_DEBT_MAX,float64,float64,float64,numeric_continuous,False,False,False,float64,False,False,False,float64,256131,138943,0.542468502446014,,not_applicable,False,float64,False,False,False,,,
59,BUREAU_AMT_CREDIT_SUM_DEBT_MEAN,float64,float64,float64,numeric_continuous,False,False,False,float64,False,False,False,float64,256131,169324,0.6610835861336581,,not_applicable,False,float64,False,False,False,,,
60,BUREAU_AMT_CREDIT_SUM_DEBT_SUM,float64,float64,float64,numeric_continuous,False,False,False,float64,False,False,False,float64,263491,154999,0.5882515911359402,,not_applicable,False,float64,False,False,False,,,
61,BUREAU_AMT_CREDIT_SUM_LIMIT_MAX,float64,float64,float64,numeric_continuous,False,False,False,float64,False,False,False,float64,242442,34311,0.1415225084762541,,not_applicable,False,float64,False,False,False,,,
62,BUREAU_AMT_CREDIT_SUM_LIMIT_MEAN,float64,float64,float64,numeric_continuous,False,False,False,float64,False,False,False,float64,242442,38928,0.16056623852302818,,not_applicable,False,float64,False,False,False,,,
63,BUREAU_AMT_CREDIT_SUM_LIMIT_SUM,float64,float64,float64,numeric_continuous,False,False,False,float64,False,False,False,float64,263491,37278,0.14147731801086186,,not_applicable,False,float64,False,False,False,,,
64,BUREAU_AMT_CREDIT_SUM_MAX,float64,float64,float64,numeric_continuous,False,False,False,float64,False,False,False,float64,263490,65160,0.24729591255835137,,not_applicable,False,float64,False,False,False,,,
65,BUREAU_AMT_CREDIT_SUM_MEAN,float64,float64,float64,numeric_continuous,False,False,False,float64,False,False,False,float64,263490,209581,0.7954040001518085,,not_applicable,False,float64,False,False,False,,,
66,BUREAU_AMT_CREDIT_SUM_OVERDUE_MAX,float64,float64,float64,numeric_continuous,False,False,False,float64,False,False,False,float64,263491,1203,0.004565620837144343,,not_applicable,False,float64,False,False,False,,,
67,BUREAU_AMT_CREDIT_SUM_OVERDUE_MEAN,float64,float64,float64,numeric_continuous,False,False,False,float64,False,False,False,float64,263491,1872,0.00710460698847399,,not_applicable,False,float64,False,False,False,,,
68,BUREAU_AMT_CREDIT_SUM_OVERDUE_SUM,float64,float64,float64,numeric_continuous,False,False,False,float64,False,False,False,float64,263491,1218,0.004622548777757115,,not_applicable,False,float64,False,False,False,,,
69,BUREAU_AMT_CREDIT_SUM_SUM,float64,float64,float64,numeric_continuous,False,False,False,float64,False,False,False,float64,263491,205630,0.7804061618802919,,not_applicable,False,float64,False,False,False,,,
70,BUREAU_BB_MONTHS_BALANCE_MAX_MEAN,float64,float64,float64,numeric_continuous,False,False,False,float64,False,False,False,float64,92231,3958,0.042913987704784724,,not_applicable,False,float64,False,False,False,,,
71,BUREAU_BB_MONTHS_BALANCE_MIN_MEAN,float64,float64,float64,numeric_continuous,False,False,False,float64,False,False,False,float64,92231,5715,0.06196398174149689,,not_applicable,False,float64,False,False,False,,,
72,BUREAU_BB_MONTHS_BALANCE_SIZE_MEAN,float64,float64,float64,numeric_continuous,False,False,False,float64,False,False,False,float64,92231,5673,0.06150860339798983,,not_applicable,False,float64,False,False,False,,,
73,BUREAU_BB_STATUS_0_MEAN_MEAN,float64,float64,float64,numeric_continuous,False,False,False,float64,False,False,False,float64,92231,60195,0.652654747319231,,not_applicable,False,float64,False,False,False,,,
74,BUREAU_BB_STATUS_1_MEAN_MEAN,float64,float64,float64,numeric_continuous,False,False,False,float64,False,False,False,float64,92231,13162,0.14270689898190414,,not_applicable,False,float64,False,False,False,,,
75,BUREAU_BB_STATUS_2_MEAN_MEAN,float64,float64,float64,numeric_continuous,False,False,False,float64,False,False,False,float64,92231,2759,0.029914020231809262,,not_applicable,False,float64,False,False,False,,,
76,BUREAU_BB_STATUS_3_MEAN_MEAN,float64,float64,float64,numeric_continuous,False,False,False,float64,False,False,False,float64,92231,1455,0.015775606900066137,,not_applicable,False,float64,False,False,False,,,
77,BUREAU_BB_STATUS_4_MEAN_MEAN,float64,float64,float64,numeric_continuous,False,False,False,float64,False,False,False,float64,92231,1122,0.012165107176545847,,not_applicable,False,float64,False,False,False,,,
78,BUREAU_BB_STATUS_5_MEAN_MEAN,float64,float64,float64,numeric_continuous,False,False,False,float64,False,False,False,float64,92231,1632,0.01769470134770305,,not_applicable,False,float64,False,False,False,,,
79,BUREAU_BB_STATUS_BAD_FLAG_MEAN_MEAN,float64,float64,float64,numeric_continuous,False,False,False,float64,False,False,False,float64,92231,14129,0.15319144322407868,,not_applicable,False,float64,False,False,False,,,
80,BUREAU_BB_STATUS_BAD_FLAG_SUM_MEAN,float64,float64,float64,numeric_continuous,False,False,False,float64,False,False,False,float64,92231,907,0.009834003751450163,,not_applicable,False,float64,False,False,False,,,
81,BUREAU_BB_STATUS_C_FLAG_MEAN_MEAN,float64,float64,float64,numeric_continuous,False,False,False,float64,False,False,False,float64,92231,50576,0.5483622643146013,,not_applicable,False,float64,False,False,False,,,
82,BUREAU_BB_STATUS_C_MEAN_MEAN,float64,float64,float64,numeric_continuous,False,False,False,float64,False,False,False,float64,92231,50576,0.5483622643146013,,not_applicable,False,float64,False,False,False,,,
83,BUREAU_BB_STATUS_X_FLAG_MEAN_MEAN,float64,float64,float64,numeric_continuous,False,False,False,float64,False,False,False,float64,92231,40979,0.4443083128232373,,not_applicable,False,float64,False,False,False,,,
84,BUREAU_BB_STATUS_X_MEAN_MEAN,float64,float64,float64,numeric_continuous,False,False,False,float64,False,False,False,float64,92231,40979,0.4443083128232373,,not_applicable,False,float64,False,False,False,,,
85,BUREAU_BB_STATUS_ZERO_FLAG_MEAN_MEAN,float64,float64,float64,numeric_continuous,False,False,False,float64,False,False,False,float64,92231,60195,0.652654747319231,,not_applicable,False,float64,False,False,False,,,
86,BUREAU_BB_STATUS_nan_MEAN_MEAN,float64,Int64,float64,constant,False,False,False,float64,False,False,False,float64,92231,1,1.0842341512072947e-05,,not_applicable,False,float64,False,False,False,,,
87,BUREAU_BUREAU_DEBT_CREDIT_RATIO_RAW_MAX,float64,float64,float64,numeric_continuous,False,False,False,float64,False,False,False,float64,254877,150668,0.5911400400977727,,not_applicable,False,float64,False,False,False,,,
88,BUREAU_BUREAU_DEBT_CREDIT_RATIO_RAW_MEAN,float64,float64,float64,numeric_continuous,False,False,False,float64,False,False,False,float64,254877,179453,0.7040768684502721,,not_applicable,False,float64,False,False,False,,,
89,BUREAU_BUREAU_OVERDUE_DEBT_RATIO_RAW_MAX,float64,float64,float64,numeric_continuous,False,False,False,float64,False,False,False,float64,186442,2197,0.011783825532873495,,not_applicable,False,float64,False,False,False,,,
90,BUREAU_BUREAU_OVERDUE_DEBT_RATIO_RAW_MEAN,float64,float64,float64,numeric_continuous,False,False,False,float64,False,False,False,float64,186442,2224,0.011928642687806395,,not_applicable,False,float64,False,False,False,,,
91,BUREAU_CLOSED_AMT_CREDIT_SUM_MEAN,float64,float64,float64,numeric_continuous,False,False,False,float64,False,False,False,float64,230165,171533,0.7452610084070124,,not_applicable,False,float64,False,False,False,,,
92,BUREAU_CLOSED_AMT_CREDIT_SUM_SUM,float64,float64,float64,numeric_continuous,False,False,False,float64,False,False,False,float64,230165,168797,0.7333738839528164,,not_applicable,False,float64,False,False,False,,,
93,BUREAU_CLOSED_DAYS_CREDIT_MAX,float64,Int64,float64,numeric_continuous,False,False,False,float64,False,False,False,float64,230165,2921,0.012690895661807833,,not_applicable,False,float64,False,False,False,,,
94,BUREAU_CLOSED_DAYS_CREDIT_MEAN,float64,float64,float64,numeric_continuous,False,False,False,float64,False,False,False,float64,230165,44873,0.19496013729281167,,not_applicable,False,float64,False,False,False,,,
95,BUREAU_CLOSED_DAYS_CREDIT_MIN,float64,Int64,float64,numeric_continuous,False,False,False,float64,False,False,False,float64,230165,2912,0.012651793278734821,,not_applicable,False,float64,False,False,False,,,
96,BUREAU_CNT_CREDIT_PROLONG_MEAN,float64,float64,float64,numeric_continuous,False,False,False,float64,False,False,False,float64,263491,111,0.0004212667605345154,,not_applicable,False,float64,False,False,False,,,
97,BUREAU_CNT_CREDIT_PROLONG_SUM,float64,Int64,float64,categorical,False,False,False,float64,False,False,False,float64,263491,10,3.79519604085149e-05,,not_applicable,False,float64,False,False,False,,,
98,BUREAU_CREDIT_ACTIVE_Active_MEAN,float64,float64,float64,numeric_continuous,False,False,False,float64,False,False,False,float64,263491,296,0.001123378028092041,,not_applicable,False,float64,False,False,False,,,
99,BUREAU_CREDIT_ACTIVE_Bad debt_MEAN,float64,float64,float64,categorical,False,False,False,float64,False,False,False,float64,263491,15,5.6927940612772356e-05,,not_applicable,False,float64,False,False,False,,,
100,BUREAU_CREDIT_ACTIVE_Closed_MEAN,float64,float64,float64,numeric_continuous,False,False,False,float64,False,False,False,float64,263491,304,0.001153739596418853,,not_applicable,False,float64,False,False,False,,,
101,BUREAU_CREDIT_ACTIVE_Sold_MEAN,float64,float64,float64,numeric_continuous,False,False,False,float64,False,False,False,float64,263491,70,0.00026566372285960433,,not_applicable,False,float64,False,False,False,,,
102,BUREAU_CREDIT_ACTIVE_nan_MEAN,float64,Int64,float64,constant,False,False,False,float64,False,False,False,float64,263491,1,3.79519604085149e-06,,not_applicable,False,float64,False,False,False,,,
103,BUREAU_CREDIT_CURRENCY_currency 1_MEAN,float64,float64,float64,numeric_continuous,False,False,False,float64,False,False,False,float64,263491,57,0.00021632617432853495,,not_applicable,False,float64,False,False,False,,,
104,BUREAU_CREDIT_CURRENCY_currency 2_MEAN,float64,float64,float64,numeric_continuous,False,False,False,float64,False,False,False,float64,263491,55,0.00020873578224683197,,not_applicable,False,float64,False,False,False,,,
105,BUREAU_CREDIT_CURRENCY_currency 3_MEAN,float64,float64,float64,categorical,False,False,False,float64,False,False,False,float64,263491,33,0.00012524146934809918,,not_applicable,False,float64,False,False,False,,,
106,BUREAU_CREDIT_CURRENCY_currency 4_MEAN,float64,float64,float64,categorical,False,False,False,float64,False,False,False,float64,263491,7,2.656637228596043e-05,,not_applicable,False,float64,False,False,False,,,
107,BUREAU_CREDIT_CURRENCY_nan_MEAN,float64,Int64,float64,constant,False,False,False,float64,False,False,False,float64,263491,1,3.79519604085149e-06,,not_applicable,False,float64,False,False,False,,,
108,BUREAU_CREDIT_DAY_OVERDUE_MAX,float64,Int64,float64,numeric_continuous,False,False,False,float64,False,False,False,float64,263491,868,0.0032942301634590935,,not_applicable,False,float64,False,False,False,,,
109,BUREAU_CREDIT_DAY_OVERDUE_MEAN,float64,float64,float64,numeric_continuous,False,False,False,float64,False,False,False,float64,263491,1541,0.005848397098952147,,not_applicable,False,float64,False,False,False,,,
110,BUREAU_CREDIT_DAY_OVERDUE_SUM,float64,Int64,float64,numeric_continuous,False,False,False,float64,False,False,False,float64,263491,879,0.00333597731990846,,not_applicable,False,float64,False,False,False,,,
111,BUREAU_CREDIT_TYPE_Another type of loan_MEAN,float64,float64,float64,categorical,False,False,False,float64,False,False,False,float64,263491,38,0.00014421744955235664,,not_applicable,False,float64,False,False,False,,,
112,BUREAU_CREDIT_TYPE_Car loan_MEAN,float64,float64,float64,numeric_continuous,False,False,False,float64,False,False,False,float64,263491,102,0.000387109996166852,,not_applicable,False,float64,False,False,False,,,
113,BUREAU_CREDIT_TYPE_Cash loan (non-earmarked)_MEAN,float64,float64,float64,categorical,False,False,False,float64,False,False,False,float64,263491,16,6.072313665362384e-05,,not_applicable,False,float64,False,False,False,,,
114,BUREAU_CREDIT_TYPE_Consumer credit_MEAN,float64,float64,float64,numeric_continuous,False,False,False,float64,False,False,False,float64,263491,329,0.0012486194974401404,,not_applicable,False,float64,False,False,False,,,
115,BUREAU_CREDIT_TYPE_Credit card_MEAN,float64,float64,float64,numeric_continuous,False,False,False,float64,False,False,False,float64,263491,295,0.0011195828320511897,,not_applicable,False,float64,False,False,False,,,
116,BUREAU_CREDIT_TYPE_Interbank credit_MEAN,float64,float64,float64,binary_flag,False,False,False,float64,False,False,False,float64,263491,2,7.59039208170298e-06,,not_applicable,False,float64,False,False,False,,,
117,BUREAU_CREDIT_TYPE_Loan for business development_MEAN,float64,float64,float64,numeric_continuous,False,False,False,float64,False,False,False,float64,263491,57,0.00021632617432853495,,not_applicable,False,float64,False,False,False,,,
118,BUREAU_CREDIT_TYPE_Loan for purchase of shares (margin lending)_MEAN,float64,float64,float64,categorical,False,False,False,float64,False,False,False,float64,263491,4,1.518078416340596e-05,,not_applicable,False,float64,False,False,False,,,
119,BUREAU_CREDIT_TYPE_Loan for the purchase of equipment_MEAN,float64,float64,float64,categorical,False,False,False,float64,False,False,False,float64,263491,14,5.313274457192086e-05,,not_applicable,False,float64,False,False,False,,,
120,BUREAU_CREDIT_TYPE_Loan for working capital replenishment_MEAN,float64,float64,float64,categorical,False,False,False,float64,False,False,False,float64,263491,43,0.00016319342975661407,,not_applicable,False,float64,False,False,False,,,
121,BUREAU_CREDIT_TYPE_Microloan_MEAN,float64,float64,float64,numeric_continuous,False,False,False,float64,False,False,False,float64,263491,194,0.000736268031925189,,not_applicable,False,float64,False,False,False,,,
122,BUREAU_CREDIT_TYPE_Mobile operator loan_MEAN,float64,float64,float64,binary_flag,False,False,False,float64,False,False,False,float64,263491,2,7.59039208170298e-06,,not_applicable,False,float64,False,False,False,,,
123,BUREAU_CREDIT_TYPE_Mortgage_MEAN,float64,float64,float64,numeric_continuous,False,False,False,float64,False,False,False,float64,263491,75,0.00028463970306386174,,not_applicable,False,float64,False,False,False,,,
124,BUREAU_CREDIT_TYPE_Real estate loan_MEAN,float64,float64,float64,categorical,False,False,False,float64,False,False,False,float64,263491,12,4.554235249021788e-05,,not_applicable,False,float64,False,False,False,,,
125,BUREAU_CREDIT_TYPE_Unknown type of loan_MEAN,float64,float64,float64,categorical,False,False,False,float64,False,False,False,float64,263491,42,0.00015939823371576258,,not_applicable,False,float64,False,False,False,,,
126,BUREAU_CREDIT_TYPE_nan_MEAN,float64,Int64,float64,constant,False,False,False,float64,False,False,False,float64,263491,1,3.79519604085149e-06,,not_applicable,False,float64,False,False,False,,,
127,BUREAU_DAYS_CREDIT_ENDDATE_MAX,float64,Int64,float64,numeric_continuous,False,False,False,float64,False,False,False,float64,261242,13030,0.04987712542393643,,not_applicable,False,float64,False,False,False,,,
128,BUREAU_DAYS_CREDIT_ENDDATE_MEAN,float64,float64,float64,numeric_continuous,False,False,False,float64,False,False,False,float64,261242,97903,0.374759801257072,,not_applicable,False,float64,False,False,False,,,
129,BUREAU_DAYS_CREDIT_ENDDATE_MIN,float64,Int64,float64,numeric_continuous,False,False,False,float64,False,False,False,float64,261242,6828,0.02613668552529838,,not_applicable,False,float64,False,False,False,,,
130,BUREAU_DAYS_CREDIT_MAX,float64,Int64,float64,numeric_continuous,False,False,False,float64,False,False,False,float64,263491,2923,0.011093358027408906,,not_applicable,False,float64,False,False,False,,,
131,BUREAU_DAYS_CREDIT_MEAN,float64,float64,float64,numeric_continuous,False,False,False,float64,False,False,False,float64,263491,64556,0.2450026756132088,,not_applicable,False,float64,False,False,False,,,
132,BUREAU_DAYS_CREDIT_MIN,float64,Int64,float64,numeric_continuous,False,False,False,float64,False,False,False,float64,263491,2922,0.011089562831368055,,not_applicable,False,float64,False,False,False,,,
133,BUREAU_DAYS_CREDIT_UPDATE_MAX,float64,Int64,float64,numeric_continuous,False,False,False,float64,False,False,False,float64,263491,2663,0.01010660705678752,,not_applicable,False,float64,False,False,False,,,
134,BUREAU_DAYS_CREDIT_UPDATE_MEAN,float64,float64,float64,numeric_continuous,False,False,False,float64,False,False,False,float64,263491,55038,0.20887999969638432,,not_applicable,False,float64,False,False,False,,,
135,BUREAU_DAYS_CREDIT_UPDATE_MIN,float64,Int64,float64,numeric_continuous,False,False,False,float64,False,False,False,float64,263491,2969,0.011267937045288074,,not_applicable,False,float64,False,False,False,,,
136,BUREAU_DAYS_CREDIT_VAR,float64,float64,float64,numeric_continuous,False,False,False,float64,False,False,False,float64,227419,190248,0.8365527946213817,,not_applicable,False,float64,False,False,False,,,
137,BUREAU_SK_ID_BUREAU_NUNIQUE,float64,Int64,float64,numeric_continuous,False,False,False,float64,False,False,False,float64,263491,60,0.00022771176245108942,,not_applicable,False,float64,False,False,False,,,
138,BUREAU_TOTAL_DEBT_CREDIT_RATIO,float64,float64,float64,numeric_continuous,False,False,False,float64,False,False,False,float64,262408,184777,0.7041591719764642,,not_applicable,False,float64,False,False,False,,,
139,BUREAU_TOTAL_OVERDUE_DEBT_RATIO,float64,float64,float64,numeric_continuous,False,False,False,float64,False,False,False,float64,186442,2995,0.016063977000890357,,not_applicable,False,float64,False,False,False,,,
140,CC_AMT_BALANCE_MAX,float64,float64,float64,numeric_continuous,False,False,False,float64,False,False,False,float64,86905,56722,0.652689718658305,,not_applicable,False,float64,False,False,False,,,
141,CC_AMT_BALANCE_MEAN,float64,float64,float64,numeric_continuous,False,False,False,float64,False,False,False,float64,86905,59467,0.6842759334905931,,not_applicable,False,float64,False,False,False,,,
142,CC_AMT_BALANCE_SUM,float64,float64,float64,numeric_continuous,False,False,False,float64,False,False,False,float64,86905,58810,0.6767159542028652,,not_applicable,False,float64,False,False,False,,,
143,CC_AMT_CREDIT_LIMIT_ACTUAL_MAX,float64,Int64,float64,numeric_continuous,False,False,False,float64,False,False,False,float64,86905,54,0.0006213681606351763,,not_applicable,False,float64,False,False,False,,,
144,CC_AMT_CREDIT_LIMIT_ACTUAL_MEAN,float64,float64,float64,numeric_continuous,False,False,False,float64,False,False,False,float64,86905,11313,0.13017662965306945,,not_applicable,False,float64,False,False,False,,,
145,CC_AMT_DRAWINGS_ATM_CURRENT_MAX,float64,float64,float64,numeric_continuous,False,False,False,float64,False,False,False,float64,61140,1305,0.021344455348380767,,not_applicable,False,float64,False,False,False,,,
146,CC_AMT_DRAWINGS_ATM_CURRENT_MEAN,float64,float64,float64,numeric_continuous,False,False,False,float64,False,False,False,float64,61140,22420,0.3666993784756297,,not_applicable,False,float64,False,False,False,,,
147,CC_AMT_DRAWINGS_ATM_CURRENT_SUM,float64,float64,float64,numeric_continuous,False,False,False,float64,False,False,False,float64,86905,5016,0.057718198032334155,,not_applicable,False,float64,False,False,False,,,
148,CC_AMT_DRAWINGS_CURRENT_MAX,float64,float64,float64,numeric_continuous,False,False,False,float64,False,False,False,float64,86905,24117,0.27750992463034346,,not_applicable,False,float64,False,False,False,,,
149,CC_AMT_DRAWINGS_CURRENT_MEAN,float64,float64,float64,numeric_continuous,False,False,False,float64,False,False,False,float64,86905,49079,0.5647431102928485,,not_applicable,False,float64,False,False,False,,,
150,CC_AMT_DRAWINGS_CURRENT_SUM,float64,float64,float64,numeric_continuous,False,False,False,float64,False,False,False,float64,86905,40377,0.4646107818882688,,not_applicable,False,float64,False,False,False,,,
151,CC_AMT_DRAWINGS_POS_CURRENT_MAX,float64,float64,float64,numeric_continuous,False,False,False,float64,False,False,False,float64,61140,28865,0.4721131828590121,,not_applicable,False,float64,False,False,False,,,
152,CC_AMT_DRAWINGS_POS_CURRENT_MEAN,float64,float64,float64,numeric_continuous,False,False,False,float64,False,False,False,float64,61140,33409,0.5464344128230291,,not_applicable,False,float64,False,False,False,,,
153,CC_AMT_DRAWINGS_POS_CURRENT_SUM,float64,float64,float64,numeric_continuous,False,False,False,float64,False,False,False,float64,86905,31661,0.3643173580346355,,not_applicable,False,float64,False,False,False,,,
154,CC_AMT_INST_MIN_REGULARITY_MAX,float64,float64,float64,numeric_continuous,False,False,False,float64,False,False,False,float64,86905,32000,0.36821816926528966,,not_applicable,False,float64,False,False,False,,,
155,CC_AMT_INST_MIN_REGULARITY_MEAN,float64,float64,float64,numeric_continuous,False,False,False,float64,False,False,False,float64,86905,57384,0.6603072320349808,,not_applicable,False,float64,False,False,False,,,
156,CC_AMT_PAYMENT_CURRENT_MAX,float64,float64,float64,numeric_continuous,False,False,False,float64,False,False,False,float64,61060,25753,0.4217654765804127,,not_applicable,False,float64,False,False,False,,,
157,CC_AMT_PAYMENT_CURRENT_MEAN,float64,float64,float64,numeric_continuous,False,False,False,float64,False,False,False,float64,61060,56763,0.9296265967900426,,not_applicable,False,float64,False,False,False,,,
158,CC_AMT_PAYMENT_CURRENT_SUM,float64,float64,float64,numeric_continuous,False,False,False,float64,False,False,False,float64,86905,54228,0.6239917150911916,,not_applicable,False,float64,False,False,False,,,
159,CC_AMT_PAYMENT_TOTAL_CURRENT_MAX,float64,float64,float64,numeric_continuous,False,False,False,float64,False,False,False,float64,86905,30350,0.3492319199125482,,not_applicable,False,float64,False,False,False,,,
160,CC_AMT_PAYMENT_TOTAL_CURRENT_MEAN,float64,float64,float64,numeric_continuous,False,False,False,float64,False,False,False,float64,86905,57831,0.6654507795869052,,not_applicable,False,float64,False,False,False,,,
161,CC_AMT_PAYMENT_TOTAL_CURRENT_SUM,float64,float64,float64,numeric_continuous,False,False,False,float64,False,False,False,float64,86905,52944,0.6092169610494218,,not_applicable,False,float64,False,False,False,,,
162,CC_AMT_RECEIVABLE_PRINCIPAL_MAX,float64,float64,float64,numeric_continuous,False,False,False,float64,False,False,False,float64,86905,46271,0.5324319659398193,,not_applicable,False,float64,False,False,False,,,
163,CC_AMT_RECEIVABLE_PRINCIPAL_MEAN,float64,float64,float64,numeric_continuous,False,False,False,float64,False,False,False,float64,86905,58549,0.6737126747597951,,not_applicable,False,float64,False,False,False,,,
164,CC_AMT_RECEIVABLE_PRINCIPAL_SUM,float64,float64,float64,numeric_continuous,False,False,False,float64,False,False,False,float64,86905,57768,0.6647258500661642,,not_applicable,False,float64,False,False,False,,,
165,CC_AMT_TOTAL_RECEIVABLE_MAX,float64,float64,float64,numeric_continuous,False,False,False,float64,False,False,False,float64,86905,56422,0.649237673321443,,not_applicable,False,float64,False,False,False,,,
166,CC_AMT_TOTAL_RECEIVABLE_MEAN,float64,float64,float64,numeric_continuous,False,False,False,float64,False,False,False,float64,86905,59521,0.6848973016512283,,not_applicable,False,float64,False,False,False,,,
167,CC_AMT_TOTAL_RECEIVABLE_SUM,float64,float64,float64,numeric_continuous,False,False,False,float64,False,False,False,float64,86905,58867,0.677371842816869,,not_applicable,False,float64,False,False,False,,,
168,CC_BALANCE_LIMIT_RATIO_MAX,float64,float64,float64,numeric_continuous,False,False,False,float64,False,False,False,float64,86036,56087,0.6519015295922637,,not_applicable,False,float64,False,False,False,,,
169,CC_BALANCE_LIMIT_RATIO_MEAN,float64,float64,float64,numeric_continuous,False,False,False,float64,False,False,False,float64,86036,59104,0.6869682458505741,,not_applicable,False,float64,False,False,False,,,
170,CC_CC_LATE_FLAG_MEAN,float64,float64,float64,numeric_continuous,False,False,False,float64,False,False,False,float64,86905,1422,0.016362694896726312,,not_applicable,False,float64,False,False,False,,,
171,CC_CC_LATE_FLAG_SUM,float64,Int64,float64,numeric_continuous,False,False,False,float64,False,False,False,float64,86905,91,0.0010471204188481676,,not_applicable,False,float64,False,False,False,,,
172,CC_CNT_DRAWINGS_ATM_CURRENT_MAX,float64,Int64,float64,categorical,False,False,False,float64,False,False,False,float64,61140,44,0.0007196597971867845,,not_applicable,False,float64,False,False,False,,,
173,CC_CNT_DRAWINGS_ATM_CURRENT_MEAN,float64,float64,float64,numeric_continuous,False,False,False,float64,False,False,False,float64,61140,3385,0.055364736669937846,,not_applicable,False,float64,False,False,False,,,
174,CC_CNT_DRAWINGS_ATM_CURRENT_SUM,float64,Int64,float64,numeric_continuous,False,False,False,float64,False,False,False,float64,86905,163,0.0018756112996950692,,not_applicable,False,float64,False,False,False,,,
175,CC_CNT_DRAWINGS_CURRENT_MAX,float64,Int64,float64,numeric_continuous,False,False,False,float64,False,False,False,float64,86905,119,0.001369311316955296,,not_applicable,False,float64,False,False,False,,,
176,CC_CNT_DRAWINGS_CURRENT_MEAN,float64,float64,float64,numeric_continuous,False,False,False,float64,False,False,False,float64,86905,6584,0.07576088832633335,,not_applicable,False,float64,False,False,False,,,
177,CC_CNT_DRAWINGS_CURRENT_SUM,float64,Int64,float64,numeric_continuous,False,False,False,float64,False,False,False,float64,86905,548,0.006305736148668086,,not_applicable,False,float64,False,False,False,,,
178,CC_CNT_DRAWINGS_POS_CURRENT_MAX,float64,Int64,float64,numeric_continuous,False,False,False,float64,False,False,False,float64,61140,123,0.002011776251226693,,not_applicable,False,float64,False,False,False,,,
179,CC_CNT_DRAWINGS_POS_CURRENT_MEAN,float64,float64,float64,numeric_continuous,False,False,False,float64,False,False,False,float64,61140,5024,0.08217206411514556,,not_applicable,False,float64,False,False,False,,,
180,CC_CNT_DRAWINGS_POS_CURRENT_SUM,float64,Int64,float64,numeric_continuous,False,False,False,float64,False,False,False,float64,86905,532,0.006121627064035441,,not_applicable,False,float64,False,False,False,,,
181,CC_CNT_INSTALMENT_MATURE_CUM_MAX,float64,Int64,float64,numeric_continuous,False,False,False,float64,False,False,False,float64,86905,120,0.0013808181347448364,,not_applicable,False,float64,False,False,False,,,
182,CC_CNT_INSTALMENT_MATURE_CUM_MEAN,float64,float64,float64,numeric_continuous,False,False,False,float64,False,False,False,float64,86905,13923,0.16020942408376965,,not_applicable,False,float64,False,False,False,,,
183,CC_DRAWING_LIMIT_RATIO_MAX,float64,float64,float64,numeric_continuous,False,False,False,float64,False,False,False,float64,86036,24356,0.28309079920033475,,not_applicable,False,float64,False,False,False,,,
184,CC_DRAWING_LIMIT_RATIO_MEAN,float64,float64,float64,numeric_continuous,False,False,False,float64,False,False,False,float64,86036,48938,0.5688084057836255,,not_applicable,False,float64,False,False,False,,,
185,CC_MONTHS_BALANCE_MAX,float64,Int64,float64,categorical,False,False,False,float64,False,False,False,float64,86905,5,5.7534088947701514e-05,,not_applicable,False,float64,False,False,False,,,
186,CC_MONTHS_BALANCE_MIN,float64,Int64,float64,numeric_continuous,False,False,False,float64,False,False,False,float64,86905,96,0.001104654507795869,,not_applicable,False,float64,False,False,False,,,
187,CC_MONTHS_BALANCE_SIZE,float64,Int64,float64,numeric_continuous,False,False,False,float64,False,False,False,float64,86905,128,0.0014728726770611587,,not_applicable,False,float64,False,False,False,,,
188,CC_NAME_CONTRACT_STATUS_Active_MEAN,float64,float64,float64,numeric_continuous,False,False,False,float64,False,False,False,float64,86905,1004,0.011552845060698464,,not_applicable,False,float64,False,False,False,,,
189,CC_NAME_CONTRACT_STATUS_Approved_MEAN,float64,float64,float64,categorical,False,False,False,float64,False,False,False,float64,86905,6,6.904090673724181e-05,,not_applicable,False,float64,False,False,False,,,
190,CC_NAME_CONTRACT_STATUS_Completed_MEAN,float64,float64,float64,numeric_continuous,False,False,False,float64,False,False,False,float64,86905,925,0.01064380645532478,,not_applicable,False,float64,False,False,False,,,
191,CC_NAME_CONTRACT_STATUS_Demand_MEAN,float64,float64,float64,categorical,False,False,False,float64,False,False,False,float64,86905,16,0.00018410908463264484,,not_applicable,False,float64,False,False,False,,,
192,CC_NAME_CONTRACT_STATUS_Refused_MEAN,float64,float64,float64,categorical,False,False,False,float64,False,False,False,float64,86905,14,0.00016109544905356423,,not_applicable,False,float64,False,False,False,,,
193,CC_NAME_CONTRACT_STATUS_Sent proposal_MEAN,float64,float64,float64,categorical,False,False,False,float64,False,False,False,float64,86905,34,0.00039123180484437026,,not_applicable,False,float64,False,False,False,,,
194,CC_NAME_CONTRACT_STATUS_Signed_MEAN,float64,float64,float64,numeric_continuous,False,False,False,float64,False,False,False,float64,86905,252,0.0028997180829641563,,not_applicable,False,float64,False,False,False,,,
195,CC_NAME_CONTRACT_STATUS_nan_MEAN,float64,Int64,float64,constant,False,False,False,float64,False,False,False,float64,86905,1,1.1506817789540303e-05,,not_applicable,False,float64,False,False,False,,,
196,CC_PAYMENT_MIN_RATIO_MAX,float64,float64,float64,numeric_continuous,False,False,False,float64,False,False,False,float64,59269,47187,0.7961497578835479,,not_applicable,False,float64,False,False,False,,,
197,CC_PAYMENT_MIN_RATIO_MEAN,float64,float64,float64,numeric_continuous,False,False,False,float64,False,False,False,float64,59269,58279,0.9832964956385294,,not_applicable,False,float64,False,False,False,,,
198,CC_PAYMENT_TOTAL_RATIO_MAX,float64,float64,float64,numeric_continuous,False,False,False,float64,False,False,False,float64,59775,56912,0.9521037222919281,,not_applicable,False,float64,False,False,False,,,
199,CC_PAYMENT_TOTAL_RATIO_MEAN,float64,float64,float64,numeric_continuous,False,False,False,float64,False,False,False,float64,59775,57349,0.9594144709326642,,not_applicable,False,float64,False,False,False,,,
200,CC_RECEIVABLE_LIMIT_RATIO_MAX,float64,float64,float64,numeric_continuous,False,False,False,float64,False,False,False,float64,86036,55701,0.647415035566507,,not_applicable,False,float64,False,False,False,,,
201,CC_RECEIVABLE_LIMIT_RATIO_MEAN,float64,float64,float64,numeric_continuous,False,False,False,float64,False,False,False,float64,86036,58877,0.6843298154261007,,not_applicable,False,float64,False,False,False,,,
202,CC_SK_DPD_DEF_MAX,float64,Int64,float64,numeric_continuous,False,False,False,float64,False,False,False,float64,86905,52,0.0005983545250560958,,not_applicable,False,float64,False,False,False,,,
203,CC_SK_DPD_DEF_MEAN,float64,float64,float64,numeric_continuous,False,False,False,float64,False,False,False,float64,86905,1548,0.017812553938208388,,not_applicable,False,float64,False,False,False,,,
204,CC_SK_DPD_DEF_SUM,float64,Int64,float64,numeric_continuous,False,False,False,float64,False,False,False,float64,86905,217,0.0024969794603302456,,not_applicable,False,float64,False,False,False,,,
205,CC_SK_DPD_MAX,float64,Int64,float64,numeric_continuous,False,False,False,float64,False,False,False,float64,86905,409,0.0047062884759219836,,not_applicable,False,float64,False,False,False,,,
206,CC_SK_DPD_MEAN,float64,float64,float64,numeric_continuous,False,False,False,float64,False,False,False,float64,86905,3606,0.041493584949082334,,not_applicable,False,float64,False,False,False,,,
207,CC_SK_DPD_SUM,float64,Int64,float64,numeric_continuous,False,False,False,float64,False,False,False,float64,86905,1464,0.016845981243887004,,not_applicable,False,float64,False,False,False,,,
208,CC_SK_ID_PREV_NUNIQUE,float64,Int64,float64,categorical,False,False,False,float64,False,False,False,float64,86905,4,4.602727115816121e-05,,not_applicable,False,float64,False,False,False,,,
209,CNT_CHILDREN,int64,int64,int64,categorical,False,False,False,int64,False,False,False,int64,307511,15,4.8778742874238645e-05,,not_applicable,False,int64,False,False,False,,,
210,CNT_FAM_MEMBERS,float64,Int64,float64,categorical,False,False,False,float64,False,False,False,float64,307509,17,5.528293480841211e-05,,not_applicable,False,float64,False,False,False,,,
211,CODE_GENDER,object,category,object,categorical,False,False,False,object,False,False,False,object,307511,3,9.755748574847729e-06,1.0000260153295328,categorical_like,True,object,False,False,True,0.0,0.0,0.0
212,COMMONAREA_AVG,float64,float64,float64,numeric_continuous,False,False,False,float64,False,False,False,float64,92646,3181,0.0343349955745526,,not_applicable,False,float64,False,False,False,,,
213,COMMONAREA_MEDI,float64,float64,float64,numeric_continuous,False,False,False,float64,False,False,False,float64,92646,3202,0.03456166483172506,,not_applicable,False,float64,False,False,False,,,
214,COMMONAREA_MODE,float64,float64,float64,numeric_continuous,False,False,False,float64,False,False,False,float64,92646,3128,0.03376292554454591,,not_applicable,False,float64,False,False,False,,,
215,DAYS_BIRTH,int64,int64,int64,numeric_discrete,False,False,False,int64,False,False,False,int64,307511,17460,0.05677845670561378,,not_applicable,False,int64,False,False,False,,,
216,DAYS_EMPLOYED,float64,Int64,float64,numeric_continuous,False,False,False,float64,False,False,False,float64,252137,12573,0.04986574758960406,,not_applicable,False,float64,False,False,False,,,
217,DAYS_EMPLOYED_ANOM,int64,int64,int64,binary_flag,False,False,False,int64,False,False,False,int64,307511,2,6.503832383231819e-06,,not_applicable,False,int64,False,False,False,,,
218,DAYS_ID_PUBLISH,int64,int64,int64,categorical,False,False,False,int64,False,False,False,int64,307511,6168,0.02005781906988693,,not_applicable,False,int64,False,False,False,,,
219,DAYS_LAST_PHONE_CHANGE,float64,Int64,float64,numeric_continuous,False,False,False,float64,False,False,False,float64,307510,3773,0.012269519690416572,,not_applicable,False,float64,False,False,False,,,
220,DAYS_REGISTRATION,float64,float64,float64,numeric_continuous,False,False,False,float64,False,False,False,float64,307511,15688,0.05101606121407039,,not_applicable,False,float64,False,False,False,,,
221,DEF_30_CNT_SOCIAL_CIRCLE,float64,Int64,float64,categorical,False,False,False,float64,False,False,False,float64,306490,10,3.2627491924695746e-05,,not_applicable,False,float64,False,False,False,,,
222,DEF_60_CNT_SOCIAL_CIRCLE,float64,Int64,float64,categorical,False,False,False,float64,False,False,False,float64,306490,9,2.9364742732226175e-05,,not_applicable,False,float64,False,False,False,,,
223,ELEVATORS_AVG,float64,float64,float64,numeric_continuous,False,False,False,float64,False,False,False,float64,143620,257,0.001789444367079794,,not_applicable,False,float64,False,False,False,,,
224,ELEVATORS_MEDI,float64,float64,float64,categorical,False,False,False,float64,False,False,False,float64,143620,46,0.00032028965325163624,,not_applicable,False,float64,False,False,False,,,
225,ELEVATORS_MODE,float64,float64,float64,categorical,False,False,False,float64,False,False,False,float64,143620,26,0.00018103328227266397,,not_applicable,False,float64,False,False,False,,,
226,EMERGENCYSTATE_MODE,object,bool,object,binary_flag,False,False,False,object,True,False,False,object,161756,2,1.2364301787878039e-05,2.01439204728109,categorical_like,False,object,False,False,False,0.0,0.0,0.0
227,ENTRANCES_AVG,float64,float64,float64,numeric_continuous,False,False,False,float64,False,False,False,float64,152683,285,0.0018666125239876082,,not_applicable,False,float64,False,False,False,,,
228,ENTRANCES_MEDI,float64,float64,float64,categorical,False,False,False,float64,False,False,False,float64,152683,46,0.000301277810889228,,not_applicable,False,float64,False,False,False,,,
229,ENTRANCES_MODE,float64,float64,float64,categorical,False,False,False,float64,False,False,False,float64,152683,30,0.00019648552884080086,,not_applicable,False,float64,False,False,False,,,
230,EXT_SOURCE_1,float64,float64,float64,numeric_continuous,False,False,False,float64,False,False,False,float64,134133,114584,0.8542565960650995,,not_applicable,False,float64,False,False,False,,,
231,EXT_SOURCE_2,float64,float64,float64,numeric_continuous,False,False,False,float64,False,False,False,float64,306851,119831,0.39051852527774067,,not_applicable,False,float64,False,False,False,,,
232,EXT_SOURCE_3,float64,float64,float64,numeric_continuous,False,False,False,float64,False,False,False,float64,246546,814,0.003301615114420838,,not_applicable,False,float64,False,False,False,,,
233,FLAG_CONT_MOBILE,int64,int64,int64,binary_flag,False,False,False,int64,False,False,False,int64,307511,2,6.503832383231819e-06,,not_applicable,False,int64,False,False,False,,,
234,FLAG_DOCUMENT_10,int64,int64,int64,binary_flag,False,False,False,int64,False,False,False,int64,307511,2,6.503832383231819e-06,,not_applicable,False,int64,False,False,False,,,
235,FLAG_DOCUMENT_11,int64,int64,int64,binary_flag,False,False,False,int64,False,False,False,int64,307511,2,6.503832383231819e-06,,not_applicable,False,int64,False,False,False,,,
236,FLAG_DOCUMENT_12,int64,int64,int64,binary_flag,False,False,False,int64,False,False,False,int64,307511,2,6.503832383231819e-06,,not_applicable,False,int64,False,False,False,,,
237,FLAG_DOCUMENT_13,int64,int64,int64,binary_flag,False,False,False,int64,False,False,False,int64,307511,2,6.503832383231819e-06,,not_applicable,False,int64,False,False,False,,,
238,FLAG_DOCUMENT_14,int64,int64,int64,binary_flag,False,False,False,int64,False,False,False,int64,307511,2,6.503832383231819e-06,,not_applicable,False,int64,False,False,False,,,
239,FLAG_DOCUMENT_15,int64,int64,int64,binary_flag,False,False,False,int64,False,False,False,int64,307511,2,6.503832383231819e-06,,not_applicable,False,int64,False,False,False,,,
240,FLAG_DOCUMENT_16,int64,int64,int64,binary_flag,False,False,False,int64,False,False,False,int64,307511,2,6.503832383231819e-06,,not_applicable,False,int64,False,False,False,,,
241,FLAG_DOCUMENT_17,int64,int64,int64,binary_flag,False,False,False,int64,False,False,False,int64,307511,2,6.503832383231819e-06,,not_applicable,False,int64,False,False,False,,,
242,FLAG_DOCUMENT_18,int64,int64,int64,binary_flag,False,False,False,int64,False,False,False,int64,307511,2,6.503832383231819e-06,,not_applicable,False,int64,False,False,False,,,
243,FLAG_DOCUMENT_19,int64,int64,int64,binary_flag,False,False,False,int64,False,False,False,int64,307511,2,6.503832383231819e-06,,not_applicable,False,int64,False,False,False,,,
244,FLAG_DOCUMENT_2,int64,int64,int64,binary_flag,False,False,False,int64,False,False,False,int64,307511,2,6.503832383231819e-06,,not_applicable,False,int64,False,False,False,,,
245,FLAG_DOCUMENT_20,int64,int64,int64,binary_flag,False,False,False,int64,False,False,False,int64,307511,2,6.503832383231819e-06,,not_applicable,False,int64,False,False,False,,,
246,FLAG_DOCUMENT_21,int64,int64,int64,binary_flag,False,False,False,int64,False,False,False,int64,307511,2,6.503832383231819e-06,,not_applicable,False,int64,False,False,False,,,
247,FLAG_DOCUMENT_3,int64,int64,int64,binary_flag,False,False,False,int64,False,False,False,int64,307511,2,6.503832383231819e-06,,not_applicable,False,int64,False,False,False,,,
248,FLAG_DOCUMENT_4,int64,int64,int64,binary_flag,False,False,False,int64,False,False,False,int64,307511,2,6.503832383231819e-06,,not_applicable,False,int64,False,False,False,,,
249,FLAG_DOCUMENT_5,int64,int64,int64,binary_flag,False,False,False,int64,False,False,False,int64,307511,2,6.503832383231819e-06,,not_applicable,False,int64,False,False,False,,,
250,FLAG_DOCUMENT_6,int64,int64,int64,binary_flag,False,False,False,int64,False,False,False,int64,307511,2,6.503832383231819e-06,,not_applicable,False,int64,False,False,False,,,
251,FLAG_DOCUMENT_7,int64,int64,int64,binary_flag,False,False,False,int64,False,False,False,int64,307511,2,6.503832383231819e-06,,not_applicable,False,int64,False,False,False,,,
252,FLAG_DOCUMENT_8,int64,int64,int64,binary_flag,False,False,False,int64,False,False,False,int64,307511,2,6.503832383231819e-06,,not_applicable,False,int64,False,False,False,,,
253,FLAG_DOCUMENT_9,int64,int64,int64,binary_flag,False,False,False,int64,False,False,False,int64,307511,2,6.503832383231819e-06,,not_applicable,False,int64,False,False,False,,,
254,FLAG_EMAIL,int64,int64,int64,binary_flag,False,False,False,int64,False,False,False,int64,307511,2,6.503832383231819e-06,,not_applicable,False,int64,False,False,False,,,
255,FLAG_EMP_PHONE,int64,int64,int64,binary_flag,False,False,False,int64,False,False,False,int64,307511,2,6.503832383231819e-06,,not_applicable,False,int64,False,False,False,,,
256,FLAG_MOBIL,int64,int64,int64,binary_flag,False,False,False,int64,False,False,False,int64,307511,2,6.503832383231819e-06,,not_applicable,False,int64,False,False,False,,,
257,FLAG_OWN_CAR,object,bool,object,binary_flag,False,False,False,object,True,False,False,object,307511,2,6.503832383231819e-06,1.0,categorical_like,False,object,False,False,True,0.0,0.0,0.0
258,FLAG_OWN_REALTY,object,bool,object,binary_flag,False,False,False,object,True,False,False,object,307511,2,6.503832383231819e-06,1.0,categorical_like,False,object,False,False,True,0.0,0.0,0.0
259,FLAG_PHONE,int64,int64,int64,binary_flag,False,False,False,int64,False,False,False,int64,307511,2,6.503832383231819e-06,,not_applicable,False,int64,False,False,False,,,
260,FLAG_WORK_PHONE,int64,int64,int64,binary_flag,False,False,False,int64,False,False,False,int64,307511,2,6.503832383231819e-06,,not_applicable,False,int64,False,False,False,,,
261,FLOORSMAX_AVG,float64,float64,float64,numeric_continuous,False,False,False,float64,False,False,False,float64,154491,403,0.0026085661947945187,,not_applicable,False,float64,False,False,False,,,
262,FLOORSMAX_MEDI,float64,float64,float64,categorical,False,False,False,float64,False,False,False,float64,154491,49,0.00031717057951595885,,not_applicable,False,float64,False,False,False,,,
263,FLOORSMAX_MODE,float64,float64,float64,categorical,False,False,False,float64,False,False,False,float64,154491,25,0.00016182172424283615,,not_applicable,False,float64,False,False,False,,,
264,FLOORSMIN_AVG,float64,float64,float64,numeric_continuous,False,False,False,float64,False,False,False,float64,98869,305,0.0030848901071114303,,not_applicable,False,float64,False,False,False,,,
265,FLOORSMIN_MEDI,float64,float64,float64,categorical,False,False,False,float64,False,False,False,float64,98869,47,0.0004753765083089745,,not_applicable,False,float64,False,False,False,,,
266,FLOORSMIN_MODE,float64,float64,float64,categorical,False,False,False,float64,False,False,False,float64,98869,25,0.0002528598448451992,,not_applicable,False,float64,False,False,False,,,
267,FONDKAPREMONT_MODE,object,category,object,categorical,False,False,False,object,False,False,False,object,97216,4,4.114549045424621e-05,16.445801102699143,categorical_like,False,object,False,False,False,0.0,0.0,0.0
268,HOUR_APPR_PROCESS_START,int64,int64,int64,categorical,False,False,False,int64,False,False,False,int64,307511,24,7.804598859878183e-05,,not_applicable,False,int64,False,False,False,,,
269,HOUSETYPE_MODE,object,category,object,categorical,False,False,False,object,False,False,False,object,153214,3,1.9580456094090618e-05,14.019567402456694,categorical_like,False,object,False,False,False,0.0,0.0,0.0
270,INS_AMT_INSTALMENT_MAX,float64,float64,float64,numeric_continuous,False,False,False,float64,False,False,False,float64,291643,236626,0.8113549785182569,,not_applicable,False,float64,False,False,False,,,
271,INS_AMT_INSTALMENT_MEAN,float64,float64,float64,numeric_continuous,False,False,False,float64,False,False,False,float64,291643,288020,0.9875772776991047,,not_applicable,False,float64,False,False,False,,,
272,INS_AMT_INSTALMENT_SUM,float64,float64,float64,numeric_continuous,False,False,False,float64,False,False,False,float64,291643,287801,0.9868263596246095,,not_applicable,False,float64,False,False,False,,,
273,INS_AMT_PAYMENT_MAX,float64,float64,float64,numeric_continuous,False,False,False,float64,False,False,False,float64,291635,229572,0.7871894662849109,,not_applicable,False,float64,False,False,False,,,
274,INS_AMT_PAYMENT_MEAN,float64,float64,float64,numeric_continuous,False,False,False,float64,False,False,False,float64,291635,288396,0.9888936513107137,,not_applicable,False,float64,False,False,False,,,
275,INS_AMT_PAYMENT_MIN,float64,float64,float64,numeric_continuous,False,False,False,float64,False,False,False,float64,291635,134230,0.46026711471531195,,not_applicable,False,float64,False,False,False,,,
276,INS_AMT_PAYMENT_SUM,float64,float64,float64,numeric_continuous,False,False,False,float64,False,False,False,float64,291643,287364,0.9853279523252744,,not_applicable,False,float64,False,False,False,,,
277,INS_DAYS_ENTRY_PAYMENT_MAX,float64,Int64,float64,numeric_continuous,False,False,False,float64,False,False,False,float64,291635,2937,0.010070807687691807,,not_applicable,False,float64,False,False,False,,,
278,INS_DAYS_ENTRY_PAYMENT_MEAN,float64,float64,float64,numeric_continuous,False,False,False,float64,False,False,False,float64,291635,212229,0.7277212954549351,,not_applicable,False,float64,False,False,False,,,
279,INS_DAYS_ENTRY_PAYMENT_MIN,float64,Int64,float64,numeric_continuous,False,False,False,float64,False,False,False,float64,291635,3035,0.010406844171652923,,not_applicable,False,float64,False,False,False,,,
280,INS_DAYS_INSTALMENT_MAX,float64,Int64,float64,numeric_continuous,False,False,False,float64,False,False,False,float64,291643,2918,0.01000538329395871,,not_applicable,False,float64,False,False,False,,,
281,INS_DAYS_INSTALMENT_MEAN,float64,float64,float64,numeric_continuous,False,False,False,float64,False,False,False,float64,291643,183580,0.6294682197069705,,not_applicable,False,float64,False,False,False,,,
282,INS_DAYS_INSTALMENT_MIN,float64,Int64,float64,numeric_continuous,False,False,False,float64,False,False,False,float64,291643,2920,0.010012240993269169,,not_applicable,False,float64,False,False,False,,,
283,INS_DBD_MAX,float64,Int64,float64,numeric_continuous,False,False,False,float64,False,False,False,float64,291635,422,0.0014470142472611312,,not_applicable,False,float64,False,False,False,,,
284,INS_DBD_MEAN,float64,float64,float64,numeric_continuous,False,False,False,float64,False,False,False,float64,291635,57205,0.1961527251530166,,not_applicable,False,float64,False,False,False,,,
285,INS_DBD_SUM,float64,Int64,float64,numeric_continuous,False,False,False,float64,False,False,False,float64,291643,3224,0.011054611288458836,,not_applicable,False,float64,False,False,False,,,
286,INS_DPD_MAX,float64,Int64,float64,numeric_continuous,False,False,False,float64,False,False,False,float64,291635,1642,0.005630325578205634,,not_applicable,False,float64,False,False,False,,,
287,INS_DPD_MEAN,float64,float64,float64,numeric_continuous,False,False,False,float64,False,False,False,float64,291635,23566,0.08080648756150668,,not_applicable,False,float64,False,False,False,,,
288,INS_DPD_SUM,float64,Int64,float64,numeric_continuous,False,False,False,float64,False,False,False,float64,291643,2077,0.00712172073391098,,not_applicable,False,float64,False,False,False,,,
289,INS_LAST365_AMT_PAYMENT_MEAN,float64,float64,float64,numeric_continuous,False,False,False,float64,False,False,False,float64,217478,205538,0.9450978949594901,,not_applicable,False,float64,False,False,False,,,
290,INS_LAST365_AMT_PAYMENT_SUM,float64,float64,float64,numeric_continuous,False,False,False,float64,False,False,False,float64,217508,205801,0.9461766923515457,,not_applicable,False,float64,False,False,False,,,
291,INS_LAST365_DPD_MAX,float64,Int64,float64,numeric_continuous,False,False,False,float64,False,False,False,float64,217478,192,0.0008828479202494045,,not_applicable,False,float64,False,False,False,,,
292,INS_LAST365_DPD_MEAN,float64,float64,float64,numeric_continuous,False,False,False,float64,False,False,False,float64,217478,2884,0.013261111468746265,,not_applicable,False,float64,False,False,False,,,
293,INS_LAST365_DPD_SUM,float64,Int64,float64,numeric_continuous,False,False,False,float64,False,False,False,float64,217508,410,0.0018849881383673245,,not_applicable,False,float64,False,False,False,,,
294,INS_LAST365_LATE_PAYMENT_FLAG_MEAN,float64,float64,float64,numeric_continuous,False,False,False,float64,False,False,False,float64,217508,659,0.003029773617522114,,not_applicable,False,float64,False,False,False,,,
295,INS_LAST365_LATE_PAYMENT_FLAG_SUM,float64,Int64,float64,numeric_continuous,False,False,False,float64,False,False,False,float64,217508,54,0.000248266730419111,,not_applicable,False,float64,False,False,False,,,
296,INS_LAST365_PAY_DIFF_MEAN,float64,float64,float64,numeric_continuous,False,False,False,float64,False,False,False,float64,217478,57326,0.26359447852196544,,not_applicable,False,float64,False,False,False,,,
297,INS_LAST365_PAY_DIFF_SUM,float64,float64,float64,numeric_continuous,False,False,False,float64,False,False,False,float64,217508,51840,0.23833606120234657,,not_applicable,False,float64,False,False,False,,,
298,INS_LAST365_PAY_PERC_MAX,float64,float64,float64,numeric_continuous,False,False,False,float64,False,False,False,float64,217478,21543,0.09905829555173397,,not_applicable,False,float64,False,False,False,,,
299,INS_LAST365_PAY_PERC_MEAN,float64,float64,float64,numeric_continuous,False,False,False,float64,False,False,False,float64,217478,23437,0.10776722243169425,,not_applicable,False,float64,False,False,False,,,
300,INS_LATE_PAYMENT_FLAG_MEAN,float64,float64,float64,numeric_continuous,False,False,False,float64,False,False,False,float64,291643,4972,0.01704824048579942,,not_applicable,False,float64,False,False,False,,,
301,INS_LATE_PAYMENT_FLAG_SUM,float64,Int64,float64,numeric_continuous,False,False,False,float64,False,False,False,float64,291643,102,0.00034974266483337504,,not_applicable,False,float64,False,False,False,,,
302,INS_NUM_INSTALMENT_VERSION_NUNIQUE,float64,Int64,float64,categorical,False,False,False,float64,False,False,False,float64,291643,49,0.0001680136331062292,,not_applicable,False,float64,False,False,False,,,
303,INS_PAY_DIFF_MAX,float64,float64,float64,numeric_continuous,False,False,False,float64,False,False,False,float64,291635,103609,0.3552694292523188,,not_applicable,False,float64,False,False,False,,,
304,INS_PAY_DIFF_MEAN,float64,float64,float64,numeric_continuous,False,False,False,float64,False,False,False,float64,291635,137929,0.47295077751298714,,not_applicable,False,float64,False,False,False,,,
305,INS_PAY_DIFF_SUM,float64,float64,float64,numeric_continuous,False,False,False,float64,False,False,False,float64,291643,127986,0.4388447519741602,,not_applicable,False,float64,False,False,False,,,
306,INS_PAY_DIFF_VAR,float64,float64,float64,numeric_continuous,False,False,False,float64,False,False,False,float64,290947,144095,0.4952620236675408,,not_applicable,False,float64,False,False,False,,,
307,INS_PAY_PERC_MAX,float64,float64,float64,numeric_continuous,False,False,False,float64,False,False,False,float64,291632,36091,0.12375528062764031,,not_applicable,False,float64,False,False,False,,,
308,INS_PAY_PERC_MEAN,float64,float64,float64,numeric_continuous,False,False,False,float64,False,False,False,float64,291632,42700,0.14641740275415593,,not_applicable,False,float64,False,False,False,,,
309,INS_PAY_PERC_VAR,float64,float64,float64,numeric_continuous,False,False,False,float64,False,False,False,float64,290944,143641,0.4937066926968764,,not_applicable,False,float64,False,False,False,,,
310,INS_SK_ID_PREV_NUNIQUE,float64,Int64,float64,categorical,False,False,False,float64,False,False,False,float64,291643,25,8.572124138072918e-05,,not_applicable,False,float64,False,False,False,,,
311,INS_UNDERPAY_FLAG_MEAN,float64,float64,float64,numeric_continuous,False,False,False,float64,False,False,False,float64,291643,4892,0.016773932513381086,,not_applicable,False,float64,False,False,False,,,
312,INS_UNDERPAY_FLAG_SUM,float64,Int64,float64,numeric_continuous,False,False,False,float64,False,False,False,float64,291643,126,0.0004320350565588751,,not_applicable,False,float64,False,False,False,,,
313,LANDAREA_AVG,float64,float64,float64,numeric_continuous,False,False,False,float64,False,False,False,float64,124921,3527,0.02823384378927482,,not_applicable,False,float64,False,False,False,,,
314,LANDAREA_MEDI,float64,float64,float64,numeric_continuous,False,False,False,float64,False,False,False,float64,124921,3560,0.028498010742789442,,not_applicable,False,float64,False,False,False,,,
315,LANDAREA_MODE,float64,float64,float64,numeric_continuous,False,False,False,float64,False,False,False,float64,124921,3563,0.02852202592038168,,not_applicable,False,float64,False,False,False,,,
316,LIVE_CITY_NOT_WORK_CITY,int64,int64,int64,binary_flag,False,False,False,int64,False,False,False,int64,307511,2,6.503832383231819e-06,,not_applicable,False,int64,False,False,False,,,
317,LIVE_REGION_NOT_WORK_REGION,int64,int64,int64,binary_flag,False,False,False,int64,False,False,False,int64,307511,2,6.503832383231819e-06,,not_applicable,False,int64,False,False,False,,,
318,LIVINGAPARTMENTS_AVG,float64,float64,float64,numeric_continuous,False,False,False,float64,False,False,False,float64,97312,1868,0.019195988161788885,,not_applicable,False,float64,False,False,False,,,
319,LIVINGAPARTMENTS_MEDI,float64,float64,float64,numeric_continuous,False,False,False,float64,False,False,False,float64,97312,1097,0.011273018743834264,,not_applicable,False,float64,False,False,False,,,
320,LIVINGAPARTMENTS_MODE,float64,float64,float64,numeric_continuous,False,False,False,float64,False,False,False,float64,97312,736,0.007563301545544229,,not_applicable,False,float64,False,False,False,,,
321,LIVINGAREA_AVG,float64,float64,float64,numeric_continuous,False,False,False,float64,False,False,False,float64,153161,5199,0.03394467259942152,,not_applicable,False,float64,False,False,False,,,
322,LIVINGAREA_MEDI,float64,float64,float64,numeric_continuous,False,False,False,float64,False,False,False,float64,153161,5281,0.034480056933553584,,not_applicable,False,float64,False,False,False,,,
323,LIVINGAREA_MODE,float64,float64,float64,numeric_continuous,False,False,False,float64,False,False,False,float64,153161,5301,0.03461063847846384,,not_applicable,False,float64,False,False,False,,,
324,NAME_CONTRACT_TYPE,object,category,object,categorical,False,False,False,object,False,False,False,object,307511,2,6.503832383231819e-06,10.47606427087161,categorical_like,False,object,False,False,False,0.0,0.0,0.0
325,NAME_EDUCATION_TYPE,object,category,object,text,False,False,False,object,False,False,False,object,307511,5,1.6259580958079547e-05,25.25293729330008,borderline,False,object,False,False,False,0.0,0.0,0.0
326,NAME_FAMILY_STATUS,object,category,object,categorical,False,False,False,object,False,False,False,object,307511,5,1.6259686708356504e-05,9.622885834235746,categorical_like,False,object,False,False,False,0.0,0.0,0.0
327,NAME_HOUSING_TYPE,object,category,object,categorical,False,False,False,object,False,False,False,object,307511,6,1.9511497149695458e-05,16.799760008585057,categorical_like,False,object,False,False,False,0.0,0.0,0.0
328,NAME_INCOME_TYPE,object,category,object,categorical,False,False,False,object,False,False,False,object,307511,8,2.6015329532927276e-05,10.811600235438732,categorical_like,False,object,False,False,False,0.0,0.0,0.0
329,NAME_TYPE_SUITE,object,category,object,categorical,False,False,False,object,False,False,False,object,306219,7,2.285945679399384e-05,12.053252737419951,categorical_like,False,object,False,False,False,0.0,0.0,0.03713028910681571
330,NONLIVINGAPARTMENTS_AVG,float64,float64,float64,numeric_continuous,False,False,False,float64,False,False,False,float64,93997,386,0.004106514037682054,,not_applicable,False,float64,False,False,False,,,
331,NONLIVINGAPARTMENTS_MEDI,float64,float64,float64,numeric_continuous,False,False,False,float64,False,False,False,float64,93997,214,0.0022766684043107758,,not_applicable,False,float64,False,False,False,,,
332,NONLIVINGAPARTMENTS_MODE,float64,float64,float64,numeric_continuous,False,False,False,float64,False,False,False,float64,93997,167,0.001776652446354671,,not_applicable,False,float64,False,False,False,,,
333,NONLIVINGAREA_AVG,float64,float64,float64,numeric_continuous,False,False,False,float64,False,False,False,float64,137829,3290,0.023870157949343027,,not_applicable,False,float64,False,False,False,,,
334,NONLIVINGAREA_MEDI,float64,float64,float64,numeric_continuous,False,False,False,float64,False,False,False,float64,137829,3323,0.024109585065552244,,not_applicable,False,float64,False,False,False,,,
335,NONLIVINGAREA_MODE,float64,float64,float64,numeric_continuous,False,False,False,float64,False,False,False,float64,137829,3327,0.024138606534183663,,not_applicable,False,float64,False,False,False,,,
336,OBS_30_CNT_SOCIAL_CIRCLE,float64,Int64,float64,categorical,False,False,False,float64,False,False,False,float64,306490,33,0.00010767072335149597,,not_applicable,False,float64,False,False,False,,,
337,OBS_60_CNT_SOCIAL_CIRCLE,float64,Int64,float64,categorical,False,False,False,float64,False,False,False,float64,306490,33,0.00010767072335149597,,not_applicable,False,float64,False,False,False,,,
338,OCCUPATION_TYPE,object,category,object,categorical,False,False,False,object,False,False,False,object,211120,18,8.525956801818871e-05,10.55148730579765,categorical_like,False,object,False,False,False,0.0,0.0,0.0
339,ORGANIZATION_TYPE,object,category,object,categorical,False,False,False,object,False,False,False,object,307511,58,0.00018861113911372275,12.526033215071982,categorical_like,False,object,False,False,True,0.0,0.0,0.0
340,OWN_CAR_AGE,float64,Int64,float64,numeric_continuous,False,False,False,float64,False,False,False,float64,104582,62,0.0005928362433305922,,not_applicable,False,float64,False,False,False,,,
341,POS_CNT_INSTALMENT_FUTURE_MAX,float64,Int64,float64,numeric_continuous,False,False,False,float64,False,False,False,float64,289420,62,0.0002142215465413586,,not_applicable,False,float64,False,False,False,,,
342,POS_CNT_INSTALMENT_FUTURE_MEAN,float64,float64,float64,numeric_continuous,False,False,False,float64,False,False,False,float64,289420,39840,0.13765461958399558,,not_applicable,False,float64,False,False,False,,,
343,POS_CNT_INSTALMENT_FUTURE_SUM,float64,Int64,float64,numeric_continuous,False,False,False,float64,False,False,False,float64,289444,2892,0.009991570044637304,,not_applicable,False,float64,False,False,False,,,
344,POS_CNT_INSTALMENT_MAX,float64,Int64,float64,numeric_continuous,False,False,False,float64,False,False,False,float64,289420,61,0.00021076636030682055,,not_applicable,False,float64,False,False,False,,,
345,POS_CNT_INSTALMENT_MEAN,float64,float64,float64,numeric_continuous,False,False,False,float64,False,False,False,float64,289420,41222,0.14242968696012714,,not_applicable,False,float64,False,False,False,,,
346,POS_CNT_INSTALMENT_SUM,float64,Int64,float64,numeric_continuous,False,False,False,float64,False,False,False,float64,289444,4194,0.014489849504567378,,not_applicable,False,float64,False,False,False,,,
347,POS_MONTHS_BALANCE_MAX,float64,Int64,float64,numeric_continuous,False,False,False,float64,False,False,False,float64,289444,96,0.00033167037492571965,,not_applicable,False,float64,False,False,False,,,
348,POS_MONTHS_BALANCE_MIN,float64,Int64,float64,numeric_continuous,False,False,False,float64,False,False,False,float64,289444,96,0.00033167037492571965,,not_applicable,False,float64,False,False,False,,,
349,POS_MONTHS_BALANCE_SIZE,float64,Int64,float64,numeric_continuous,False,False,False,float64,False,False,False,float64,289444,227,0.0007842622407097746,,not_applicable,False,float64,False,False,False,,,
350,POS_NAME_CONTRACT_STATUS_Active_MEAN,float64,float64,float64,numeric_continuous,False,False,False,float64,False,False,False,float64,289444,1922,0.006640317297992012,,not_applicable,False,float64,False,False,False,,,
351,POS_NAME_CONTRACT_STATUS_Amortized debt_MEAN,float64,float64,float64,categorical,False,False,False,float64,False,False,False,float64,289444,12,4.1458796865714956e-05,,not_applicable,False,float64,False,False,False,,,
352,POS_NAME_CONTRACT_STATUS_Approved_MEAN,float64,float64,float64,numeric_continuous,False,False,False,float64,False,False,False,float64,289444,224,0.0007738975414933459,,not_applicable,False,float64,False,False,False,,,
353,POS_NAME_CONTRACT_STATUS_Canceled_MEAN,float64,float64,float64,categorical,False,False,False,float64,False,False,False,float64,289444,12,4.1458796865714956e-05,,not_applicable,False,float64,False,False,False,,,
354,POS_NAME_CONTRACT_STATUS_Completed_MEAN,float64,float64,float64,numeric_continuous,False,False,False,float64,False,False,False,float64,289444,1560,0.005389643592542945,,not_applicable,False,float64,False,False,False,,,
355,POS_NAME_CONTRACT_STATUS_Demand_MEAN,float64,float64,float64,numeric_continuous,False,False,False,float64,False,False,False,float64,289444,234,0.0008084465388814416,,not_applicable,False,float64,False,False,False,,,
356,POS_NAME_CONTRACT_STATUS_Returned to the store_MEAN,float64,float64,float64,numeric_continuous,False,False,False,float64,False,False,False,float64,289444,228,0.0007877171404485841,,not_applicable,False,float64,False,False,False,,,
357,POS_NAME_CONTRACT_STATUS_Signed_MEAN,float64,float64,float64,numeric_continuous,False,False,False,float64,False,False,False,float64,289444,826,0.002853747184256713,,not_applicable,False,float64,False,False,False,,,
358,POS_NAME_CONTRACT_STATUS_XNA_MEAN,float64,float64,float64,categorical,False,False,False,float64,False,False,False,float64,289444,3,1.0364699216428739e-05,,not_applicable,False,float64,False,False,False,,,
359,POS_NAME_CONTRACT_STATUS_nan_MEAN,float64,Int64,float64,constant,False,False,False,float64,False,False,False,float64,289444,1,3.4548997388095795e-06,,not_applicable,False,float64,False,False,False,,,
360,POS_POS_LATE_FLAG_MEAN,float64,float64,float64,numeric_continuous,False,False,False,float64,False,False,False,float64,289444,2499,0.00863379444728514,,not_applicable,False,float64,False,False,False,,,
361,POS_POS_LATE_FLAG_SUM,float64,Int64,float64,numeric_continuous,False,False,False,float64,False,False,False,float64,289444,103,0.0003558546730973867,,not_applicable,False,float64,False,False,False,,,
362,POS_SK_DPD_DEF_MAX,float64,Int64,float64,numeric_continuous,False,False,False,float64,False,False,False,float64,289444,200,0.0006909799477619159,,not_applicable,False,float64,False,False,False,,,
363,POS_SK_DPD_DEF_MEAN,float64,float64,float64,numeric_continuous,False,False,False,float64,False,False,False,float64,289444,4471,0.01544685673221763,,not_applicable,False,float64,False,False,False,,,
364,POS_SK_DPD_DEF_SUM,float64,Int64,float64,numeric_continuous,False,False,False,float64,False,False,False,float64,289444,373,0.0012886776025759733,,not_applicable,False,float64,False,False,False,,,
365,POS_SK_DPD_MAX,float64,Int64,float64,numeric_continuous,False,False,False,float64,False,False,False,float64,289444,1919,0.0066299525987755835,,not_applicable,False,float64,False,False,False,,,
366,POS_SK_DPD_MEAN,float64,float64,float64,numeric_continuous,False,False,False,float64,False,False,False,float64,289444,10768,0.037202360387501555,,not_applicable,False,float64,False,False,False,,,
367,POS_SK_DPD_SUM,float64,Int64,float64,numeric_continuous,False,False,False,float64,False,False,False,float64,289444,3708,0.012810768231505922,,not_applicable,False,float64,False,False,False,,,
368,POS_SK_ID_PREV_NUNIQUE,float64,Int64,float64,categorical,False,False,False,float64,False,False,False,float64,289444,25,8.637249347023949e-05,,not_applicable,False,float64,False,False,False,,,
369,PREV_AMT_ANNUITY_MAX,float64,float64,float64,numeric_continuous,False,False,False,float64,False,False,False,float64,290640,145950,0.5021676300578035,,not_applicable,False,float64,False,False,False,,,
370,PREV_AMT_ANNUITY_MEAN,float64,float64,float64,numeric_continuous,False,False,False,float64,False,False,False,float64,290640,267474,0.9202931461601982,,not_applicable,False,float64,False,False,False,,,
371,PREV_AMT_APPLICATION_MAX,float64,float64,float64,numeric_continuous,False,False,False,float64,False,False,False,float64,291057,48662,0.1671906190196422,,not_applicable,False,float64,False,False,False,,,
372,PREV_AMT_APPLICATION_MEAN,float64,float64,float64,numeric_continuous,False,False,False,float64,False,False,False,float64,291057,191746,0.6587919204829294,,not_applicable,False,float64,False,False,False,,,
373,PREV_AMT_CREDIT_MAX,float64,float64,float64,numeric_continuous,False,False,False,float64,False,False,False,float64,291057,58510,0.20102591588589178,,not_applicable,False,float64,False,False,False,,,
374,PREV_AMT_CREDIT_MEAN,float64,float64,float64,numeric_continuous,False,False,False,float64,False,False,False,float64,291057,210626,0.7236589396578677,,not_applicable,False,float64,False,False,False,,,
375,PREV_AMT_DOWN_PAYMENT_MAX,float64,float64,float64,numeric_continuous,False,False,False,float64,False,False,False,float64,273605,21521,0.07865718828237787,,not_applicable,False,float64,False,False,False,,,
376,PREV_AMT_DOWN_PAYMENT_MEAN,float64,float64,float64,numeric_continuous,False,False,False,float64,False,False,False,float64,273605,54046,0.19753293982200618,,not_applicable,False,float64,False,False,False,,,
377,PREV_AMT_GOODS_PRICE_MAX,float64,float64,float64,numeric_continuous,False,False,False,float64,False,False,False,float64,290082,48658,0.16773877731124304,,not_applicable,False,float64,False,False,False,,,
378,PREV_AMT_GOODS_PRICE_MEAN,float64,float64,float64,numeric_continuous,False,False,False,float64,False,False,False,float64,290082,185829,0.6406085175915776,,not_applicable,False,float64,False,False,False,,,
379,PREV_APP_CREDIT_PERC_MAX,float64,float64,float64,numeric_continuous,False,False,False,float64,False,False,False,float64,290830,141278,0.4857751951311763,,not_applicable,False,float64,False,False,False,,,
380,PREV_APP_CREDIT_PERC_MEAN,float64,float64,float64,numeric_continuous,False,False,False,float64,False,False,False,float64,290830,247296,0.8503111783516143,,not_applicable,False,float64,False,False,False,,,
381,PREV_APP_CREDIT_PERC_VAR,float64,float64,float64,numeric_continuous,False,False,False,float64,False,False,False,float64,229461,211714,0.9226578808599283,,not_applicable,False,float64,False,False,False,,,
382,PREV_CHANNEL_TYPE_AP+ (Cash loan)_MEAN,float64,float64,float64,numeric_continuous,False,False,False,float64,False,False,False,float64,291057,261,0.000896731568043373,,not_applicable,False,float64,False,False,False,,,
383,PREV_CHANNEL_TYPE_Car dealer_MEAN,float64,float64,float64,categorical,False,False,False,float64,False,False,False,float64,291057,35,0.00012025135969930288,,not_applicable,False,float64,False,False,False,,,
384,PREV_CHANNEL_TYPE_Channel of corporate sales_MEAN,float64,float64,float64,numeric_continuous,False,False,False,float64,False,False,False,float64,291057,129,0.0004432121543202878,,not_applicable,False,float64,False,False,False,,,
385,PREV_CHANNEL_TYPE_Contact center_MEAN,float64,float64,float64,numeric_continuous,False,False,False,float64,False,False,False,float64,291057,222,0.0007627371958070069,,not_applicable,False,float64,False,False,False,,,
386,PREV_CHANNEL_TYPE_Country-wide_MEAN,float64,float64,float64,numeric_continuous,False,False,False,float64,False,False,False,float64,291057,348,0.0011956420907244972,,not_applicable,False,float64,False,False,False,,,
387,PREV_CHANNEL_TYPE_Credit and cash offices_MEAN,float64,float64,float64,numeric_continuous,False,False,False,float64,False,False,False,float64,291057,414,0.0014224017975860398,,not_applicable,False,float64,False,False,False,,,
388,PREV_CHANNEL_TYPE_Regional / Local_MEAN,float64,float64,float64,numeric_continuous,False,False,False,float64,False,False,False,float64,291057,201,0.0006905863799874252,,not_applicable,False,float64,False,False,False,,,
389,PREV_CHANNEL_TYPE_Stone_MEAN,float64,float64,float64,numeric_continuous,False,False,False,float64,False,False,False,float64,291057,244,0.0008383237647608544,,not_applicable,False,float64,False,False,False,,,
390,PREV_CHANNEL_TYPE_nan_MEAN,float64,Int64,float64,constant,False,False,False,float64,False,False,False,float64,291057,1,3.4357531342657966e-06,,not_applicable,False,float64,False,False,False,,,
391,PREV_CNT_PAYMENT_MEAN,float64,float64,float64,numeric_continuous,False,False,False,float64,False,False,False,float64,290642,2838,0.00976459011429869,,not_applicable,False,float64,False,False,False,,,
392,PREV_CNT_PAYMENT_SUM,float64,Int64,float64,numeric_continuous,False,False,False,float64,False,False,False,float64,291057,727,0.002497792528611234,,not_applicable,False,float64,False,False,False,,,
393,PREV_CODE_REJECT_REASON_CLIENT_MEAN,float64,float64,float64,numeric_continuous,False,False,False,float64,False,False,False,float64,291057,118,0.000405418869843364,,not_applicable,False,float64,False,False,False,,,
394,PREV_CODE_REJECT_REASON_HC_MEAN,float64,float64,float64,numeric_continuous,False,False,False,float64,False,False,False,float64,291057,388,0.0013330722160951292,,not_applicable,False,float64,False,False,False,,,
395,PREV_CODE_REJECT_REASON_LIMIT_MEAN,float64,float64,float64,numeric_continuous,False,False,False,float64,False,False,False,float64,291057,244,0.0008383237647608544,,not_applicable,False,float64,False,False,False,,,
396,PREV_CODE_REJECT_REASON_SCOFR_MEAN,float64,float64,float64,numeric_continuous,False,False,False,float64,False,False,False,float64,291057,157,0.00053941324207973,,not_applicable,False,float64,False,False,False,,,
397,PREV_CODE_REJECT_REASON_SCO_MEAN,float64,float64,float64,numeric_continuous,False,False,False,float64,False,False,False,float64,291057,206,0.0007077651456587541,,not_applicable,False,float64,False,False,False,,,
398,PREV_CODE_REJECT_REASON_SYSTEM_MEAN,float64,float64,float64,numeric_continuous,False,False,False,float64,False,False,False,float64,291057,57,0.00019583792865315042,,not_applicable,False,float64,False,False,False,,,
399,PREV_CODE_REJECT_REASON_VERIF_MEAN,float64,float64,float64,numeric_continuous,False,False,False,float64,False,False,False,float64,291057,83,0.0002851675101440611,,not_applicable,False,float64,False,False,False,,,
400,PREV_CODE_REJECT_REASON_XAP_MEAN,float64,float64,float64,numeric_continuous,False,False,False,float64,False,False,False,float64,291057,394,0.0013536867349007238,,not_applicable,False,float64,False,False,False,,,
401,PREV_CODE_REJECT_REASON_XNA_MEAN,float64,float64,float64,numeric_continuous,False,False,False,float64,False,False,False,float64,291057,104,0.0003573183259636429,,not_applicable,False,float64,False,False,False,,,
402,PREV_CODE_REJECT_REASON_nan_MEAN,float64,Int64,float64,constant,False,False,False,float64,False,False,False,float64,291057,1,3.4357531342657966e-06,,not_applicable,False,float64,False,False,False,,,
403,PREV_CREDIT_TO_ANNUITY_RATIO_MAX,float64,float64,float64,numeric_continuous,False,False,False,float64,False,False,False,float64,290639,132973,0.45751946572896274,,not_applicable,False,float64,False,False,False,,,
404,PREV_CREDIT_TO_ANNUITY_RATIO_MEAN,float64,float64,float64,numeric_continuous,False,False,False,float64,False,False,False,float64,290639,277142,0.9535609467414903,,not_applicable,False,float64,False,False,False,,,
405,PREV_DAYS_DECISION_MAX,float64,Int64,float64,numeric_continuous,False,False,False,float64,False,False,False,float64,291057,2922,0.010039270658324658,,not_applicable,False,float64,False,False,False,,,
406,PREV_DAYS_DECISION_MEAN,float64,float64,float64,numeric_continuous,False,False,False,float64,False,False,False,float64,291057,60029,0.2062448248968415,,not_applicable,False,float64,False,False,False,,,
407,PREV_DAYS_DECISION_MIN,float64,Int64,float64,numeric_continuous,False,False,False,float64,False,False,False,float64,291057,2921,0.010035834905190392,,not_applicable,False,float64,False,False,False,,,
408,PREV_DOWN_PAYMENT_TO_CREDIT_MAX,float64,float64,float64,numeric_continuous,False,False,False,float64,False,False,False,float64,273605,118279,0.43229838635989837,,not_applicable,False,float64,False,False,False,,,
409,PREV_DOWN_PAYMENT_TO_CREDIT_MEAN,float64,float64,float64,numeric_continuous,False,False,False,float64,False,False,False,float64,273605,165423,0.6046051789989219,,not_applicable,False,float64,False,False,False,,,
410,PREV_FLAG_LAST_APPL_PER_CONTRACT_N_MEAN,float64,float64,float64,numeric_continuous,False,False,False,float64,False,False,False,float64,291057,135,0.00046382667312588253,,not_applicable,False,float64,False,False,False,,,
411,PREV_FLAG_LAST_APPL_PER_CONTRACT_Y_MEAN,float64,float64,float64,numeric_continuous,False,False,False,float64,False,False,False,float64,291057,135,0.00046382667312588253,,not_applicable,False,float64,False,False,False,,,
412,PREV_FLAG_LAST_APPL_PER_CONTRACT_nan_MEAN,float64,Int64,float64,constant,False,False,False,float64,False,False,False,float64,291057,1,3.4357531342657966e-06,,not_applicable,False,float64,False,False,False,,,
413,PREV_GOODS_TO_CREDIT_RATIO_MAX,float64,float64,float64,numeric_continuous,False,False,False,float64,False,False,False,float64,290073,141283,0.48706015382334794,,not_applicable,False,float64,False,False,False,,,
414,PREV_GOODS_TO_CREDIT_RATIO_MEAN,float64,float64,float64,numeric_continuous,False,False,False,float64,False,False,False,float64,290073,246133,0.8485208895691774,,not_applicable,False,float64,False,False,False,,,
415,PREV_HOUR_APPR_PROCESS_START_MAX,float64,Int64,float64,categorical,False,False,False,float64,False,False,False,float64,291057,24,8.245807522237912e-05,,not_applicable,False,float64,False,False,False,,,
416,PREV_HOUR_APPR_PROCESS_START_MEAN,float64,float64,float64,numeric_continuous,False,False,False,float64,False,False,False,float64,291057,2558,0.008788656517451908,,not_applicable,False,float64,False,False,False,,,
417,PREV_NAME_CASH_LOAN_PURPOSE_Building a house or an annex_MEAN,float64,float64,float64,numeric_continuous,False,False,False,float64,False,False,False,float64,291057,98,0.0003367038071580481,,not_applicable,False,float64,False,False,False,,,
418,PREV_NAME_CASH_LOAN_PURPOSE_Business development_MEAN,float64,float64,float64,categorical,False,False,False,float64,False,False,False,float64,291057,48,0.00016491615044475825,,not_applicable,False,float64,False,False,False,,,
419,PREV_NAME_CASH_LOAN_PURPOSE_Buying a garage_MEAN,float64,float64,float64,categorical,False,False,False,float64,False,False,False,float64,291057,34,0.00011681560656503709,,not_applicable,False,float64,False,False,False,,,
420,PREV_NAME_CASH_LOAN_PURPOSE_Buying a holiday home / land_MEAN,float64,float64,float64,numeric_continuous,False,False,False,float64,False,False,False,float64,291057,52,0.00017865916298182144,,not_applicable,False,float64,False,False,False,,,
421,PREV_NAME_CASH_LOAN_PURPOSE_Buying a home_MEAN,float64,float64,float64,numeric_continuous,False,False,False,float64,False,False,False,float64,291057,62,0.0002130166943244794,,not_applicable,False,float64,False,False,False,,,
422,PREV_NAME_CASH_LOAN_PURPOSE_Buying a new car_MEAN,float64,float64,float64,numeric_continuous,False,False,False,float64,False,False,False,float64,291057,71,0.00024393847253287158,,not_applicable,False,float64,False,False,False,,,
423,PREV_NAME_CASH_LOAN_PURPOSE_Buying a used car_MEAN,float64,float64,float64,numeric_continuous,False,False,False,float64,False,False,False,float64,291057,100,0.00034357531342657966,,not_applicable,False,float64,False,False,False,,,
424,PREV_NAME_CASH_LOAN_PURPOSE_Car repairs_MEAN,float64,float64,float64,numeric_continuous,False,False,False,float64,False,False,False,float64,291057,53,0.00018209491611608723,,not_applicable,False,float64,False,False,False,,,
425,PREV_NAME_CASH_LOAN_PURPOSE_Education_MEAN,float64,float64,float64,numeric_continuous,False,False,False,float64,False,False,False,float64,291057,67,0.00023019545999580839,,not_applicable,False,float64,False,False,False,,,
426,PREV_NAME_CASH_LOAN_PURPOSE_Everyday expenses_MEAN,float64,float64,float64,numeric_continuous,False,False,False,float64,False,False,False,float64,291057,74,0.000254245731935669,,not_applicable,False,float64,False,False,False,,,
427,PREV_NAME_CASH_LOAN_PURPOSE_Furniture_MEAN,float64,float64,float64,numeric_continuous,False,False,False,float64,False,False,False,float64,291057,56,0.00019240217551888463,,not_applicable,False,float64,False,False,False,,,
428,PREV_NAME_CASH_LOAN_PURPOSE_Gasification / water supply_MEAN,float64,float64,float64,categorical,False,False,False,float64,False,False,False,float64,291057,42,0.00014430163163916347,,not_applicable,False,float64,False,False,False,,,
429,PREV_NAME_CASH_LOAN_PURPOSE_Hobby_MEAN,float64,float64,float64,categorical,False,False,False,float64,False,False,False,float64,291057,20,6.871506268531593e-05,,not_applicable,False,float64,False,False,False,,,
430,PREV_NAME_CASH_LOAN_PURPOSE_Journey_MEAN,float64,float64,float64,numeric_continuous,False,False,False,float64,False,False,False,float64,291057,72,0.00024737422566713734,,not_applicable,False,float64,False,False,False,,,
431,PREV_NAME_CASH_LOAN_PURPOSE_Medicine_MEAN,float64,float64,float64,numeric_continuous,False,False,False,float64,False,False,False,float64,291057,82,0.0002817317570097953,,not_applicable,False,float64,False,False,False,,,
432,PREV_NAME_CASH_LOAN_PURPOSE_Money for a third person_MEAN,float64,float64,float64,categorical,False,False,False,float64,False,False,False,float64,291057,15,5.153629701398695e-05,,not_applicable,False,float64,False,False,False,,,
433,PREV_NAME_CASH_LOAN_PURPOSE_Other_MEAN,float64,float64,float64,numeric_continuous,False,False,False,float64,False,False,False,float64,291057,163,0.0005600277608853248,,not_applicable,False,float64,False,False,False,,,
434,PREV_NAME_CASH_LOAN_PURPOSE_Payments on other loans_MEAN,float64,float64,float64,numeric_continuous,False,False,False,float64,False,False,False,float64,291057,85,0.0002920390164125927,,not_applicable,False,float64,False,False,False,,,
435,PREV_NAME_CASH_LOAN_PURPOSE_Purchase of electronic equipment_MEAN,float64,float64,float64,numeric_continuous,False,False,False,float64,False,False,False,float64,291057,57,0.00019583792865315042,,not_applicable,False,float64,False,False,False,,,
436,PREV_NAME_CASH_LOAN_PURPOSE_Refusal to name the goal_MEAN,float64,float64,float64,categorical,False,False,False,float64,False,False,False,float64,291057,7,2.405027193986058e-05,,not_applicable,False,float64,False,False,False,,,
437,PREV_NAME_CASH_LOAN_PURPOSE_Repairs_MEAN,float64,float64,float64,numeric_continuous,False,False,False,float64,False,False,False,float64,291057,185,0.0006356143298391724,,not_applicable,False,float64,False,False,False,,,
438,PREV_NAME_CASH_LOAN_PURPOSE_Urgent needs_MEAN,float64,float64,float64,numeric_continuous,False,False,False,float64,False,False,False,float64,291057,126,0.0004329048949174904,,not_applicable,False,float64,False,False,False,,,
439,PREV_NAME_CASH_LOAN_PURPOSE_Wedding / gift / holiday_MEAN,float64,float64,float64,numeric_continuous,False,False,False,float64,False,False,False,float64,291057,57,0.00019583792865315042,,not_applicable,False,float64,False,False,False,,,
440,PREV_NAME_CASH_LOAN_PURPOSE_XAP_MEAN,float64,float64,float64,numeric_continuous,False,False,False,float64,False,False,False,float64,291057,407,0.0013983515256461793,,not_applicable,False,float64,False,False,False,,,
441,PREV_NAME_CASH_LOAN_PURPOSE_XNA_MEAN,float64,float64,float64,numeric_continuous,False,False,False,float64,False,False,False,float64,291057,414,0.0014224017975860398,,not_applicable,False,float64,False,False,False,,,
442,PREV_NAME_CASH_LOAN_PURPOSE_nan_MEAN,float64,Int64,float64,constant,False,False,False,float64,False,False,False,float64,291057,1,3.4357531342657966e-06,,not_applicable,False,float64,False,False,False,,,
443,PREV_NAME_CLIENT_TYPE_New_MEAN,float64,float64,float64,numeric_continuous,False,False,False,float64,False,False,False,float64,291057,161,0.0005531562546167933,,not_applicable,False,float64,False,False,False,,,
444,PREV_NAME_CLIENT_TYPE_Refreshed_MEAN,float64,float64,float64,numeric_continuous,False,False,False,float64,False,False,False,float64,291057,168,0.0005772065265566539,,not_applicable,False,float64,False,False,False,,,
445,PREV_NAME_CLIENT_TYPE_Repeater_MEAN,float64,float64,float64,numeric_continuous,False,False,False,float64,False,False,False,float64,291057,219,0.0007524299364042095,,not_applicable,False,float64,False,False,False,,,
446,PREV_NAME_CLIENT_TYPE_XNA_MEAN,float64,float64,float64,numeric_continuous,False,False,False,float64,False,False,False,float64,291057,77,0.0002645529913384663,,not_applicable,False,float64,False,False,False,,,
447,PREV_NAME_CLIENT_TYPE_nan_MEAN,float64,Int64,float64,constant,False,False,False,float64,False,False,False,float64,291057,1,3.4357531342657966e-06,,not_applicable,False,float64,False,False,False,,,
448,PREV_NAME_CONTRACT_STATUS_Approved_MEAN,float64,float64,float64,numeric_continuous,False,False,False,float64,False,False,False,float64,291057,362,0.0012437426346042185,,not_applicable,False,float64,False,False,False,,,
449,PREV_NAME_CONTRACT_STATUS_Canceled_MEAN,float64,float64,float64,numeric_continuous,False,False,False,float64,False,False,False,float64,291057,362,0.0012437426346042185,,not_applicable,False,float64,False,False,False,,,
450,PREV_NAME_CONTRACT_STATUS_Refused_MEAN,float64,float64,float64,numeric_continuous,False,False,False,float64,False,False,False,float64,291057,397,0.0013639939943035212,,not_applicable,False,float64,False,False,False,,,
451,PREV_NAME_CONTRACT_STATUS_Unused offer_MEAN,float64,float64,float64,numeric_continuous,False,False,False,float64,False,False,False,float64,291057,118,0.000405418869843364,,not_applicable,False,float64,False,False,False,,,
452,PREV_NAME_CONTRACT_STATUS_nan_MEAN,float64,Int64,float64,constant,False,False,False,float64,False,False,False,float64,291057,1,3.4357531342657966e-06,,not_applicable,False,float64,False,False,False,,,
453,PREV_NAME_CONTRACT_TYPE_Cash loans_MEAN,float64,float64,float64,numeric_continuous,False,False,False,float64,False,False,False,float64,291057,407,0.0013983515256461793,,not_applicable,False,float64,False,False,False,,,
454,PREV_NAME_CONTRACT_TYPE_Consumer loans_MEAN,float64,float64,float64,numeric_continuous,False,False,False,float64,False,False,False,float64,291057,377,0.0012952789316182053,,not_applicable,False,float64,False,False,False,,,
455,PREV_NAME_CONTRACT_TYPE_Revolving loans_MEAN,float64,float64,float64,numeric_continuous,False,False,False,float64,False,False,False,float64,291057,278,0.0009551393713258915,,not_applicable,False,float64,False,False,False,,,
456,PREV_NAME_CONTRACT_TYPE_XNA_MEAN,float64,float64,float64,categorical,False,False,False,float64,False,False,False,float64,291057,40,0.00013743012537063186,,not_applicable,False,float64,False,False,False,,,
457,PREV_NAME_CONTRACT_TYPE_nan_MEAN,float64,Int64,float64,constant,False,False,False,float64,False,False,False,float64,291057,1,3.4357531342657966e-06,,not_applicable,False,float64,False,False,False,,,
458,PREV_NAME_GOODS_CATEGORY_Additional Service_MEAN,float64,float64,float64,categorical,False,False,False,float64,False,False,False,float64,291057,21,7.215081581958174e-05,,not_applicable,False,float64,False,False,False,,,
459,PREV_NAME_GOODS_CATEGORY_Animals_MEAN,float64,float64,float64,binary_flag,False,False,False,float64,False,False,False,float64,291057,2,6.871506268531593e-06,,not_applicable,False,float64,False,False,False,,,
460,PREV_NAME_GOODS_CATEGORY_Audio/Video_MEAN,float64,float64,float64,numeric_continuous,False,False,False,float64,False,False,False,float64,291057,182,0.000625307070436375,,not_applicable,False,float64,False,False,False,,,
461,PREV_NAME_GOODS_CATEGORY_Auto Accessories_MEAN,float64,float64,float64,numeric_continuous,False,False,False,float64,False,False,False,float64,291057,84,0.00028860326327832694,,not_applicable,False,float64,False,False,False,,,
462,PREV_NAME_GOODS_CATEGORY_Clothing and Accessories_MEAN,float64,float64,float64,numeric_continuous,False,False,False,float64,False,False,False,float64,291057,126,0.0004329048949174904,,not_applicable,False,float64,False,False,False,,,
463,PREV_NAME_GOODS_CATEGORY_Computers_MEAN,float64,float64,float64,numeric_continuous,False,False,False,float64,False,False,False,float64,291057,193,0.0006631003549132987,,not_applicable,False,float64,False,False,False,,,
464,PREV_NAME_GOODS_CATEGORY_Construction Materials_MEAN,float64,float64,float64,numeric_continuous,False,False,False,float64,False,False,False,float64,291057,117,0.00040198311670909824,,not_applicable,False,float64,False,False,False,,,
465,PREV_NAME_GOODS_CATEGORY_Consumer Electronics_MEAN,float64,float64,float64,numeric_continuous,False,False,False,float64,False,False,False,float64,291057,183,0.0006287428235706408,,not_applicable,False,float64,False,False,False,,,
466,PREV_NAME_GOODS_CATEGORY_Direct Sales_MEAN,float64,float64,float64,categorical,False,False,False,float64,False,False,False,float64,291057,29,9.96368408937081e-05,,not_applicable,False,float64,False,False,False,,,
467,PREV_NAME_GOODS_CATEGORY_Education_MEAN,float64,float64,float64,categorical,False,False,False,float64,False,False,False,float64,291057,20,6.871506268531593e-05,,not_applicable,False,float64,False,False,False,,,
468,PREV_NAME_GOODS_CATEGORY_Fitness_MEAN,float64,float64,float64,categorical,False,False,False,float64,False,False,False,float64,291057,23,7.902232208811333e-05,,not_applicable,False,float64,False,False,False,,,
469,PREV_NAME_GOODS_CATEGORY_Furniture_MEAN,float64,float64,float64,numeric_continuous,False,False,False,float64,False,False,False,float64,291057,130,0.00044664790745455355,,not_applicable,False,float64,False,False,False,,,
470,PREV_NAME_GOODS_CATEGORY_Gardening_MEAN,float64,float64,float64,numeric_continuous,False,False,False,float64,False,False,False,float64,291057,53,0.00018209491611608723,,not_applicable,False,float64,False,False,False,,,
471,PREV_NAME_GOODS_CATEGORY_Homewares_MEAN,float64,float64,float64,numeric_continuous,False,False,False,float64,False,False,False,float64,291057,68,0.00023363121313007418,,not_applicable,False,float64,False,False,False,,,
472,PREV_NAME_GOODS_CATEGORY_House Construction_MEAN,float64,Int64,float64,constant,False,False,False,float64,False,False,False,float64,291057,1,3.4357531342657966e-06,,not_applicable,False,float64,False,False,False,,,
473,PREV_NAME_GOODS_CATEGORY_Insurance_MEAN,float64,float64,float64,categorical,False,False,False,float64,False,False,False,float64,291057,20,6.871506268531593e-05,,not_applicable,False,float64,False,False,False,,,
474,PREV_NAME_GOODS_CATEGORY_Jewelry_MEAN,float64,float64,float64,numeric_continuous,False,False,False,float64,False,False,False,float64,291057,81,0.00027829600387552954,,not_applicable,False,float64,False,False,False,,,
475,PREV_NAME_GOODS_CATEGORY_Medical Supplies_MEAN,float64,float64,float64,numeric_continuous,False,False,False,float64,False,False,False,float64,291057,62,0.0002130166943244794,,not_applicable,False,float64,False,False,False,,,
476,PREV_NAME_GOODS_CATEGORY_Medicine_MEAN,float64,float64,float64,categorical,False,False,False,float64,False,False,False,float64,291057,37,0.0001271228659678345,,not_applicable,False,float64,False,False,False,,,
477,PREV_NAME_GOODS_CATEGORY_Mobile_MEAN,float64,float64,float64,numeric_continuous,False,False,False,float64,False,False,False,float64,291057,232,0.0007970947271496648,,not_applicable,False,float64,False,False,False,,,
478,PREV_NAME_GOODS_CATEGORY_Office Appliances_MEAN,float64,float64,float64,numeric_continuous,False,False,False,float64,False,False,False,float64,291057,55,0.0001889664223846188,,not_applicable,False,float64,False,False,False,,,
479,PREV_NAME_GOODS_CATEGORY_Other_MEAN,float64,float64,float64,categorical,False,False,False,float64,False,False,False,float64,291057,47,0.00016148039731049245,,not_applicable,False,float64,False,False,False,,,
480,PREV_NAME_GOODS_CATEGORY_Photo / Cinema Equipment_MEAN,float64,float64,float64,numeric_continuous,False,False,False,float64,False,False,False,float64,291057,108,0.00037106133850070604,,not_applicable,False,float64,False,False,False,,,
481,PREV_NAME_GOODS_CATEGORY_Sport and Leisure_MEAN,float64,float64,float64,numeric_continuous,False,False,False,float64,False,False,False,float64,291057,54,0.00018553066925035302,,not_applicable,False,float64,False,False,False,,,
482,PREV_NAME_GOODS_CATEGORY_Tourism_MEAN,float64,float64,float64,numeric_continuous,False,False,False,float64,False,False,False,float64,291057,55,0.0001889664223846188,,not_applicable,False,float64,False,False,False,,,
483,PREV_NAME_GOODS_CATEGORY_Vehicles_MEAN,float64,float64,float64,numeric_continuous,False,False,False,float64,False,False,False,float64,291057,54,0.00018553066925035302,,not_applicable,False,float64,False,False,False,,,
484,PREV_NAME_GOODS_CATEGORY_Weapon_MEAN,float64,float64,float64,categorical,False,False,False,float64,False,False,False,float64,291057,20,6.871506268531593e-05,,not_applicable,False,float64,False,False,False,,,
485,PREV_NAME_GOODS_CATEGORY_XNA_MEAN,float64,float64,float64,numeric_continuous,False,False,False,float64,False,False,False,float64,291057,374,0.0012849716722154079,,not_applicable,False,float64,False,False,False,,,
486,PREV_NAME_GOODS_CATEGORY_nan_MEAN,float64,Int64,float64,constant,False,False,False,float64,False,False,False,float64,291057,1,3.4357531342657966e-06,,not_applicable,False,float64,False,False,False,,,
487,PREV_NAME_PAYMENT_TYPE_Cash through the bank_MEAN,float64,float64,float64,numeric_continuous,False,False,False,float64,False,False,False,float64,291057,423,0.001453323575794432,,not_applicable,False,float64,False,False,False,,,
488,PREV_NAME_PAYMENT_TYPE_Cashless from the account of the employer_MEAN,float64,float64,float64,numeric_continuous,False,False,False,float64,False,False,False,float64,291057,52,0.00017865916298182144,,not_applicable,False,float64,False,False,False,,,
489,PREV_NAME_PAYMENT_TYPE_Non-cash from your account_MEAN,float64,float64,float64,numeric_continuous,False,False,False,float64,False,False,False,float64,291057,98,0.0003367038071580481,,not_applicable,False,float64,False,False,False,,,
490,PREV_NAME_PAYMENT_TYPE_XNA_MEAN,float64,float64,float64,numeric_continuous,False,False,False,float64,False,False,False,float64,291057,412,0.0014155302913175082,,not_applicable,False,float64,False,False,False,,,
491,PREV_NAME_PAYMENT_TYPE_nan_MEAN,float64,Int64,float64,constant,False,False,False,float64,False,False,False,float64,291057,1,3.4357531342657966e-06,,not_applicable,False,float64,False,False,False,,,
492,PREV_NAME_PORTFOLIO_Cards_MEAN,float64,float64,float64,numeric_continuous,False,False,False,float64,False,False,False,float64,291057,226,0.00077648020834407,,not_applicable,False,float64,False,False,False,,,
493,PREV_NAME_PORTFOLIO_Cars_MEAN,float64,float64,float64,categorical,False,False,False,float64,False,False,False,float64,291057,34,0.00011681560656503709,,not_applicable,False,float64,False,False,False,,,
494,PREV_NAME_PORTFOLIO_Cash_MEAN,float64,float64,float64,numeric_continuous,False,False,False,float64,False,False,False,float64,291057,414,0.0014224017975860398,,not_applicable,False,float64,False,False,False,,,
495,PREV_NAME_PORTFOLIO_POS_MEAN,float64,float64,float64,numeric_continuous,False,False,False,float64,False,False,False,float64,291057,364,0.00125061414087275,,not_applicable,False,float64,False,False,False,,,
496,PREV_NAME_PORTFOLIO_XNA_MEAN,float64,float64,float64,numeric_continuous,False,False,False,float64,False,False,False,float64,291057,390,0.0013399437223636608,,not_applicable,False,float64,False,False,False,,,
497,PREV_NAME_PORTFOLIO_nan_MEAN,float64,Int64,float64,constant,False,False,False,float64,False,False,False,float64,291057,1,3.4357531342657966e-06,,not_applicable,False,float64,False,False,False,,,
498,PREV_NAME_PRODUCT_TYPE_XNA_MEAN,float64,float64,float64,numeric_continuous,False,False,False,float64,False,False,False,float64,291057,421,0.0014464520695259004,,not_applicable,False,float64,False,False,False,,,
499,PREV_NAME_PRODUCT_TYPE_nan_MEAN,float64,Int64,float64,constant,False,False,False,float64,False,False,False,float64,291057,1,3.4357531342657966e-06,,not_applicable,False,float64,False,False,False,,,
500,PREV_NAME_PRODUCT_TYPE_walk-in_MEAN,float64,float64,float64,numeric_continuous,False,False,False,float64,False,False,False,float64,291057,333,0.0011441057937105104,,not_applicable,False,float64,False,False,False,,,
501,PREV_NAME_PRODUCT_TYPE_x-sell_MEAN,float64,float64,float64,numeric_continuous,False,False,False,float64,False,False,False,float64,291057,394,0.0013536867349007238,,not_applicable,False,float64,False,False,False,,,
502,PREV_NAME_SELLER_INDUSTRY_Auto technology_MEAN,float64,float64,float64,numeric_continuous,False,False,False,float64,False,False,False,float64,291057,68,0.00023363121313007418,,not_applicable,False,float64,False,False,False,,,
503,PREV_NAME_SELLER_INDUSTRY_Clothing_MEAN,float64,float64,float64,numeric_continuous,False,False,False,float64,False,False,False,float64,291057,125,0.00042946914178322457,,not_applicable,False,float64,False,False,False,,,
504,PREV_NAME_SELLER_INDUSTRY_Connectivity_MEAN,float64,float64,float64,numeric_continuous,False,False,False,float64,False,False,False,float64,291057,285,0.000979189643265752,,not_applicable,False,float64,False,False,False,,,
505,PREV_NAME_SELLER_INDUSTRY_Construction_MEAN,float64,float64,float64,numeric_continuous,False,False,False,float64,False,False,False,float64,291057,117,0.00040198311670909824,,not_applicable,False,float64,False,False,False,,,
506,PREV_NAME_SELLER_INDUSTRY_Consumer electronics_MEAN,float64,float64,float64,numeric_continuous,False,False,False,float64,False,False,False,float64,291057,326,0.0011200555217706497,,not_applicable,False,float64,False,False,False,,,
507,PREV_NAME_SELLER_INDUSTRY_Furniture_MEAN,float64,float64,float64,numeric_continuous,False,False,False,float64,False,False,False,float64,291057,142,0.00048787694506574315,,not_applicable,False,float64,False,False,False,,,
508,PREV_NAME_SELLER_INDUSTRY_Industry_MEAN,float64,float64,float64,numeric_continuous,False,False,False,float64,False,False,False,float64,291057,110,0.0003779328447692376,,not_applicable,False,float64,False,False,False,,,
509,PREV_NAME_SELLER_INDUSTRY_Jewelry_MEAN,float64,float64,float64,categorical,False,False,False,float64,False,False,False,float64,291057,50,0.00017178765671328983,,not_applicable,False,float64,False,False,False,,,
510,PREV_NAME_SELLER_INDUSTRY_MLM partners_MEAN,float64,float64,float64,numeric_continuous,False,False,False,float64,False,False,False,float64,291057,60,0.0002061451880559478,,not_applicable,False,float64,False,False,False,,,
511,PREV_NAME_SELLER_INDUSTRY_Tourism_MEAN,float64,float64,float64,categorical,False,False,False,float64,False,False,False,float64,291057,30,0.0001030725940279739,,not_applicable,False,float64,False,False,False,,,
512,PREV_NAME_SELLER_INDUSTRY_XNA_MEAN,float64,float64,float64,numeric_continuous,False,False,False,float64,False,False,False,float64,291057,385,0.0013227649566923318,,not_applicable,False,float64,False,False,False,,,
513,PREV_NAME_SELLER_INDUSTRY_nan_MEAN,float64,Int64,float64,constant,False,False,False,float64,False,False,False,float64,291057,1,3.4357531342657966e-06,,not_applicable,False,float64,False,False,False,,,
514,PREV_NAME_TYPE_SUITE_Children_MEAN,float64,float64,float64,numeric_continuous,False,False,False,float64,False,False,False,float64,291057,126,0.0004329048949174904,,not_applicable,False,float64,False,False,False,,,
515,PREV_NAME_TYPE_SUITE_Family_MEAN,float64,float64,float64,numeric_continuous,False,False,False,float64,False,False,False,float64,291057,280,0.000962010877594423,,not_applicable,False,float64,False,False,False,,,
516,PREV_NAME_TYPE_SUITE_Group of people_MEAN,float64,float64,float64,numeric_continuous,False,False,False,float64,False,False,False,float64,291057,51,0.00017522340984755565,,not_applicable,False,float64,False,False,False,,,
517,PREV_NAME_TYPE_SUITE_Other_A_MEAN,float64,float64,float64,numeric_continuous,False,False,False,float64,False,False,False,float64,291057,73,0.00025080997880140316,,not_applicable,False,float64,False,False,False,,,
518,PREV_NAME_TYPE_SUITE_Other_B_MEAN,float64,float64,float64,numeric_continuous,False,False,False,float64,False,False,False,float64,291057,104,0.0003573183259636429,,not_applicable,False,float64,False,False,False,,,
519,"PREV_NAME_TYPE_SUITE_Spouse, partner_MEAN",float64,float64,float64,numeric_continuous,False,False,False,float64,False,False,False,float64,291057,166,0.0005703350202881222,,not_applicable,False,float64,False,False,False,,,
520,PREV_NAME_TYPE_SUITE_Unaccompanied_MEAN,float64,float64,float64,numeric_continuous,False,False,False,float64,False,False,False,float64,291057,389,0.001336507969229395,,not_applicable,False,float64,False,False,False,,,
521,PREV_NAME_TYPE_SUITE_nan_MEAN,float64,float64,float64,numeric_continuous,False,False,False,float64,False,False,False,float64,291057,403,0.001384608513109116,,not_applicable,False,float64,False,False,False,,,
522,PREV_NAME_YIELD_GROUP_XNA_MEAN,float64,float64,float64,numeric_continuous,False,False,False,float64,False,False,False,float64,291057,411,0.0014120945381832424,,not_applicable,False,float64,False,False,False,,,
523,PREV_NAME_YIELD_GROUP_high_MEAN,float64,float64,float64,numeric_continuous,False,False,False,float64,False,False,False,float64,291057,341,0.0011715918187846367,,not_applicable,False,float64,False,False,False,,,
524,PREV_NAME_YIELD_GROUP_low_action_MEAN,float64,float64,float64,numeric_continuous,False,False,False,float64,False,False,False,float64,291057,230,0.0007902232208811332,,not_applicable,False,float64,False,False,False,,,
525,PREV_NAME_YIELD_GROUP_low_normal_MEAN,float64,float64,float64,numeric_continuous,False,False,False,float64,False,False,False,float64,291057,326,0.0011200555217706497,,not_applicable,False,float64,False,False,False,,,
526,PREV_NAME_YIELD_GROUP_middle_MEAN,float64,float64,float64,numeric_continuous,False,False,False,float64,False,False,False,float64,291057,329,0.001130362781173447,,not_applicable,False,float64,False,False,False,,,
527,PREV_NAME_YIELD_GROUP_nan_MEAN,float64,Int64,float64,constant,False,False,False,float64,False,False,False,float64,291057,1,3.4357531342657966e-06,,not_applicable,False,float64,False,False,False,,,
528,PREV_PRODUCT_COMBINATION_Card Street_MEAN,float64,float64,float64,numeric_continuous,False,False,False,float64,False,False,False,float64,291057,248,0.0008520667772979176,,not_applicable,False,float64,False,False,False,,,
529,PREV_PRODUCT_COMBINATION_Card X-Sell_MEAN,float64,float64,float64,numeric_continuous,False,False,False,float64,False,False,False,float64,291057,181,0.0006218713173021093,,not_applicable,False,float64,False,False,False,,,
530,PREV_PRODUCT_COMBINATION_Cash Street: high_MEAN,float64,float64,float64,numeric_continuous,False,False,False,float64,False,False,False,float64,291057,247,0.0008486310241636518,,not_applicable,False,float64,False,False,False,,,
531,PREV_PRODUCT_COMBINATION_Cash Street: low_MEAN,float64,float64,float64,numeric_continuous,False,False,False,float64,False,False,False,float64,291057,237,0.0008142734928209938,,not_applicable,False,float64,False,False,False,,,
532,PREV_PRODUCT_COMBINATION_Cash Street: middle_MEAN,float64,float64,float64,numeric_continuous,False,False,False,float64,False,False,False,float64,291057,210,0.0007215081581958173,,not_applicable,False,float64,False,False,False,,,
533,PREV_PRODUCT_COMBINATION_Cash X-Sell: high_MEAN,float64,float64,float64,numeric_continuous,False,False,False,float64,False,False,False,float64,291057,205,0.0007043293925244883,,not_applicable,False,float64,False,False,False,,,
534,PREV_PRODUCT_COMBINATION_Cash X-Sell: low_MEAN,float64,float64,float64,numeric_continuous,False,False,False,float64,False,False,False,float64,291057,284,0.0009757538901314863,,not_applicable,False,float64,False,False,False,,,
535,PREV_PRODUCT_COMBINATION_Cash X-Sell: middle_MEAN,float64,float64,float64,numeric_continuous,False,False,False,float64,False,False,False,float64,291057,263,0.0009036030743119045,,not_applicable,False,float64,False,False,False,,,
536,PREV_PRODUCT_COMBINATION_Cash_MEAN,float64,float64,float64,numeric_continuous,False,False,False,float64,False,False,False,float64,291057,375,0.0012884074253496738,,not_applicable,False,float64,False,False,False,,,
537,PREV_PRODUCT_COMBINATION_POS household with interest_MEAN,float64,float64,float64,numeric_continuous,False,False,False,float64,False,False,False,float64,291057,273,0.0009379606056545625,,not_applicable,False,float64,False,False,False,,,
538,PREV_PRODUCT_COMBINATION_POS household without interest_MEAN,float64,float64,float64,numeric_continuous,False,False,False,float64,False,False,False,float64,291057,171,0.0005875137859594513,,not_applicable,False,float64,False,False,False,,,
539,PREV_PRODUCT_COMBINATION_POS industry with interest_MEAN,float64,float64,float64,numeric_continuous,False,False,False,float64,False,False,False,float64,291057,179,0.0006149998110335776,,not_applicable,False,float64,False,False,False,,,
540,PREV_PRODUCT_COMBINATION_POS industry without interest_MEAN,float64,float64,float64,numeric_continuous,False,False,False,float64,False,False,False,float64,291057,80,0.0002748602507412637,,not_applicable,False,float64,False,False,False,,,
541,PREV_PRODUCT_COMBINATION_POS mobile with interest_MEAN,float64,float64,float64,numeric_continuous,False,False,False,float64,False,False,False,float64,291057,244,0.0008383237647608544,,not_applicable,False,float64,False,False,False,,,
542,PREV_PRODUCT_COMBINATION_POS mobile without interest_MEAN,float64,float64,float64,numeric_continuous,False,False,False,float64,False,False,False,float64,291057,102,0.0003504468196951113,,not_applicable,False,float64,False,False,False,,,
543,PREV_PRODUCT_COMBINATION_POS other with interest_MEAN,float64,float64,float64,numeric_continuous,False,False,False,float64,False,False,False,float64,291057,118,0.000405418869843364,,not_applicable,False,float64,False,False,False,,,
544,PREV_PRODUCT_COMBINATION_POS others without interest_MEAN,float64,float64,float64,categorical,False,False,False,float64,False,False,False,float64,291057,50,0.00017178765671328983,,not_applicable,False,float64,False,False,False,,,
545,PREV_PRODUCT_COMBINATION_nan_MEAN,float64,float64,float64,categorical,False,False,False,float64,False,False,False,float64,291057,40,0.00013743012537063186,,not_applicable,False,float64,False,False,False,,,
546,PREV_RATE_DOWN_PAYMENT_MAX,float64,float64,float64,numeric_continuous,False,False,False,float64,False,False,False,float64,273605,118254,0.4322070137607134,,not_applicable,False,float64,False,False,False,,,
547,PREV_RATE_DOWN_PAYMENT_MEAN,float64,float64,float64,numeric_continuous,False,False,False,float64,False,False,False,float64,273605,165733,0.6057381992288152,,not_applicable,False,float64,False,False,False,,,
548,PREV_SK_ID_PREV_NUNIQUE,float64,Int64,float64,numeric_continuous,False,False,False,float64,False,False,False,float64,291057,65,0.00022332395372727678,,not_applicable,False,float64,False,False,False,,,
549,PREV_WEEKDAY_APPR_PROCESS_START_FRIDAY_MEAN,float64,float64,float64,numeric_continuous,False,False,False,float64,False,False,False,float64,291057,313,0.0010753907310251944,,not_applicable,False,float64,False,False,False,,,
550,PREV_WEEKDAY_APPR_PROCESS_START_MONDAY_MEAN,float64,float64,float64,numeric_continuous,False,False,False,float64,False,False,False,float64,291057,304,0.0010444689528168022,,not_applicable,False,float64,False,False,False,,,
551,PREV_WEEKDAY_APPR_PROCESS_START_SATURDAY_MEAN,float64,float64,float64,numeric_continuous,False,False,False,float64,False,False,False,float64,291057,301,0.0010341616934140048,,not_applicable,False,float64,False,False,False,,,
552,PREV_WEEKDAY_APPR_PROCESS_START_SUNDAY_MEAN,float64,float64,float64,numeric_continuous,False,False,False,float64,False,False,False,float64,291057,259,0.0008898600617748413,,not_applicable,False,float64,False,False,False,,,
553,PREV_WEEKDAY_APPR_PROCESS_START_THURSDAY_MEAN,float64,float64,float64,numeric_continuous,False,False,False,float64,False,False,False,float64,291057,319,0.0010960052498307892,,not_applicable,False,float64,False,False,False,,,
554,PREV_WEEKDAY_APPR_PROCESS_START_TUESDAY_MEAN,float64,float64,float64,numeric_continuous,False,False,False,float64,False,False,False,float64,291057,316,0.0010856979904279918,,not_applicable,False,float64,False,False,False,,,
555,PREV_WEEKDAY_APPR_PROCESS_START_WEDNESDAY_MEAN,float64,float64,float64,numeric_continuous,False,False,False,float64,False,False,False,float64,291057,316,0.0010856979904279918,,not_applicable,False,float64,False,False,False,,,
556,PREV_WEEKDAY_APPR_PROCESS_START_nan_MEAN,float64,Int64,float64,constant,False,False,False,float64,False,False,False,float64,291057,1,3.4357531342657966e-06,,not_applicable,False,float64,False,False,False,,,
557,REFUSED_AMT_APPLICATION_MAX,float64,float64,float64,numeric_continuous,False,False,False,float64,False,False,False,float64,100294,17300,0.17249287095937943,,not_applicable,False,float64,False,False,False,,,
558,REFUSED_AMT_APPLICATION_MEAN,float64,float64,float64,numeric_continuous,False,False,False,float64,False,False,False,float64,100294,32297,0.32202325164017787,,not_applicable,False,float64,False,False,False,,,
559,REFUSED_AMT_CREDIT_MAX,float64,float64,float64,numeric_continuous,False,False,False,float64,False,False,False,float64,100294,24804,0.24731290007378307,,not_applicable,False,float64,False,False,False,,,
560,REFUSED_AMT_CREDIT_MEAN,float64,float64,float64,numeric_continuous,False,False,False,float64,False,False,False,float64,100294,53226,0.5306997427562965,,not_applicable,False,float64,False,False,False,,,
561,REFUSED_APP_CREDIT_PERC_MAX,float64,float64,float64,numeric_continuous,False,False,False,float64,False,False,False,float64,95364,22656,0.2375739272681515,,not_applicable,False,float64,False,False,False,,,
562,REFUSED_APP_CREDIT_PERC_MEAN,float64,float64,float64,numeric_continuous,False,False,False,float64,False,False,False,float64,95364,43000,0.45090390503754035,,not_applicable,False,float64,False,False,False,,,
563,REFUSED_DAYS_DECISION_MEAN,float64,float64,float64,numeric_continuous,False,False,False,float64,False,False,False,float64,100294,17440,0.17388876702494666,,not_applicable,False,float64,False,False,False,,,
564,REFUSED_DAYS_DECISION_MIN,float64,Int64,float64,numeric_continuous,False,False,False,float64,False,False,False,float64,100294,2921,0.029124374339442042,,not_applicable,False,float64,False,False,False,,,
565,REFUSED_SK_ID_PREV_NUNIQUE,float64,Int64,float64,categorical,False,False,False,float64,False,False,False,float64,100294,45,0.00044868087821803895,,not_applicable,False,float64,False,False,False,,,
566,REGION_POPULATION_RELATIVE,float64,float64,float64,numeric_continuous,False,False,False,float64,False,False,False,float64,307511,81,0.00026340521152088867,,not_applicable,False,float64,False,False,False,,,
567,REGION_RATING_CLIENT,int64,int64,int64,categorical,False,False,False,int64,False,False,False,int64,307511,3,9.755748574847729e-06,,not_applicable,False,int64,False,False,False,,,
568,REGION_RATING_CLIENT_W_CITY,int64,int64,int64,categorical,False,False,False,int64,False,False,False,int64,307511,3,9.755748574847729e-06,,not_applicable,False,int64,False,False,False,,,
569,REG_CITY_NOT_LIVE_CITY,int64,int64,int64,binary_flag,False,False,False,int64,False,False,False,int64,307511,2,6.503832383231819e-06,,not_applicable,False,int64,False,False,False,,,
570,REG_CITY_NOT_WORK_CITY,int64,int64,int64,binary_flag,False,False,False,int64,False,False,False,int64,307511,2,6.503832383231819e-06,,not_applicable,False,int64,False,False,False,,,
571,REG_REGION_NOT_LIVE_REGION,int64,int64,int64,binary_flag,False,False,False,int64,False,False,False,int64,307511,2,6.503832383231819e-06,,not_applicable,False,int64,False,False,False,,,
572,REG_REGION_NOT_WORK_REGION,int64,int64,int64,binary_flag,False,False,False,int64,False,False,False,int64,307511,2,6.503832383231819e-06,,not_applicable,False,int64,False,False,False,,,
573,SK_ID_CURR,int64,int64,int64,identifier,True,True,False,int64,False,False,False,int64,307511,307511,1.0,,not_applicable,False,int64,False,False,False,,,
574,TARGET,int64,int64,int64,binary_flag,False,False,False,int64,False,False,False,int64,307511,2,6.503832383231819e-06,,not_applicable,False,int64,False,False,False,,,
575,TOTALAREA_MODE,float64,float64,float64,numeric_continuous,False,False,False,float64,False,False,False,float64,159080,5116,0.0321599195373397,,not_applicable,False,float64,False,False,False,,,
576,WALLSMATERIAL_MODE,object,category,object,categorical,False,False,False,object,False,False,False,object,151170,7,4.6305483892306675e-05,8.106350466362374,categorical_like,False,object,True,False,False,0.0,0.0,0.42875570549712244
577,WEEKDAY_APPR_PROCESS_START,object,category,object,categorical,False,False,False,object,False,False,False,object,307511,7,2.276341334131137e-05,7.2311396990676755,categorical_like,False,object,False,False,False,0.0,0.0,0.0
578,YEARS_BEGINEXPLUATATION_AVG,float64,float64,float64,numeric_continuous,False,False,False,float64,False,False,False,float64,157504,285,0.0018094778545306785,,not_applicable,False,float64,False,False,False,,,
579,YEARS_BEGINEXPLUATATION_MEDI,float64,float64,float64,numeric_continuous,False,False,False,float64,False,False,False,float64,157504,245,0.001555516050386022,,not_applicable,False,float64,False,False,False,,,
580,YEARS_BEGINEXPLUATATION_MODE,float64,float64,float64,numeric_continuous,False,False,False,float64,False,False,False,float64,157504,221,0.001403138967899228,,not_applicable,False,float64,False,False,False,,,
581,YEARS_BUILD_AVG,float64,float64,float64,numeric_continuous,False,False,False,float64,False,False,False,float64,103023,149,0.0014462789862457897,,not_applicable,False,float64,False,False,False,,,
582,YEARS_BUILD_MEDI,float64,float64,float64,numeric_continuous,False,False,False,float64,False,False,False,float64,103023,151,0.0014656921270007669,,not_applicable,False,float64,False,False,False,,,
583,YEARS_BUILD_MODE,float64,float64,float64,numeric_continuous,False,False,False,float64,False,False,False,float64,103023,154,0.0014948118381332325,,not_applicable,False,float64,False,False,False,,,
