,column,dtype,non_null_count_x,unique_count,unique_percentage,duplicate_count,duplicate_value_ratio,constant_flag,top_value_percentage,quasi_constant_flag,top_value,top_value_count,top_values_preview,non_null_count_y,dominant_value,dominant_value_pct,second_dominant_value,second_dominant_pct,top_values,suspicious_uniformity_flag,dominance_note
0,AMT_ANNUITY,float64,307499,13672,4.45,293827,95.55,False,2.08,False,9000.0,6385,"[(np.float64(9000.0), 6385), (np.float64(13500.0), 5514), (np.float64(6750.0), 2279)]",307499,9000.0,2.08,13500.0,1.79,"[('9000.0', 2.08), ('13500.0', 1.79), ('6750.0', 0.74)]",False,Most frequent dominates with 2.08%
1,AMT_CREDIT,float64,307511,5603,1.82,301908,98.18,False,3.16,False,450000.0,9709,"[(np.float64(450000.0), 9709), (np.float64(675000.0), 8877), (np.float64(225000.0), 8162)]",307511,450000.0,3.16,675000.0,2.89,"[('450000.0', 3.16), ('675000.0', 2.89), ('225000.0', 2.65)]",False,Most frequent dominates with 3.16%
2,AMT_GOODS_PRICE,float64,307233,1002,0.33,306231,99.67,False,8.47,False,450000.0,26022,"[(np.float64(450000.0), 26022), (np.float64(225000.0), 25282), (np.float64(675000.0), 24962)]",307233,450000.0,8.47,225000.0,8.23,"[('450000.0', 8.47), ('225000.0', 8.23), ('675000.0', 8.12)]",False,Most frequent dominates with 8.47%
3,AMT_INCOME_TOTAL,float64,307511,2548,0.83,304963,99.17,False,11.63,False,135000.0,35750,"[(np.float64(135000.0), 35750), (np.float64(112500.0), 31019), (np.float64(157500.0), 26556)]",307511,135000.0,11.63,112500.0,10.09,"[('135000.0', 11.63), ('112500.0', 10.09), ('157500.0', 8.64)]",False,Most frequent dominates with 11.63%
4,AMT_REQ_CREDIT_BUREAU_DAY,float64,265992,9,0.0,265983,100.0,False,99.44,True,0.0,264503,"[(np.float64(0.0), 264503), (np.float64(1.0), 1292), (np.float64(2.0), 106)]",265992,0.0,99.44,1.0,0.49,"[('0.0', 99.44), ('1.0', 0.49), ('2.0', 0.04)]",True,Appears uniformly dominated
5,AMT_REQ_CREDIT_BUREAU_HOUR,float64,265992,5,0.0,265987,100.0,False,99.39,True,0.0,264366,"[(np.float64(0.0), 264366), (np.float64(1.0), 1560), (np.float64(2.0), 56)]",265992,0.0,99.39,1.0,0.59,"[('0.0', 99.39), ('1.0', 0.59), ('2.0', 0.02)]",True,Appears uniformly dominated
6,AMT_REQ_CREDIT_BUREAU_MON,float64,265992,24,0.01,265968,99.99,False,83.55,False,0.0,222233,"[(np.float64(0.0), 222233), (np.float64(1.0), 33147), (np.float64(2.0), 5386)]",265992,0.0,83.55,1.0,12.46,"[('0.0', 83.55), ('1.0', 12.46), ('2.0', 2.02)]",False,Most frequent dominates with 83.55%
7,AMT_REQ_CREDIT_BUREAU_QRT,float64,265992,11,0.0,265981,100.0,False,80.99,False,0.0,215417,"[(np.float64(0.0), 215417), (np.float64(1.0), 33862), (np.float64(2.0), 14412)]",265992,0.0,80.99,1.0,12.73,"[('0.0', 80.99), ('1.0', 12.73), ('2.0', 5.42)]",False,Most frequent dominates with 80.99%
8,AMT_REQ_CREDIT_BUREAU_WEEK,float64,265992,9,0.0,265983,100.0,False,96.79,True,0.0,257456,"[(np.float64(0.0), 257456), (np.float64(1.0), 8208), (np.float64(2.0), 199)]",265992,0.0,96.79,1.0,3.09,"[('0.0', 96.79), ('1.0', 3.09), ('2.0', 0.07)]",False,Most frequent dominates with 96.79%
9,AMT_REQ_CREDIT_BUREAU_YEAR,float64,265992,25,0.01,265967,99.99,False,26.99,False,0.0,71801,"[(np.float64(0.0), 71801), (np.float64(1.0), 63405), (np.float64(2.0), 50192)]",265992,0.0,26.99,1.0,23.84,"[('0.0', 26.99), ('1.0', 23.84), ('2.0', 18.87)]",False,Most frequent dominates with 26.99%
10,APARTMENTS_AVG,float64,151450,2339,1.54,149111,98.46,False,4.4,False,0.0825,6663,"[(np.float64(0.0825), 6663), (np.float64(0.0619), 6332), (np.float64(0.0928), 4404)]",151450,0.0825,4.4,0.0619,4.18,"[('0.0825', 4.4), ('0.0619', 4.18), ('0.0928', 2.91)]",False,Most frequent dominates with 4.4%
11,APARTMENTS_MEDI,float64,151450,1148,0.76,150302,99.24,False,4.69,False,0.0833,7109,"[(np.float64(0.0833), 7109), (np.float64(0.0625), 6687), (np.float64(0.0937), 4622)]",151450,0.0833,4.69,0.0625,4.42,"[('0.0833', 4.69), ('0.0625', 4.42), ('0.0937', 3.05)]",False,Most frequent dominates with 4.69%
12,APARTMENTS_MODE,float64,151450,760,0.5,150690,99.5,False,4.97,False,0.084,7522,"[(np.float64(0.084), 7522), (np.float64(0.063), 7451), (np.float64(0.0945), 4757)]",151450,0.084,4.97,0.063,4.92,"[('0.084', 4.97), ('0.063', 4.92), ('0.0945', 3.14)]",False,Most frequent dominates with 4.97%
13,APPROVED_AMT_APPLICATION_MAX,float64,290065,50746,17.49,239319,82.51,False,4.28,False,450000.0,12407,"[(np.float64(450000.0), 12407), (np.float64(225000.0), 9682), (np.float64(675000.0), 7140)]",290065,450000.0,4.28,225000.0,3.34,"[('450000.0', 4.28), ('225000.0', 3.34), ('675000.0', 2.46)]",False,Most frequent dominates with 4.28%
14,APPROVED_AMT_APPLICATION_MEAN,float64,290065,168391,58.05,121674,41.95,False,0.5,False,135000.0,1461,"[(np.float64(135000.0), 1461), (np.float64(225000.0), 1439), (np.float64(45000.0), 1397)]",290065,135000.0,0.5,225000.0,0.5,"[('135000.0', 0.5), ('225000.0', 0.5), ('45000.0', 0.48)]",False,Most frequent dominates with 0.5%
15,APPROVED_AMT_CREDIT_MAX,float64,290065,58928,20.32,231137,79.68,False,2.19,False,450000.0,6347,"[(np.float64(450000.0), 6347), (np.float64(180000.0), 3789), (np.float64(225000.0), 3657)]",290065,450000.0,2.19,180000.0,1.31,"[('450000.0', 2.19), ('180000.0', 1.31), ('225000.0', 1.26)]",False,Most frequent dominates with 2.19%
16,APPROVED_AMT_CREDIT_MEAN,float64,290065,185460,63.94,104605,36.06,False,0.3,False,45000.0,865,"[(np.float64(45000.0), 865), (np.float64(135000.0), 559), (np.float64(225000.0), 472)]",290065,45000.0,0.3,135000.0,0.19,"[('45000.0', 0.3), ('135000.0', 0.19), ('225000.0', 0.16)]",False,Most frequent dominates with 0.3%
17,APPROVED_APP_CREDIT_PERC_MAX,float64,290056,145549,50.18,144507,49.82,False,19.09,False,1.0,55360,"[(np.float64(1.0), 55360), (np.float64(1.1111111111111112), 16261), (np.float64(1.25), 3769)]",290056,1.0,19.09,1.1111111111111112,5.61,"[('1.0', 19.09), ('1.1111111111111112', 5.61), ('1.25', 1.3)]",False,Most frequent dominates with 19.09%
18,APPROVED_APP_CREDIT_PERC_MEAN,float64,290056,239493,82.57,50563,17.43,False,7.11,False,1.0,20621,"[(np.float64(1.0), 20621), (np.float64(1.1111111111111112), 3441), (np.float64(0.9380863039399624), 1050)]",290056,1.0,7.11,1.1111111111111112,1.19,"[('1.0', 7.11), ('1.1111111111111112', 1.19), ('0.9380863039399624', 0.36)]",False,Most frequent dominates with 7.11%
19,APPROVED_CNT_PAYMENT_MEAN,float64,290065,1342,0.46,288723,99.54,False,14.31,False,12.0,41505,"[(np.float64(12.0), 41505), (np.float64(6.0), 26048), (np.float64(10.0), 21879)]",290065,12.0,14.31,6.0,8.98,"[('12.0', 14.31), ('6.0', 8.98), ('10.0', 7.54)]",False,Most frequent dominates with 14.31%
20,APPROVED_CNT_PAYMENT_SUM,float64,290065,345,0.12,289720,99.88,False,11.68,False,12.0,33870,"[(np.float64(12.0), 33870), (np.float64(24.0), 22009), (np.float64(6.0), 16918)]",290065,12.0,11.68,24.0,7.59,"[('12.0', 11.68), ('24.0', 7.59), ('6.0', 5.83)]",False,Most frequent dominates with 11.68%
21,APPROVED_DAYS_DECISION_MEAN,float64,290065,34247,11.81,255818,88.19,False,0.06,False,-352.0,170,"[(np.float64(-352.0), 170), (np.float64(-350.0), 170), (np.float64(-404.0), 170)]",290065,-352.0,0.06,-350.0,0.06,"[('-352.0', 0.06), ('-350.0', 0.06), ('-404.0', 0.06)]",False,Most frequent dominates with 0.06%
22,APPROVED_DAYS_DECISION_MIN,float64,290065,2921,1.01,287144,98.99,False,0.07,False,-476.0,204,"[(np.float64(-476.0), 204), (np.float64(-447.0), 182), (np.float64(-511.0), 182)]",290065,-476.0,0.07,-447.0,0.06,"[('-476.0', 0.07), ('-447.0', 0.06), ('-511.0', 0.06)]",False,Most frequent dominates with 0.07%
23,APPROVED_SK_ID_PREV_NUNIQUE,float64,290065,25,0.01,290040,99.99,False,26.42,False,1.0,76640,"[(np.float64(1.0), 76640), (np.float64(2.0), 67388), (np.float64(3.0), 52238)]",290065,1.0,26.42,2.0,23.23,"[('1.0', 26.42), ('2.0', 23.23), ('3.0', 18.01)]",False,Most frequent dominates with 26.42%
24,APP_ADDRESS_MISMATCH_COUNT,int64,307511,7,0.0,307504,100.0,False,74.26,False,0,228354,"[(np.int64(0), 228354), (np.int64(2), 64077), (np.int64(4), 9544)]",307511,0,74.26,2,20.84,"[('0', 74.26), ('2', 20.84), ('4', 3.1)]",False,Most frequent dominates with 74.26%
25,APP_ANNUITY_INCOME_RATIO,float64,307499,88811,28.88,218688,71.12,False,0.96,False,0.1,2942,"[(np.float64(0.1), 2942), (np.float64(0.15), 2771), (np.float64(0.0666666666666666), 1150)]",307499,0.1,0.96,0.15,0.9,"[('0.1', 0.96), ('0.15', 0.9), ('0.0666666666666666', 0.37)]",False,Most frequent dominates with 0.96%
26,APP_CAR_BIRTH_RATIO,float64,104582,78396,74.96,26186,25.04,False,2.04,False,-0.0,2134,"[(np.float64(-0.0), 2134), (np.float64(-0.0008244023083264), 10), (np.float64(-0.0007861635220125), 10)]",104582,-0.0,2.04,-0.0008244023083264,0.01,"[('-0.0', 2.04), ('-0.0008244023083264', 0.01), ('-0.0007861635220125', 0.01)]",False,Most frequent dominates with 2.04%
27,APP_CONTACT_COUNT,int64,307511,6,0.0,307505,100.0,False,52.35,False,3,160972,"[(np.int64(3), 160972), (np.int64(4), 70671), (np.int64(2), 38357)]",307511,3,52.35,4,22.98,"[('3', 52.35), ('4', 22.98), ('2', 12.47)]",False,Most frequent dominates with 52.35%
28,APP_CREDIT_ANNUITY_RATIO,float64,307499,39539,12.86,267960,87.14,False,9.51,False,20.0,29242,"[(np.float64(20.0), 29242), (np.float64(34.19972640218878), 1985), (np.float64(34.083333333333336), 1643)]",307499,20.0,9.51,34.19972640218878,0.65,"[('20.0', 9.51), ('34.19972640218878', 0.65), ('34.083333333333336', 0.53)]",False,Most frequent dominates with 9.51%
29,APP_CREDIT_INCOME_RATIO,float64,307511,48697,15.84,258814,84.16,False,1.72,False,2.0,5302,"[(np.float64(2.0), 5302), (np.float64(3.0), 3920), (np.float64(2.5), 3142)]",307511,2.0,1.72,3.0,1.27,"[('2.0', 1.72), ('3.0', 1.27), ('2.5', 1.02)]",False,Most frequent dominates with 1.72%
30,APP_DOCUMENT_COUNT,int64,307511,5,0.0,307506,100.0,False,87.82,False,1,270056,"[(np.int64(1), 270056), (np.int64(0), 29549), (np.int64(2), 7742)]",307511,1,87.82,0,9.61,"[('1', 87.82), ('0', 9.61), ('2', 2.52)]",False,Most frequent dominates with 87.82%
31,APP_EMPLOYED_BIRTH_RATIO,float64,252137,249434,98.93,2703,1.07,False,0.0,False,0.0833333333333333,12,"[(np.float64(0.0833333333333333), 12), (np.float64(0.0909090909090909), 11), (np.float64(0.2), 10)]",252137,0.0833333333333333,0.0,0.0909090909090909,0.0,"[('0.0833333333333333', 0.0), ('0.0909090909090909', 0.0), ('0.2', 0.0)]",False,Most frequent dominates with 0.0%
32,APP_EXT_SOURCE_MAX,float64,307339,121113,39.41,186226,60.59,False,0.41,False,0.746300213050371,1255,"[(np.float64(0.746300213050371), 1255), (np.float64(0.7136313997323308), 1059), (np.float64(0.6940926425266661), 927)]",307339,0.746300213050371,0.41,0.7136313997323308,0.34,"[('0.746300213050371', 0.41), ('0.7136313997323308', 0.34), ('0.6940926425266661', 0.3)]",False,Most frequent dominates with 0.41%
33,APP_EXT_SOURCE_MEAN,float64,307339,300347,97.72,6992,2.28,False,0.03,False,0.2858978721410488,94,"[(np.float64(0.2858978721410488), 94), (np.float64(0.2652563401861944), 65), (np.float64(0.1596792335026377), 61)]",307339,0.2858978721410488,0.03,0.2652563401861944,0.02,"[('0.2858978721410488', 0.03), ('0.2652563401861944', 0.02), ('0.1596792335026377', 0.02)]",False,Most frequent dominates with 0.03%
34,APP_EXT_SOURCE_MIN,float64,307339,139146,45.27,168193,54.73,False,0.29,False,0.0005272652387098,885,"[(np.float64(0.0005272652387098), 885), (np.float64(0.4507472818545589), 619), (np.float64(0.2858978721410488), 576)]",307339,0.0005272652387098,0.29,0.4507472818545589,0.2,"[('0.0005272652387098', 0.29), ('0.4507472818545589', 0.2), ('0.2858978721410488', 0.19)]",False,Most frequent dominates with 0.29%
35,APP_EXT_SOURCE_STD,float64,270602,269867,99.73,735,0.27,False,0.0,False,0.2595072552010954,5,"[(np.float64(0.2595072552010954), 5), (np.float64(0.3422692701347568), 4), (np.float64(0.2944351124027654), 4)]",270602,0.2595072552010954,0.0,0.3422692701347568,0.0,"[('0.2595072552010954', 0.0), ('0.3422692701347568', 0.0), ('0.2944351124027654', 0.0)]",False,Most frequent dominates with 0.0%
36,APP_GOODS_CREDIT_RATIO,float64,307233,3066,1.0,304167,99.0,False,35.22,False,1.0,108210,"[(np.float64(1.0), 108210), (np.float64(0.8347245409015025), 25506), (np.float64(0.8632596685082873), 14007)]",307233,1.0,35.22,0.8347245409015025,8.3,"[('1.0', 35.22), ('0.8347245409015025', 8.3), ('0.8632596685082873', 4.56)]",False,Most frequent dominates with 35.22%
37,APP_INCOME_PER_PERSON,float64,307509,3064,1.0,304445,99.0,False,7.93,False,67500.0,24400,"[(np.float64(67500.0), 24400), (np.float64(45000.0), 20320), (np.float64(90000.0), 20311)]",307509,67500.0,7.93,45000.0,6.61,"[('67500.0', 7.93), ('45000.0', 6.61), ('90000.0', 6.61)]",False,Most frequent dominates with 7.93%
38,APP_MISSING_COUNT,int64,307511,67,0.02,307444,99.98,False,10.53,False,50,32394,"[(np.int64(50), 32394), (np.int64(49), 25383), (np.int64(48), 21504)]",307511,50,10.53,49,8.25,"[('50', 10.53), ('49', 8.25), ('48', 6.99)]",False,Most frequent dominates with 10.53%
39,APP_MISSING_RATIO,float64,307511,67,0.02,307444,99.98,False,10.53,False,0.3571428571428571,32394,"[(np.float64(0.3571428571428571), 32394), (np.float64(0.35), 25383), (np.float64(0.3428571428571428), 21504)]",307511,0.3571428571428571,10.53,0.35,8.25,"[('0.3571428571428571', 10.53), ('0.35', 8.25), ('0.3428571428571428', 6.99)]",False,Most frequent dominates with 10.53%
40,APP_PHONE_BIRTH_RATIO,float64,307510,264924,86.15,42586,13.85,False,12.25,False,-0.0,37672,"[(np.float64(-0.0), 37672), (np.float64(0.0769230769230769), 14), (np.float64(0.1111111111111111), 12)]",307510,-0.0,12.25,0.0769230769230769,0.0,"[('-0.0', 12.25), ('0.0769230769230769', 0.0), ('0.1111111111111111', 0.0)]",False,Most frequent dominates with 12.25%
41,APP_PHONE_EMPLOYED_RATIO,float64,252134,205138,81.36,46996,18.64,False,11.46,False,-0.0,28888,"[(np.float64(-0.0), 28888), (np.float64(0.5), 51), (np.float64(1.0), 41)]",252134,-0.0,11.46,0.5,0.02,"[('-0.0', 11.46), ('0.5', 0.02), ('1.0', 0.02)]",False,Most frequent dominates with 11.46%
42,BASEMENTAREA_AVG,float64,127568,3780,2.96,123788,97.04,False,11.56,False,0.0,14745,"[(np.float64(0.0), 14745), (np.float64(0.0545), 251), (np.float64(0.0818), 251)]",127568,0.0,11.56,0.0545,0.2,"[('0.0', 11.56), ('0.0545', 0.2), ('0.0818', 0.2)]",False,Most frequent dominates with 11.56%
43,BASEMENTAREA_MEDI,float64,127568,3772,2.96,123796,97.04,False,11.75,False,0.0,14991,"[(np.float64(0.0), 14991), (np.float64(0.0818), 271), (np.float64(0.1091), 266)]",127568,0.0,11.75,0.0818,0.21,"[('0.0', 11.75), ('0.0818', 0.21), ('0.1091', 0.21)]",False,Most frequent dominates with 11.75%
44,BASEMENTAREA_MODE,float64,127568,3841,3.01,123727,96.99,False,13.01,False,0.0,16598,"[(np.float64(0.0), 16598), (np.float64(0.0566), 269), (np.float64(0.0849), 265)]",127568,0.0,13.01,0.0566,0.21,"[('0.0', 13.01), ('0.0566', 0.21), ('0.0849', 0.21)]",False,Most frequent dominates with 13.01%
45,BUREAU_ACTIVE_AMT_CREDIT_SUM_DEBT_MEAN,float64,206514,158599,76.8,47915,23.2,False,10.49,False,0.0,21660,"[(np.float64(0.0), 21660), (np.float64(4.5), 77), (np.float64(225000.0), 64)]",206514,0.0,10.49,4.5,0.04,"[('0.0', 10.49), ('4.5', 0.04), ('225000.0', 0.03)]",False,Most frequent dominates with 10.49%
46,BUREAU_ACTIVE_AMT_CREDIT_SUM_DEBT_SUM,float64,217150,153496,70.69,63654,29.31,False,14.87,False,0.0,32296,"[(np.float64(0.0), 32296), (np.float64(4.5), 106), (np.float64(225000.0), 58)]",217150,0.0,14.87,4.5,0.05,"[('0.0', 14.87), ('4.5', 0.05), ('225000.0', 0.03)]",False,Most frequent dominates with 14.87%
47,BUREAU_ACTIVE_AMT_CREDIT_SUM_MEAN,float64,217149,99483,45.81,117666,54.19,False,1.73,False,225000.0,3750,"[(np.float64(225000.0), 3750), (np.float64(135000.0), 3419), (np.float64(0.0), 3078)]",217149,225000.0,1.73,135000.0,1.57,"[('225000.0', 1.73), ('135000.0', 1.57), ('0.0', 1.42)]",False,Most frequent dominates with 1.73%
48,BUREAU_ACTIVE_AMT_CREDIT_SUM_OVERDUE_MEAN,float64,217150,1557,0.72,215593,99.28,False,98.54,True,0.0,213970,"[(np.float64(0.0), 213970), (np.float64(4.5), 94), (np.float64(2.25), 71)]",217150,0.0,98.54,4.5,0.04,"[('0.0', 98.54), ('4.5', 0.04), ('2.25', 0.03)]",True,Appears uniformly dominated
49,BUREAU_ACTIVE_AMT_CREDIT_SUM_OVERDUE_SUM,float64,217150,1197,0.55,215953,99.45,False,98.54,True,0.0,213970,"[(np.float64(0.0), 213970), (np.float64(4.5), 243), (np.float64(9.0), 85)]",217150,0.0,98.54,4.5,0.11,"[('0.0', 98.54), ('4.5', 0.11), ('9.0', 0.04)]",True,Appears uniformly dominated
50,BUREAU_ACTIVE_AMT_CREDIT_SUM_SUM,float64,217150,95921,44.17,121229,55.83,False,1.7,False,225000.0,3687,"[(np.float64(225000.0), 3687), (np.float64(135000.0), 3259), (np.float64(0.0), 3079)]",217150,225000.0,1.7,135000.0,1.5,"[('225000.0', 1.7), ('135000.0', 1.5), ('0.0', 1.42)]",False,Most frequent dominates with 1.7%
51,BUREAU_ACTIVE_DAYS_CREDIT_MAX,float64,217150,2907,1.34,214243,98.66,False,0.31,False,-91.0,669,"[(np.float64(-91.0), 669), (np.float64(-119.0), 605), (np.float64(-112.0), 598)]",217150,-91.0,0.31,-119.0,0.28,"[('-91.0', 0.31), ('-119.0', 0.28), ('-112.0', 0.28)]",False,Most frequent dominates with 0.31%
52,BUREAU_ACTIVE_DAYS_CREDIT_MEAN,float64,217150,20978,9.66,196172,90.34,False,0.09,False,-147.0,198,"[(np.float64(-147.0), 198), (np.float64(-148.0), 192), (np.float64(-168.0), 190)]",217150,-147.0,0.09,-148.0,0.09,"[('-147.0', 0.09), ('-148.0', 0.09), ('-168.0', 0.09)]",False,Most frequent dominates with 0.09%
53,BUREAU_ACTIVE_DAYS_CREDIT_MIN,float64,217150,2922,1.35,214228,98.65,False,0.11,False,-365.0,235,"[(np.float64(-365.0), 235), (np.float64(-343.0), 225), (np.float64(-357.0), 220)]",217150,-365.0,0.11,-343.0,0.1,"[('-365.0', 0.11), ('-343.0', 0.1), ('-357.0', 0.1)]",False,Most frequent dominates with 0.11%
54,BUREAU_AMT_ANNUITY_MAX,float64,80009,23582,29.47,56427,70.53,False,24.67,False,0.0,19737,"[(np.float64(0.0), 19737), (np.float64(4500.0), 961), (np.float64(13500.0), 880)]",80009,0.0,24.67,4500.0,1.2,"[('0.0', 24.67), ('4500.0', 1.2), ('13500.0', 1.1)]",False,Most frequent dominates with 24.67%
55,BUREAU_AMT_ANNUITY_MEAN,float64,80009,40563,50.7,39446,49.3,False,24.67,False,0.0,19737,"[(np.float64(0.0), 19737), (np.float64(4500.0), 607), (np.float64(13500.0), 379)]",80009,0.0,24.67,4500.0,0.76,"[('0.0', 24.67), ('4500.0', 0.76), ('13500.0', 0.47)]",False,Most frequent dominates with 24.67%
56,BUREAU_AMT_CREDIT_MAX_OVERDUE_MAX,float64,183886,44798,24.36,139088,75.64,False,61.69,False,0.0,113446,"[(np.float64(0.0), 113446), (np.float64(1440.0), 318), (np.float64(225.0), 229)]",183886,0.0,61.69,1440.0,0.17,"[('0.0', 61.69), ('1440.0', 0.17), ('225.0', 0.12)]",False,Most frequent dominates with 61.69%
57,BUREAU_AMT_CREDIT_MAX_OVERDUE_MEAN,float64,183886,55265,30.05,128621,69.95,False,61.69,False,0.0,113446,"[(np.float64(0.0), 113446), (np.float64(720.0), 116), (np.float64(4.5), 113)]",183886,0.0,61.69,720.0,0.06,"[('0.0', 61.69), ('720.0', 0.06), ('4.5', 0.06)]",False,Most frequent dominates with 61.69%
58,BUREAU_AMT_CREDIT_SUM_DEBT_MAX,float64,256131,138943,54.25,117188,45.75,False,27.66,False,0.0,70847,"[(np.float64(0.0), 70847), (np.float64(225000.0), 137), (np.float64(135000.0), 128)]",256131,0.0,27.66,225000.0,0.05,"[('0.0', 27.66), ('225000.0', 0.05), ('135000.0', 0.05)]",False,Most frequent dominates with 27.66%
59,BUREAU_AMT_CREDIT_SUM_DEBT_MEAN,float64,256131,169324,66.11,86807,33.89,False,27.21,False,0.0,69689,"[(np.float64(0.0), 69689), (np.float64(45000.0), 46), (np.float64(22500.0), 42)]",256131,0.0,27.21,45000.0,0.02,"[('0.0', 27.21), ('45000.0', 0.02), ('22500.0', 0.02)]",False,Most frequent dominates with 27.21%
60,BUREAU_AMT_CREDIT_SUM_DEBT_SUM,float64,263491,154999,58.83,108492,41.17,False,29.24,False,0.0,77049,"[(np.float64(0.0), 77049), (np.float64(4.5), 112), (np.float64(135000.0), 61)]",263491,0.0,29.24,4.5,0.04,"[('0.0', 29.24), ('4.5', 0.04), ('135000.0', 0.02)]",False,Most frequent dominates with 29.24%
61,BUREAU_AMT_CREDIT_SUM_LIMIT_MAX,float64,242442,34311,14.15,208131,85.85,False,79.87,False,0.0,193649,"[(np.float64(0.0), 193649), (np.float64(135000.0), 1564), (np.float64(45000.0), 921)]",242442,0.0,79.87,135000.0,0.65,"[('0.0', 79.87), ('135000.0', 0.65), ('45000.0', 0.38)]",False,Most frequent dominates with 79.87%
62,BUREAU_AMT_CREDIT_SUM_LIMIT_MEAN,float64,242442,38928,16.06,203514,83.94,False,79.85,False,0.0,193590,"[(np.float64(0.0), 193590), (np.float64(22500.0), 458), (np.float64(45000.0), 327)]",242442,0.0,79.85,22500.0,0.19,"[('0.0', 79.85), ('22500.0', 0.19), ('45000.0', 0.13)]",False,Most frequent dominates with 79.85%
63,BUREAU_AMT_CREDIT_SUM_LIMIT_SUM,float64,263491,37278,14.15,226213,85.85,False,81.46,False,0.0,214639,"[(np.float64(0.0), 214639), (np.float64(135000.0), 1031), (np.float64(45000.0), 728)]",263491,0.0,81.46,135000.0,0.39,"[('0.0', 81.46), ('135000.0', 0.39), ('45000.0', 0.28)]",False,Most frequent dominates with 81.46%
64,BUREAU_AMT_CREDIT_SUM_MAX,float64,263490,65160,24.73,198330,75.27,False,3.41,False,450000.0,8978,"[(np.float64(450000.0), 8978), (np.float64(225000.0), 8878), (np.float64(675000.0), 6506)]",263490,450000.0,3.41,225000.0,3.37,"[('450000.0', 3.41), ('225000.0', 3.37), ('675000.0', 2.47)]",False,Most frequent dominates with 3.41%
65,BUREAU_AMT_CREDIT_SUM_MEAN,float64,263490,209581,79.54,53909,20.46,False,0.52,False,225000.0,1377,"[(np.float64(225000.0), 1377), (np.float64(135000.0), 1222), (np.float64(0.0), 1082)]",263490,225000.0,0.52,135000.0,0.46,"[('225000.0', 0.52), ('135000.0', 0.46), ('0.0', 0.41)]",False,Most frequent dominates with 0.52%
66,BUREAU_AMT_CREDIT_SUM_OVERDUE_MAX,float64,263491,1203,0.46,262288,99.54,False,98.73,True,0.0,260157,"[(np.float64(0.0), 260157), (np.float64(4.5), 265), (np.float64(9.0), 96)]",263491,0.0,98.73,4.5,0.1,"[('0.0', 98.73), ('4.5', 0.1), ('9.0', 0.04)]",True,Appears uniformly dominated
67,BUREAU_AMT_CREDIT_SUM_OVERDUE_MEAN,float64,263491,1872,0.71,261619,99.29,False,98.73,True,0.0,260157,"[(np.float64(0.0), 260157), (np.float64(4.5), 60), (np.float64(2.25), 48)]",263491,0.0,98.73,4.5,0.02,"[('0.0', 98.73), ('4.5', 0.02), ('2.25', 0.02)]",True,Appears uniformly dominated
68,BUREAU_AMT_CREDIT_SUM_OVERDUE_SUM,float64,263491,1218,0.46,262273,99.54,False,98.73,True,0.0,260157,"[(np.float64(0.0), 260157), (np.float64(4.5), 263), (np.float64(9.0), 94)]",263491,0.0,98.73,4.5,0.1,"[('0.0', 98.73), ('4.5', 0.1), ('9.0', 0.04)]",True,Appears uniformly dominated
69,BUREAU_AMT_CREDIT_SUM_SUM,float64,263491,205630,78.04,57861,21.96,False,0.51,False,225000.0,1351,"[(np.float64(225000.0), 1351), (np.float64(135000.0), 1142), (np.float64(0.0), 1083)]",263491,225000.0,0.51,135000.0,0.43,"[('225000.0', 0.51), ('135000.0', 0.43), ('0.0', 0.41)]",False,Most frequent dominates with 0.51%
70,BUREAU_BB_MONTHS_BALANCE_MAX_MEAN,float64,92231,3958,4.29,88273,95.71,False,36.38,False,0.0,33550,"[(np.float64(0.0), 33550), (np.float64(-1.0), 921), (np.float64(-2.0), 754)]",92231,0.0,36.38,-1.0,1.0,"[('0.0', 36.38), ('-1.0', 1.0), ('-2.0', 0.82)]",False,Most frequent dominates with 36.38%
71,BUREAU_BB_MONTHS_BALANCE_MIN_MEAN,float64,92231,5715,6.2,86516,93.8,False,0.68,False,-17.0,629,"[(np.float64(-17.0), 629), (np.float64(-19.0), 623), (np.float64(-13.0), 619)]",92231,-17.0,0.68,-19.0,0.68,"[('-17.0', 0.68), ('-19.0', 0.68), ('-13.0', 0.67)]",False,Most frequent dominates with 0.68%
72,BUREAU_BB_MONTHS_BALANCE_SIZE_MEAN,float64,92231,5673,6.15,86558,93.85,False,1.04,False,8.0,955,"[(np.float64(8.0), 955), (np.float64(9.0), 938), (np.float64(12.0), 934)]",92231,8.0,1.04,9.0,1.02,"[('8.0', 1.04), ('9.0', 1.02), ('12.0', 1.01)]",False,Most frequent dominates with 1.04%
73,BUREAU_BB_STATUS_0_MEAN_MEAN,float64,92231,60195,65.27,32036,34.73,False,3.35,False,1.0,3088,"[(np.float64(1.0), 3088), (np.float64(0.0), 2432), (np.float64(0.5), 932)]",92231,1.0,3.35,0.0,2.64,"[('1.0', 3.35), ('0.0', 2.64), ('0.5', 1.01)]",False,Most frequent dominates with 3.35%
74,BUREAU_BB_STATUS_1_MEAN_MEAN,float64,92231,13162,14.27,79069,85.73,False,67.38,False,0.0,62145,"[(np.float64(0.0), 62145), (np.float64(0.0416666666666666), 209), (np.float64(0.0833333333333333), 201)]",92231,0.0,67.38,0.0416666666666666,0.23,"[('0.0', 67.38), ('0.0416666666666666', 0.23), ('0.0833333333333333', 0.22)]",False,Most frequent dominates with 67.38%
75,BUREAU_BB_STATUS_2_MEAN_MEAN,float64,92231,2759,2.99,89472,97.01,False,93.79,False,0.0,86505,"[(np.float64(0.0), 86505), (np.float64(0.0166666666666666), 36), (np.float64(0.0119047619047619), 33)]",92231,0.0,93.79,0.0166666666666666,0.04,"[('0.0', 93.79), ('0.0166666666666666', 0.04), ('0.0119047619047619', 0.04)]",False,Most frequent dominates with 93.79%
76,BUREAU_BB_STATUS_3_MEAN_MEAN,float64,92231,1455,1.58,90776,98.42,False,97.02,True,0.0,89486,"[(np.float64(0.0), 89486), (np.float64(0.0138888888888888), 19), (np.float64(0.0166666666666666), 15)]",92231,0.0,97.02,0.0138888888888888,0.02,"[('0.0', 97.02), ('0.0138888888888888', 0.02), ('0.0166666666666666', 0.02)]",False,Most frequent dominates with 97.02%
77,BUREAU_BB_STATUS_4_MEAN_MEAN,float64,92231,1122,1.22,91109,98.78,False,97.8,True,0.0,90204,"[(np.float64(0.0), 90204), (np.float64(0.0052083333333333), 12), (np.float64(0.0125), 12)]",92231,0.0,97.8,0.0052083333333333,0.01,"[('0.0', 97.8), ('0.0052083333333333', 0.01), ('0.0125', 0.01)]",False,Most frequent dominates with 97.8%
78,BUREAU_BB_STATUS_5_MEAN_MEAN,float64,92231,1632,1.77,90599,98.23,False,97.61,True,0.0,90025,"[(np.float64(0.0), 90025), (np.float64(0.0192307692307692), 10), (np.float64(0.0277777777777777), 10)]",92231,0.0,97.61,0.0192307692307692,0.01,"[('0.0', 97.61), ('0.0192307692307692', 0.01), ('0.0277777777777777', 0.01)]",False,Most frequent dominates with 97.61%
79,BUREAU_BB_STATUS_BAD_FLAG_MEAN_MEAN,float64,92231,14129,15.32,78102,84.68,False,66.33,False,0.0,61179,"[(np.float64(0.0), 61179), (np.float64(0.0416666666666666), 216), (np.float64(0.0833333333333333), 213)]",92231,0.0,66.33,0.0416666666666666,0.23,"[('0.0', 66.33), ('0.0416666666666666', 0.23), ('0.0833333333333333', 0.23)]",False,Most frequent dominates with 66.33%
80,BUREAU_BB_STATUS_BAD_FLAG_SUM_MEAN,float64,92231,907,0.98,91324,99.02,False,66.33,False,0.0,61179,"[(np.float64(0.0), 61179), (np.float64(1.0), 2888), (np.float64(0.5), 2198)]",92231,0.0,66.33,1.0,3.13,"[('0.0', 66.33), ('1.0', 3.13), ('0.5', 2.38)]",False,Most frequent dominates with 66.33%
81,BUREAU_BB_STATUS_C_FLAG_MEAN_MEAN,float64,92231,50576,54.84,41655,45.16,False,20.15,False,0.0,18588,"[(np.float64(0.0), 18588), (np.float64(0.3333333333333333), 371), (np.float64(0.25), 348)]",92231,0.0,20.15,0.3333333333333333,0.4,"[('0.0', 20.15), ('0.3333333333333333', 0.4), ('0.25', 0.38)]",False,Most frequent dominates with 20.15%
82,BUREAU_BB_STATUS_C_MEAN_MEAN,float64,92231,50576,54.84,41655,45.16,False,20.15,False,0.0,18588,"[(np.float64(0.0), 18588), (np.float64(0.3333333333333333), 371), (np.float64(0.25), 348)]",92231,0.0,20.15,0.3333333333333333,0.4,"[('0.0', 20.15), ('0.3333333333333333', 0.4), ('0.25', 0.38)]",False,Most frequent dominates with 20.15%
83,BUREAU_BB_STATUS_X_FLAG_MEAN_MEAN,float64,92231,40979,44.43,51252,55.57,False,20.34,False,0.0,18761,"[(np.float64(0.0), 18761), (np.float64(1.0), 1615), (np.float64(0.5), 1151)]",92231,0.0,20.34,1.0,1.75,"[('0.0', 20.34), ('1.0', 1.75), ('0.5', 1.25)]",False,Most frequent dominates with 20.34%
84,BUREAU_BB_STATUS_X_MEAN_MEAN,float64,92231,40979,44.43,51252,55.57,False,20.34,False,0.0,18761,"[(np.float64(0.0), 18761), (np.float64(1.0), 1615), (np.float64(0.5), 1151)]",92231,0.0,20.34,1.0,1.75,"[('0.0', 20.34), ('1.0', 1.75), ('0.5', 1.25)]",False,Most frequent dominates with 20.34%
85,BUREAU_BB_STATUS_ZERO_FLAG_MEAN_MEAN,float64,92231,60195,65.27,32036,34.73,False,3.35,False,1.0,3088,"[(np.float64(1.0), 3088), (np.float64(0.0), 2432), (np.float64(0.5), 932)]",92231,1.0,3.35,0.0,2.64,"[('1.0', 3.35), ('0.0', 2.64), ('0.5', 1.01)]",False,Most frequent dominates with 3.35%
86,BUREAU_BB_STATUS_nan_MEAN_MEAN,float64,92231,1,0.0,92230,100.0,True,100.0,True,0.0,92231,"[(np.float64(0.0), 92231)]",92231,0.0,100.0,,,"[('0.0', 100.0)]",True,Appears uniformly dominated
87,BUREAU_BUREAU_DEBT_CREDIT_RATIO_RAW_MAX,float64,254877,150668,59.11,104209,40.89,False,27.38,False,0.0,69780,"[(np.float64(0.0), 69780), (np.float64(1.0), 9806), (np.float64(1.02), 162)]",254877,0.0,27.38,1.0,3.85,"[('0.0', 27.38), ('1.0', 3.85), ('1.02', 0.06)]",False,Most frequent dominates with 27.38%
88,BUREAU_BUREAU_DEBT_CREDIT_RATIO_RAW_MEAN,float64,254877,179453,70.41,75424,29.59,False,27.06,False,0.0,68967,"[(np.float64(0.0), 68967), (np.float64(1.0), 812), (np.float64(0.5), 679)]",254877,0.0,27.06,1.0,0.32,"[('0.0', 27.06), ('1.0', 0.32), ('0.5', 0.27)]",False,Most frequent dominates with 27.06%
89,BUREAU_BUREAU_OVERDUE_DEBT_RATIO_RAW_MAX,float64,186442,2197,1.18,184245,98.82,False,98.72,True,0.0,184056,"[(np.float64(0.0), 184056), (np.float64(1.0), 170), (np.float64(0.0147783251231527), 5)]",186442,0.0,98.72,1.0,0.09,"[('0.0', 98.72), ('1.0', 0.09), ('0.0147783251231527', 0.0)]",True,Appears uniformly dominated
90,BUREAU_BUREAU_OVERDUE_DEBT_RATIO_RAW_MEAN,float64,186442,2224,1.19,184218,98.81,False,98.72,True,0.0,184056,"[(np.float64(0.0), 184056), (np.float64(1.0), 51), (np.float64(0.5), 42)]",186442,0.0,98.72,1.0,0.03,"[('0.0', 98.72), ('1.0', 0.03), ('0.5', 0.02)]",True,Appears uniformly dominated
91,BUREAU_CLOSED_AMT_CREDIT_SUM_MEAN,float64,230165,171533,74.53,58632,25.47,False,0.83,False,0.0,1903,"[(np.float64(0.0), 1903), (np.float64(225000.0), 1690), (np.float64(450000.0), 1196)]",230165,0.0,0.83,225000.0,0.73,"[('0.0', 0.83), ('225000.0', 0.73), ('450000.0', 0.52)]",False,Most frequent dominates with 0.83%
92,BUREAU_CLOSED_AMT_CREDIT_SUM_SUM,float64,230165,168797,73.34,61368,26.66,False,0.83,False,0.0,1903,"[(np.float64(0.0), 1903), (np.float64(225000.0), 1605), (np.float64(450000.0), 1282)]",230165,0.0,0.83,225000.0,0.7,"[('0.0', 0.83), ('225000.0', 0.7), ('450000.0', 0.56)]",False,Most frequent dominates with 0.83%
93,BUREAU_CLOSED_DAYS_CREDIT_MAX,float64,230165,2921,1.27,227244,98.73,False,0.13,False,-385.0,290,"[(np.float64(-385.0), 290), (np.float64(-364.0), 284), (np.float64(-420.0), 277)]",230165,-385.0,0.13,-364.0,0.12,"[('-385.0', 0.13), ('-364.0', 0.12), ('-420.0', 0.12)]",False,Most frequent dominates with 0.13%
94,BUREAU_CLOSED_DAYS_CREDIT_MEAN,float64,230165,44873,19.5,185292,80.5,False,0.04,False,-761.0,82,"[(np.float64(-761.0), 82), (np.float64(-1066.0), 74), (np.float64(-1001.0), 74)]",230165,-761.0,0.04,-1066.0,0.03,"[('-761.0', 0.04), ('-1066.0', 0.03), ('-1001.0', 0.03)]",False,Most frequent dominates with 0.04%
95,BUREAU_CLOSED_DAYS_CREDIT_MIN,float64,230165,2912,1.27,227253,98.73,False,0.11,False,-2871.0,256,"[(np.float64(-2871.0), 256), (np.float64(-2919.0), 255), (np.float64(-2890.0), 254)]",230165,-2871.0,0.11,-2919.0,0.11,"[('-2871.0', 0.11), ('-2919.0', 0.11), ('-2890.0', 0.11)]",False,Most frequent dominates with 0.11%
96,BUREAU_CNT_CREDIT_PROLONG_MEAN,float64,263491,111,0.04,263380,99.96,False,96.77,True,0.0,254983,"[(np.float64(0.0), 254983), (np.float64(0.25), 751), (np.float64(0.1666666666666666), 675)]",263491,0.0,96.77,0.25,0.29,"[('0.0', 96.77), ('0.25', 0.29), ('0.1666666666666666', 0.26)]",False,Most frequent dominates with 96.77%
97,BUREAU_CNT_CREDIT_PROLONG_SUM,float64,263491,10,0.0,263481,100.0,False,96.77,True,0.0,254983,"[(np.float64(0.0), 254983), (np.float64(1.0), 6869), (np.float64(2.0), 1282)]",263491,0.0,96.77,1.0,2.61,"[('0.0', 96.77), ('1.0', 2.61), ('2.0', 0.49)]",False,Most frequent dominates with 96.77%
98,BUREAU_CREDIT_ACTIVE_Active_MEAN,float64,263491,296,0.11,263195,99.89,False,17.59,False,0.0,46341,"[(np.float64(0.0), 46341), (np.float64(0.5), 35122), (np.float64(1.0), 32868)]",263491,0.0,17.59,0.5,13.33,"[('0.0', 17.59), ('0.5', 13.33), ('1.0', 12.47)]",False,Most frequent dominates with 17.59%
99,BUREAU_CREDIT_ACTIVE_Bad debt_MEAN,float64,263491,15,0.01,263476,99.99,False,99.99,True,0.0,263471,"[(np.float64(0.0), 263471), (np.float64(0.2), 3), (np.float64(0.1666666666666666), 2)]",263491,0.0,99.99,0.2,0.0,"[('0.0', 99.99), ('0.2', 0.0), ('0.1666666666666666', 0.0)]",True,Appears uniformly dominated
100,BUREAU_CREDIT_ACTIVE_Closed_MEAN,float64,263491,304,0.12,263187,99.88,False,17.31,False,1.0,45614,"[(np.float64(1.0), 45614), (np.float64(0.5), 35376), (np.float64(0.0), 33326)]",263491,1.0,17.31,0.5,13.43,"[('1.0', 17.31), ('0.5', 13.43), ('0.0', 12.65)]",False,Most frequent dominates with 17.31%
101,BUREAU_CREDIT_ACTIVE_Sold_MEAN,float64,263491,70,0.03,263421,99.97,False,98.02,True,0.0,258265,"[(np.float64(0.0), 258265), (np.float64(0.1666666666666666), 429), (np.float64(0.2), 402)]",263491,0.0,98.02,0.1666666666666666,0.16,"[('0.0', 98.02), ('0.1666666666666666', 0.16), ('0.2', 0.15)]",True,Appears uniformly dominated
102,BUREAU_CREDIT_ACTIVE_nan_MEAN,float64,263491,1,0.0,263490,100.0,True,100.0,True,0.0,263491,"[(np.float64(0.0), 263491)]",263491,0.0,100.0,,,"[('0.0', 100.0)]",True,Appears uniformly dominated
103,BUREAU_CREDIT_CURRENCY_currency 1_MEAN,float64,263491,57,0.02,263434,99.98,False,99.63,True,1.0,262523,"[(np.float64(1.0), 262523), (np.float64(0.75), 99), (np.float64(0.8333333333333334), 77)]",263491,1.0,99.63,0.75,0.04,"[('1.0', 99.63), ('0.75', 0.04), ('0.8333333333333334', 0.03)]",True,Appears uniformly dominated
104,BUREAU_CREDIT_CURRENCY_currency 2_MEAN,float64,263491,55,0.02,263436,99.98,False,99.68,True,0.0,262645,"[(np.float64(0.0), 262645), (np.float64(0.25), 85), (np.float64(0.1666666666666666), 70)]",263491,0.0,99.68,0.25,0.03,"[('0.0', 99.68), ('0.25', 0.03), ('0.1666666666666666', 0.03)]",True,Appears uniformly dominated
105,BUREAU_CREDIT_CURRENCY_currency 3_MEAN,float64,263491,33,0.01,263458,99.99,False,99.95,True,0.0,263356,"[(np.float64(0.0), 263356), (np.float64(0.125), 14), (np.float64(0.0769230769230769), 10)]",263491,0.0,99.95,0.125,0.01,"[('0.0', 99.95), ('0.125', 0.01), ('0.0769230769230769', 0.0)]",True,Appears uniformly dominated
106,BUREAU_CREDIT_CURRENCY_currency 4_MEAN,float64,263491,7,0.0,263484,100.0,False,100.0,True,0.0,263482,"[(np.float64(0.0), 263482), (np.float64(0.25), 3), (np.float64(0.1428571428571428), 2)]",263491,0.0,100.0,0.25,0.0,"[('0.0', 100.0), ('0.25', 0.0), ('0.1428571428571428', 0.0)]",True,Appears uniformly dominated
107,BUREAU_CREDIT_CURRENCY_nan_MEAN,float64,263491,1,0.0,263490,100.0,True,100.0,True,0.0,263491,"[(np.float64(0.0), 263491)]",263491,0.0,100.0,,,"[('0.0', 100.0)]",True,Appears uniformly dominated
108,BUREAU_CREDIT_DAY_OVERDUE_MAX,float64,263491,868,0.33,262623,99.67,False,98.71,True,0.0,260094,"[(np.float64(0.0), 260094), (np.float64(30.0), 227), (np.float64(60.0), 96)]",263491,0.0,98.71,30.0,0.09,"[('0.0', 98.71), ('30.0', 0.09), ('60.0', 0.04)]",True,Appears uniformly dominated
109,BUREAU_CREDIT_DAY_OVERDUE_MEAN,float64,263491,1541,0.58,261950,99.42,False,98.71,True,0.0,260094,"[(np.float64(0.0), 260094), (np.float64(5.0), 51), (np.float64(6.0), 48)]",263491,0.0,98.71,5.0,0.02,"[('0.0', 98.71), ('5.0', 0.02), ('6.0', 0.02)]",True,Appears uniformly dominated
110,BUREAU_CREDIT_DAY_OVERDUE_SUM,float64,263491,879,0.33,262612,99.67,False,98.71,True,0.0,260094,"[(np.float64(0.0), 260094), (np.float64(30.0), 213), (np.float64(60.0), 97)]",263491,0.0,98.71,30.0,0.08,"[('0.0', 98.71), ('30.0', 0.08), ('60.0', 0.04)]",True,Appears uniformly dominated
111,BUREAU_CREDIT_TYPE_Another type of loan_MEAN,float64,263491,38,0.01,263453,99.99,False,99.69,True,0.0,262678,"[(np.float64(0.0), 262678), (np.float64(0.25), 90), (np.float64(0.2), 84)]",263491,0.0,99.69,0.25,0.03,"[('0.0', 99.69), ('0.25', 0.03), ('0.2', 0.03)]",True,Appears uniformly dominated
112,BUREAU_CREDIT_TYPE_Car loan_MEAN,float64,263491,102,0.04,263389,99.96,False,92.57,False,0.0,243916,"[(np.float64(0.0), 243916), (np.float64(0.3333333333333333), 2020), (np.float64(0.25), 1987)]",263491,0.0,92.57,0.3333333333333333,0.77,"[('0.0', 92.57), ('0.3333333333333333', 0.77), ('0.25', 0.75)]",False,Most frequent dominates with 92.57%
113,BUREAU_CREDIT_TYPE_Cash loan (non-earmarked)_MEAN,float64,263491,16,0.01,263475,99.99,False,99.99,True,0.0,263471,"[(np.float64(0.0), 263471), (np.float64(0.1111111111111111), 2), (np.float64(0.1), 2)]",263491,0.0,99.99,0.1111111111111111,0.0,"[('0.0', 99.99), ('0.1111111111111111', 0.0), ('0.1', 0.0)]",True,Appears uniformly dominated
114,BUREAU_CREDIT_TYPE_Consumer credit_MEAN,float64,263491,329,0.12,263162,99.88,False,30.32,False,1.0,79884,"[(np.float64(1.0), 79884), (np.float64(0.5), 26057), (np.float64(0.6666666666666666), 23255)]",263491,1.0,30.32,0.5,9.89,"[('1.0', 30.32), ('0.5', 9.89), ('0.6666666666666666', 8.83)]",False,Most frequent dominates with 30.32%
115,BUREAU_CREDIT_TYPE_Credit card_MEAN,float64,263491,295,0.11,263196,99.89,False,34.71,False,0.0,91449,"[(np.float64(0.0), 91449), (np.float64(0.5), 22753), (np.float64(0.3333333333333333), 22312)]",263491,0.0,34.71,0.5,8.64,"[('0.0', 34.71), ('0.5', 8.64), ('0.3333333333333333', 8.47)]",False,Most frequent dominates with 34.71%
116,BUREAU_CREDIT_TYPE_Interbank credit_MEAN,float64,263491,2,0.0,263489,100.0,False,100.0,True,0.0,263490,"[(np.float64(0.0), 263490), (np.float64(0.1666666666666666), 1)]",263491,0.0,100.0,0.1666666666666666,0.0,"[('0.0', 100.0), ('0.1666666666666666', 0.0)]",True,Appears uniformly dominated
117,BUREAU_CREDIT_TYPE_Loan for business development_MEAN,float64,263491,57,0.02,263434,99.98,False,99.47,True,0.0,262100,"[(np.float64(0.0), 262100), (np.float64(0.2), 141), (np.float64(0.25), 131)]",263491,0.0,99.47,0.2,0.05,"[('0.0', 99.47), ('0.2', 0.05), ('0.25', 0.05)]",True,Appears uniformly dominated
118,BUREAU_CREDIT_TYPE_Loan for purchase of shares (margin lending)_MEAN,float64,263491,4,0.0,263487,100.0,False,100.0,True,0.0,263487,"[(np.float64(0.0), 263487), (np.float64(0.5), 2), (np.float64(0.0666666666666666), 1)]",263491,0.0,100.0,0.5,0.0,"[('0.0', 100.0), ('0.5', 0.0), ('0.0666666666666666', 0.0)]",True,Appears uniformly dominated
119,BUREAU_CREDIT_TYPE_Loan for the purchase of equipment_MEAN,float64,263491,14,0.01,263477,99.99,False,99.99,True,0.0,263475,"[(np.float64(0.0), 263475), (np.float64(0.0588235294117647), 2), (np.float64(1.0), 2)]",263491,0.0,99.99,0.0588235294117647,0.0,"[('0.0', 99.99), ('0.0588235294117647', 0.0), ('1.0', 0.0)]",True,Appears uniformly dominated
120,BUREAU_CREDIT_TYPE_Loan for working capital replenishment_MEAN,float64,263491,43,0.02,263448,99.98,False,99.88,True,0.0,263162,"[(np.float64(0.0), 263162), (np.float64(0.125), 36), (np.float64(0.1666666666666666), 34)]",263491,0.0,99.88,0.125,0.01,"[('0.0', 99.88), ('0.125', 0.01), ('0.1666666666666666', 0.01)]",True,Appears uniformly dominated
121,BUREAU_CREDIT_TYPE_Microloan_MEAN,float64,263491,194,0.07,263297,99.93,False,98.67,True,0.0,259992,"[(np.float64(0.0), 259992), (np.float64(0.5), 286), (np.float64(0.3333333333333333), 275)]",263491,0.0,98.67,0.5,0.11,"[('0.0', 98.67), ('0.5', 0.11), ('0.3333333333333333', 0.1)]",True,Appears uniformly dominated
122,BUREAU_CREDIT_TYPE_Mobile operator loan_MEAN,float64,263491,2,0.0,263489,100.0,False,100.0,True,0.0,263490,"[(np.float64(0.0), 263490), (np.float64(0.0625), 1)]",263491,0.0,100.0,0.0625,0.0,"[('0.0', 100.0), ('0.0625', 0.0)]",True,Appears uniformly dominated
123,BUREAU_CREDIT_TYPE_Mortgage_MEAN,float64,263491,75,0.03,263416,99.97,False,94.57,False,0.0,249186,"[(np.float64(0.0), 249186), (np.float64(0.3333333333333333), 1500), (np.float64(0.25), 1456)]",263491,0.0,94.57,0.3333333333333333,0.57,"[('0.0', 94.57), ('0.3333333333333333', 0.57), ('0.25', 0.55)]",False,Most frequent dominates with 94.57%
124,BUREAU_CREDIT_TYPE_Real estate loan_MEAN,float64,263491,12,0.0,263479,100.0,False,99.99,True,0.0,263468,"[(np.float64(0.0), 263468), (np.float64(0.1), 6), (np.float64(0.1666666666666666), 3)]",263491,0.0,99.99,0.1,0.0,"[('0.0', 99.99), ('0.1', 0.0), ('0.1666666666666666', 0.0)]",True,Appears uniformly dominated
125,BUREAU_CREDIT_TYPE_Unknown type of loan_MEAN,float64,263491,42,0.02,263449,99.98,False,99.84,True,0.0,263067,"[(np.float64(0.0), 263067), (np.float64(0.1428571428571428), 42), (np.float64(0.1666666666666666), 41)]",263491,0.0,99.84,0.1428571428571428,0.02,"[('0.0', 99.84), ('0.1428571428571428', 0.02), ('0.1666666666666666', 0.02)]",True,Appears uniformly dominated
126,BUREAU_CREDIT_TYPE_nan_MEAN,float64,263491,1,0.0,263490,100.0,True,100.0,True,0.0,263491,"[(np.float64(0.0), 263491)]",263491,0.0,100.0,,,"[('0.0', 100.0)]",True,Appears uniformly dominated
127,BUREAU_DAYS_CREDIT_ENDDATE_MAX,float64,261242,13030,4.99,248212,95.01,False,0.11,False,31060.0,279,"[(np.float64(31060.0), 279), (np.float64(31061.0), 262), (np.float64(31062.0), 247)]",261242,31060.0,0.11,31061.0,0.1,"[('31060.0', 0.11), ('31061.0', 0.1), ('31062.0', 0.09)]",False,Most frequent dominates with 0.11%
128,BUREAU_DAYS_CREDIT_ENDDATE_MEAN,float64,261242,97903,37.48,163339,62.52,False,0.02,False,0.0,62,"[(np.float64(0.0), 62), (np.float64(-25.0), 61), (np.float64(-89.0), 59)]",261242,0.0,0.02,-25.0,0.02,"[('0.0', 0.02), ('-25.0', 0.02), ('-89.0', 0.02)]",False,Most frequent dominates with 0.02%
129,BUREAU_DAYS_CREDIT_ENDDATE_MIN,float64,261242,6828,2.61,254414,97.39,False,0.06,False,-2359.0,168,"[(np.float64(-2359.0), 168), (np.float64(-2499.0), 158), (np.float64(-2254.0), 158)]",261242,-2359.0,0.06,-2499.0,0.06,"[('-2359.0', 0.06), ('-2499.0', 0.06), ('-2254.0', 0.06)]",False,Most frequent dominates with 0.06%
130,BUREAU_DAYS_CREDIT_MAX,float64,263491,2923,1.11,260568,98.89,False,0.26,False,-91.0,688,"[(np.float64(-91.0), 688), (np.float64(-112.0), 628), (np.float64(-119.0), 618)]",263491,-91.0,0.26,-112.0,0.24,"[('-91.0', 0.26), ('-112.0', 0.24), ('-119.0', 0.23)]",False,Most frequent dominates with 0.26%
131,BUREAU_DAYS_CREDIT_MEAN,float64,263491,64556,24.5,198935,75.5,False,0.03,False,-441.0,78,"[(np.float64(-441.0), 78), (np.float64(-400.0), 77), (np.float64(-478.0), 76)]",263491,-441.0,0.03,-400.0,0.03,"[('-441.0', 0.03), ('-400.0', 0.03), ('-478.0', 0.03)]",False,Most frequent dominates with 0.03%
132,BUREAU_DAYS_CREDIT_MIN,float64,263491,2922,1.11,260569,98.89,False,0.11,False,-2919.0,286,"[(np.float64(-2919.0), 286), (np.float64(-2871.0), 282), (np.float64(-2895.0), 278)]",263491,-2919.0,0.11,-2871.0,0.11,"[('-2919.0', 0.11), ('-2871.0', 0.11), ('-2895.0', 0.11)]",False,Most frequent dominates with 0.11%
133,BUREAU_DAYS_CREDIT_UPDATE_MAX,float64,263491,2663,1.01,260828,98.99,False,4.13,False,-7.0,10877,"[(np.float64(-7.0), 10877), (np.float64(-8.0), 10269), (np.float64(-6.0), 10071)]",263491,-7.0,4.13,-8.0,3.9,"[('-7.0', 4.13), ('-8.0', 3.9), ('-6.0', 3.82)]",False,Most frequent dominates with 4.13%
134,BUREAU_DAYS_CREDIT_UPDATE_MEAN,float64,263491,55038,20.89,208453,79.11,False,0.29,False,-7.0,751,"[(np.float64(-7.0), 751), (np.float64(-14.0), 749), (np.float64(-15.0), 746)]",263491,-7.0,0.29,-14.0,0.28,"[('-7.0', 0.29), ('-14.0', 0.28), ('-15.0', 0.28)]",False,Most frequent dominates with 0.29%
135,BUREAU_DAYS_CREDIT_UPDATE_MIN,float64,263491,2969,1.13,260522,98.87,False,0.31,False,-18.0,804,"[(np.float64(-18.0), 804), (np.float64(-14.0), 791), (np.float64(-15.0), 791)]",263491,-18.0,0.31,-14.0,0.3,"[('-18.0', 0.31), ('-14.0', 0.3), ('-15.0', 0.3)]",False,Most frequent dominates with 0.31%
136,BUREAU_DAYS_CREDIT_VAR,float64,227419,190248,83.66,37171,16.34,False,0.86,False,0.0,1962,"[(np.float64(0.0), 1962), (np.float64(0.5), 956), (np.float64(4.5), 166)]",227419,0.0,0.86,0.5,0.42,"[('0.0', 0.86), ('0.5', 0.42), ('4.5', 0.07)]",False,Most frequent dominates with 0.86%
137,BUREAU_SK_ID_BUREAU_NUNIQUE,float64,263491,60,0.02,263431,99.98,False,13.69,False,1.0,36072,"[(np.float64(1.0), 36072), (np.float64(2.0), 35635), (np.float64(3.0), 32925)]",263491,1.0,13.69,2.0,13.52,"[('1.0', 13.69), ('2.0', 13.52), ('3.0', 12.5)]",False,Most frequent dominates with 13.69%
138,BUREAU_TOTAL_DEBT_CREDIT_RATIO,float64,262408,184777,70.42,77631,29.58,False,28.97,False,0.0,76030,"[(np.float64(0.0), 76030), (np.float64(1.0), 647), (np.float64(0.5), 11)]",262408,0.0,28.97,1.0,0.25,"[('0.0', 28.97), ('1.0', 0.25), ('0.5', 0.0)]",False,Most frequent dominates with 28.97%
139,BUREAU_TOTAL_OVERDUE_DEBT_RATIO,float64,186442,2995,1.61,183447,98.39,False,98.37,True,0.0,183398,"[(np.float64(0.0), 183398), (np.float64(1.0), 46), (np.float64(0.7669902912621359), 2)]",186442,0.0,98.37,1.0,0.02,"[('0.0', 98.37), ('1.0', 0.02), ('0.7669902912621359', 0.0)]",True,Appears uniformly dominated
140,CC_AMT_BALANCE_MAX,float64,86905,56722,65.27,30183,34.73,False,31.45,False,0.0,27328,"[(np.float64(0.0), 27328), (np.float64(92043.0), 83), (np.float64(190386.0), 77)]",86905,0.0,31.45,92043.0,0.1,"[('0.0', 31.45), ('92043.0', 0.1), ('190386.0', 0.09)]",False,Most frequent dominates with 31.45%
141,CC_AMT_BALANCE_MEAN,float64,86905,59467,68.43,27438,31.57,False,31.42,False,0.0,27305,"[(np.float64(0.0), 27305), (np.float64(46570.5), 16), (np.float64(523.5), 7)]",86905,0.0,31.42,46570.5,0.02,"[('0.0', 31.42), ('46570.5', 0.02), ('523.5', 0.01)]",False,Most frequent dominates with 31.42%
142,CC_AMT_BALANCE_SUM,float64,86905,58810,67.67,28095,32.33,False,31.42,False,0.0,27305,"[(np.float64(0.0), 27305), (np.float64(450.0), 34), (np.float64(900.0), 25)]",86905,0.0,31.42,450.0,0.04,"[('0.0', 31.42), ('450.0', 0.04), ('900.0', 0.03)]",False,Most frequent dominates with 31.42%
143,CC_AMT_CREDIT_LIMIT_ACTUAL_MAX,float64,86905,54,0.06,86851,99.94,False,14.52,False,135000.0,12618,"[(np.float64(135000.0), 12618), (np.float64(180000.0), 10762), (np.float64(450000.0), 9416)]",86905,135000.0,14.52,180000.0,12.38,"[('135000.0', 14.52), ('180000.0', 12.38), ('450000.0', 10.83)]",False,Most frequent dominates with 14.52%
144,CC_AMT_CREDIT_LIMIT_ACTUAL_MEAN,float64,86905,11313,13.02,75592,86.98,False,5.43,False,45000.0,4723,"[(np.float64(45000.0), 4723), (np.float64(180000.0), 4615), (np.float64(135000.0), 4388)]",86905,45000.0,5.43,180000.0,5.31,"[('45000.0', 5.43), ('180000.0', 5.31), ('135000.0', 5.05)]",False,Most frequent dominates with 5.43%
145,CC_AMT_DRAWINGS_ATM_CURRENT_MAX,float64,61140,1305,2.13,59835,97.87,False,16.11,False,0.0,9852,"[(np.float64(0.0), 9852), (np.float64(135000.0), 4478), (np.float64(90000.0), 4090)]",61140,0.0,16.11,135000.0,7.32,"[('0.0', 16.11), ('135000.0', 7.32), ('90000.0', 6.69)]",False,Most frequent dominates with 16.11%
146,CC_AMT_DRAWINGS_ATM_CURRENT_MEAN,float64,61140,22420,36.67,38720,63.33,False,16.11,False,0.0,9852,"[(np.float64(0.0), 9852), (np.float64(22500.0), 261), (np.float64(4500.0), 237)]",61140,0.0,16.11,22500.0,0.43,"[('0.0', 16.11), ('22500.0', 0.43), ('4500.0', 0.39)]",False,Most frequent dominates with 16.11%
147,CC_AMT_DRAWINGS_ATM_CURRENT_SUM,float64,86905,5016,5.77,81889,94.23,False,40.98,False,0.0,35617,"[(np.float64(0.0), 35617), (np.float64(135000.0), 1299), (np.float64(90000.0), 1220)]",86905,0.0,40.98,135000.0,1.49,"[('0.0', 40.98), ('135000.0', 1.49), ('90000.0', 1.4)]",False,Most frequent dominates with 40.98%
148,CC_AMT_DRAWINGS_CURRENT_MAX,float64,86905,24117,27.75,62788,72.25,False,31.38,False,0.0,27269,"[(np.float64(0.0), 27269), (np.float64(135000.0), 3602), (np.float64(90000.0), 3319)]",86905,0.0,31.38,135000.0,4.14,"[('0.0', 31.38), ('135000.0', 4.14), ('90000.0', 3.82)]",False,Most frequent dominates with 31.38%
149,CC_AMT_DRAWINGS_CURRENT_MEAN,float64,86905,49079,56.47,37826,43.53,False,31.38,False,0.0,27269,"[(np.float64(0.0), 27269), (np.float64(22500.0), 141), (np.float64(11250.0), 127)]",86905,0.0,31.38,22500.0,0.16,"[('0.0', 31.38), ('22500.0', 0.16), ('11250.0', 0.15)]",False,Most frequent dominates with 31.38%
150,CC_AMT_DRAWINGS_CURRENT_SUM,float64,86905,40377,46.46,46528,53.54,False,31.38,False,0.0,27269,"[(np.float64(0.0), 27269), (np.float64(135000.0), 925), (np.float64(90000.0), 822)]",86905,0.0,31.38,135000.0,1.06,"[('0.0', 31.38), ('135000.0', 1.06), ('90000.0', 0.95)]",False,Most frequent dominates with 31.38%
151,CC_AMT_DRAWINGS_POS_CURRENT_MAX,float64,61140,28865,47.21,32275,52.79,False,44.07,False,0.0,26944,"[(np.float64(0.0), 26944), (np.float64(45000.0), 172), (np.float64(450.0), 142)]",61140,0.0,44.07,45000.0,0.28,"[('0.0', 44.07), ('45000.0', 0.28), ('450.0', 0.23)]",False,Most frequent dominates with 44.07%
152,CC_AMT_DRAWINGS_POS_CURRENT_MEAN,float64,61140,33409,54.64,27731,45.36,False,44.07,False,0.0,26944,"[(np.float64(0.0), 26944), (np.float64(90.0), 13), (np.float64(56.25), 12)]",61140,0.0,44.07,90.0,0.02,"[('0.0', 44.07), ('90.0', 0.02), ('56.25', 0.02)]",False,Most frequent dominates with 44.07%
153,CC_AMT_DRAWINGS_POS_CURRENT_SUM,float64,86905,31661,36.43,55244,63.57,False,60.65,False,0.0,52709,"[(np.float64(0.0), 52709), (np.float64(450.0), 113), (np.float64(45000.0), 92)]",86905,0.0,60.65,450.0,0.13,"[('0.0', 60.65), ('450.0', 0.13), ('45000.0', 0.11)]",False,Most frequent dominates with 60.65%
154,CC_AMT_INST_MIN_REGULARITY_MAX,float64,86905,32000,36.82,54905,63.18,False,31.79,False,0.0,27626,"[(np.float64(0.0), 27626), (np.float64(9000.0), 4720), (np.float64(2250.0), 3394)]",86905,0.0,31.79,9000.0,5.43,"[('0.0', 31.79), ('9000.0', 5.43), ('2250.0', 3.91)]",False,Most frequent dominates with 31.79%
155,CC_AMT_INST_MIN_REGULARITY_MEAN,float64,86905,57384,66.03,29521,33.97,False,31.79,False,0.0,27626,"[(np.float64(0.0), 27626), (np.float64(9000.0), 95), (np.float64(4500.0), 79)]",86905,0.0,31.79,9000.0,0.11,"[('0.0', 31.79), ('9000.0', 0.11), ('4500.0', 0.09)]",False,Most frequent dominates with 31.79%
156,CC_AMT_PAYMENT_CURRENT_MAX,float64,61060,25753,42.18,35307,57.82,False,2.11,False,22500.0,1291,"[(np.float64(22500.0), 1291), (np.float64(13500.0), 1247), (np.float64(45000.0), 1238)]",61060,22500.0,2.11,13500.0,2.04,"[('22500.0', 2.11), ('13500.0', 2.04), ('45000.0', 2.03)]",False,Most frequent dominates with 2.11%
157,CC_AMT_PAYMENT_CURRENT_MEAN,float64,61060,56763,92.96,4297,7.04,False,0.21,False,0.0,129,"[(np.float64(0.0), 129), (np.float64(9000.0), 91), (np.float64(4500.0), 85)]",61060,0.0,0.21,9000.0,0.15,"[('0.0', 0.21), ('9000.0', 0.15), ('4500.0', 0.14)]",False,Most frequent dominates with 0.21%
158,CC_AMT_PAYMENT_CURRENT_SUM,float64,86905,54228,62.4,32677,37.6,False,29.89,False,0.0,25974,"[(np.float64(0.0), 25974), (np.float64(225000.0), 112), (np.float64(45000.0), 83)]",86905,0.0,29.89,225000.0,0.13,"[('0.0', 29.89), ('225000.0', 0.13), ('45000.0', 0.1)]",False,Most frequent dominates with 29.89%
159,CC_AMT_PAYMENT_TOTAL_CURRENT_MAX,float64,86905,30350,34.92,56555,65.08,False,30.17,False,0.0,26218,"[(np.float64(0.0), 26218), (np.float64(13500.0), 1188), (np.float64(22500.0), 1188)]",86905,0.0,30.17,13500.0,1.37,"[('0.0', 30.17), ('13500.0', 1.37), ('22500.0', 1.37)]",False,Most frequent dominates with 30.17%
160,CC_AMT_PAYMENT_TOTAL_CURRENT_MEAN,float64,86905,57831,66.55,29074,33.45,False,30.17,False,0.0,26218,"[(np.float64(0.0), 26218), (np.float64(11250.0), 50), (np.float64(9000.0), 40)]",86905,0.0,30.17,11250.0,0.06,"[('0.0', 30.17), ('11250.0', 0.06), ('9000.0', 0.05)]",False,Most frequent dominates with 30.17%
161,CC_AMT_PAYMENT_TOTAL_CURRENT_SUM,float64,86905,52944,60.92,33961,39.08,False,30.17,False,0.0,26218,"[(np.float64(0.0), 26218), (np.float64(225000.0), 117), (np.float64(135000.0), 76)]",86905,0.0,30.17,225000.0,0.13,"[('0.0', 30.17), ('225000.0', 0.13), ('135000.0', 0.09)]",False,Most frequent dominates with 30.17%
162,CC_AMT_RECEIVABLE_PRINCIPAL_MAX,float64,86905,46271,53.24,40634,46.76,False,32.24,False,0.0,28020,"[(np.float64(0.0), 28020), (np.float64(180000.0), 1446), (np.float64(135000.0), 1406)]",86905,0.0,32.24,180000.0,1.66,"[('0.0', 32.24), ('180000.0', 1.66), ('135000.0', 1.62)]",False,Most frequent dominates with 32.24%
163,CC_AMT_RECEIVABLE_PRINCIPAL_MEAN,float64,86905,58549,67.37,28356,32.63,False,32.21,False,0.0,27991,"[(np.float64(0.0), 27991), (np.float64(45000.0), 28), (np.float64(4500.0), 19)]",86905,0.0,32.21,45000.0,0.03,"[('0.0', 32.21), ('45000.0', 0.03), ('4500.0', 0.02)]",False,Most frequent dominates with 32.21%
164,CC_AMT_RECEIVABLE_PRINCIPAL_SUM,float64,86905,57768,66.47,29137,33.53,False,32.21,False,0.0,27991,"[(np.float64(0.0), 27991), (np.float64(45000.0), 98), (np.float64(90000.0), 58)]",86905,0.0,32.21,45000.0,0.11,"[('0.0', 32.21), ('45000.0', 0.11), ('90000.0', 0.07)]",False,Most frequent dominates with 32.21%
165,CC_AMT_TOTAL_RECEIVABLE_MAX,float64,86905,56422,64.92,30483,35.08,False,31.68,False,0.0,27528,"[(np.float64(0.0), 27528), (np.float64(67.5), 143), (np.float64(45000.0), 94)]",86905,0.0,31.68,67.5,0.16,"[('0.0', 31.68), ('67.5', 0.16), ('45000.0', 0.11)]",False,Most frequent dominates with 31.68%
166,CC_AMT_TOTAL_RECEIVABLE_MEAN,float64,86905,59521,68.49,27384,31.51,False,31.22,False,0.0,27131,"[(np.float64(0.0), 27131), (np.float64(0.9642857142857144), 31), (np.float64(45000.0), 22)]",86905,0.0,31.22,0.9642857142857144,0.04,"[('0.0', 31.22), ('0.9642857142857144', 0.04), ('45000.0', 0.03)]",False,Most frequent dominates with 31.22%
167,CC_AMT_TOTAL_RECEIVABLE_SUM,float64,86905,58867,67.74,28038,32.26,False,31.22,False,0.0,27131,"[(np.float64(0.0), 27131), (np.float64(67.5), 137), (np.float64(45000.0), 40)]",86905,0.0,31.22,67.5,0.16,"[('0.0', 31.22), ('67.5', 0.16), ('45000.0', 0.05)]",False,Most frequent dominates with 31.22%
168,CC_BALANCE_LIMIT_RATIO_MAX,float64,86036,56087,65.19,29949,34.81,False,30.92,False,0.0,26600,"[(np.float64(0.0), 26600), (np.float64(1.0227), 324), (np.float64(1.0577), 188)]",86036,0.0,30.92,1.0227,0.38,"[('0.0', 30.92), ('1.0227', 0.38), ('1.0577', 0.22)]",False,Most frequent dominates with 30.92%
169,CC_BALANCE_LIMIT_RATIO_MEAN,float64,86036,59104,68.7,26932,31.3,False,30.89,False,0.0,26577,"[(np.float64(0.0), 26577), (np.float64(0.258725), 5), (np.float64(0.25), 4)]",86036,0.0,30.89,0.258725,0.01,"[('0.0', 30.89), ('0.258725', 0.01), ('0.25', 0.0)]",False,Most frequent dominates with 30.89%
170,CC_CC_LATE_FLAG_MEAN,float64,86905,1422,1.64,85483,98.36,False,79.42,False,0.0,69023,"[(np.float64(0.0), 69023), (np.float64(0.0104166666666666), 890), (np.float64(0.0208333333333333), 591)]",86905,0.0,79.42,0.0104166666666666,1.02,"[('0.0', 79.42), ('0.0104166666666666', 1.02), ('0.0208333333333333', 0.68)]",False,Most frequent dominates with 79.42%
171,CC_CC_LATE_FLAG_SUM,float64,86905,91,0.1,86814,99.9,False,79.42,False,0.0,69023,"[(np.float64(0.0), 69023), (np.float64(1.0), 5477), (np.float64(2.0), 2627)]",86905,0.0,79.42,1.0,6.3,"[('0.0', 79.42), ('1.0', 6.3), ('2.0', 3.02)]",False,Most frequent dominates with 79.42%
172,CC_CNT_DRAWINGS_ATM_CURRENT_MAX,float64,61140,44,0.07,61096,99.93,False,16.11,False,0.0,9852,"[(np.float64(0.0), 9852), (np.float64(3.0), 8965), (np.float64(4.0), 8024)]",61140,0.0,16.11,3.0,14.66,"[('0.0', 16.11), ('3.0', 14.66), ('4.0', 13.12)]",False,Most frequent dominates with 16.11%
173,CC_CNT_DRAWINGS_ATM_CURRENT_MEAN,float64,61140,3385,5.54,57755,94.46,False,16.11,False,0.0,9852,"[(np.float64(0.0), 9852), (np.float64(1.0), 1244), (np.float64(0.5), 916)]",61140,0.0,16.11,1.0,2.03,"[('0.0', 16.11), ('1.0', 2.03), ('0.5', 1.5)]",False,Most frequent dominates with 16.11%
174,CC_CNT_DRAWINGS_ATM_CURRENT_SUM,float64,86905,163,0.19,86742,99.81,False,40.98,False,0.0,35617,"[(np.float64(0.0), 35617), (np.float64(3.0), 3041), (np.float64(2.0), 2969)]",86905,0.0,40.98,3.0,3.5,"[('0.0', 40.98), ('3.0', 3.5), ('2.0', 3.42)]",False,Most frequent dominates with 40.98%
175,CC_CNT_DRAWINGS_CURRENT_MAX,float64,86905,119,0.14,86786,99.86,False,31.91,False,0.0,27733,"[(np.float64(0.0), 27733), (np.float64(4.0), 6665), (np.float64(3.0), 6457)]",86905,0.0,31.91,4.0,7.67,"[('0.0', 31.91), ('4.0', 7.67), ('3.0', 7.43)]",False,Most frequent dominates with 31.91%
176,CC_CNT_DRAWINGS_CURRENT_MEAN,float64,86905,6584,7.58,80321,92.42,False,31.91,False,0.0,27733,"[(np.float64(0.0), 27733), (np.float64(1.0), 859), (np.float64(0.5), 587)]",86905,0.0,31.91,1.0,0.99,"[('0.0', 31.91), ('1.0', 0.99), ('0.5', 0.68)]",False,Most frequent dominates with 31.91%
177,CC_CNT_DRAWINGS_CURRENT_SUM,float64,86905,548,0.63,86357,99.37,False,31.91,False,0.0,27733,"[(np.float64(0.0), 27733), (np.float64(1.0), 2283), (np.float64(4.0), 2074)]",86905,0.0,31.91,1.0,2.63,"[('0.0', 31.91), ('1.0', 2.63), ('4.0', 2.39)]",False,Most frequent dominates with 31.91%
178,CC_CNT_DRAWINGS_POS_CURRENT_MAX,float64,61140,123,0.2,61017,99.8,False,44.07,False,0.0,26944,"[(np.float64(0.0), 26944), (np.float64(1.0), 5931), (np.float64(2.0), 3403)]",61140,0.0,44.07,1.0,9.7,"[('0.0', 44.07), ('1.0', 9.7), ('2.0', 5.57)]",False,Most frequent dominates with 44.07%
179,CC_CNT_DRAWINGS_POS_CURRENT_MEAN,float64,61140,5024,8.22,56116,91.78,False,44.07,False,0.0,26944,"[(np.float64(0.0), 26944), (np.float64(1.0), 540), (np.float64(0.5), 366)]",61140,0.0,44.07,1.0,0.88,"[('0.0', 44.07), ('1.0', 0.88), ('0.5', 0.6)]",False,Most frequent dominates with 44.07%
180,CC_CNT_DRAWINGS_POS_CURRENT_SUM,float64,86905,532,0.61,86373,99.39,False,60.65,False,0.0,52709,"[(np.float64(0.0), 52709), (np.float64(1.0), 3995), (np.float64(2.0), 2164)]",86905,0.0,60.65,1.0,4.6,"[('0.0', 60.65), ('1.0', 4.6), ('2.0', 2.49)]",False,Most frequent dominates with 60.65%
181,CC_CNT_INSTALMENT_MATURE_CUM_MAX,float64,86905,120,0.14,86785,99.86,False,31.52,False,0.0,27390,"[(np.float64(0.0), 27390), (np.float64(5.0), 3588), (np.float64(6.0), 3440)]",86905,0.0,31.52,5.0,4.13,"[('0.0', 31.52), ('5.0', 4.13), ('6.0', 3.96)]",False,Most frequent dominates with 31.52%
182,CC_CNT_INSTALMENT_MATURE_CUM_MEAN,float64,86905,13923,16.02,72982,83.98,False,31.52,False,0.0,27390,"[(np.float64(0.0), 27390), (np.float64(2.142857142857143), 1086), (np.float64(2.625), 980)]",86905,0.0,31.52,2.142857142857143,1.25,"[('0.0', 31.52), ('2.142857142857143', 1.25), ('2.625', 1.13)]",False,Most frequent dominates with 31.52%
183,CC_DRAWING_LIMIT_RATIO_MAX,float64,86036,24356,28.31,61680,71.69,False,31.65,False,0.0,27231,"[(np.float64(0.0), 27231), (np.float64(1.0), 11569), (np.float64(0.5), 1573)]",86036,0.0,31.65,1.0,13.45,"[('0.0', 31.65), ('1.0', 13.45), ('0.5', 1.83)]",False,Most frequent dominates with 31.65%
184,CC_DRAWING_LIMIT_RATIO_MEAN,float64,86036,48938,56.88,37098,43.12,False,31.65,False,0.0,27231,"[(np.float64(0.0), 27231), (np.float64(0.1428571428571428), 177), (np.float64(0.0333333333333333), 137)]",86036,0.0,31.65,0.1428571428571428,0.21,"[('0.0', 31.65), ('0.1428571428571428', 0.21), ('0.0333333333333333', 0.16)]",False,Most frequent dominates with 31.65%
185,CC_MONTHS_BALANCE_MAX,float64,86905,5,0.01,86900,99.99,False,59.87,False,-1.0,52030,"[(np.float64(-1.0), 52030), (np.float64(-2.0), 28062), (np.float64(-3.0), 5225)]",86905,-1.0,59.87,-2.0,32.29,"[('-1.0', 59.87), ('-2.0', 32.29), ('-3.0', 6.01)]",False,Most frequent dominates with 59.87%
186,CC_MONTHS_BALANCE_MIN,float64,86905,96,0.11,86809,99.89,False,10.91,False,-96.0,9484,"[(np.float64(-96.0), 9484), (np.float64(-8.0), 4212), (np.float64(-9.0), 3828)]",86905,-96.0,10.91,-8.0,4.85,"[('-96.0', 10.91), ('-8.0', 4.85), ('-9.0', 4.4)]",False,Most frequent dominates with 10.91%
187,CC_MONTHS_BALANCE_SIZE,float64,86905,128,0.15,86777,99.85,False,7.08,False,96.0,6153,"[(np.float64(96.0), 6153), (np.float64(8.0), 4032), (np.float64(7.0), 4004)]",86905,96.0,7.08,8.0,4.64,"[('96.0', 7.08), ('8.0', 4.64), ('7.0', 4.61)]",False,Most frequent dominates with 7.08%
188,CC_NAME_CONTRACT_STATUS_Active_MEAN,float64,86905,1004,1.16,85901,98.84,False,83.1,False,1.0,72218,"[(np.float64(1.0), 72218), (np.float64(0.75), 316), (np.float64(0.8571428571428571), 283)]",86905,1.0,83.1,0.75,0.36,"[('1.0', 83.1), ('0.75', 0.36), ('0.8571428571428571', 0.33)]",False,Most frequent dominates with 83.1%
189,CC_NAME_CONTRACT_STATUS_Approved_MEAN,float64,86905,6,0.01,86899,99.99,False,99.99,True,0.0,86900,"[(np.float64(0.0), 86900), (np.float64(0.0112359550561797), 1), (np.float64(0.0106382978723404), 1)]",86905,0.0,99.99,0.0112359550561797,0.0,"[('0.0', 99.99), ('0.0112359550561797', 0.0), ('0.0106382978723404', 0.0)]",True,Appears uniformly dominated
190,CC_NAME_CONTRACT_STATUS_Completed_MEAN,float64,86905,925,1.06,85980,98.94,False,87.79,False,0.0,76297,"[(np.float64(0.0), 76297), (np.float64(0.25), 276), (np.float64(0.3333333333333333), 223)]",86905,0.0,87.79,0.25,0.32,"[('0.0', 87.79), ('0.25', 0.32), ('0.3333333333333333', 0.26)]",False,Most frequent dominates with 87.79%
191,CC_NAME_CONTRACT_STATUS_Demand_MEAN,float64,86905,16,0.02,86889,99.98,False,99.98,True,0.0,86890,"[(np.float64(0.0), 86890), (np.float64(0.7363636363636363), 1), (np.float64(0.5730337078651685), 1)]",86905,0.0,99.98,0.7363636363636363,0.0,"[('0.0', 99.98), ('0.7363636363636363', 0.0), ('0.5730337078651685', 0.0)]",True,Appears uniformly dominated
192,CC_NAME_CONTRACT_STATUS_Refused_MEAN,float64,86905,14,0.02,86891,99.98,False,99.98,True,0.0,86891,"[(np.float64(0.0), 86891), (np.float64(0.0117647058823529), 2), (np.float64(0.0131578947368421), 1)]",86905,0.0,99.98,0.0117647058823529,0.0,"[('0.0', 99.98), ('0.0117647058823529', 0.0), ('0.0131578947368421', 0.0)]",True,Appears uniformly dominated
193,CC_NAME_CONTRACT_STATUS_Sent proposal_MEAN,float64,86905,34,0.04,86871,99.96,False,99.47,True,0.0,86445,"[(np.float64(0.0), 86445), (np.float64(0.0106382978723404), 28), (np.float64(0.0117647058823529), 25)]",86905,0.0,99.47,0.0106382978723404,0.03,"[('0.0', 99.47), ('0.0106382978723404', 0.03), ('0.0117647058823529', 0.03)]",True,Appears uniformly dominated
194,CC_NAME_CONTRACT_STATUS_Signed_MEAN,float64,86905,252,0.29,86653,99.71,False,95.06,True,0.0,82614,"[(np.float64(0.0), 82614), (np.float64(0.1428571428571428), 135), (np.float64(0.125), 131)]",86905,0.0,95.06,0.1428571428571428,0.16,"[('0.0', 95.06), ('0.1428571428571428', 0.16), ('0.125', 0.15)]",False,Most frequent dominates with 95.06%
195,CC_NAME_CONTRACT_STATUS_nan_MEAN,float64,86905,1,0.0,86904,100.0,True,100.0,True,0.0,86905,"[(np.float64(0.0), 86905)]",86905,0.0,100.0,,,"[('0.0', 100.0)]",True,Appears uniformly dominated
196,CC_PAYMENT_MIN_RATIO_MAX,float64,59269,47187,79.61,12082,20.39,False,1.33,False,2.0,789,"[(np.float64(2.0), 789), (np.float64(4.0), 442), (np.float64(3.0), 337)]",59269,2.0,1.33,4.0,0.75,"[('2.0', 1.33), ('4.0', 0.75), ('3.0', 0.57)]",False,Most frequent dominates with 1.33%
197,CC_PAYMENT_MIN_RATIO_MEAN,float64,59269,58279,98.33,990,1.67,False,0.33,False,1.0,193,"[(np.float64(1.0), 193), (np.float64(0.0), 121), (np.float64(2.0), 24)]",59269,1.0,0.33,0.0,0.2,"[('1.0', 0.33), ('0.0', 0.2), ('2.0', 0.04)]",False,Most frequent dominates with 0.33%
198,CC_PAYMENT_TOTAL_RATIO_MAX,float64,59775,56912,95.21,2863,4.79,False,3.17,False,0.0,1897,"[(np.float64(0.0), 1897), (np.float64(1.0), 33), (np.float64(-1.0), 19)]",59775,0.0,3.17,1.0,0.06,"[('0.0', 3.17), ('1.0', 0.06), ('-1.0', 0.03)]",False,Most frequent dominates with 3.17%
199,CC_PAYMENT_TOTAL_RATIO_MEAN,float64,59775,57349,95.94,2426,4.06,False,3.16,False,0.0,1886,"[(np.float64(0.0), 1886), (np.float64(1.0), 15), (np.float64(-1.0), 11)]",59775,0.0,3.16,1.0,0.03,"[('0.0', 3.16), ('1.0', 0.03), ('-1.0', 0.02)]",False,Most frequent dominates with 3.16%
200,CC_RECEIVABLE_LIMIT_RATIO_MAX,float64,86036,55701,64.74,30335,35.26,False,31.1,False,0.0,26756,"[(np.float64(0.0), 26756), (np.float64(1.0227), 322), (np.float64(1.0577), 188)]",86036,0.0,31.1,1.0227,0.37,"[('0.0', 31.1), ('1.0227', 0.37), ('1.0577', 0.22)]",False,Most frequent dominates with 31.1%
201,CC_RECEIVABLE_LIMIT_RATIO_MEAN,float64,86036,58877,68.43,27159,31.57,False,31.05,False,0.0,26711,"[(np.float64(0.0), 26711), (np.float64(0.3333333333333333), 10), (np.float64(2.1428571428571428e-05), 10)]",86036,0.0,31.05,0.3333333333333333,0.01,"[('0.0', 31.05), ('0.3333333333333333', 0.01), ('2.1428571428571428e-05', 0.01)]",False,Most frequent dominates with 31.05%
202,CC_SK_DPD_DEF_MAX,float64,86905,52,0.06,86853,99.94,False,82.92,False,0.0,72063,"[(np.float64(0.0), 72063), (np.float64(1.0), 12568), (np.float64(8.0), 929)]",86905,0.0,82.92,1.0,14.46,"[('0.0', 82.92), ('1.0', 14.46), ('8.0', 1.07)]",False,Most frequent dominates with 82.92%
203,CC_SK_DPD_DEF_MEAN,float64,86905,1548,1.78,85357,98.22,False,82.92,False,0.0,72063,"[(np.float64(0.0), 72063), (np.float64(0.0104166666666666), 923), (np.float64(0.0208333333333333), 555)]",86905,0.0,82.92,0.0104166666666666,1.06,"[('0.0', 82.92), ('0.0104166666666666', 1.06), ('0.0208333333333333', 0.64)]",False,Most frequent dominates with 82.92%
204,CC_SK_DPD_DEF_SUM,float64,86905,217,0.25,86688,99.75,False,82.92,False,0.0,72063,"[(np.float64(0.0), 72063), (np.float64(1.0), 3361), (np.float64(2.0), 2038)]",86905,0.0,82.92,1.0,3.87,"[('0.0', 82.92), ('1.0', 3.87), ('2.0', 2.35)]",False,Most frequent dominates with 82.92%
205,CC_SK_DPD_MAX,float64,86905,409,0.47,86496,99.53,False,79.42,False,0.0,69023,"[(np.float64(0.0), 69023), (np.float64(1.0), 11586), (np.float64(8.0), 1416)]",86905,0.0,79.42,1.0,13.33,"[('0.0', 79.42), ('1.0', 13.33), ('8.0', 1.63)]",False,Most frequent dominates with 79.42%
206,CC_SK_DPD_MEAN,float64,86905,3606,4.15,83299,95.85,False,79.42,False,0.0,69023,"[(np.float64(0.0), 69023), (np.float64(0.0104166666666666), 879), (np.float64(0.0208333333333333), 543)]",86905,0.0,79.42,0.0104166666666666,1.01,"[('0.0', 79.42), ('0.0104166666666666', 1.01), ('0.0208333333333333', 0.62)]",False,Most frequent dominates with 79.42%
207,CC_SK_DPD_SUM,float64,86905,1464,1.68,85441,98.32,False,79.42,False,0.0,69023,"[(np.float64(0.0), 69023), (np.float64(1.0), 3188), (np.float64(2.0), 1896)]",86905,0.0,79.42,1.0,3.67,"[('0.0', 79.42), ('1.0', 3.67), ('2.0', 2.18)]",False,Most frequent dominates with 79.42%
208,CC_SK_ID_PREV_NUNIQUE,float64,86905,4,0.0,86901,100.0,False,99.38,True,1.0,86363,"[(np.float64(1.0), 86363), (np.float64(2.0), 538), (np.float64(3.0), 3)]",86905,1.0,99.38,2.0,0.62,"[('1.0', 99.38), ('2.0', 0.62), ('3.0', 0.0)]",True,Appears uniformly dominated
209,CNT_CHILDREN,int64,307511,15,0.0,307496,100.0,False,70.04,False,0,215371,"[(np.int64(0), 215371), (np.int64(1), 61119), (np.int64(2), 26749)]",307511,0,70.04,1,19.88,"[('0', 70.04), ('1', 19.88), ('2', 8.7)]",False,Most frequent dominates with 70.04%
210,CNT_FAM_MEMBERS,float64,307509,17,0.01,307492,99.99,False,51.5,False,2.0,158357,"[(np.float64(2.0), 158357), (np.float64(1.0), 67847), (np.float64(3.0), 52601)]",307509,2.0,51.5,1.0,22.06,"[('2.0', 51.5), ('1.0', 22.06), ('3.0', 17.11)]",False,Most frequent dominates with 51.5%
211,CODE_GENDER,object,307511,3,0.0,307508,100.0,False,65.83,False,F,202448,"[('F', 202448), ('M', 105059), ('XNA', 4)]",307511,F,65.83,M,34.16,"[('F', 65.83), ('M', 34.16), ('XNA', 0.0)]",False,Most frequent dominates with 65.83%
212,COMMONAREA_AVG,float64,92646,3181,3.43,89465,96.57,False,9.11,False,0.0,8442,"[(np.float64(0.0), 8442), (np.float64(0.0079), 544), (np.float64(0.0078), 475)]",92646,0.0,9.11,0.0079,0.59,"[('0.0', 9.11), ('0.0079', 0.59), ('0.0078', 0.51)]",False,Most frequent dominates with 9.11%
213,COMMONAREA_MEDI,float64,92646,3202,3.46,89444,96.54,False,9.38,False,0.0,8691,"[(np.float64(0.0), 8691), (np.float64(0.0079), 581), (np.float64(0.008), 486)]",92646,0.0,9.38,0.0079,0.63,"[('0.0', 9.38), ('0.0079', 0.63), ('0.008', 0.52)]",False,Most frequent dominates with 9.38%
214,COMMONAREA_MODE,float64,92646,3128,3.38,89518,96.62,False,10.46,False,0.0,9690,"[(np.float64(0.0), 9690), (np.float64(0.008), 546), (np.float64(0.0079), 543)]",92646,0.0,10.46,0.008,0.59,"[('0.0', 10.46), ('0.008', 0.59), ('0.0079', 0.59)]",False,Most frequent dominates with 10.46%
215,DAYS_BIRTH,int64,307511,17460,5.68,290051,94.32,False,0.01,False,-13749,43,"[(np.int64(-13749), 43), (np.int64(-13481), 42), (np.int64(-10020), 41)]",307511,-13749,0.01,-13481,0.01,"[('-13749', 0.01), ('-13481', 0.01), ('-10020', 0.01)]",False,Most frequent dominates with 0.01%
216,DAYS_EMPLOYED,float64,252137,12573,4.99,239564,95.01,False,0.06,False,-200.0,156,"[(np.float64(-200.0), 156), (np.float64(-224.0), 152), (np.float64(-230.0), 151)]",252137,-200.0,0.06,-224.0,0.06,"[('-200.0', 0.06), ('-224.0', 0.06), ('-230.0', 0.06)]",False,Most frequent dominates with 0.06%
217,DAYS_EMPLOYED_ANOM,int64,307511,2,0.0,307509,100.0,False,81.99,False,0,252137,"[(np.int64(0), 252137), (np.int64(1), 55374)]",307511,0,81.99,1,18.01,"[('0', 81.99), ('1', 18.01)]",False,Most frequent dominates with 81.99%
218,DAYS_ID_PUBLISH,int64,307511,6168,2.01,301343,97.99,False,0.05,False,-4053,169,"[(np.int64(-4053), 169), (np.int64(-4095), 162), (np.int64(-4046), 161)]",307511,-4053,0.05,-4095,0.05,"[('-4053', 0.05), ('-4095', 0.05), ('-4046', 0.05)]",False,Most frequent dominates with 0.05%
219,DAYS_LAST_PHONE_CHANGE,float64,307510,3773,1.23,303737,98.77,False,12.25,False,0.0,37672,"[(np.float64(0.0), 37672), (np.float64(-1.0), 2812), (np.float64(-2.0), 2318)]",307510,0.0,12.25,-1.0,0.91,"[('0.0', 12.25), ('-1.0', 0.91), ('-2.0', 0.75)]",False,Most frequent dominates with 12.25%
220,DAYS_REGISTRATION,float64,307511,15688,5.1,291823,94.9,False,0.04,False,-1.0,113,"[(np.float64(-1.0), 113), (np.float64(-7.0), 98), (np.float64(-6.0), 96)]",307511,-1.0,0.04,-7.0,0.03,"[('-1.0', 0.04), ('-7.0', 0.03), ('-6.0', 0.03)]",False,Most frequent dominates with 0.04%
221,DEF_30_CNT_SOCIAL_CIRCLE,float64,306490,10,0.0,306480,100.0,False,88.53,False,0.0,271324,"[(np.float64(0.0), 271324), (np.float64(1.0), 28328), (np.float64(2.0), 5323)]",306490,0.0,88.53,1.0,9.24,"[('0.0', 88.53), ('1.0', 9.24), ('2.0', 1.74)]",False,Most frequent dominates with 88.53%
222,DEF_60_CNT_SOCIAL_CIRCLE,float64,306490,9,0.0,306481,100.0,False,91.59,False,0.0,280721,"[(np.float64(0.0), 280721), (np.float64(1.0), 21841), (np.float64(2.0), 3170)]",306490,0.0,91.59,1.0,7.13,"[('0.0', 91.59), ('1.0', 7.13), ('2.0', 1.03)]",False,Most frequent dominates with 91.59%
223,ELEVATORS_AVG,float64,143620,257,0.18,143363,99.82,False,59.68,False,0.0,85718,"[(np.float64(0.0), 85718), (np.float64(0.08), 9886), (np.float64(0.16), 8806)]",143620,0.0,59.68,0.08,6.88,"[('0.0', 59.68), ('0.08', 6.88), ('0.16', 6.13)]",False,Most frequent dominates with 59.68%
224,ELEVATORS_MEDI,float64,143620,46,0.03,143574,99.97,False,60.59,False,0.0,87026,"[(np.float64(0.0), 87026), (np.float64(0.08), 10832), (np.float64(0.16), 9278)]",143620,0.0,60.59,0.08,7.54,"[('0.0', 60.59), ('0.08', 7.54), ('0.16', 6.46)]",False,Most frequent dominates with 60.59%
225,ELEVATORS_MODE,float64,143620,26,0.02,143594,99.98,False,62.32,False,0.0,89498,"[(np.float64(0.0), 89498), (np.float64(0.0806), 11629), (np.float64(0.1611), 9675)]",143620,0.0,62.32,0.0806,8.1,"[('0.0', 62.32), ('0.0806', 8.1), ('0.1611', 6.74)]",False,Most frequent dominates with 62.32%
226,EMERGENCYSTATE_MODE,object,161756,2,0.0,161754,100.0,False,98.56,True,No,159428,"[('No', 159428), ('Yes', 2328)]",161756,No,98.56,Yes,1.44,"[('No', 98.56), ('Yes', 1.44)]",True,Appears uniformly dominated
227,ENTRANCES_AVG,float64,152683,285,0.19,152398,99.81,False,22.27,False,0.1379,34007,"[(np.float64(0.1379), 34007), (np.float64(0.069), 22956), (np.float64(0.1034), 19533)]",152683,0.1379,22.27,0.069,15.04,"[('0.1379', 22.27), ('0.069', 15.04), ('0.1034', 12.79)]",False,Most frequent dominates with 22.27%
228,ENTRANCES_MEDI,float64,152683,46,0.03,152637,99.97,False,23.27,False,0.1379,35535,"[(np.float64(0.1379), 35535), (np.float64(0.069), 24193), (np.float64(0.1034), 20492)]",152683,0.1379,23.27,0.069,15.85,"[('0.1379', 23.27), ('0.069', 15.85), ('0.1034', 13.42)]",False,Most frequent dominates with 23.27%
229,ENTRANCES_MODE,float64,152683,30,0.02,152653,99.98,False,23.61,False,0.1379,36041,"[(np.float64(0.1379), 36041), (np.float64(0.069), 26704), (np.float64(0.1034), 20533)]",152683,0.1379,23.61,0.069,17.49,"[('0.1379', 23.61), ('0.069', 17.49), ('0.1034', 13.45)]",False,Most frequent dominates with 23.61%
230,EXT_SOURCE_1,float64,134133,114584,85.43,19549,14.57,False,0.0,False,0.6227066347478732,5,"[(np.float64(0.6227066347478732), 5), (np.float64(0.528197430013715), 5), (np.float64(0.4990017461254777), 5)]",134133,0.6227066347478732,0.0,0.528197430013715,0.0,"[('0.6227066347478732', 0.0), ('0.528197430013715', 0.0), ('0.4990017461254777', 0.0)]",False,Most frequent dominates with 0.0%
231,EXT_SOURCE_2,float64,306851,119831,39.05,187020,60.95,False,0.23,False,0.2858978721410488,721,"[(np.float64(0.2858978721410488), 721), (np.float64(0.2622583692422573), 417), (np.float64(0.2652563401861944), 343)]",306851,0.2858978721410488,0.23,0.2622583692422573,0.14,"[('0.2858978721410488', 0.23), ('0.2622583692422573', 0.14), ('0.2652563401861944', 0.11)]",False,Most frequent dominates with 0.23%
232,EXT_SOURCE_3,float64,246546,814,0.33,245732,99.67,False,0.59,False,0.746300213050371,1460,"[(np.float64(0.746300213050371), 1460), (np.float64(0.7136313997323308), 1315), (np.float64(0.6940926425266661), 1276)]",246546,0.746300213050371,0.59,0.7136313997323308,0.53,"[('0.746300213050371', 0.59), ('0.7136313997323308', 0.53), ('0.6940926425266661', 0.52)]",False,Most frequent dominates with 0.59%
233,FLAG_CONT_MOBILE,int64,307511,2,0.0,307509,100.0,False,99.81,True,1,306937,"[(np.int64(1), 306937), (np.int64(0), 574)]",307511,1,99.81,0,0.19,"[('1', 99.81), ('0', 0.19)]",True,Appears uniformly dominated
234,FLAG_DOCUMENT_10,int64,307511,2,0.0,307509,100.0,False,100.0,True,0,307504,"[(np.int64(0), 307504), (np.int64(1), 7)]",307511,0,100.0,1,0.0,"[('0', 100.0), ('1', 0.0)]",True,Appears uniformly dominated
235,FLAG_DOCUMENT_11,int64,307511,2,0.0,307509,100.0,False,99.61,True,0,306308,"[(np.int64(0), 306308), (np.int64(1), 1203)]",307511,0,99.61,1,0.39,"[('0', 99.61), ('1', 0.39)]",True,Appears uniformly dominated
236,FLAG_DOCUMENT_12,int64,307511,2,0.0,307509,100.0,False,100.0,True,0,307509,"[(np.int64(0), 307509), (np.int64(1), 2)]",307511,0,100.0,1,0.0,"[('0', 100.0), ('1', 0.0)]",True,Appears uniformly dominated
237,FLAG_DOCUMENT_13,int64,307511,2,0.0,307509,100.0,False,99.65,True,0,306427,"[(np.int64(0), 306427), (np.int64(1), 1084)]",307511,0,99.65,1,0.35,"[('0', 99.65), ('1', 0.35)]",True,Appears uniformly dominated
238,FLAG_DOCUMENT_14,int64,307511,2,0.0,307509,100.0,False,99.71,True,0,306608,"[(np.int64(0), 306608), (np.int64(1), 903)]",307511,0,99.71,1,0.29,"[('0', 99.71), ('1', 0.29)]",True,Appears uniformly dominated
239,FLAG_DOCUMENT_15,int64,307511,2,0.0,307509,100.0,False,99.88,True,0,307139,"[(np.int64(0), 307139), (np.int64(1), 372)]",307511,0,99.88,1,0.12,"[('0', 99.88), ('1', 0.12)]",True,Appears uniformly dominated
240,FLAG_DOCUMENT_16,int64,307511,2,0.0,307509,100.0,False,99.01,True,0,304458,"[(np.int64(0), 304458), (np.int64(1), 3053)]",307511,0,99.01,1,0.99,"[('0', 99.01), ('1', 0.99)]",True,Appears uniformly dominated
241,FLAG_DOCUMENT_17,int64,307511,2,0.0,307509,100.0,False,99.97,True,0,307429,"[(np.int64(0), 307429), (np.int64(1), 82)]",307511,0,99.97,1,0.03,"[('0', 99.97), ('1', 0.03)]",True,Appears uniformly dominated
242,FLAG_DOCUMENT_18,int64,307511,2,0.0,307509,100.0,False,99.19,True,0,305011,"[(np.int64(0), 305011), (np.int64(1), 2500)]",307511,0,99.19,1,0.81,"[('0', 99.19), ('1', 0.81)]",True,Appears uniformly dominated
243,FLAG_DOCUMENT_19,int64,307511,2,0.0,307509,100.0,False,99.94,True,0,307328,"[(np.int64(0), 307328), (np.int64(1), 183)]",307511,0,99.94,1,0.06,"[('0', 99.94), ('1', 0.06)]",True,Appears uniformly dominated
244,FLAG_DOCUMENT_2,int64,307511,2,0.0,307509,100.0,False,100.0,True,0,307498,"[(np.int64(0), 307498), (np.int64(1), 13)]",307511,0,100.0,1,0.0,"[('0', 100.0), ('1', 0.0)]",True,Appears uniformly dominated
245,FLAG_DOCUMENT_20,int64,307511,2,0.0,307509,100.0,False,99.95,True,0,307355,"[(np.int64(0), 307355), (np.int64(1), 156)]",307511,0,99.95,1,0.05,"[('0', 99.95), ('1', 0.05)]",True,Appears uniformly dominated
246,FLAG_DOCUMENT_21,int64,307511,2,0.0,307509,100.0,False,99.97,True,0,307408,"[(np.int64(0), 307408), (np.int64(1), 103)]",307511,0,99.97,1,0.03,"[('0', 99.97), ('1', 0.03)]",True,Appears uniformly dominated
247,FLAG_DOCUMENT_3,int64,307511,2,0.0,307509,100.0,False,71.0,False,1,218340,"[(np.int64(1), 218340), (np.int64(0), 89171)]",307511,1,71.0,0,29.0,"[('1', 71.0), ('0', 29.0)]",False,Most frequent dominates with 71.0%
248,FLAG_DOCUMENT_4,int64,307511,2,0.0,307509,100.0,False,99.99,True,0,307486,"[(np.int64(0), 307486), (np.int64(1), 25)]",307511,0,99.99,1,0.01,"[('0', 99.99), ('1', 0.01)]",True,Appears uniformly dominated
249,FLAG_DOCUMENT_5,int64,307511,2,0.0,307509,100.0,False,98.49,True,0,302863,"[(np.int64(0), 302863), (np.int64(1), 4648)]",307511,0,98.49,1,1.51,"[('0', 98.49), ('1', 1.51)]",True,Appears uniformly dominated
250,FLAG_DOCUMENT_6,int64,307511,2,0.0,307509,100.0,False,91.19,False,0,280433,"[(np.int64(0), 280433), (np.int64(1), 27078)]",307511,0,91.19,1,8.81,"[('0', 91.19), ('1', 8.81)]",False,Most frequent dominates with 91.19%
251,FLAG_DOCUMENT_7,int64,307511,2,0.0,307509,100.0,False,99.98,True,0,307452,"[(np.int64(0), 307452), (np.int64(1), 59)]",307511,0,99.98,1,0.02,"[('0', 99.98), ('1', 0.02)]",True,Appears uniformly dominated
252,FLAG_DOCUMENT_8,int64,307511,2,0.0,307509,100.0,False,91.86,False,0,282487,"[(np.int64(0), 282487), (np.int64(1), 25024)]",307511,0,91.86,1,8.14,"[('0', 91.86), ('1', 8.14)]",False,Most frequent dominates with 91.86%
253,FLAG_DOCUMENT_9,int64,307511,2,0.0,307509,100.0,False,99.61,True,0,306313,"[(np.int64(0), 306313), (np.int64(1), 1198)]",307511,0,99.61,1,0.39,"[('0', 99.61), ('1', 0.39)]",True,Appears uniformly dominated
254,FLAG_EMAIL,int64,307511,2,0.0,307509,100.0,False,94.33,False,0,290069,"[(np.int64(0), 290069), (np.int64(1), 17442)]",307511,0,94.33,1,5.67,"[('0', 94.33), ('1', 5.67)]",False,Most frequent dominates with 94.33%
255,FLAG_EMP_PHONE,int64,307511,2,0.0,307509,100.0,False,81.99,False,1,252125,"[(np.int64(1), 252125), (np.int64(0), 55386)]",307511,1,81.99,0,18.01,"[('1', 81.99), ('0', 18.01)]",False,Most frequent dominates with 81.99%
256,FLAG_MOBIL,int64,307511,2,0.0,307509,100.0,False,100.0,True,1,307510,"[(np.int64(1), 307510), (np.int64(0), 1)]",307511,1,100.0,0,0.0,"[('1', 100.0), ('0', 0.0)]",True,Appears uniformly dominated
257,FLAG_OWN_CAR,object,307511,2,0.0,307509,100.0,False,65.99,False,N,202924,"[('N', 202924), ('Y', 104587)]",307511,N,65.99,Y,34.01,"[('N', 65.99), ('Y', 34.01)]",False,Most frequent dominates with 65.99%
258,FLAG_OWN_REALTY,object,307511,2,0.0,307509,100.0,False,69.37,False,Y,213312,"[('Y', 213312), ('N', 94199)]",307511,Y,69.37,N,30.63,"[('Y', 69.37), ('N', 30.63)]",False,Most frequent dominates with 69.37%
259,FLAG_PHONE,int64,307511,2,0.0,307509,100.0,False,71.89,False,0,221080,"[(np.int64(0), 221080), (np.int64(1), 86431)]",307511,0,71.89,1,28.11,"[('0', 71.89), ('1', 28.11)]",False,Most frequent dominates with 71.89%
260,FLAG_WORK_PHONE,int64,307511,2,0.0,307509,100.0,False,80.06,False,0,246203,"[(np.int64(0), 246203), (np.int64(1), 61308)]",307511,0,80.06,1,19.94,"[('0', 80.06), ('1', 19.94)]",False,Most frequent dominates with 80.06%
261,FLOORSMAX_AVG,float64,154491,403,0.26,154088,99.74,False,40.05,False,0.1667,61875,"[(np.float64(0.1667), 61875), (np.float64(0.3333), 31909), (np.float64(0.0417), 14600)]",154491,0.1667,40.05,0.3333,20.65,"[('0.1667', 40.05), ('0.3333', 20.65), ('0.0417', 9.45)]",False,Most frequent dominates with 40.05%
262,FLOORSMAX_MEDI,float64,154491,49,0.03,154442,99.97,False,41.17,False,0.1667,63607,"[(np.float64(0.1667), 63607), (np.float64(0.3333), 33279), (np.float64(0.0417), 14832)]",154491,0.1667,41.17,0.3333,21.54,"[('0.1667', 41.17), ('0.3333', 21.54), ('0.0417', 9.6)]",False,Most frequent dominates with 41.17%
263,FLOORSMAX_MODE,float64,154491,25,0.02,154466,99.98,False,42.43,False,0.1667,65550,"[(np.float64(0.1667), 65550), (np.float64(0.3333), 34373), (np.float64(0.0417), 15616)]",154491,0.1667,42.43,0.3333,22.25,"[('0.1667', 42.43), ('0.3333', 22.25), ('0.0417', 10.11)]",False,Most frequent dominates with 42.43%
264,FLOORSMIN_AVG,float64,98869,305,0.31,98564,99.69,False,33.25,False,0.2083,32875,"[(np.float64(0.2083), 32875), (np.float64(0.375), 17845), (np.float64(0.0417), 17776)]",98869,0.2083,33.25,0.375,18.05,"[('0.2083', 33.25), ('0.375', 18.05), ('0.0417', 17.98)]",False,Most frequent dominates with 33.25%
265,FLOORSMIN_MEDI,float64,98869,47,0.05,98822,99.95,False,34.12,False,0.2083,33737,"[(np.float64(0.2083), 33737), (np.float64(0.375), 18538), (np.float64(0.0417), 18090)]",98869,0.2083,34.12,0.375,18.75,"[('0.2083', 34.12), ('0.375', 18.75), ('0.0417', 18.3)]",False,Most frequent dominates with 34.12%
266,FLOORSMIN_MODE,float64,98869,25,0.03,98844,99.97,False,34.8,False,0.2083,34403,"[(np.float64(0.2083), 34403), (np.float64(0.375), 19042), (np.float64(0.0417), 18917)]",98869,0.2083,34.8,0.375,19.26,"[('0.2083', 34.8), ('0.375', 19.26), ('0.0417', 19.13)]",False,Most frequent dominates with 34.8%
267,FONDKAPREMONT_MODE,object,97216,4,0.0,97212,100.0,False,75.94,False,reg oper account,73830,"[('reg oper account', 73830), ('reg oper spec account', 12080), ('not specified', 5687)]",97216,reg oper account,75.94,reg oper spec account,12.43,"[('reg oper account', 75.94), ('reg oper spec account', 12.43), ('not specified', 5.85)]",False,Most frequent dominates with 75.94%
268,HOUR_APPR_PROCESS_START,int64,307511,24,0.01,307487,99.99,False,12.27,False,10,37722,"[(np.int64(10), 37722), (np.int64(11), 37229), (np.int64(12), 34233)]",307511,10,12.27,11,12.11,"[('10', 12.27), ('11', 12.11), ('12', 11.13)]",False,Most frequent dominates with 12.27%
269,HOUSETYPE_MODE,object,153214,3,0.0,153211,100.0,False,98.23,True,block of flats,150503,"[('block of flats', 150503), ('specific housing', 1499), ('terraced house', 1212)]",153214,block of flats,98.23,specific housing,0.98,"[('block of flats', 98.23), ('specific housing', 0.98), ('terraced house', 0.79)]",True,Appears uniformly dominated
270,INS_AMT_INSTALMENT_MAX,float64,291643,236626,81.14,55017,18.86,False,0.15,False,45000.0,451,"[(np.float64(45000.0), 451), (np.float64(90000.0), 328), (np.float64(22500.0), 295)]",291643,45000.0,0.15,90000.0,0.11,"[('45000.0', 0.15), ('90000.0', 0.11), ('22500.0', 0.1)]",False,Most frequent dominates with 0.15%
271,INS_AMT_INSTALMENT_MEAN,float64,291643,288020,98.76,3623,1.24,False,0.01,False,12074.31,18,"[(np.float64(12074.31), 18), (np.float64(17077.965), 17), (np.float64(9425.835), 16)]",291643,12074.31,0.01,17077.965,0.01,"[('12074.31', 0.01), ('17077.965', 0.01), ('9425.835', 0.01)]",False,Most frequent dominates with 0.01%
272,INS_AMT_INSTALMENT_SUM,float64,291643,287801,98.68,3842,1.32,False,0.01,False,204935.58,17,"[(np.float64(204935.58), 17), (np.float64(56555.01), 16), (np.float64(127421.28), 12)]",291643,204935.58,0.01,56555.01,0.01,"[('204935.58', 0.01), ('56555.01', 0.01), ('127421.28', 0.0)]",False,Most frequent dominates with 0.01%
273,INS_AMT_PAYMENT_MAX,float64,291635,229572,78.72,62063,21.28,False,0.3,False,45000.0,884,"[(np.float64(45000.0), 884), (np.float64(225000.0), 725), (np.float64(90000.0), 658)]",291635,45000.0,0.3,225000.0,0.25,"[('45000.0', 0.3), ('225000.0', 0.25), ('90000.0', 0.23)]",False,Most frequent dominates with 0.3%
274,INS_AMT_PAYMENT_MEAN,float64,291635,288396,98.89,3239,1.11,False,0.01,False,17077.965,17,"[(np.float64(17077.965), 17), (np.float64(9425.835), 16), (np.float64(17001.0), 14)]",291635,17077.965,0.01,9425.835,0.01,"[('17077.965', 0.01), ('9425.835', 0.01), ('17001.0', 0.0)]",False,Most frequent dominates with 0.01%
275,INS_AMT_PAYMENT_MIN,float64,291635,134230,46.03,157405,53.97,False,0.9,False,67.5,2615,"[(np.float64(67.5), 2615), (np.float64(0.045), 1060), (np.float64(0.0), 955)]",291635,67.5,0.9,0.045,0.36,"[('67.5', 0.9), ('0.045', 0.36), ('0.0', 0.33)]",False,Most frequent dominates with 0.9%
276,INS_AMT_PAYMENT_SUM,float64,291643,287364,98.53,4279,1.47,False,0.01,False,204935.58,26,"[(np.float64(204935.58), 26), (np.float64(56555.01), 24), (np.float64(127421.28), 17)]",291643,204935.58,0.01,56555.01,0.01,"[('204935.58', 0.01), ('56555.01', 0.01), ('127421.28', 0.01)]",False,Most frequent dominates with 0.01%
277,INS_DAYS_ENTRY_PAYMENT_MAX,float64,291635,2937,1.01,288698,98.99,False,1.72,False,-31.0,5008,"[(np.float64(-31.0), 5008), (np.float64(-30.0), 4978), (np.float64(-28.0), 4945)]",291635,-31.0,1.72,-30.0,1.71,"[('-31.0', 1.72), ('-30.0', 1.71), ('-28.0', 1.7)]",False,Most frequent dominates with 1.72%
278,INS_DAYS_ENTRY_PAYMENT_MEAN,float64,291635,212229,72.77,79406,27.23,False,0.01,False,-143.0,33,"[(np.float64(-143.0), 33), (np.float64(-124.0), 32), (np.float64(-201.0), 31)]",291635,-143.0,0.01,-124.0,0.01,"[('-143.0', 0.01), ('-124.0', 0.01), ('-201.0', 0.01)]",False,Most frequent dominates with 0.01%
279,INS_DAYS_ENTRY_PAYMENT_MIN,float64,291635,3035,1.04,288600,98.96,False,0.32,False,-2919.0,942,"[(np.float64(-2919.0), 942), (np.float64(-2918.0), 884), (np.float64(-2920.0), 871)]",291635,-2919.0,0.32,-2918.0,0.3,"[('-2919.0', 0.32), ('-2918.0', 0.3), ('-2920.0', 0.3)]",False,Most frequent dominates with 0.32%
280,INS_DAYS_INSTALMENT_MAX,float64,291643,2918,1.0,288725,99.0,False,1.64,False,-7.0,4786,"[(np.float64(-7.0), 4786), (np.float64(-21.0), 4747), (np.float64(-14.0), 4732)]",291643,-7.0,1.64,-21.0,1.63,"[('-7.0', 1.64), ('-21.0', 1.63), ('-14.0', 1.62)]",False,Most frequent dominates with 1.64%
281,INS_DAYS_INSTALMENT_MEAN,float64,291643,183580,62.95,108063,37.05,False,0.06,False,-144.0,170,"[(np.float64(-144.0), 170), (np.float64(-164.0), 163), (np.float64(-148.0), 158)]",291643,-144.0,0.06,-164.0,0.06,"[('-144.0', 0.06), ('-164.0', 0.06), ('-148.0', 0.05)]",False,Most frequent dominates with 0.06%
282,INS_DAYS_INSTALMENT_MIN,float64,291643,2920,1.0,288723,99.0,False,0.39,False,-2919.0,1133,"[(np.float64(-2919.0), 1133), (np.float64(-2921.0), 1124), (np.float64(-2920.0), 1117)]",291643,-2919.0,0.39,-2921.0,0.39,"[('-2919.0', 0.39), ('-2921.0', 0.39), ('-2920.0', 0.38)]",False,Most frequent dominates with 0.39%
283,INS_DBD_MAX,float64,291635,422,0.14,291213,99.86,False,7.55,False,30.0,22006,"[(np.float64(30.0), 22006), (np.float64(31.0), 10532), (np.float64(29.0), 10457)]",291635,30.0,7.55,31.0,3.61,"[('30.0', 7.55), ('31.0', 3.61), ('29.0', 3.59)]",False,Most frequent dominates with 7.55%
284,INS_DBD_MEAN,float64,291635,57205,19.62,234430,80.38,False,0.41,False,10.0,1201,"[(np.float64(10.0), 1201), (np.float64(9.0), 1161), (np.float64(8.0), 1097)]",291635,10.0,0.41,9.0,0.4,"[('10.0', 0.41), ('9.0', 0.4), ('8.0', 0.38)]",False,Most frequent dominates with 0.41%
285,INS_DBD_SUM,float64,291643,3224,1.11,288419,98.89,False,0.28,False,0.0,810,"[(np.float64(0.0), 810), (np.float64(116.0), 748), (np.float64(85.0), 742)]",291643,0.0,0.28,116.0,0.26,"[('0.0', 0.28), ('116.0', 0.26), ('85.0', 0.25)]",False,Most frequent dominates with 0.28%
286,INS_DPD_MAX,float64,291635,1642,0.56,289993,99.44,False,46.85,False,0.0,136636,"[(np.float64(0.0), 136636), (np.float64(1.0), 15612), (np.float64(2.0), 12914)]",291635,0.0,46.85,1.0,5.35,"[('0.0', 46.85), ('1.0', 5.35), ('2.0', 4.43)]",False,Most frequent dominates with 46.85%
287,INS_DPD_MEAN,float64,291635,23566,8.08,268069,91.92,False,46.85,False,0.0,136636,"[(np.float64(0.0), 136636), (np.float64(0.5), 1399), (np.float64(0.1666666666666666), 1390)]",291635,0.0,46.85,0.5,0.48,"[('0.0', 46.85), ('0.5', 0.48), ('0.1666666666666666', 0.48)]",False,Most frequent dominates with 46.85%
288,INS_DPD_SUM,float64,291643,2077,0.71,289566,99.29,False,46.85,False,0.0,136644,"[(np.float64(0.0), 136644), (np.float64(1.0), 11685), (np.float64(2.0), 8258)]",291643,0.0,46.85,1.0,4.01,"[('0.0', 46.85), ('1.0', 4.01), ('2.0', 2.83)]",False,Most frequent dominates with 46.85%
289,INS_LAST365_AMT_PAYMENT_MEAN,float64,217478,205538,94.51,11940,5.49,False,0.04,False,9000.0,78,"[(np.float64(9000.0), 78), (np.float64(2250.0), 66), (np.float64(4500.0), 56)]",217478,9000.0,0.04,2250.0,0.03,"[('9000.0', 0.04), ('2250.0', 0.03), ('4500.0', 0.03)]",False,Most frequent dominates with 0.04%
290,INS_LAST365_AMT_PAYMENT_SUM,float64,217508,205801,94.62,11707,5.38,False,0.03,False,108000.0,72,"[(np.float64(108000.0), 72), (np.float64(54000.0), 43), (np.float64(81000.0), 38)]",217508,108000.0,0.03,54000.0,0.02,"[('108000.0', 0.03), ('54000.0', 0.02), ('81000.0', 0.02)]",False,Most frequent dominates with 0.03%
291,INS_LAST365_DPD_MAX,float64,217478,192,0.09,217286,99.91,False,71.41,False,0.0,155299,"[(np.float64(0.0), 155299), (np.float64(1.0), 12884), (np.float64(2.0), 9356)]",217478,0.0,71.41,1.0,5.92,"[('0.0', 71.41), ('1.0', 5.92), ('2.0', 4.3)]",False,Most frequent dominates with 71.41%
292,INS_LAST365_DPD_MEAN,float64,217478,2884,1.33,214594,98.67,False,71.41,False,0.0,155299,"[(np.float64(0.0), 155299), (np.float64(0.5), 1651), (np.float64(0.0833333333333333), 1531)]",217478,0.0,71.41,0.5,0.76,"[('0.0', 71.41), ('0.5', 0.76), ('0.0833333333333333', 0.7)]",False,Most frequent dominates with 71.41%
293,INS_LAST365_DPD_SUM,float64,217508,410,0.19,217098,99.81,False,71.41,False,0.0,155329,"[(np.float64(0.0), 155329), (np.float64(1.0), 9790), (np.float64(2.0), 6734)]",217508,0.0,71.41,1.0,4.5,"[('0.0', 71.41), ('1.0', 4.5), ('2.0', 3.1)]",False,Most frequent dominates with 71.41%
294,INS_LAST365_LATE_PAYMENT_FLAG_MEAN,float64,217508,659,0.3,216849,99.7,False,71.41,False,0.0,155329,"[(np.float64(0.0), 155329), (np.float64(0.0833333333333333), 2520), (np.float64(0.0769230769230769), 2364)]",217508,0.0,71.41,0.0833333333333333,1.16,"[('0.0', 71.41), ('0.0833333333333333', 1.16), ('0.0769230769230769', 1.09)]",False,Most frequent dominates with 71.41%
295,INS_LAST365_LATE_PAYMENT_FLAG_SUM,float64,217508,54,0.02,217454,99.98,False,71.41,False,0.0,155329,"[(np.float64(0.0), 155329), (np.float64(1.0), 24900), (np.float64(2.0), 12220)]",217508,0.0,71.41,1.0,11.45,"[('0.0', 71.41), ('1.0', 11.45), ('2.0', 5.62)]",False,Most frequent dominates with 71.41%
296,INS_LAST365_PAY_DIFF_MEAN,float64,217478,57326,26.36,160152,73.64,False,70.3,False,0.0,152877,"[(np.float64(0.0), 152877), (np.float64(-4500.0), 144), (np.float64(-22500.0), 127)]",217478,0.0,70.3,-4500.0,0.07,"[('0.0', 70.3), ('-4500.0', 0.07), ('-22500.0', 0.06)]",False,Most frequent dominates with 70.3%
297,INS_LAST365_PAY_DIFF_SUM,float64,217508,51840,23.83,165668,76.17,False,70.3,False,0.0,152907,"[(np.float64(0.0), 152907), (np.float64(2250.0), 570), (np.float64(-45000.0), 448)]",217508,0.0,70.3,2250.0,0.26,"[('0.0', 70.3), ('2250.0', 0.26), ('-45000.0', 0.21)]",False,Most frequent dominates with 70.3%
298,INS_LAST365_PAY_PERC_MAX,float64,217478,21543,9.91,195935,90.09,False,89.81,False,1.0,195317,"[(np.float64(1.0), 195317), (np.float64(16.550610110657377), 5), (np.float64(20.54231717337716), 5)]",217478,1.0,89.81,16.550610110657377,0.0,"[('1.0', 89.81), ('16.550610110657377', 0.0), ('20.54231717337716', 0.0)]",False,Most frequent dominates with 89.81%
299,INS_LAST365_PAY_PERC_MEAN,float64,217478,23437,10.78,194041,89.22,False,70.3,False,1.0,152877,"[(np.float64(1.0), 152877), (np.float64(0.9230769230769232), 2864), (np.float64(0.8571428571428571), 2264)]",217478,1.0,70.3,0.9230769230769232,1.32,"[('1.0', 70.3), ('0.9230769230769232', 1.32), ('0.8571428571428571', 1.04)]",False,Most frequent dominates with 70.3%
300,INS_LATE_PAYMENT_FLAG_MEAN,float64,291643,4972,1.7,286671,98.3,False,46.85,False,0.0,136644,"[(np.float64(0.0), 136644), (np.float64(0.1666666666666666), 2812), (np.float64(0.1428571428571428), 2807)]",291643,0.0,46.85,0.1666666666666666,0.96,"[('0.0', 46.85), ('0.1666666666666666', 0.96), ('0.1428571428571428', 0.96)]",False,Most frequent dominates with 46.85%
301,INS_LATE_PAYMENT_FLAG_SUM,float64,291643,102,0.03,291541,99.97,False,46.85,False,0.0,136644,"[(np.float64(0.0), 136644), (np.float64(1.0), 37002), (np.float64(2.0), 21685)]",291643,0.0,46.85,1.0,12.69,"[('0.0', 46.85), ('1.0', 12.69), ('2.0', 7.44)]",False,Most frequent dominates with 46.85%
302,INS_NUM_INSTALMENT_VERSION_NUNIQUE,float64,291643,49,0.02,291594,99.98,False,43.01,False,2.0,125422,"[(np.float64(2.0), 125422), (np.float64(1.0), 87740), (np.float64(3.0), 47350)]",291643,2.0,43.01,1.0,30.08,"[('2.0', 43.01), ('1.0', 30.08), ('3.0', 16.24)]",False,Most frequent dominates with 43.01%
303,INS_PAY_DIFF_MAX,float64,291635,103609,35.53,188026,64.47,False,57.08,False,0.0,166470,"[(np.float64(0.0), 166470), (np.float64(4500.0), 1026), (np.float64(6750.0), 789)]",291635,0.0,57.08,4500.0,0.35,"[('0.0', 57.08), ('4500.0', 0.35), ('6750.0', 0.27)]",False,Most frequent dominates with 57.08%
304,INS_PAY_DIFF_MEAN,float64,291635,137929,47.3,153706,52.7,False,50.51,False,0.0,147318,"[(np.float64(0.0), 147318), (np.float64(-2250.0), 69), (np.float64(-9000.0), 67)]",291635,0.0,50.51,-2250.0,0.02,"[('0.0', 50.51), ('-2250.0', 0.02), ('-9000.0', 0.02)]",False,Most frequent dominates with 50.51%
305,INS_PAY_DIFF_SUM,float64,291643,127986,43.88,163657,56.12,False,50.52,False,0.0,147326,"[(np.float64(0.0), 147326), (np.float64(2250.0), 535), (np.float64(-45000.0), 424)]",291643,0.0,50.52,2250.0,0.18,"[('0.0', 50.52), ('2250.0', 0.18), ('-45000.0', 0.15)]",False,Most frequent dominates with 50.52%
306,INS_PAY_DIFF_VAR,float64,290947,144095,49.53,146852,50.47,False,50.4,False,0.0,146632,"[(np.float64(0.0), 146632), (np.float64(0.0018225000000058), 4), (np.float64(0.0032400000000104), 3)]",290947,0.0,50.4,0.0018225000000058,0.0,"[('0.0', 50.4), ('0.0018225000000058', 0.0), ('0.0032400000000104', 0.0)]",False,Most frequent dominates with 50.4%
307,INS_PAY_PERC_MAX,float64,291632,36091,12.38,255541,87.62,False,87.21,False,1.0,254334,"[(np.float64(1.0), 254334), (np.float64(2.0), 9), (np.float64(11.897835664714233), 7)]",291632,1.0,87.21,2.0,0.0,"[('1.0', 87.21), ('2.0', 0.0), ('11.897835664714233', 0.0)]",False,Most frequent dominates with 87.21%
308,INS_PAY_PERC_MEAN,float64,291632,42700,14.64,248932,85.36,False,50.52,False,1.0,147322,"[(np.float64(1.0), 147322), (np.float64(0.8571428571428571), 2968), (np.float64(0.9230769230769232), 2557)]",291632,1.0,50.52,0.8571428571428571,1.02,"[('1.0', 50.52), ('0.8571428571428571', 1.02), ('0.9230769230769232', 0.88)]",False,Most frequent dominates with 50.52%
309,INS_PAY_PERC_VAR,float64,290944,143641,49.37,147303,50.63,False,50.4,False,0.0,146637,"[(np.float64(0.0), 146637), (np.float64(0.0094339622641509), 8), (np.float64(0.0042366637194223), 7)]",290944,0.0,50.4,0.0094339622641509,0.0,"[('0.0', 50.4), ('0.0094339622641509', 0.0), ('0.0042366637194223', 0.0)]",False,Most frequent dominates with 50.4%
310,INS_SK_ID_PREV_NUNIQUE,float64,291643,25,0.01,291618,99.99,False,28.05,False,1.0,81817,"[(np.float64(1.0), 81817), (np.float64(2.0), 71164), (np.float64(3.0), 51981)]",291643,1.0,28.05,2.0,24.4,"[('1.0', 28.05), ('2.0', 24.4), ('3.0', 17.82)]",False,Most frequent dominates with 28.05%
311,INS_UNDERPAY_FLAG_MEAN,float64,291643,4892,1.68,286751,98.32,False,57.09,False,0.0,166497,"[(np.float64(0.0), 166497), (np.float64(0.2857142857142857), 3011), (np.float64(0.1538461538461538), 2685)]",291643,0.0,57.09,0.2857142857142857,1.03,"[('0.0', 57.09), ('0.2857142857142857', 1.03), ('0.1538461538461538', 0.92)]",False,Most frequent dominates with 57.09%
312,INS_UNDERPAY_FLAG_SUM,float64,291643,126,0.04,291517,99.96,False,57.09,False,0.0,166497,"[(np.float64(0.0), 166497), (np.float64(2.0), 39116), (np.float64(4.0), 19762)]",291643,0.0,57.09,2.0,13.41,"[('0.0', 57.09), ('2.0', 13.41), ('4.0', 6.78)]",False,Most frequent dominates with 57.09%
313,LANDAREA_AVG,float64,124921,3527,2.82,121394,97.18,False,12.49,False,0.0,15600,"[(np.float64(0.0), 15600), (np.float64(0.0631), 189), (np.float64(0.0316), 187)]",124921,0.0,12.49,0.0631,0.15,"[('0.0', 12.49), ('0.0631', 0.15), ('0.0316', 0.15)]",False,Most frequent dominates with 12.49%
314,LANDAREA_MEDI,float64,124921,3560,2.85,121361,97.15,False,12.74,False,0.0,15919,"[(np.float64(0.0), 15919), (np.float64(0.0193), 197), (np.float64(0.0642), 194)]",124921,0.0,12.74,0.0193,0.16,"[('0.0', 12.74), ('0.0193', 0.16), ('0.0642', 0.16)]",False,Most frequent dominates with 12.74%
315,LANDAREA_MODE,float64,124921,3563,2.85,121358,97.15,False,13.97,False,0.0,17453,"[(np.float64(0.0), 17453), (np.float64(0.0194), 208), (np.float64(0.0645), 193)]",124921,0.0,13.97,0.0194,0.17,"[('0.0', 13.97), ('0.0194', 0.17), ('0.0645', 0.15)]",False,Most frequent dominates with 13.97%
316,LIVE_CITY_NOT_WORK_CITY,int64,307511,2,0.0,307509,100.0,False,82.04,False,0,252296,"[(np.int64(0), 252296), (np.int64(1), 55215)]",307511,0,82.04,1,17.96,"[('0', 82.04), ('1', 17.96)]",False,Most frequent dominates with 82.04%
317,LIVE_REGION_NOT_WORK_REGION,int64,307511,2,0.0,307509,100.0,False,95.93,True,0,295008,"[(np.int64(0), 295008), (np.int64(1), 12503)]",307511,0,95.93,1,4.07,"[('0', 95.93), ('1', 4.07)]",False,Most frequent dominates with 95.93%
318,LIVINGAPARTMENTS_AVG,float64,97312,1868,1.92,95444,98.08,False,4.39,False,0.0504,4272,"[(np.float64(0.0504), 4272), (np.float64(0.0672), 4231), (np.float64(0.0756), 2778)]",97312,0.0504,4.39,0.0672,4.35,"[('0.0504', 4.39), ('0.0672', 4.35), ('0.0756', 2.85)]",False,Most frequent dominates with 4.39%
319,LIVINGAPARTMENTS_MEDI,float64,97312,1097,1.13,96215,98.87,False,4.62,False,0.0513,4500,"[(np.float64(0.0513), 4500), (np.float64(0.0684), 4497), (np.float64(0.077), 2926)]",97312,0.0513,4.62,0.0684,4.62,"[('0.0513', 4.62), ('0.0684', 4.62), ('0.077', 3.01)]",False,Most frequent dominates with 4.62%
320,LIVINGAPARTMENTS_MODE,float64,97312,736,0.76,96576,99.24,False,5.07,False,0.0551,4931,"[(np.float64(0.0551), 4931), (np.float64(0.0735), 4797), (np.float64(0.0826), 2966)]",97312,0.0551,5.07,0.0735,4.93,"[('0.0551', 5.07), ('0.0735', 4.93), ('0.0826', 3.05)]",False,Most frequent dominates with 5.07%
321,LIVINGAREA_AVG,float64,153161,5199,3.39,147962,96.61,False,0.19,False,0.0,284,"[(np.float64(0.0), 284), (np.float64(0.0512), 243), (np.float64(0.051), 223)]",153161,0.0,0.19,0.0512,0.16,"[('0.0', 0.19), ('0.0512', 0.16), ('0.051', 0.15)]",False,Most frequent dominates with 0.19%
322,LIVINGAREA_MEDI,float64,153161,5281,3.45,147880,96.55,False,0.2,False,0.0,299,"[(np.float64(0.0), 299), (np.float64(0.0548), 239), (np.float64(0.0518), 234)]",153161,0.0,0.2,0.0548,0.16,"[('0.0', 0.2), ('0.0548', 0.16), ('0.0518', 0.15)]",False,Most frequent dominates with 0.2%
323,LIVINGAREA_MODE,float64,153161,5301,3.46,147860,96.54,False,0.29,False,0.0,444,"[(np.float64(0.0), 444), (np.float64(0.053), 272), (np.float64(0.0532), 262)]",153161,0.0,0.29,0.053,0.18,"[('0.0', 0.29), ('0.053', 0.18), ('0.0532', 0.17)]",False,Most frequent dominates with 0.29%
324,NAME_CONTRACT_TYPE,object,307511,2,0.0,307509,100.0,False,90.48,False,Cash loans,278232,"[('Cash loans', 278232), ('Revolving loans', 29279)]",307511,Cash loans,90.48,Revolving loans,9.52,"[('Cash loans', 90.48), ('Revolving loans', 9.52)]",False,Most frequent dominates with 90.48%
325,NAME_EDUCATION_TYPE,object,307511,5,0.0,307506,100.0,False,71.02,False,Secondary / secondary special,218391,"[('Secondary / secondary special', 218391), ('Higher education', 74863), ('Incomplete higher', 10277)]",307511,Secondary / secondary special,71.02,Higher education,24.34,"[('Secondary / secondary special', 71.02), ('Higher education', 24.34), ('Incomplete higher', 3.34)]",False,Most frequent dominates with 71.02%
326,NAME_FAMILY_STATUS,object,307511,6,0.0,307505,100.0,False,63.88,False,Married,196432,"[('Married', 196432), ('Single / not married', 45444), ('Civil marriage', 29775)]",307511,Married,63.88,Single / not married,14.78,"[('Married', 63.88), ('Single / not married', 14.78), ('Civil marriage', 9.68)]",False,Most frequent dominates with 63.88%
327,NAME_HOUSING_TYPE,object,307511,6,0.0,307505,100.0,False,88.73,False,House / apartment,272868,"[('House / apartment', 272868), ('With parents', 14840), ('Municipal apartment', 11183)]",307511,House / apartment,88.73,With parents,4.83,"[('House / apartment', 88.73), ('With parents', 4.83), ('Municipal apartment', 3.64)]",False,Most frequent dominates with 88.73%
328,NAME_INCOME_TYPE,object,307511,8,0.0,307503,100.0,False,51.63,False,Working,158774,"[('Working', 158774), ('Commercial associate', 71617), ('Pensioner', 55362)]",307511,Working,51.63,Commercial associate,23.29,"[('Working', 51.63), ('Commercial associate', 23.29), ('Pensioner', 18.0)]",False,Most frequent dominates with 51.63%
329,NAME_TYPE_SUITE,object,306219,7,0.0,306212,100.0,False,81.16,False,Unaccompanied,248526,"[('Unaccompanied', 248526), ('Family', 40149), ('Spouse, partner', 11370)]",306219,Unaccompanied,81.16,Family,13.11,"[('Unaccompanied', 81.16), ('Family', 13.11), ('Spouse, partner', 3.71)]",False,Most frequent dominates with 81.16%
330,NONLIVINGAPARTMENTS_AVG,float64,93997,386,0.41,93611,99.59,False,58.03,False,0.0,54549,"[(np.float64(0.0), 54549), (np.float64(0.0039), 13606), (np.float64(0.0077), 6351)]",93997,0.0,58.03,0.0039,14.47,"[('0.0', 58.03), ('0.0039', 14.47), ('0.0077', 6.76)]",False,Most frequent dominates with 58.03%
331,NONLIVINGAPARTMENTS_MEDI,float64,93997,214,0.23,93783,99.77,False,59.68,False,0.0,56097,"[(np.float64(0.0), 56097), (np.float64(0.0039), 14126), (np.float64(0.0078), 6493)]",93997,0.0,59.68,0.0039,15.03,"[('0.0', 59.68), ('0.0039', 15.03), ('0.0078', 6.91)]",False,Most frequent dominates with 59.68%
332,NONLIVINGAPARTMENTS_MODE,float64,93997,167,0.18,93830,99.82,False,63.04,False,0.0,59255,"[(np.float64(0.0), 59255), (np.float64(0.0039), 14105), (np.float64(0.0078), 6413)]",93997,0.0,63.04,0.0039,15.01,"[('0.0', 63.04), ('0.0039', 15.01), ('0.0078', 6.82)]",False,Most frequent dominates with 63.04%
333,NONLIVINGAREA_AVG,float64,137829,3290,2.39,134539,97.61,False,42.61,False,0.0,58735,"[(np.float64(0.0), 58735), (np.float64(0.0012), 546), (np.float64(0.0044), 454)]",137829,0.0,42.61,0.0012,0.4,"[('0.0', 42.61), ('0.0012', 0.4), ('0.0044', 0.33)]",False,Most frequent dominates with 42.61%
334,NONLIVINGAREA_MEDI,float64,137829,3323,2.41,134506,97.59,False,44.22,False,0.0,60954,"[(np.float64(0.0), 60954), (np.float64(0.0012), 539), (np.float64(0.0022), 478)]",137829,0.0,44.22,0.0012,0.39,"[('0.0', 44.22), ('0.0012', 0.39), ('0.0022', 0.35)]",False,Most frequent dominates with 44.22%
335,NONLIVINGAREA_MODE,float64,137829,3327,2.41,134502,97.59,False,48.7,False,0.0,67126,"[(np.float64(0.0), 67126), (np.float64(0.0011), 477), (np.float64(0.0046), 466)]",137829,0.0,48.7,0.0011,0.35,"[('0.0', 48.7), ('0.0011', 0.35), ('0.0046', 0.34)]",False,Most frequent dominates with 48.7%
336,OBS_30_CNT_SOCIAL_CIRCLE,float64,306490,33,0.01,306457,99.99,False,53.48,False,0.0,163910,"[(np.float64(0.0), 163910), (np.float64(1.0), 48783), (np.float64(2.0), 29808)]",306490,0.0,53.48,1.0,15.92,"[('0.0', 53.48), ('1.0', 15.92), ('2.0', 9.73)]",False,Most frequent dominates with 53.48%
337,OBS_60_CNT_SOCIAL_CIRCLE,float64,306490,33,0.01,306457,99.99,False,53.73,False,0.0,164666,"[(np.float64(0.0), 164666), (np.float64(1.0), 48870), (np.float64(2.0), 29766)]",306490,0.0,53.73,1.0,15.95,"[('0.0', 53.73), ('1.0', 15.95), ('2.0', 9.71)]",False,Most frequent dominates with 53.73%
338,OCCUPATION_TYPE,object,211120,18,0.01,211102,99.99,False,26.14,False,Laborers,55186,"[('Laborers', 55186), ('Sales staff', 32102), ('Core staff', 27570)]",211120,Laborers,26.14,Sales staff,15.21,"[('Laborers', 26.14), ('Sales staff', 15.21), ('Core staff', 13.06)]",False,Most frequent dominates with 26.14%
339,ORGANIZATION_TYPE,object,307511,58,0.02,307453,99.98,False,22.11,False,Business Entity Type 3,67992,"[('Business Entity Type 3', 67992), ('XNA', 55374), ('Self-employed', 38412)]",307511,Business Entity Type 3,22.11,XNA,18.01,"[('Business Entity Type 3', 22.11), ('XNA', 18.01), ('Self-employed', 12.49)]",False,Most frequent dominates with 22.11%
340,OWN_CAR_AGE,float64,104582,62,0.06,104520,99.94,False,7.1,False,7.0,7424,"[(np.float64(7.0), 7424), (np.float64(6.0), 6382), (np.float64(3.0), 6370)]",104582,7.0,7.1,6.0,6.1,"[('7.0', 7.1), ('6.0', 6.1), ('3.0', 6.09)]",False,Most frequent dominates with 7.1%
341,POS_CNT_INSTALMENT_FUTURE_MAX,float64,289420,62,0.02,289358,99.98,False,28.21,False,12.0,81641,"[(np.float64(12.0), 81641), (np.float64(24.0), 49542), (np.float64(10.0), 26214)]",289420,12.0,28.21,24.0,17.12,"[('12.0', 28.21), ('24.0', 17.12), ('10.0', 9.06)]",False,Most frequent dominates with 28.21%
342,POS_CNT_INSTALMENT_FUTURE_MEAN,float64,289420,39840,13.77,249580,86.23,False,3.59,False,6.0,10393,"[(np.float64(6.0), 10393), (np.float64(3.0), 9770), (np.float64(5.0), 6924)]",289420,6.0,3.59,3.0,3.38,"[('6.0', 3.59), ('3.0', 3.38), ('5.0', 2.39)]",False,Most frequent dominates with 3.59%
343,POS_CNT_INSTALMENT_FUTURE_SUM,float64,289444,2892,1.0,286552,99.0,False,3.75,False,78.0,10864,"[(np.float64(78.0), 10864), (np.float64(21.0), 10782), (np.float64(55.0), 7438)]",289444,78.0,3.75,21.0,3.73,"[('78.0', 3.75), ('21.0', 3.73), ('55.0', 2.57)]",False,Most frequent dominates with 3.75%
344,POS_CNT_INSTALMENT_MAX,float64,289420,61,0.02,289359,99.98,False,28.68,False,12.0,83019,"[(np.float64(12.0), 83019), (np.float64(24.0), 49876), (np.float64(10.0), 27584)]",289420,12.0,28.68,24.0,17.23,"[('12.0', 28.68), ('24.0', 17.23), ('10.0', 9.53)]",False,Most frequent dominates with 28.68%
345,POS_CNT_INSTALMENT_MEAN,float64,289420,41222,14.24,248198,85.76,False,7.5,False,12.0,21711,"[(np.float64(12.0), 21711), (np.float64(6.0), 15210), (np.float64(10.0), 13502)]",289420,12.0,7.5,6.0,5.26,"[('12.0', 7.5), ('6.0', 5.26), ('10.0', 4.67)]",False,Most frequent dominates with 7.5%
346,POS_CNT_INSTALMENT_SUM,float64,289444,4194,1.45,285250,98.55,False,3.14,False,156.0,9095,"[(np.float64(156.0), 9095), (np.float64(42.0), 8317), (np.float64(110.0), 6001)]",289444,156.0,3.14,42.0,2.87,"[('156.0', 3.14), ('42.0', 2.87), ('110.0', 2.07)]",False,Most frequent dominates with 3.14%
347,POS_MONTHS_BALANCE_MAX,float64,289444,96,0.03,289348,99.97,False,23.66,False,-1.0,68476,"[(np.float64(-1.0), 68476), (np.float64(-2.0), 58628), (np.float64(-3.0), 12527)]",289444,-1.0,23.66,-2.0,20.26,"[('-1.0', 23.66), ('-2.0', 20.26), ('-3.0', 4.33)]",False,Most frequent dominates with 23.66%
348,POS_MONTHS_BALANCE_MIN,float64,289444,96,0.03,289348,99.97,False,9.56,False,-96.0,27659,"[(np.float64(-96.0), 27659), (np.float64(-16.0), 4558), (np.float64(-17.0), 4354)]",289444,-96.0,9.56,-16.0,1.57,"[('-96.0', 9.56), ('-16.0', 1.57), ('-17.0', 1.5)]",False,Most frequent dominates with 9.56%
349,POS_MONTHS_BALANCE_SIZE,float64,289444,227,0.08,289217,99.92,False,4.72,False,13.0,13661,"[(np.float64(13.0), 13661), (np.float64(7.0), 12848), (np.float64(11.0), 12472)]",289444,13.0,4.72,7.0,4.44,"[('13.0', 4.72), ('7.0', 4.44), ('11.0', 4.31)]",False,Most frequent dominates with 4.72%
350,POS_NAME_CONTRACT_STATUS_Active_MEAN,float64,289444,1922,0.66,287522,99.34,False,9.71,False,1.0,28106,"[(np.float64(1.0), 28106), (np.float64(0.8571428571428571), 15618), (np.float64(0.9230769230769232), 13887)]",289444,1.0,9.71,0.8571428571428571,5.4,"[('1.0', 9.71), ('0.8571428571428571', 5.4), ('0.9230769230769232', 4.8)]",False,Most frequent dominates with 9.71%
351,POS_NAME_CONTRACT_STATUS_Amortized debt_MEAN,float64,289444,12,0.0,289432,100.0,False,100.0,True,0.0,289433,"[(np.float64(0.0), 289433), (np.float64(0.4123711340206185), 1), (np.float64(0.3252032520325203), 1)]",289444,0.0,100.0,0.4123711340206185,0.0,"[('0.0', 100.0), ('0.4123711340206185', 0.0), ('0.3252032520325203', 0.0)]",True,Appears uniformly dominated
352,POS_NAME_CONTRACT_STATUS_Approved_MEAN,float64,289444,224,0.08,289220,99.92,False,98.64,True,0.0,285514,"[(np.float64(0.0), 285514), (np.float64(0.125), 89), (np.float64(0.0714285714285714), 87)]",289444,0.0,98.64,0.125,0.03,"[('0.0', 98.64), ('0.125', 0.03), ('0.0714285714285714', 0.03)]",True,Appears uniformly dominated
353,POS_NAME_CONTRACT_STATUS_Canceled_MEAN,float64,289444,12,0.0,289432,100.0,False,100.0,True,0.0,289432,"[(np.float64(0.0), 289432), (np.float64(0.0769230769230769), 2), (np.float64(0.0120481927710843), 1)]",289444,0.0,100.0,0.0769230769230769,0.0,"[('0.0', 100.0), ('0.0769230769230769', 0.0), ('0.0120481927710843', 0.0)]",True,Appears uniformly dominated
354,POS_NAME_CONTRACT_STATUS_Completed_MEAN,float64,289444,1560,0.54,287884,99.46,False,11.13,False,0.0,32228,"[(np.float64(0.0), 32228), (np.float64(0.0769230769230769), 14806), (np.float64(0.1428571428571428), 14424)]",289444,0.0,11.13,0.0769230769230769,5.12,"[('0.0', 11.13), ('0.0769230769230769', 5.12), ('0.1428571428571428', 4.98)]",False,Most frequent dominates with 11.13%
355,POS_NAME_CONTRACT_STATUS_Demand_MEAN,float64,289444,234,0.08,289210,99.92,False,99.89,True,0.0,289132,"[(np.float64(0.0), 289132), (np.float64(0.125), 7), (np.float64(0.0714285714285714), 5)]",289444,0.0,99.89,0.125,0.0,"[('0.0', 99.89), ('0.125', 0.0), ('0.0714285714285714', 0.0)]",True,Appears uniformly dominated
356,POS_NAME_CONTRACT_STATUS_Returned to the store_MEAN,float64,289444,228,0.08,289216,99.92,False,98.53,True,0.0,285184,"[(np.float64(0.0), 285184), (np.float64(0.0909090909090909), 134), (np.float64(0.1), 113)]",289444,0.0,98.53,0.0909090909090909,0.05,"[('0.0', 98.53), ('0.0909090909090909', 0.05), ('0.1', 0.04)]",True,Appears uniformly dominated
357,POS_NAME_CONTRACT_STATUS_Signed_MEAN,float64,289444,826,0.29,288618,99.71,False,80.01,False,0.0,231574,"[(np.float64(0.0), 231574), (np.float64(0.0714285714285714), 1552), (np.float64(0.0833333333333333), 1508)]",289444,0.0,80.01,0.0714285714285714,0.54,"[('0.0', 80.01), ('0.0714285714285714', 0.54), ('0.0833333333333333', 0.52)]",False,Most frequent dominates with 80.01%
358,POS_NAME_CONTRACT_STATUS_XNA_MEAN,float64,289444,3,0.0,289441,100.0,False,100.0,True,0.0,289442,"[(np.float64(0.0), 289442), (np.float64(0.00625), 1), (np.float64(0.0061349693251533), 1)]",289444,0.0,100.0,0.00625,0.0,"[('0.0', 100.0), ('0.00625', 0.0), ('0.0061349693251533', 0.0)]",True,Appears uniformly dominated
359,POS_NAME_CONTRACT_STATUS_nan_MEAN,float64,289444,1,0.0,289443,100.0,True,100.0,True,0.0,289444,"[(np.float64(0.0), 289444)]",289444,0.0,100.0,,,"[('0.0', 100.0)]",True,Appears uniformly dominated
360,POS_POS_LATE_FLAG_MEAN,float64,289444,2499,0.86,286945,99.14,False,81.11,False,0.0,234761,"[(np.float64(0.0), 234761), (np.float64(0.0769230769230769), 1138), (np.float64(0.0833333333333333), 954)]",289444,0.0,81.11,0.0769230769230769,0.39,"[('0.0', 81.11), ('0.0769230769230769', 0.39), ('0.0833333333333333', 0.33)]",False,Most frequent dominates with 81.11%
361,POS_POS_LATE_FLAG_SUM,float64,289444,103,0.04,289341,99.96,False,81.11,False,0.0,234761,"[(np.float64(0.0), 234761), (np.float64(1.0), 23350), (np.float64(2.0), 9741)]",289444,0.0,81.11,1.0,8.07,"[('0.0', 81.11), ('1.0', 8.07), ('2.0', 3.37)]",False,Most frequent dominates with 81.11%
362,POS_SK_DPD_DEF_MAX,float64,289444,200,0.07,289244,99.93,False,86.22,False,0.0,249554,"[(np.float64(0.0), 249554), (np.float64(1.0), 6394), (np.float64(2.0), 4237)]",289444,0.0,86.22,1.0,2.21,"[('0.0', 86.22), ('1.0', 2.21), ('2.0', 1.46)]",False,Most frequent dominates with 86.22%
363,POS_SK_DPD_DEF_MEAN,float64,289444,4471,1.54,284973,98.46,False,86.22,False,0.0,249554,"[(np.float64(0.0), 249554), (np.float64(0.3333333333333333), 411), (np.float64(0.5), 383)]",289444,0.0,86.22,0.3333333333333333,0.14,"[('0.0', 86.22), ('0.3333333333333333', 0.14), ('0.5', 0.13)]",False,Most frequent dominates with 86.22%
364,POS_SK_DPD_DEF_SUM,float64,289444,373,0.13,289071,99.87,False,86.22,False,0.0,249554,"[(np.float64(0.0), 249554), (np.float64(1.0), 5016), (np.float64(2.0), 3349)]",289444,0.0,86.22,1.0,1.73,"[('0.0', 86.22), ('1.0', 1.73), ('2.0', 1.16)]",False,Most frequent dominates with 86.22%
365,POS_SK_DPD_MAX,float64,289444,1919,0.66,287525,99.34,False,81.11,False,0.0,234761,"[(np.float64(0.0), 234761), (np.float64(1.0), 5027), (np.float64(2.0), 4180)]",289444,0.0,81.11,1.0,1.74,"[('0.0', 81.11), ('1.0', 1.74), ('2.0', 1.44)]",False,Most frequent dominates with 81.11%
366,POS_SK_DPD_MEAN,float64,289444,10768,3.72,278676,96.28,False,81.11,False,0.0,234761,"[(np.float64(0.0), 234761), (np.float64(0.5), 532), (np.float64(1.0), 524)]",289444,0.0,81.11,0.5,0.18,"[('0.0', 81.11), ('0.5', 0.18), ('1.0', 0.18)]",False,Most frequent dominates with 81.11%
367,POS_SK_DPD_SUM,float64,289444,3708,1.28,285736,98.72,False,81.11,False,0.0,234761,"[(np.float64(0.0), 234761), (np.float64(1.0), 4138), (np.float64(2.0), 3015)]",289444,0.0,81.11,1.0,1.43,"[('0.0', 81.11), ('1.0', 1.43), ('2.0', 1.04)]",False,Most frequent dominates with 81.11%
368,POS_SK_ID_PREV_NUNIQUE,float64,289444,25,0.01,289419,99.99,False,30.93,False,1.0,89514,"[(np.float64(1.0), 89514), (np.float64(2.0), 73582), (np.float64(3.0), 49753)]",289444,1.0,30.93,2.0,25.42,"[('1.0', 30.93), ('2.0', 25.42), ('3.0', 17.19)]",False,Most frequent dominates with 30.93%
369,PREV_AMT_ANNUITY_MAX,float64,290640,145950,50.22,144690,49.78,False,1.15,False,22500.0,3334,"[(np.float64(22500.0), 3334), (np.float64(38250.0), 2159), (np.float64(45000.0), 1932)]",290640,22500.0,1.15,38250.0,0.74,"[('22500.0', 1.15), ('38250.0', 0.74), ('45000.0', 0.66)]",False,Most frequent dominates with 1.15%
370,PREV_AMT_ANNUITY_MEAN,float64,290640,267474,92.03,23166,7.97,False,0.19,False,2250.0,545,"[(np.float64(2250.0), 545), (np.float64(6750.0), 265), (np.float64(4500.0), 238)]",290640,2250.0,0.19,6750.0,0.09,"[('2250.0', 0.19), ('6750.0', 0.09), ('4500.0', 0.08)]",False,Most frequent dominates with 0.19%
371,PREV_AMT_APPLICATION_MAX,float64,291057,48662,16.72,242395,83.28,False,4.67,False,450000.0,13580,"[(np.float64(450000.0), 13580), (np.float64(225000.0), 10912), (np.float64(675000.0), 8435)]",291057,450000.0,4.67,225000.0,3.75,"[('450000.0', 4.67), ('225000.0', 3.75), ('675000.0', 2.9)]",False,Most frequent dominates with 4.67%
372,PREV_AMT_APPLICATION_MEAN,float64,291057,191746,65.88,99311,34.12,False,0.35,False,0.0,1015,"[(np.float64(0.0), 1015), (np.float64(225000.0), 956), (np.float64(45000.0), 899)]",291057,0.0,0.35,225000.0,0.33,"[('0.0', 0.35), ('225000.0', 0.33), ('45000.0', 0.31)]",False,Most frequent dominates with 0.35%
373,PREV_AMT_CREDIT_MAX,float64,291057,58510,20.1,232547,79.9,False,2.33,False,450000.0,6775,"[(np.float64(450000.0), 6775), (np.float64(225000.0), 4516), (np.float64(180000.0), 3885)]",291057,450000.0,2.33,225000.0,1.55,"[('450000.0', 2.33), ('225000.0', 1.55), ('180000.0', 1.33)]",False,Most frequent dominates with 2.33%
374,PREV_AMT_CREDIT_MEAN,float64,291057,210626,72.37,80431,27.63,False,0.15,False,45000.0,427,"[(np.float64(45000.0), 427), (np.float64(135000.0), 352), (np.float64(90000.0), 301)]",291057,45000.0,0.15,135000.0,0.12,"[('45000.0', 0.15), ('135000.0', 0.12), ('90000.0', 0.1)]",False,Most frequent dominates with 0.15%
375,PREV_AMT_DOWN_PAYMENT_MAX,float64,273605,21521,7.87,252084,92.13,False,28.13,False,0.0,76954,"[(np.float64(0.0), 76954), (np.float64(4500.0), 8305), (np.float64(9000.0), 7368)]",273605,0.0,28.13,4500.0,3.04,"[('0.0', 28.13), ('4500.0', 3.04), ('9000.0', 2.69)]",False,Most frequent dominates with 28.13%
376,PREV_AMT_DOWN_PAYMENT_MEAN,float64,273605,54046,19.75,219559,80.25,False,28.13,False,0.0,76953,"[(np.float64(0.0), 76953), (np.float64(4500.0), 4576), (np.float64(2250.0), 3124)]",273605,0.0,28.13,4500.0,1.67,"[('0.0', 28.13), ('4500.0', 1.67), ('2250.0', 1.14)]",False,Most frequent dominates with 28.13%
377,PREV_AMT_GOODS_PRICE_MAX,float64,290082,48658,16.77,241424,83.23,False,4.68,False,450000.0,13584,"[(np.float64(450000.0), 13584), (np.float64(225000.0), 10909), (np.float64(675000.0), 8436)]",290082,450000.0,4.68,225000.0,3.76,"[('450000.0', 4.68), ('225000.0', 3.76), ('675000.0', 2.91)]",False,Most frequent dominates with 4.68%
378,PREV_AMT_GOODS_PRICE_MEAN,float64,290082,185829,64.06,104253,35.94,False,0.39,False,135000.0,1138,"[(np.float64(135000.0), 1138), (np.float64(225000.0), 1125), (np.float64(45000.0), 997)]",290082,135000.0,0.39,225000.0,0.39,"[('135000.0', 0.39), ('225000.0', 0.39), ('45000.0', 0.34)]",False,Most frequent dominates with 0.39%
379,PREV_APP_CREDIT_PERC_MAX,float64,290830,141278,48.58,149552,51.42,False,21.58,False,1.0,62765,"[(np.float64(1.0), 62765), (np.float64(1.1111111111111112), 16937), (np.float64(1.25), 4090)]",290830,1.0,21.58,1.1111111111111112,5.82,"[('1.0', 21.58), ('1.1111111111111112', 5.82), ('1.25', 1.41)]",False,Most frequent dominates with 21.58%
380,PREV_APP_CREDIT_PERC_MEAN,float64,290830,247296,85.03,43534,14.97,False,6.39,False,1.0,18575,"[(np.float64(1.0), 18575), (np.float64(1.1111111111111112), 2958), (np.float64(1.0555555555555556), 925)]",290830,1.0,6.39,1.1111111111111112,1.02,"[('1.0', 6.39), ('1.1111111111111112', 1.02), ('1.0555555555555556', 0.32)]",False,Most frequent dominates with 6.39%
381,PREV_APP_CREDIT_PERC_VAR,float64,229461,211714,92.27,17747,7.73,False,2.77,False,0.0,6359,"[(np.float64(0.0), 6359), (np.float64(0.0061728395061728), 893), (np.float64(0.5), 480)]",229461,0.0,2.77,0.0061728395061728,0.39,"[('0.0', 2.77), ('0.0061728395061728', 0.39), ('0.5', 0.21)]",False,Most frequent dominates with 2.77%
382,PREV_CHANNEL_TYPE_AP+ (Cash loan)_MEAN,float64,291057,261,0.09,290796,99.91,False,92.14,False,0.0,268183,"[(np.float64(0.0), 268183), (np.float64(0.5), 2954), (np.float64(0.3333333333333333), 2493)]",291057,0.0,92.14,0.5,1.01,"[('0.0', 92.14), ('0.5', 1.01), ('0.3333333333333333', 0.86)]",False,Most frequent dominates with 92.14%
383,PREV_CHANNEL_TYPE_Car dealer_MEAN,float64,291057,35,0.01,291022,99.99,False,99.89,True,0.0,290739,"[(np.float64(0.0), 290739), (np.float64(0.3333333333333333), 45), (np.float64(0.5), 44)]",291057,0.0,99.89,0.3333333333333333,0.02,"[('0.0', 99.89), ('0.3333333333333333', 0.02), ('0.5', 0.02)]",True,Appears uniformly dominated
384,PREV_CHANNEL_TYPE_Channel of corporate sales_MEAN,float64,291057,129,0.04,290928,99.96,False,99.25,True,0.0,288869,"[(np.float64(0.0), 288869), (np.float64(1.0), 436), (np.float64(0.5), 274)]",291057,0.0,99.25,1.0,0.15,"[('0.0', 99.25), ('1.0', 0.15), ('0.5', 0.09)]",True,Appears uniformly dominated
385,PREV_CHANNEL_TYPE_Contact center_MEAN,float64,291057,222,0.08,290835,99.92,False,86.23,False,0.0,250987,"[(np.float64(0.0), 250987), (np.float64(0.3333333333333333), 4990), (np.float64(0.25), 4598)]",291057,0.0,86.23,0.3333333333333333,1.71,"[('0.0', 86.23), ('0.3333333333333333', 1.71), ('0.25', 1.58)]",False,Most frequent dominates with 86.23%
386,PREV_CHANNEL_TYPE_Country-wide_MEAN,float64,291057,348,0.12,290709,99.88,False,30.83,False,0.0,89739,"[(np.float64(0.0), 89739), (np.float64(1.0), 48391), (np.float64(0.5), 29212)]",291057,0.0,30.83,1.0,16.63,"[('0.0', 30.83), ('1.0', 16.63), ('0.5', 10.04)]",False,Most frequent dominates with 30.83%
387,PREV_CHANNEL_TYPE_Credit and cash offices_MEAN,float64,291057,414,0.14,290643,99.86,False,47.38,False,0.0,137916,"[(np.float64(0.0), 137916), (np.float64(0.5), 23825), (np.float64(0.6666666666666666), 13707)]",291057,0.0,47.38,0.5,8.19,"[('0.0', 47.38), ('0.5', 8.19), ('0.6666666666666666', 4.71)]",False,Most frequent dominates with 47.38%
388,PREV_CHANNEL_TYPE_Regional / Local_MEAN,float64,291057,201,0.07,290856,99.93,False,77.76,False,0.0,226329,"[(np.float64(0.0), 226329), (np.float64(1.0), 9931), (np.float64(0.5), 9359)]",291057,0.0,77.76,1.0,3.41,"[('0.0', 77.76), ('1.0', 3.41), ('0.5', 3.22)]",False,Most frequent dominates with 77.76%
389,PREV_CHANNEL_TYPE_Stone_MEAN,float64,291057,244,0.08,290813,99.92,False,59.66,False,0.0,173654,"[(np.float64(0.0), 173654), (np.float64(1.0), 20397), (np.float64(0.5), 17253)]",291057,0.0,59.66,1.0,7.01,"[('0.0', 59.66), ('1.0', 7.01), ('0.5', 5.93)]",False,Most frequent dominates with 59.66%
390,PREV_CHANNEL_TYPE_nan_MEAN,float64,291057,1,0.0,291056,100.0,True,100.0,True,0.0,291057,"[(np.float64(0.0), 291057)]",291057,0.0,100.0,,,"[('0.0', 100.0)]",True,Appears uniformly dominated
391,PREV_CNT_PAYMENT_MEAN,float64,290642,2838,0.98,287804,99.02,False,12.4,False,12.0,36050,"[(np.float64(12.0), 36050), (np.float64(6.0), 22927), (np.float64(10.0), 19339)]",290642,12.0,12.4,6.0,7.89,"[('12.0', 12.4), ('6.0', 7.89), ('10.0', 6.65)]",False,Most frequent dominates with 12.4%
392,PREV_CNT_PAYMENT_SUM,float64,291057,727,0.25,290330,99.75,False,9.98,False,12.0,29058,"[(np.float64(12.0), 29058), (np.float64(24.0), 19015), (np.float64(6.0), 14545)]",291057,12.0,9.98,24.0,6.53,"[('12.0', 9.98), ('24.0', 6.53), ('6.0', 5.0)]",False,Most frequent dominates with 9.98%
393,PREV_CODE_REJECT_REASON_CLIENT_MEAN,float64,291057,118,0.04,290939,99.96,False,93.46,False,0.0,272024,"[(np.float64(0.0), 272024), (np.float64(0.3333333333333333), 2402), (np.float64(0.25), 2304)]",291057,0.0,93.46,0.3333333333333333,0.83,"[('0.0', 93.46), ('0.3333333333333333', 0.83), ('0.25', 0.79)]",False,Most frequent dominates with 93.46%
394,PREV_CODE_REJECT_REASON_HC_MEAN,float64,291057,388,0.13,290669,99.87,False,77.31,False,0.0,225028,"[(np.float64(0.0), 225028), (np.float64(0.25), 6605), (np.float64(0.3333333333333333), 6264)]",291057,0.0,77.31,0.25,2.27,"[('0.0', 77.31), ('0.25', 2.27), ('0.3333333333333333', 2.15)]",False,Most frequent dominates with 77.31%
395,PREV_CODE_REJECT_REASON_LIMIT_MEAN,float64,291057,244,0.08,290813,99.92,False,90.25,False,0.0,262669,"[(np.float64(0.0), 262669), (np.float64(0.3333333333333333), 3063), (np.float64(0.5), 2840)]",291057,0.0,90.25,0.3333333333333333,1.05,"[('0.0', 90.25), ('0.3333333333333333', 1.05), ('0.5', 0.98)]",False,Most frequent dominates with 90.25%
396,PREV_CODE_REJECT_REASON_SCOFR_MEAN,float64,291057,157,0.05,290900,99.95,False,97.67,True,0.0,284269,"[(np.float64(0.0), 284269), (np.float64(0.3333333333333333), 751), (np.float64(0.25), 694)]",291057,0.0,97.67,0.3333333333333333,0.26,"[('0.0', 97.67), ('0.3333333333333333', 0.26), ('0.25', 0.24)]",False,Most frequent dominates with 97.67%
397,PREV_CODE_REJECT_REASON_SCO_MEAN,float64,291057,206,0.07,290851,99.93,False,92.56,False,0.0,269405,"[(np.float64(0.0), 269405), (np.float64(0.25), 2220), (np.float64(0.2), 2084)]",291057,0.0,92.56,0.25,0.76,"[('0.0', 92.56), ('0.25', 0.76), ('0.2', 0.72)]",False,Most frequent dominates with 92.56%
398,PREV_CODE_REJECT_REASON_SYSTEM_MEAN,float64,291057,57,0.02,291000,99.98,False,99.82,True,0.0,290543,"[(np.float64(0.0), 290543), (np.float64(0.2), 59), (np.float64(0.1428571428571428), 55)]",291057,0.0,99.82,0.2,0.02,"[('0.0', 99.82), ('0.2', 0.02), ('0.1428571428571428', 0.02)]",True,Appears uniformly dominated
399,PREV_CODE_REJECT_REASON_VERIF_MEAN,float64,291057,83,0.03,290974,99.97,False,99.13,True,0.0,288538,"[(np.float64(0.0), 288538), (np.float64(0.2), 219), (np.float64(0.1666666666666666), 202)]",291057,0.0,99.13,0.2,0.08,"[('0.0', 99.13), ('0.2', 0.08), ('0.1666666666666666', 0.07)]",True,Appears uniformly dominated
400,PREV_CODE_REJECT_REASON_XAP_MEAN,float64,291057,394,0.14,290663,99.86,False,62.03,False,1.0,180542,"[(np.float64(1.0), 180542), (np.float64(0.6666666666666666), 14114), (np.float64(0.5), 13547)]",291057,1.0,62.03,0.6666666666666666,4.85,"[('1.0', 62.03), ('0.6666666666666666', 4.85), ('0.5', 4.65)]",False,Most frequent dominates with 62.03%
401,PREV_CODE_REJECT_REASON_XNA_MEAN,float64,291057,104,0.04,290953,99.96,False,98.74,True,0.0,287401,"[(np.float64(0.0), 287401), (np.float64(0.2), 320), (np.float64(0.1666666666666666), 319)]",291057,0.0,98.74,0.2,0.11,"[('0.0', 98.74), ('0.2', 0.11), ('0.1666666666666666', 0.11)]",True,Appears uniformly dominated
402,PREV_CODE_REJECT_REASON_nan_MEAN,float64,291057,1,0.0,291056,100.0,True,100.0,True,0.0,291057,"[(np.float64(0.0), 291057)]",291057,0.0,100.0,,,"[('0.0', 100.0)]",True,Appears uniformly dominated
403,PREV_CREDIT_TO_ANNUITY_RATIO_MAX,float64,290639,132973,45.75,157666,54.25,False,18.54,False,20.0,53882,"[(np.float64(20.0), 53882), (np.float64(36.36363636363637), 1560), (np.float64(34.19972640218878), 1264)]",290639,20.0,18.54,36.36363636363637,0.54,"[('20.0', 18.54), ('36.36363636363637', 0.54), ('34.19972640218878', 0.43)]",False,Most frequent dominates with 18.54%
404,PREV_CREDIT_TO_ANNUITY_RATIO_MEAN,float64,290639,277142,95.36,13497,4.64,False,0.68,False,20.0,1988,"[(np.float64(20.0), 1988), (np.float64(9.090909090909092), 500), (np.float64(9.09090909090909), 315)]",290639,20.0,0.68,9.090909090909092,0.17,"[('20.0', 0.68), ('9.090909090909092', 0.17), ('9.09090909090909', 0.11)]",False,Most frequent dominates with 0.68%
405,PREV_DAYS_DECISION_MAX,float64,291057,2922,1.0,288135,99.0,False,0.3,False,-7.0,870,"[(np.float64(-7.0), 870), (np.float64(-3.0), 844), (np.float64(-4.0), 820)]",291057,-7.0,0.3,-3.0,0.29,"[('-7.0', 0.3), ('-3.0', 0.29), ('-4.0', 0.28)]",False,Most frequent dominates with 0.3%
406,PREV_DAYS_DECISION_MEAN,float64,291057,60029,20.62,231028,79.38,False,0.05,False,-308.0,148,"[(np.float64(-308.0), 148), (np.float64(-355.0), 146), (np.float64(-350.0), 145)]",291057,-308.0,0.05,-355.0,0.05,"[('-308.0', 0.05), ('-355.0', 0.05), ('-350.0', 0.05)]",False,Most frequent dominates with 0.05%
407,PREV_DAYS_DECISION_MIN,float64,291057,2921,1.0,288136,99.0,False,0.07,False,-476.0,197,"[(np.float64(-476.0), 197), (np.float64(-511.0), 182), (np.float64(-475.0), 179)]",291057,-476.0,0.07,-511.0,0.06,"[('-476.0', 0.07), ('-511.0', 0.06), ('-475.0', 0.06)]",False,Most frequent dominates with 0.07%
408,PREV_DOWN_PAYMENT_TO_CREDIT_MAX,float64,273605,118279,43.23,155326,56.77,False,28.13,False,0.0,76954,"[(np.float64(0.0), 76954), (np.float64(0.1111111111111111), 15927), (np.float64(0.25), 3979)]",273605,0.0,28.13,0.1111111111111111,5.82,"[('0.0', 28.13), ('0.1111111111111111', 5.82), ('0.25', 1.45)]",False,Most frequent dominates with 28.13%
409,PREV_DOWN_PAYMENT_TO_CREDIT_MEAN,float64,273605,165423,60.46,108182,39.54,False,28.13,False,0.0,76953,"[(np.float64(0.0), 76953), (np.float64(0.1111111111111111), 5803), (np.float64(0.0555555555555555), 2659)]",273605,0.0,28.13,0.1111111111111111,2.12,"[('0.0', 28.13), ('0.1111111111111111', 2.12), ('0.0555555555555555', 0.97)]",False,Most frequent dominates with 28.13%
410,PREV_FLAG_LAST_APPL_PER_CONTRACT_N_MEAN,float64,291057,135,0.05,290922,99.95,False,98.27,True,0.0,286035,"[(np.float64(0.0), 286035), (np.float64(0.1666666666666666), 474), (np.float64(0.2), 466)]",291057,0.0,98.27,0.1666666666666666,0.16,"[('0.0', 98.27), ('0.1666666666666666', 0.16), ('0.2', 0.16)]",True,Appears uniformly dominated
411,PREV_FLAG_LAST_APPL_PER_CONTRACT_Y_MEAN,float64,291057,135,0.05,290922,99.95,False,98.27,True,1.0,286035,"[(np.float64(1.0), 286035), (np.float64(0.8333333333333334), 474), (np.float64(0.8), 466)]",291057,1.0,98.27,0.8333333333333334,0.16,"[('1.0', 98.27), ('0.8333333333333334', 0.16), ('0.8', 0.16)]",True,Appears uniformly dominated
412,PREV_FLAG_LAST_APPL_PER_CONTRACT_nan_MEAN,float64,291057,1,0.0,291056,100.0,True,100.0,True,0.0,291057,"[(np.float64(0.0), 291057)]",291057,0.0,100.0,,,"[('0.0', 100.0)]",True,Appears uniformly dominated
413,PREV_GOODS_TO_CREDIT_RATIO_MAX,float64,290073,141283,48.71,148790,51.29,False,21.64,False,1.0,62777,"[(np.float64(1.0), 62777), (np.float64(1.1111111111111112), 16939), (np.float64(1.25), 4087)]",290073,1.0,21.64,1.1111111111111112,5.84,"[('1.0', 21.64), ('1.1111111111111112', 5.84), ('1.25', 1.41)]",False,Most frequent dominates with 21.64%
414,PREV_GOODS_TO_CREDIT_RATIO_MEAN,float64,290073,246133,84.85,43940,15.15,False,6.66,False,1.0,19333,"[(np.float64(1.0), 19333), (np.float64(1.1111111111111112), 3158), (np.float64(1.0555555555555556), 1019)]",290073,1.0,6.66,1.1111111111111112,1.09,"[('1.0', 6.66), ('1.1111111111111112', 1.09), ('1.0555555555555556', 0.35)]",False,Most frequent dominates with 6.66%
415,PREV_HOUR_APPR_PROCESS_START_MAX,float64,291057,24,0.01,291033,99.99,False,12.42,False,16.0,36137,"[(np.float64(16.0), 36137), (np.float64(17.0), 34673), (np.float64(15.0), 34048)]",291057,16.0,12.42,17.0,11.91,"[('16.0', 12.42), ('17.0', 11.91), ('15.0', 11.7)]",False,Most frequent dominates with 12.42%
416,PREV_HOUR_APPR_PROCESS_START_MEAN,float64,291057,2558,0.88,288499,99.12,False,5.13,False,13.0,14943,"[(np.float64(13.0), 14943), (np.float64(12.0), 14654), (np.float64(14.0), 14011)]",291057,13.0,5.13,12.0,5.03,"[('13.0', 5.13), ('12.0', 5.03), ('14.0', 4.81)]",False,Most frequent dominates with 5.13%
417,PREV_NAME_CASH_LOAN_PURPOSE_Building a house or an annex_MEAN,float64,291057,98,0.03,290959,99.97,False,99.45,True,0.0,289453,"[(np.float64(0.0), 289453), (np.float64(0.2), 129), (np.float64(0.1666666666666666), 122)]",291057,0.0,99.45,0.2,0.04,"[('0.0', 99.45), ('0.2', 0.04), ('0.1666666666666666', 0.04)]",True,Appears uniformly dominated
418,PREV_NAME_CASH_LOAN_PURPOSE_Business development_MEAN,float64,291057,48,0.02,291009,99.98,False,99.9,True,0.0,290772,"[(np.float64(0.0), 290772), (np.float64(0.2), 28), (np.float64(0.25), 20)]",291057,0.0,99.9,0.2,0.01,"[('0.0', 99.9), ('0.2', 0.01), ('0.25', 0.01)]",True,Appears uniformly dominated
419,PREV_NAME_CASH_LOAN_PURPOSE_Buying a garage_MEAN,float64,291057,34,0.01,291023,99.99,False,99.97,True,0.0,290972,"[(np.float64(0.0), 290972), (np.float64(0.0833333333333333), 8), (np.float64(0.1666666666666666), 7)]",291057,0.0,99.97,0.0833333333333333,0.0,"[('0.0', 99.97), ('0.0833333333333333', 0.0), ('0.1666666666666666', 0.0)]",True,Appears uniformly dominated
420,PREV_NAME_CASH_LOAN_PURPOSE_Buying a holiday home / land_MEAN,float64,291057,52,0.02,291005,99.98,False,99.89,True,0.0,290737,"[(np.float64(0.0), 290737), (np.float64(0.25), 33), (np.float64(0.2), 26)]",291057,0.0,99.89,0.25,0.01,"[('0.0', 99.89), ('0.25', 0.01), ('0.2', 0.01)]",True,Appears uniformly dominated
421,PREV_NAME_CASH_LOAN_PURPOSE_Buying a home_MEAN,float64,291057,62,0.02,290995,99.98,False,99.83,True,0.0,290568,"[(np.float64(0.0), 290568), (np.float64(0.5), 46), (np.float64(0.3333333333333333), 37)]",291057,0.0,99.83,0.5,0.02,"[('0.0', 99.83), ('0.5', 0.02), ('0.3333333333333333', 0.01)]",True,Appears uniformly dominated
422,PREV_NAME_CASH_LOAN_PURPOSE_Buying a new car_MEAN,float64,291057,71,0.02,290986,99.98,False,99.8,True,0.0,290488,"[(np.float64(0.0), 290488), (np.float64(0.125), 43), (np.float64(0.3333333333333333), 42)]",291057,0.0,99.8,0.125,0.01,"[('0.0', 99.8), ('0.125', 0.01), ('0.3333333333333333', 0.01)]",True,Appears uniformly dominated
423,PREV_NAME_CASH_LOAN_PURPOSE_Buying a used car_MEAN,float64,291057,100,0.03,290957,99.97,False,99.41,True,0.0,289328,"[(np.float64(0.0), 289328), (np.float64(0.25), 140), (np.float64(0.2), 136)]",291057,0.0,99.41,0.25,0.05,"[('0.0', 99.41), ('0.25', 0.05), ('0.2', 0.05)]",True,Appears uniformly dominated
424,PREV_NAME_CASH_LOAN_PURPOSE_Car repairs_MEAN,float64,291057,53,0.02,291004,99.98,False,99.8,True,0.0,290476,"[(np.float64(0.0), 290476), (np.float64(0.25), 53), (np.float64(0.1666666666666666), 52)]",291057,0.0,99.8,0.25,0.02,"[('0.0', 99.8), ('0.25', 0.02), ('0.1666666666666666', 0.02)]",True,Appears uniformly dominated
425,PREV_NAME_CASH_LOAN_PURPOSE_Education_MEAN,float64,291057,67,0.02,290990,99.98,False,99.64,True,0.0,290011,"[(np.float64(0.0), 290011), (np.float64(0.2), 86), (np.float64(0.3333333333333333), 79)]",291057,0.0,99.64,0.2,0.03,"[('0.0', 99.64), ('0.2', 0.03), ('0.3333333333333333', 0.03)]",True,Appears uniformly dominated
426,PREV_NAME_CASH_LOAN_PURPOSE_Everyday expenses_MEAN,float64,291057,74,0.03,290983,99.97,False,99.39,True,0.0,289282,"[(np.float64(0.0), 289282), (np.float64(0.2), 178), (np.float64(0.1428571428571428), 138)]",291057,0.0,99.39,0.2,0.06,"[('0.0', 99.39), ('0.2', 0.06), ('0.1428571428571428', 0.05)]",True,Appears uniformly dominated
427,PREV_NAME_CASH_LOAN_PURPOSE_Furniture_MEAN,float64,291057,56,0.02,291001,99.98,False,99.81,True,0.0,290502,"[(np.float64(0.0), 290502), (np.float64(0.3333333333333333), 54), (np.float64(0.5), 48)]",291057,0.0,99.81,0.3333333333333333,0.02,"[('0.0', 99.81), ('0.3333333333333333', 0.02), ('0.5', 0.02)]",True,Appears uniformly dominated
428,PREV_NAME_CASH_LOAN_PURPOSE_Gasification / water supply_MEAN,float64,291057,42,0.01,291015,99.99,False,99.93,True,0.0,290861,"[(np.float64(0.0), 290861), (np.float64(0.5), 18), (np.float64(0.125), 18)]",291057,0.0,99.93,0.5,0.01,"[('0.0', 99.93), ('0.5', 0.01), ('0.125', 0.01)]",True,Appears uniformly dominated
429,PREV_NAME_CASH_LOAN_PURPOSE_Hobby_MEAN,float64,291057,20,0.01,291037,99.99,False,99.99,True,0.0,291015,"[(np.float64(0.0), 291015), (np.float64(0.1111111111111111), 6), (np.float64(0.1666666666666666), 5)]",291057,0.0,99.99,0.1111111111111111,0.0,"[('0.0', 99.99), ('0.1111111111111111', 0.0), ('0.1666666666666666', 0.0)]",True,Appears uniformly dominated
430,PREV_NAME_CASH_LOAN_PURPOSE_Journey_MEAN,float64,291057,72,0.02,290985,99.98,False,99.72,True,0.0,290232,"[(np.float64(0.0), 290232), (np.float64(0.2), 72), (np.float64(0.25), 66)]",291057,0.0,99.72,0.2,0.02,"[('0.0', 99.72), ('0.2', 0.02), ('0.25', 0.02)]",True,Appears uniformly dominated
431,PREV_NAME_CASH_LOAN_PURPOSE_Medicine_MEAN,float64,291057,82,0.03,290975,99.97,False,99.5,True,0.0,289601,"[(np.float64(0.0), 289601), (np.float64(0.25), 121), (np.float64(0.2), 109)]",291057,0.0,99.5,0.25,0.04,"[('0.0', 99.5), ('0.25', 0.04), ('0.2', 0.04)]",True,Appears uniformly dominated
432,PREV_NAME_CASH_LOAN_PURPOSE_Money for a third person_MEAN,float64,291057,15,0.01,291042,99.99,False,99.99,True,0.0,291034,"[(np.float64(0.0), 291034), (np.float64(0.1428571428571428), 4), (np.float64(0.0714285714285714), 3)]",291057,0.0,99.99,0.1428571428571428,0.0,"[('0.0', 99.99), ('0.1428571428571428', 0.0), ('0.0714285714285714', 0.0)]",True,Appears uniformly dominated
433,PREV_NAME_CASH_LOAN_PURPOSE_Other_MEAN,float64,291057,163,0.06,290894,99.94,False,96.6,True,0.0,281149,"[(np.float64(0.0), 281149), (np.float64(0.2), 835), (np.float64(0.25), 739)]",291057,0.0,96.6,0.2,0.29,"[('0.0', 96.6), ('0.2', 0.29), ('0.25', 0.25)]",False,Most frequent dominates with 96.6%
434,PREV_NAME_CASH_LOAN_PURPOSE_Payments on other loans_MEAN,float64,291057,85,0.03,290972,99.97,False,99.59,True,0.0,289853,"[(np.float64(0.0), 289853), (np.float64(0.1428571428571428), 85), (np.float64(0.1), 79)]",291057,0.0,99.59,0.1428571428571428,0.03,"[('0.0', 99.59), ('0.1428571428571428', 0.03), ('0.1', 0.03)]",True,Appears uniformly dominated
435,PREV_NAME_CASH_LOAN_PURPOSE_Purchase of electronic equipment_MEAN,float64,291057,57,0.02,291000,99.98,False,99.72,True,0.0,290249,"[(np.float64(0.0), 290249), (np.float64(0.2), 70), (np.float64(0.3333333333333333), 70)]",291057,0.0,99.72,0.2,0.02,"[('0.0', 99.72), ('0.2', 0.02), ('0.3333333333333333', 0.02)]",True,Appears uniformly dominated
436,PREV_NAME_CASH_LOAN_PURPOSE_Refusal to name the goal_MEAN,float64,291057,7,0.0,291050,100.0,False,100.0,True,0.0,291046,"[(np.float64(0.0), 291046), (np.float64(0.2), 4), (np.float64(0.0909090909090909), 3)]",291057,0.0,100.0,0.2,0.0,"[('0.0', 100.0), ('0.2', 0.0), ('0.0909090909090909', 0.0)]",True,Appears uniformly dominated
437,PREV_NAME_CASH_LOAN_PURPOSE_Repairs_MEAN,float64,291057,185,0.06,290872,99.94,False,95.24,True,0.0,277205,"[(np.float64(0.0), 277205), (np.float64(0.2), 1126), (np.float64(0.25), 1104)]",291057,0.0,95.24,0.2,0.39,"[('0.0', 95.24), ('0.2', 0.39), ('0.25', 0.38)]",False,Most frequent dominates with 95.24%
438,PREV_NAME_CASH_LOAN_PURPOSE_Urgent needs_MEAN,float64,291057,126,0.04,290931,99.96,False,98.08,True,0.0,285462,"[(np.float64(0.0), 285462), (np.float64(0.2), 462), (np.float64(0.3333333333333333), 442)]",291057,0.0,98.08,0.2,0.16,"[('0.0', 98.08), ('0.2', 0.16), ('0.3333333333333333', 0.15)]",True,Appears uniformly dominated
439,PREV_NAME_CASH_LOAN_PURPOSE_Wedding / gift / holiday_MEAN,float64,291057,57,0.02,291000,99.98,False,99.78,True,0.0,290410,"[(np.float64(0.0), 290410), (np.float64(0.2), 61), (np.float64(0.1666666666666666), 49)]",291057,0.0,99.78,0.2,0.02,"[('0.0', 99.78), ('0.2', 0.02), ('0.1666666666666666', 0.02)]",True,Appears uniformly dominated
440,PREV_NAME_CASH_LOAN_PURPOSE_XAP_MEAN,float64,291057,407,0.14,290650,99.86,False,41.12,False,1.0,119675,"[(np.float64(1.0), 119675), (np.float64(0.5), 29665), (np.float64(0.6666666666666666), 17842)]",291057,1.0,41.12,0.5,10.19,"[('1.0', 41.12), ('0.5', 10.19), ('0.6666666666666666', 6.13)]",False,Most frequent dominates with 41.12%
441,PREV_NAME_CASH_LOAN_PURPOSE_XNA_MEAN,float64,291057,414,0.14,290643,99.86,False,43.52,False,0.0,126662,"[(np.float64(0.0), 126662), (np.float64(0.5), 29204), (np.float64(0.3333333333333333), 18506)]",291057,0.0,43.52,0.5,10.03,"[('0.0', 43.52), ('0.5', 10.03), ('0.3333333333333333', 6.36)]",False,Most frequent dominates with 43.52%
442,PREV_NAME_CASH_LOAN_PURPOSE_nan_MEAN,float64,291057,1,0.0,291056,100.0,True,100.0,True,0.0,291057,"[(np.float64(0.0), 291057)]",291057,0.0,100.0,,,"[('0.0', 100.0)]",True,Appears uniformly dominated
443,PREV_NAME_CLIENT_TYPE_New_MEAN,float64,291057,161,0.06,290896,99.94,False,18.54,False,0.0,53953,"[(np.float64(0.0), 53953), (np.float64(1.0), 51938), (np.float64(0.5), 36254)]",291057,0.0,18.54,1.0,17.84,"[('0.0', 18.54), ('1.0', 17.84), ('0.5', 12.46)]",False,Most frequent dominates with 18.54%
444,PREV_NAME_CLIENT_TYPE_Refreshed_MEAN,float64,291057,168,0.06,290889,99.94,False,73.65,False,0.0,214352,"[(np.float64(0.0), 214352), (np.float64(0.5), 14262), (np.float64(0.3333333333333333), 10724)]",291057,0.0,73.65,0.5,4.9,"[('0.0', 73.65), ('0.5', 4.9), ('0.3333333333333333', 3.68)]",False,Most frequent dominates with 73.65%
445,PREV_NAME_CLIENT_TYPE_Repeater_MEAN,float64,291057,219,0.08,290838,99.92,False,24.2,False,0.0,70447,"[(np.float64(0.0), 70447), (np.float64(0.5), 37664), (np.float64(0.6666666666666666), 28987)]",291057,0.0,24.2,0.5,12.94,"[('0.0', 24.2), ('0.5', 12.94), ('0.6666666666666666', 9.96)]",False,Most frequent dominates with 24.2%
446,PREV_NAME_CLIENT_TYPE_XNA_MEAN,float64,291057,77,0.03,290980,99.97,False,99.63,True,0.0,289968,"[(np.float64(0.0), 289968), (np.float64(0.3333333333333333), 126), (np.float64(0.5), 115)]",291057,0.0,99.63,0.3333333333333333,0.04,"[('0.0', 99.63), ('0.3333333333333333', 0.04), ('0.5', 0.04)]",True,Appears uniformly dominated
447,PREV_NAME_CLIENT_TYPE_nan_MEAN,float64,291057,1,0.0,291056,100.0,True,100.0,True,0.0,291057,"[(np.float64(0.0), 291057)]",291057,0.0,100.0,,,"[('0.0', 100.0)]",True,Appears uniformly dominated
448,PREV_NAME_CONTRACT_STATUS_Approved_MEAN,float64,291057,362,0.12,290695,99.88,False,43.4,False,1.0,126328,"[(np.float64(1.0), 126328), (np.float64(0.5), 30719), (np.float64(0.6666666666666666), 22736)]",291057,1.0,43.4,0.5,10.55,"[('1.0', 43.4), ('0.5', 10.55), ('0.6666666666666666', 7.81)]",False,Most frequent dominates with 43.4%
449,PREV_NAME_CONTRACT_STATUS_Canceled_MEAN,float64,291057,362,0.12,290695,99.88,False,61.96,False,0.0,180331,"[(np.float64(0.0), 180331), (np.float64(0.3333333333333333), 16138), (np.float64(0.5), 14860)]",291057,0.0,61.96,0.3333333333333333,5.54,"[('0.0', 61.96), ('0.3333333333333333', 5.54), ('0.5', 5.11)]",False,Most frequent dominates with 61.96%
450,PREV_NAME_CONTRACT_STATUS_Refused_MEAN,float64,291057,397,0.14,290660,99.86,False,65.54,False,0.0,190763,"[(np.float64(0.0), 190763), (np.float64(0.3333333333333333), 12062), (np.float64(0.5), 11007)]",291057,0.0,65.54,0.3333333333333333,4.14,"[('0.0', 65.54), ('0.3333333333333333', 4.14), ('0.5', 3.78)]",False,Most frequent dominates with 65.54%
451,PREV_NAME_CONTRACT_STATUS_Unused offer_MEAN,float64,291057,118,0.04,290939,99.96,False,93.46,False,0.0,272024,"[(np.float64(0.0), 272024), (np.float64(0.3333333333333333), 2402), (np.float64(0.25), 2304)]",291057,0.0,93.46,0.3333333333333333,0.83,"[('0.0', 93.46), ('0.3333333333333333', 0.83), ('0.25', 0.79)]",False,Most frequent dominates with 93.46%
452,PREV_NAME_CONTRACT_STATUS_nan_MEAN,float64,291057,1,0.0,291056,100.0,True,100.0,True,0.0,291057,"[(np.float64(0.0), 291057)]",291057,0.0,100.0,,,"[('0.0', 100.0)]",True,Appears uniformly dominated
453,PREV_NAME_CONTRACT_TYPE_Cash loans_MEAN,float64,291057,407,0.14,290650,99.86,False,41.12,False,0.0,119675,"[(np.float64(0.0), 119675), (np.float64(0.5), 29665), (np.float64(0.3333333333333333), 17842)]",291057,0.0,41.12,0.5,10.19,"[('0.0', 41.12), ('0.5', 10.19), ('0.3333333333333333', 6.13)]",False,Most frequent dominates with 41.12%
454,PREV_NAME_CONTRACT_TYPE_Consumer loans_MEAN,float64,291057,377,0.13,290680,99.87,False,32.86,False,1.0,95654,"[(np.float64(1.0), 95654), (np.float64(0.5), 33010), (np.float64(0.0), 22034)]",291057,1.0,32.86,0.5,11.34,"[('1.0', 32.86), ('0.5', 11.34), ('0.0', 7.57)]",False,Most frequent dominates with 32.86%
455,PREV_NAME_CONTRACT_TYPE_Revolving loans_MEAN,float64,291057,278,0.1,290779,99.9,False,64.25,False,0.0,186998,"[(np.float64(0.0), 186998), (np.float64(0.3333333333333333), 13135), (np.float64(0.25), 12188)]",291057,0.0,64.25,0.3333333333333333,4.51,"[('0.0', 64.25), ('0.3333333333333333', 4.51), ('0.25', 4.19)]",False,Most frequent dominates with 64.25%
456,PREV_NAME_CONTRACT_TYPE_XNA_MEAN,float64,291057,40,0.01,291017,99.99,False,99.9,True,0.0,290773,"[(np.float64(0.0), 290773), (np.float64(0.3333333333333333), 29), (np.float64(0.1666666666666666), 25)]",291057,0.0,99.9,0.3333333333333333,0.01,"[('0.0', 99.9), ('0.3333333333333333', 0.01), ('0.1666666666666666', 0.01)]",True,Appears uniformly dominated
457,PREV_NAME_CONTRACT_TYPE_nan_MEAN,float64,291057,1,0.0,291056,100.0,True,100.0,True,0.0,291057,"[(np.float64(0.0), 291057)]",291057,0.0,100.0,,,"[('0.0', 100.0)]",True,Appears uniformly dominated
458,PREV_NAME_GOODS_CATEGORY_Additional Service_MEAN,float64,291057,21,0.01,291036,99.99,False,99.97,True,0.0,290957,"[(np.float64(0.0), 290957), (np.float64(0.25), 17), (np.float64(0.2), 14)]",291057,0.0,99.97,0.25,0.01,"[('0.0', 99.97), ('0.25', 0.01), ('0.2', 0.0)]",True,Appears uniformly dominated
459,PREV_NAME_GOODS_CATEGORY_Animals_MEAN,float64,291057,2,0.0,291055,100.0,False,100.0,True,0.0,291056,"[(np.float64(0.0), 291056), (np.float64(0.3333333333333333), 1)]",291057,0.0,100.0,0.3333333333333333,0.0,"[('0.0', 100.0), ('0.3333333333333333', 0.0)]",True,Appears uniformly dominated
460,PREV_NAME_GOODS_CATEGORY_Audio/Video_MEAN,float64,291057,182,0.06,290875,99.94,False,76.51,False,0.0,222680,"[(np.float64(0.0), 222680), (np.float64(0.5), 9093), (np.float64(0.3333333333333333), 8991)]",291057,0.0,76.51,0.5,3.12,"[('0.0', 76.51), ('0.5', 3.12), ('0.3333333333333333', 3.09)]",False,Most frequent dominates with 76.51%
461,PREV_NAME_GOODS_CATEGORY_Auto Accessories_MEAN,float64,291057,84,0.03,290973,99.97,False,98.17,True,0.0,285728,"[(np.float64(0.0), 285728), (np.float64(0.5), 687), (np.float64(0.3333333333333333), 630)]",291057,0.0,98.17,0.5,0.24,"[('0.0', 98.17), ('0.5', 0.24), ('0.3333333333333333', 0.22)]",True,Appears uniformly dominated
462,PREV_NAME_GOODS_CATEGORY_Clothing and Accessories_MEAN,float64,291057,126,0.04,290931,99.96,False,94.27,False,0.0,274365,"[(np.float64(0.0), 274365), (np.float64(1.0), 2519), (np.float64(0.5), 2315)]",291057,0.0,94.27,1.0,0.87,"[('0.0', 94.27), ('1.0', 0.87), ('0.5', 0.8)]",False,Most frequent dominates with 94.27%
463,PREV_NAME_GOODS_CATEGORY_Computers_MEAN,float64,291057,193,0.07,290864,99.93,False,75.91,False,0.0,220947,"[(np.float64(0.0), 220947), (np.float64(0.5), 9656), (np.float64(0.3333333333333333), 9319)]",291057,0.0,75.91,0.5,3.32,"[('0.0', 75.91), ('0.5', 3.32), ('0.3333333333333333', 3.2)]",False,Most frequent dominates with 75.91%
464,PREV_NAME_GOODS_CATEGORY_Construction Materials_MEAN,float64,291057,117,0.04,290940,99.96,False,93.86,False,0.0,273199,"[(np.float64(0.0), 273199), (np.float64(1.0), 2414), (np.float64(0.5), 2343)]",291057,0.0,93.86,1.0,0.83,"[('0.0', 93.86), ('1.0', 0.83), ('0.5', 0.8)]",False,Most frequent dominates with 93.86%
465,PREV_NAME_GOODS_CATEGORY_Consumer Electronics_MEAN,float64,291057,183,0.06,290874,99.94,False,72.46,False,0.0,210886,"[(np.float64(0.0), 210886), (np.float64(0.5), 11032), (np.float64(0.3333333333333333), 10431)]",291057,0.0,72.46,0.5,3.79,"[('0.0', 72.46), ('0.5', 3.79), ('0.3333333333333333', 3.58)]",False,Most frequent dominates with 72.46%
466,PREV_NAME_GOODS_CATEGORY_Direct Sales_MEAN,float64,291057,29,0.01,291028,99.99,False,99.9,True,0.0,290765,"[(np.float64(0.0), 290765), (np.float64(1.0), 51), (np.float64(0.5), 45)]",291057,0.0,99.9,1.0,0.02,"[('0.0', 99.9), ('1.0', 0.02), ('0.5', 0.02)]",True,Appears uniformly dominated
467,PREV_NAME_GOODS_CATEGORY_Education_MEAN,float64,291057,20,0.01,291037,99.99,False,99.97,True,0.0,290978,"[(np.float64(0.0), 290978), (np.float64(1.0), 30), (np.float64(0.5), 10)]",291057,0.0,99.97,1.0,0.01,"[('0.0', 99.97), ('1.0', 0.01), ('0.5', 0.0)]",True,Appears uniformly dominated
468,PREV_NAME_GOODS_CATEGORY_Fitness_MEAN,float64,291057,23,0.01,291034,99.99,False,99.95,True,0.0,290905,"[(np.float64(0.0), 290905), (np.float64(1.0), 49), (np.float64(0.5), 32)]",291057,0.0,99.95,1.0,0.02,"[('0.0', 99.95), ('1.0', 0.02), ('0.5', 0.01)]",True,Appears uniformly dominated
469,PREV_NAME_GOODS_CATEGORY_Furniture_MEAN,float64,291057,130,0.04,290927,99.96,False,87.28,False,0.0,254036,"[(np.float64(0.0), 254036), (np.float64(0.5), 5081), (np.float64(1.0), 5019)]",291057,0.0,87.28,0.5,1.75,"[('0.0', 87.28), ('0.5', 1.75), ('1.0', 1.72)]",False,Most frequent dominates with 87.28%
470,PREV_NAME_GOODS_CATEGORY_Gardening_MEAN,float64,291057,53,0.02,291004,99.98,False,99.28,True,0.0,288948,"[(np.float64(0.0), 288948), (np.float64(1.0), 268), (np.float64(0.3333333333333333), 258)]",291057,0.0,99.28,1.0,0.09,"[('0.0', 99.28), ('1.0', 0.09), ('0.3333333333333333', 0.09)]",True,Appears uniformly dominated
471,PREV_NAME_GOODS_CATEGORY_Homewares_MEAN,float64,291057,68,0.02,290989,99.98,False,98.67,True,0.0,287195,"[(np.float64(0.0), 287195), (np.float64(1.0), 651), (np.float64(0.5), 478)]",291057,0.0,98.67,1.0,0.22,"[('0.0', 98.67), ('1.0', 0.22), ('0.5', 0.16)]",True,Appears uniformly dominated
472,PREV_NAME_GOODS_CATEGORY_House Construction_MEAN,float64,291057,1,0.0,291056,100.0,True,100.0,True,0.0,291057,"[(np.float64(0.0), 291057)]",291057,0.0,100.0,,,"[('0.0', 100.0)]",True,Appears uniformly dominated
473,PREV_NAME_GOODS_CATEGORY_Insurance_MEAN,float64,291057,20,0.01,291037,99.99,False,99.98,True,0.0,291009,"[(np.float64(0.0), 291009), (np.float64(0.2), 6), (np.float64(0.3333333333333333), 5)]",291057,0.0,99.98,0.2,0.0,"[('0.0', 99.98), ('0.2', 0.0), ('0.3333333333333333', 0.0)]",True,Appears uniformly dominated
474,PREV_NAME_GOODS_CATEGORY_Jewelry_MEAN,float64,291057,81,0.03,290976,99.97,False,98.48,True,0.0,286642,"[(np.float64(0.0), 286642), (np.float64(0.5), 551), (np.float64(0.3333333333333333), 520)]",291057,0.0,98.48,0.5,0.19,"[('0.0', 98.48), ('0.5', 0.19), ('0.3333333333333333', 0.18)]",True,Appears uniformly dominated
475,PREV_NAME_GOODS_CATEGORY_Medical Supplies_MEAN,float64,291057,62,0.02,290995,99.98,False,99.02,True,0.0,288192,"[(np.float64(0.0), 288192), (np.float64(1.0), 660), (np.float64(0.5), 427)]",291057,0.0,99.02,1.0,0.23,"[('0.0', 99.02), ('1.0', 0.23), ('0.5', 0.15)]",True,Appears uniformly dominated
476,PREV_NAME_GOODS_CATEGORY_Medicine_MEAN,float64,291057,37,0.01,291020,99.99,False,99.59,True,0.0,289858,"[(np.float64(0.0), 289858), (np.float64(1.0), 279), (np.float64(0.5), 175)]",291057,0.0,99.59,1.0,0.1,"[('0.0', 99.59), ('1.0', 0.1), ('0.5', 0.06)]",True,Appears uniformly dominated
477,PREV_NAME_GOODS_CATEGORY_Mobile_MEAN,float64,291057,232,0.08,290825,99.92,False,57.41,False,0.0,167106,"[(np.float64(0.0), 167106), (np.float64(0.5), 18504), (np.float64(1.0), 17419)]",291057,0.0,57.41,0.5,6.36,"[('0.0', 57.41), ('0.5', 6.36), ('1.0', 5.98)]",False,Most frequent dominates with 57.41%
478,PREV_NAME_GOODS_CATEGORY_Office Appliances_MEAN,float64,291057,55,0.02,291002,99.98,False,99.36,True,0.0,289208,"[(np.float64(0.0), 289208), (np.float64(0.3333333333333333), 223), (np.float64(0.5), 200)]",291057,0.0,99.36,0.3333333333333333,0.08,"[('0.0', 99.36), ('0.3333333333333333', 0.08), ('0.5', 0.07)]",True,Appears uniformly dominated
479,PREV_NAME_GOODS_CATEGORY_Other_MEAN,float64,291057,47,0.02,291010,99.98,False,99.24,True,0.0,288832,"[(np.float64(0.0), 288832), (np.float64(0.25), 263), (np.float64(0.2), 253)]",291057,0.0,99.24,0.25,0.09,"[('0.0', 99.24), ('0.25', 0.09), ('0.2', 0.09)]",True,Appears uniformly dominated
480,PREV_NAME_GOODS_CATEGORY_Photo / Cinema Equipment_MEAN,float64,291057,108,0.04,290949,99.96,False,93.36,False,0.0,271729,"[(np.float64(0.0), 271729), (np.float64(0.3333333333333333), 2338), (np.float64(0.25), 2318)]",291057,0.0,93.36,0.3333333333333333,0.8,"[('0.0', 93.36), ('0.3333333333333333', 0.8), ('0.25', 0.8)]",False,Most frequent dominates with 93.36%
481,PREV_NAME_GOODS_CATEGORY_Sport and Leisure_MEAN,float64,291057,54,0.02,291003,99.98,False,99.18,True,0.0,288681,"[(np.float64(0.0), 288681), (np.float64(0.3333333333333333), 283), (np.float64(0.5), 276)]",291057,0.0,99.18,0.3333333333333333,0.1,"[('0.0', 99.18), ('0.3333333333333333', 0.1), ('0.5', 0.09)]",True,Appears uniformly dominated
482,PREV_NAME_GOODS_CATEGORY_Tourism_MEAN,float64,291057,55,0.02,291002,99.98,False,99.65,True,0.0,290027,"[(np.float64(0.0), 290027), (np.float64(1.0), 243), (np.float64(0.5), 135)]",291057,0.0,99.65,1.0,0.08,"[('0.0', 99.65), ('1.0', 0.08), ('0.5', 0.05)]",True,Appears uniformly dominated
483,PREV_NAME_GOODS_CATEGORY_Vehicles_MEAN,float64,291057,54,0.02,291003,99.98,False,99.11,True,0.0,288471,"[(np.float64(0.0), 288471), (np.float64(1.0), 357), (np.float64(0.5), 348)]",291057,0.0,99.11,1.0,0.12,"[('0.0', 99.11), ('1.0', 0.12), ('0.5', 0.12)]",True,Appears uniformly dominated
484,PREV_NAME_GOODS_CATEGORY_Weapon_MEAN,float64,291057,20,0.01,291037,99.99,False,99.98,True,0.0,290999,"[(np.float64(0.0), 290999), (np.float64(0.2), 9), (np.float64(0.5), 8)]",291057,0.0,99.98,0.2,0.0,"[('0.0', 99.98), ('0.2', 0.0), ('0.5', 0.0)]",True,Appears uniformly dominated
485,PREV_NAME_GOODS_CATEGORY_XNA_MEAN,float64,291057,374,0.13,290683,99.87,False,32.45,False,0.0,94441,"[(np.float64(0.0), 94441), (np.float64(0.5), 33189), (np.float64(1.0), 22516)]",291057,0.0,32.45,0.5,11.4,"[('0.0', 32.45), ('0.5', 11.4), ('1.0', 7.74)]",False,Most frequent dominates with 32.45%
486,PREV_NAME_GOODS_CATEGORY_nan_MEAN,float64,291057,1,0.0,291056,100.0,True,100.0,True,0.0,291057,"[(np.float64(0.0), 291057)]",291057,0.0,100.0,,,"[('0.0', 100.0)]",True,Appears uniformly dominated
487,PREV_NAME_PAYMENT_TYPE_Cash through the bank_MEAN,float64,291057,423,0.15,290634,99.85,False,34.6,False,1.0,100717,"[(np.float64(1.0), 100717), (np.float64(0.5), 35137), (np.float64(0.6666666666666666), 23330)]",291057,1.0,34.6,0.5,12.07,"[('1.0', 34.6), ('0.5', 12.07), ('0.6666666666666666', 8.02)]",False,Most frequent dominates with 34.6%
488,PREV_NAME_PAYMENT_TYPE_Cashless from the account of the employer_MEAN,float64,291057,52,0.02,291005,99.98,False,99.71,True,0.0,290200,"[(np.float64(0.0), 290200), (np.float64(0.25), 86), (np.float64(0.1666666666666666), 84)]",291057,0.0,99.71,0.25,0.03,"[('0.0', 99.71), ('0.25', 0.03), ('0.1666666666666666', 0.03)]",True,Appears uniformly dominated
489,PREV_NAME_PAYMENT_TYPE_Non-cash from your account_MEAN,float64,291057,98,0.03,290959,99.97,False,98.03,True,0.0,285333,"[(np.float64(0.0), 285333), (np.float64(0.3333333333333333), 692), (np.float64(0.5), 664)]",291057,0.0,98.03,0.3333333333333333,0.24,"[('0.0', 98.03), ('0.3333333333333333', 0.24), ('0.5', 0.23)]",True,Appears uniformly dominated
490,PREV_NAME_PAYMENT_TYPE_XNA_MEAN,float64,291057,412,0.14,290645,99.86,False,35.29,False,0.0,102726,"[(np.float64(0.0), 102726), (np.float64(0.5), 34721), (np.float64(0.3333333333333333), 23338)]",291057,0.0,35.29,0.5,11.93,"[('0.0', 35.29), ('0.5', 11.93), ('0.3333333333333333', 8.02)]",False,Most frequent dominates with 35.29%
491,PREV_NAME_PAYMENT_TYPE_nan_MEAN,float64,291057,1,0.0,291056,100.0,True,100.0,True,0.0,291057,"[(np.float64(0.0), 291057)]",291057,0.0,100.0,,,"[('0.0', 100.0)]",True,Appears uniformly dominated
492,PREV_NAME_PORTFOLIO_Cards_MEAN,float64,291057,226,0.08,290831,99.92,False,66.43,False,0.0,193341,"[(np.float64(0.0), 193341), (np.float64(0.25), 12545), (np.float64(0.3333333333333333), 12159)]",291057,0.0,66.43,0.25,4.31,"[('0.0', 66.43), ('0.25', 4.31), ('0.3333333333333333', 4.18)]",False,Most frequent dominates with 66.43%
493,PREV_NAME_PORTFOLIO_Cars_MEAN,float64,291057,34,0.01,291023,99.99,False,99.9,True,0.0,290760,"[(np.float64(0.0), 290760), (np.float64(0.5), 43), (np.float64(0.3333333333333333), 40)]",291057,0.0,99.9,0.5,0.01,"[('0.0', 99.9), ('0.5', 0.01), ('0.3333333333333333', 0.01)]",True,Appears uniformly dominated
494,PREV_NAME_PORTFOLIO_Cash_MEAN,float64,291057,414,0.14,290643,99.86,False,48.74,False,0.0,141856,"[(np.float64(0.0), 141856), (np.float64(0.5), 21675), (np.float64(0.3333333333333333), 19895)]",291057,0.0,48.74,0.5,7.45,"[('0.0', 48.74), ('0.5', 7.45), ('0.3333333333333333', 6.84)]",False,Most frequent dominates with 48.74%
495,PREV_NAME_PORTFOLIO_POS_MEAN,float64,291057,364,0.13,290693,99.87,False,30.32,False,1.0,88238,"[(np.float64(1.0), 88238), (np.float64(0.5), 35197), (np.float64(0.0), 23107)]",291057,1.0,30.32,0.5,12.09,"[('1.0', 30.32), ('0.5', 12.09), ('0.0', 7.94)]",False,Most frequent dominates with 30.32%
496,PREV_NAME_PORTFOLIO_XNA_MEAN,float64,291057,390,0.13,290667,99.87,False,56.15,False,0.0,163434,"[(np.float64(0.0), 163434), (np.float64(0.3333333333333333), 19162), (np.float64(0.5), 18864)]",291057,0.0,56.15,0.3333333333333333,6.58,"[('0.0', 56.15), ('0.3333333333333333', 6.58), ('0.5', 6.48)]",False,Most frequent dominates with 56.15%
497,PREV_NAME_PORTFOLIO_nan_MEAN,float64,291057,1,0.0,291056,100.0,True,100.0,True,0.0,291057,"[(np.float64(0.0), 291057)]",291057,0.0,100.0,,,"[('0.0', 100.0)]",True,Appears uniformly dominated
498,PREV_NAME_PRODUCT_TYPE_XNA_MEAN,float64,291057,421,0.14,290636,99.86,False,38.48,False,1.0,112009,"[(np.float64(1.0), 112009), (np.float64(0.5), 31275), (np.float64(0.6666666666666666), 23629)]",291057,1.0,38.48,0.5,10.75,"[('1.0', 38.48), ('0.5', 10.75), ('0.6666666666666666', 8.12)]",False,Most frequent dominates with 38.48%
499,PREV_NAME_PRODUCT_TYPE_nan_MEAN,float64,291057,1,0.0,291056,100.0,True,100.0,True,0.0,291057,"[(np.float64(0.0), 291057)]",291057,0.0,100.0,,,"[('0.0', 100.0)]",True,Appears uniformly dominated
500,PREV_NAME_PRODUCT_TYPE_walk-in_MEAN,float64,291057,333,0.11,290724,99.89,False,75.03,False,0.0,218394,"[(np.float64(0.0), 218394), (np.float64(0.5), 8388), (np.float64(0.3333333333333333), 8317)]",291057,0.0,75.03,0.5,2.88,"[('0.0', 75.03), ('0.5', 2.88), ('0.3333333333333333', 2.86)]",False,Most frequent dominates with 75.03%
501,PREV_NAME_PRODUCT_TYPE_x-sell_MEAN,float64,291057,394,0.14,290663,99.86,False,48.02,False,0.0,139770,"[(np.float64(0.0), 139770), (np.float64(0.5), 23373), (np.float64(0.3333333333333333), 21345)]",291057,0.0,48.02,0.5,8.03,"[('0.0', 48.02), ('0.5', 8.03), ('0.3333333333333333', 7.33)]",False,Most frequent dominates with 48.02%
502,PREV_NAME_SELLER_INDUSTRY_Auto technology_MEAN,float64,291057,68,0.02,290989,99.98,False,98.78,True,0.0,287504,"[(np.float64(0.0), 287504), (np.float64(1.0), 540), (np.float64(0.5), 519)]",291057,0.0,98.78,1.0,0.19,"[('0.0', 98.78), ('1.0', 0.19), ('0.5', 0.18)]",True,Appears uniformly dominated
503,PREV_NAME_SELLER_INDUSTRY_Clothing_MEAN,float64,291057,125,0.04,290932,99.96,False,94.28,False,0.0,274407,"[(np.float64(0.0), 274407), (np.float64(1.0), 2542), (np.float64(0.5), 2260)]",291057,0.0,94.28,1.0,0.87,"[('0.0', 94.28), ('1.0', 0.87), ('0.5', 0.78)]",False,Most frequent dominates with 94.28%
504,PREV_NAME_SELLER_INDUSTRY_Connectivity_MEAN,float64,291057,285,0.1,290772,99.9,False,53.43,False,0.0,155523,"[(np.float64(0.0), 155523), (np.float64(1.0), 22878), (np.float64(0.5), 20199)]",291057,0.0,53.43,1.0,7.86,"[('0.0', 53.43), ('1.0', 7.86), ('0.5', 6.94)]",False,Most frequent dominates with 53.43%
505,PREV_NAME_SELLER_INDUSTRY_Construction_MEAN,float64,291057,117,0.04,290940,99.96,False,92.88,False,0.0,270324,"[(np.float64(0.0), 270324), (np.float64(1.0), 3015), (np.float64(0.5), 2781)]",291057,0.0,92.88,1.0,1.04,"[('0.0', 92.88), ('1.0', 1.04), ('0.5', 0.96)]",False,Most frequent dominates with 92.88%
506,PREV_NAME_SELLER_INDUSTRY_Consumer electronics_MEAN,float64,291057,326,0.11,290731,99.89,False,37.91,False,0.0,110341,"[(np.float64(0.0), 110341), (np.float64(1.0), 35429), (np.float64(0.5), 27506)]",291057,0.0,37.91,1.0,12.17,"[('0.0', 37.91), ('1.0', 12.17), ('0.5', 9.45)]",False,Most frequent dominates with 37.91%
507,PREV_NAME_SELLER_INDUSTRY_Furniture_MEAN,float64,291057,142,0.05,290915,99.95,False,86.71,False,0.0,252385,"[(np.float64(0.0), 252385), (np.float64(1.0), 5484), (np.float64(0.5), 5328)]",291057,0.0,86.71,1.0,1.88,"[('0.0', 86.71), ('1.0', 1.88), ('0.5', 1.83)]",False,Most frequent dominates with 86.71%
508,PREV_NAME_SELLER_INDUSTRY_Industry_MEAN,float64,291057,110,0.04,290947,99.96,False,95.11,True,0.0,276824,"[(np.float64(0.0), 276824), (np.float64(1.0), 2051), (np.float64(0.5), 1791)]",291057,0.0,95.11,1.0,0.7,"[('0.0', 95.11), ('1.0', 0.7), ('0.5', 0.62)]",False,Most frequent dominates with 95.11%
509,PREV_NAME_SELLER_INDUSTRY_Jewelry_MEAN,float64,291057,50,0.02,291007,99.98,False,99.35,True,0.0,289168,"[(np.float64(0.0), 289168), (np.float64(0.3333333333333333), 268), (np.float64(0.5), 263)]",291057,0.0,99.35,0.3333333333333333,0.09,"[('0.0', 99.35), ('0.3333333333333333', 0.09), ('0.5', 0.09)]",True,Appears uniformly dominated
510,PREV_NAME_SELLER_INDUSTRY_MLM partners_MEAN,float64,291057,60,0.02,290997,99.98,False,99.77,True,0.0,290379,"[(np.float64(0.0), 290379), (np.float64(1.0), 114), (np.float64(0.5), 113)]",291057,0.0,99.77,1.0,0.04,"[('0.0', 99.77), ('1.0', 0.04), ('0.5', 0.04)]",True,Appears uniformly dominated
511,PREV_NAME_SELLER_INDUSTRY_Tourism_MEAN,float64,291057,30,0.01,291027,99.99,False,99.88,True,0.0,290719,"[(np.float64(0.0), 290719), (np.float64(0.5), 56), (np.float64(0.3333333333333333), 52)]",291057,0.0,99.88,0.5,0.02,"[('0.0', 99.88), ('0.5', 0.02), ('0.3333333333333333', 0.02)]",True,Appears uniformly dominated
512,PREV_NAME_SELLER_INDUSTRY_XNA_MEAN,float64,291057,385,0.13,290672,99.87,False,38.8,False,0.0,112927,"[(np.float64(0.0), 112927), (np.float64(0.5), 28881), (np.float64(0.6666666666666666), 17310)]",291057,0.0,38.8,0.5,9.92,"[('0.0', 38.8), ('0.5', 9.92), ('0.6666666666666666', 5.95)]",False,Most frequent dominates with 38.8%
513,PREV_NAME_SELLER_INDUSTRY_nan_MEAN,float64,291057,1,0.0,291056,100.0,True,100.0,True,0.0,291057,"[(np.float64(0.0), 291057)]",291057,0.0,100.0,,,"[('0.0', 100.0)]",True,Appears uniformly dominated
514,PREV_NAME_TYPE_SUITE_Children_MEAN,float64,291057,126,0.04,290931,99.96,False,92.47,False,0.0,269136,"[(np.float64(0.0), 269136), (np.float64(0.3333333333333333), 2514), (np.float64(0.25), 2419)]",291057,0.0,92.47,0.3333333333333333,0.86,"[('0.0', 92.47), ('0.3333333333333333', 0.86), ('0.25', 0.83)]",False,Most frequent dominates with 92.47%
515,PREV_NAME_TYPE_SUITE_Family_MEAN,float64,291057,280,0.1,290777,99.9,False,60.93,False,0.0,177332,"[(np.float64(0.0), 177332), (np.float64(0.5), 15826), (np.float64(0.3333333333333333), 14347)]",291057,0.0,60.93,0.5,5.44,"[('0.0', 60.93), ('0.5', 5.44), ('0.3333333333333333', 4.93)]",False,Most frequent dominates with 60.93%
516,PREV_NAME_TYPE_SUITE_Group of people_MEAN,float64,291057,51,0.02,291006,99.98,False,99.38,True,0.0,289261,"[(np.float64(0.0), 289261), (np.float64(0.25), 184), (np.float64(0.2), 183)]",291057,0.0,99.38,0.25,0.06,"[('0.0', 99.38), ('0.25', 0.06), ('0.2', 0.06)]",True,Appears uniformly dominated
517,PREV_NAME_TYPE_SUITE_Other_A_MEAN,float64,291057,73,0.03,290984,99.97,False,97.64,True,0.0,284202,"[(np.float64(0.0), 284202), (np.float64(0.3333333333333333), 812), (np.float64(0.25), 767)]",291057,0.0,97.64,0.3333333333333333,0.28,"[('0.0', 97.64), ('0.3333333333333333', 0.28), ('0.25', 0.26)]",False,Most frequent dominates with 97.64%
518,PREV_NAME_TYPE_SUITE_Other_B_MEAN,float64,291057,104,0.04,290953,99.96,False,95.57,True,0.0,278153,"[(np.float64(0.0), 278153), (np.float64(0.3333333333333333), 1525), (np.float64(0.25), 1492)]",291057,0.0,95.57,0.3333333333333333,0.52,"[('0.0', 95.57), ('0.3333333333333333', 0.52), ('0.25', 0.51)]",False,Most frequent dominates with 95.57%
519,"PREV_NAME_TYPE_SUITE_Spouse, partner_MEAN",float64,291057,166,0.06,290891,99.94,False,85.33,False,0.0,248352,"[(np.float64(0.0), 248352), (np.float64(0.3333333333333333), 5416), (np.float64(0.5), 5247)]",291057,0.0,85.33,0.3333333333333333,1.86,"[('0.0', 85.33), ('0.3333333333333333', 1.86), ('0.5', 1.8)]",False,Most frequent dominates with 85.33%
520,PREV_NAME_TYPE_SUITE_Unaccompanied_MEAN,float64,291057,389,0.13,290668,99.87,False,37.04,False,0.0,107808,"[(np.float64(0.0), 107808), (np.float64(0.5), 30310), (np.float64(0.3333333333333333), 23825)]",291057,0.0,37.04,0.5,10.41,"[('0.0', 37.04), ('0.5', 10.41), ('0.3333333333333333', 8.19)]",False,Most frequent dominates with 37.04%
521,PREV_NAME_TYPE_SUITE_nan_MEAN,float64,291057,403,0.14,290654,99.86,False,19.5,False,0.0,56752,"[(np.float64(0.0), 56752), (np.float64(1.0), 45467), (np.float64(0.5), 42557)]",291057,0.0,19.5,1.0,15.62,"[('0.0', 19.5), ('1.0', 15.62), ('0.5', 14.62)]",False,Most frequent dominates with 19.5%
522,PREV_NAME_YIELD_GROUP_XNA_MEAN,float64,291057,411,0.14,290646,99.86,False,43.09,False,0.0,125426,"[(np.float64(0.0), 125426), (np.float64(0.5), 30251), (np.float64(0.3333333333333333), 24466)]",291057,0.0,43.09,0.5,10.39,"[('0.0', 43.09), ('0.5', 10.39), ('0.3333333333333333', 8.41)]",False,Most frequent dominates with 43.09%
523,PREV_NAME_YIELD_GROUP_high_MEAN,float64,291057,341,0.12,290716,99.88,False,43.71,False,0.0,127221,"[(np.float64(0.0), 127221), (np.float64(0.5), 25470), (np.float64(0.3333333333333333), 20478)]",291057,0.0,43.71,0.5,8.75,"[('0.0', 43.71), ('0.5', 8.75), ('0.3333333333333333', 7.04)]",False,Most frequent dominates with 43.71%
524,PREV_NAME_YIELD_GROUP_low_action_MEAN,float64,291057,230,0.08,290827,99.92,False,80.24,False,0.0,233541,"[(np.float64(0.0), 233541), (np.float64(0.5), 7344), (np.float64(0.3333333333333333), 7033)]",291057,0.0,80.24,0.5,2.52,"[('0.0', 80.24), ('0.5', 2.52), ('0.3333333333333333', 2.42)]",False,Most frequent dominates with 80.24%
525,PREV_NAME_YIELD_GROUP_low_normal_MEAN,float64,291057,326,0.11,290731,99.89,False,46.48,False,0.0,135269,"[(np.float64(0.0), 135269), (np.float64(0.5), 22056), (np.float64(0.3333333333333333), 20411)]",291057,0.0,46.48,0.5,7.58,"[('0.0', 46.48), ('0.5', 7.58), ('0.3333333333333333', 7.01)]",False,Most frequent dominates with 46.48%
526,PREV_NAME_YIELD_GROUP_middle_MEAN,float64,291057,329,0.11,290728,99.89,False,39.36,False,0.0,114556,"[(np.float64(0.0), 114556), (np.float64(0.5), 27563), (np.float64(0.3333333333333333), 23353)]",291057,0.0,39.36,0.5,9.47,"[('0.0', 39.36), ('0.5', 9.47), ('0.3333333333333333', 8.02)]",False,Most frequent dominates with 39.36%
527,PREV_NAME_YIELD_GROUP_nan_MEAN,float64,291057,1,0.0,291056,100.0,True,100.0,True,0.0,291057,"[(np.float64(0.0), 291057)]",291057,0.0,100.0,,,"[('0.0', 100.0)]",True,Appears uniformly dominated
528,PREV_PRODUCT_COMBINATION_Card Street_MEAN,float64,291057,248,0.09,290809,99.91,False,77.51,False,0.0,225601,"[(np.float64(0.0), 225601), (np.float64(0.3333333333333333), 8155), (np.float64(0.25), 7487)]",291057,0.0,77.51,0.3333333333333333,2.8,"[('0.0', 77.51), ('0.3333333333333333', 2.8), ('0.25', 2.57)]",False,Most frequent dominates with 77.51%
529,PREV_PRODUCT_COMBINATION_Card X-Sell_MEAN,float64,291057,181,0.06,290876,99.94,False,80.15,False,0.0,233273,"[(np.float64(0.0), 233273), (np.float64(0.25), 7372), (np.float64(0.2), 7267)]",291057,0.0,80.15,0.25,2.53,"[('0.0', 80.15), ('0.25', 2.53), ('0.2', 2.5)]",False,Most frequent dominates with 80.15%
530,PREV_PRODUCT_COMBINATION_Cash Street: high_MEAN,float64,291057,247,0.08,290810,99.92,False,88.6,False,0.0,257872,"[(np.float64(0.0), 257872), (np.float64(0.3333333333333333), 3240), (np.float64(0.25), 3018)]",291057,0.0,88.6,0.3333333333333333,1.11,"[('0.0', 88.6), ('0.3333333333333333', 1.11), ('0.25', 1.04)]",False,Most frequent dominates with 88.6%
531,PREV_PRODUCT_COMBINATION_Cash Street: low_MEAN,float64,291057,237,0.08,290820,99.92,False,94.29,False,0.0,274439,"[(np.float64(0.0), 274439), (np.float64(0.25), 1343), (np.float64(0.2), 1276)]",291057,0.0,94.29,0.25,0.46,"[('0.0', 94.29), ('0.25', 0.46), ('0.2', 0.44)]",False,Most frequent dominates with 94.29%
532,PREV_PRODUCT_COMBINATION_Cash Street: middle_MEAN,float64,291057,210,0.07,290847,99.93,False,92.93,False,0.0,270466,"[(np.float64(0.0), 270466), (np.float64(0.25), 1779), (np.float64(0.2), 1779)]",291057,0.0,92.93,0.25,0.61,"[('0.0', 92.93), ('0.25', 0.61), ('0.2', 0.61)]",False,Most frequent dominates with 92.93%
533,PREV_PRODUCT_COMBINATION_Cash X-Sell: high_MEAN,float64,291057,205,0.07,290852,99.93,False,87.77,False,0.0,255461,"[(np.float64(0.0), 255461), (np.float64(0.25), 3965), (np.float64(0.3333333333333333), 3830)]",291057,0.0,87.77,0.25,1.36,"[('0.0', 87.77), ('0.25', 1.36), ('0.3333333333333333', 1.32)]",False,Most frequent dominates with 87.77%
534,PREV_PRODUCT_COMBINATION_Cash X-Sell: low_MEAN,float64,291057,284,0.1,290773,99.9,False,77.39,False,0.0,225263,"[(np.float64(0.0), 225263), (np.float64(0.25), 7879), (np.float64(0.2), 7485)]",291057,0.0,77.39,0.25,2.71,"[('0.0', 77.39), ('0.25', 2.71), ('0.2', 2.57)]",False,Most frequent dominates with 77.39%
535,PREV_PRODUCT_COMBINATION_Cash X-Sell: middle_MEAN,float64,291057,263,0.09,290794,99.91,False,75.52,False,0.0,219802,"[(np.float64(0.0), 219802), (np.float64(0.25), 8320), (np.float64(0.3333333333333333), 8234)]",291057,0.0,75.52,0.25,2.86,"[('0.0', 75.52), ('0.25', 2.86), ('0.3333333333333333', 2.83)]",False,Most frequent dominates with 75.52%
536,PREV_PRODUCT_COMBINATION_Cash_MEAN,float64,291057,375,0.13,290682,99.87,False,64.71,False,0.0,188356,"[(np.float64(0.0), 188356), (np.float64(0.3333333333333333), 13914), (np.float64(0.5), 11914)]",291057,0.0,64.71,0.3333333333333333,4.78,"[('0.0', 64.71), ('0.3333333333333333', 4.78), ('0.5', 4.09)]",False,Most frequent dominates with 64.71%
537,PREV_PRODUCT_COMBINATION_POS household with interest_MEAN,float64,291057,273,0.09,290784,99.91,False,50.87,False,0.0,148052,"[(np.float64(0.0), 148052), (np.float64(0.5), 22188), (np.float64(1.0), 21358)]",291057,0.0,50.87,0.5,7.62,"[('0.0', 50.87), ('0.5', 7.62), ('1.0', 7.34)]",False,Most frequent dominates with 50.87%
538,PREV_PRODUCT_COMBINATION_POS household without interest_MEAN,float64,291057,171,0.06,290886,99.94,False,80.94,False,0.0,235571,"[(np.float64(0.0), 235571), (np.float64(0.5), 7477), (np.float64(0.3333333333333333), 7159)]",291057,0.0,80.94,0.5,2.57,"[('0.0', 80.94), ('0.5', 2.57), ('0.3333333333333333', 2.46)]",False,Most frequent dominates with 80.94%
539,PREV_PRODUCT_COMBINATION_POS industry with interest_MEAN,float64,291057,179,0.06,290878,99.94,False,77.94,False,0.0,226841,"[(np.float64(0.0), 226841), (np.float64(1.0), 10148), (np.float64(0.5), 9276)]",291057,0.0,77.94,1.0,3.49,"[('0.0', 77.94), ('1.0', 3.49), ('0.5', 3.19)]",False,Most frequent dominates with 77.94%
540,PREV_PRODUCT_COMBINATION_POS industry without interest_MEAN,float64,291057,80,0.03,290977,99.97,False,96.74,True,0.0,281560,"[(np.float64(0.0), 281560), (np.float64(1.0), 1273), (np.float64(0.5), 1270)]",291057,0.0,96.74,1.0,0.44,"[('0.0', 96.74), ('1.0', 0.44), ('0.5', 0.44)]",False,Most frequent dominates with 96.74%
541,PREV_PRODUCT_COMBINATION_POS mobile with interest_MEAN,float64,291057,244,0.08,290813,99.92,False,59.01,False,0.0,171753,"[(np.float64(0.0), 171753), (np.float64(0.5), 17913), (np.float64(1.0), 16600)]",291057,0.0,59.01,0.5,6.15,"[('0.0', 59.01), ('0.5', 6.15), ('1.0', 5.7)]",False,Most frequent dominates with 59.01%
542,PREV_PRODUCT_COMBINATION_POS mobile without interest_MEAN,float64,291057,102,0.04,290955,99.96,False,93.97,False,0.0,273503,"[(np.float64(0.0), 273503), (np.float64(0.5), 2422), (np.float64(0.3333333333333333), 2297)]",291057,0.0,93.97,0.5,0.83,"[('0.0', 93.97), ('0.5', 0.83), ('0.3333333333333333', 0.79)]",False,Most frequent dominates with 93.97%
543,PREV_PRODUCT_COMBINATION_POS other with interest_MEAN,float64,291057,118,0.04,290939,99.96,False,94.21,False,0.0,274213,"[(np.float64(0.0), 274213), (np.float64(1.0), 2496), (np.float64(0.5), 2135)]",291057,0.0,94.21,1.0,0.86,"[('0.0', 94.21), ('1.0', 0.86), ('0.5', 0.73)]",False,Most frequent dominates with 94.21%
544,PREV_PRODUCT_COMBINATION_POS others without interest_MEAN,float64,291057,50,0.02,291007,99.98,False,99.35,True,0.0,289167,"[(np.float64(0.0), 289167), (np.float64(1.0), 297), (np.float64(0.5), 279)]",291057,0.0,99.35,1.0,0.1,"[('0.0', 99.35), ('1.0', 0.1), ('0.5', 0.1)]",True,Appears uniformly dominated
545,PREV_PRODUCT_COMBINATION_nan_MEAN,float64,291057,40,0.01,291017,99.99,False,99.9,True,0.0,290773,"[(np.float64(0.0), 290773), (np.float64(0.3333333333333333), 29), (np.float64(0.1666666666666666), 25)]",291057,0.0,99.9,0.3333333333333333,0.01,"[('0.0', 99.9), ('0.3333333333333333', 0.01), ('0.1666666666666666', 0.01)]",True,Appears uniformly dominated
546,PREV_RATE_DOWN_PAYMENT_MAX,float64,273605,118254,43.22,155351,56.78,False,28.13,False,0.0,76954,"[(np.float64(0.0), 76954), (np.float64(0.1089090909090909), 15930), (np.float64(0.2178181818181818), 3979)]",273605,0.0,28.13,0.1089090909090909,5.82,"[('0.0', 28.13), ('0.1089090909090909', 5.82), ('0.2178181818181818', 1.45)]",False,Most frequent dominates with 28.13%
547,PREV_RATE_DOWN_PAYMENT_MEAN,float64,273605,165733,60.57,107872,39.43,False,28.13,False,0.0,76953,"[(np.float64(0.0), 76953), (np.float64(0.1089090909090909), 6349), (np.float64(0.0544545454545454), 2729)]",273605,0.0,28.13,0.1089090909090909,2.32,"[('0.0', 28.13), ('0.1089090909090909', 2.32), ('0.0544545454545454', 1.0)]",False,Most frequent dominates with 28.13%
548,PREV_SK_ID_PREV_NUNIQUE,float64,291057,65,0.02,290992,99.98,False,18.05,False,1.0,52533,"[(np.float64(1.0), 52533), (np.float64(2.0), 45799), (np.float64(3.0), 40014)]",291057,1.0,18.05,2.0,15.74,"[('1.0', 18.05), ('2.0', 15.74), ('3.0', 13.75)]",False,Most frequent dominates with 18.05%
549,PREV_WEEKDAY_APPR_PROCESS_START_FRIDAY_MEAN,float64,291057,313,0.11,290744,99.89,False,58.84,False,0.0,171263,"[(np.float64(0.0), 171263), (np.float64(0.5), 15651), (np.float64(0.3333333333333333), 15203)]",291057,0.0,58.84,0.5,5.38,"[('0.0', 58.84), ('0.5', 5.38), ('0.3333333333333333', 5.22)]",False,Most frequent dominates with 58.84%
550,PREV_WEEKDAY_APPR_PROCESS_START_MONDAY_MEAN,float64,291057,304,0.1,290753,99.9,False,59.52,False,0.0,173227,"[(np.float64(0.0), 173227), (np.float64(0.5), 15405), (np.float64(0.3333333333333333), 14581)]",291057,0.0,59.52,0.5,5.29,"[('0.0', 59.52), ('0.5', 5.29), ('0.3333333333333333', 5.01)]",False,Most frequent dominates with 59.52%
551,PREV_WEEKDAY_APPR_PROCESS_START_SATURDAY_MEAN,float64,291057,301,0.1,290756,99.9,False,59.01,False,0.0,171760,"[(np.float64(0.0), 171760), (np.float64(0.5), 16258), (np.float64(0.3333333333333333), 14822)]",291057,0.0,59.01,0.5,5.59,"[('0.0', 59.01), ('0.5', 5.59), ('0.3333333333333333', 5.09)]",False,Most frequent dominates with 59.01%
552,PREV_WEEKDAY_APPR_PROCESS_START_SUNDAY_MEAN,float64,291057,259,0.09,290798,99.91,False,68.36,False,0.0,198955,"[(np.float64(0.0), 198955), (np.float64(0.5), 12105), (np.float64(0.3333333333333333), 11327)]",291057,0.0,68.36,0.5,4.16,"[('0.0', 68.36), ('0.5', 4.16), ('0.3333333333333333', 3.89)]",False,Most frequent dominates with 68.36%
553,PREV_WEEKDAY_APPR_PROCESS_START_THURSDAY_MEAN,float64,291057,319,0.11,290738,99.89,False,59.35,False,0.0,172752,"[(np.float64(0.0), 172752), (np.float64(0.5), 15288), (np.float64(0.3333333333333333), 14752)]",291057,0.0,59.35,0.5,5.25,"[('0.0', 59.35), ('0.5', 5.25), ('0.3333333333333333', 5.07)]",False,Most frequent dominates with 59.35%
554,PREV_WEEKDAY_APPR_PROCESS_START_TUESDAY_MEAN,float64,291057,316,0.11,290741,99.89,False,58.91,False,0.0,171462,"[(np.float64(0.0), 171462), (np.float64(0.5), 15632), (np.float64(0.3333333333333333), 15028)]",291057,0.0,58.91,0.5,5.37,"[('0.0', 58.91), ('0.5', 5.37), ('0.3333333333333333', 5.16)]",False,Most frequent dominates with 58.91%
555,PREV_WEEKDAY_APPR_PROCESS_START_WEDNESDAY_MEAN,float64,291057,316,0.11,290741,99.89,False,58.81,False,0.0,171167,"[(np.float64(0.0), 171167), (np.float64(0.5), 15602), (np.float64(0.3333333333333333), 14868)]",291057,0.0,58.81,0.5,5.36,"[('0.0', 58.81), ('0.5', 5.36), ('0.3333333333333333', 5.11)]",False,Most frequent dominates with 58.81%
556,PREV_WEEKDAY_APPR_PROCESS_START_nan_MEAN,float64,291057,1,0.0,291056,100.0,True,100.0,True,0.0,291057,"[(np.float64(0.0), 291057)]",291057,0.0,100.0,,,"[('0.0', 100.0)]",True,Appears uniformly dominated
557,REFUSED_AMT_APPLICATION_MAX,float64,100294,17300,17.25,82994,82.75,False,8.13,False,0.0,8154,"[(np.float64(0.0), 8154), (np.float64(225000.0), 6278), (np.float64(450000.0), 4652)]",100294,0.0,8.13,225000.0,6.26,"[('0.0', 8.13), ('225000.0', 6.26), ('450000.0', 4.64)]",False,Most frequent dominates with 8.13%
558,REFUSED_AMT_APPLICATION_MEAN,float64,100294,32297,32.2,67997,67.8,False,8.13,False,0.0,8154,"[(np.float64(0.0), 8154), (np.float64(225000.0), 3264), (np.float64(45000.0), 2984)]",100294,0.0,8.13,225000.0,3.25,"[('0.0', 8.13), ('225000.0', 3.25), ('45000.0', 2.98)]",False,Most frequent dominates with 8.13%
559,REFUSED_AMT_CREDIT_MAX,float64,100294,24804,24.73,75490,75.27,False,4.92,False,0.0,4930,"[(np.float64(0.0), 4930), (np.float64(225000.0), 3826), (np.float64(45000.0), 2977)]",100294,0.0,4.92,225000.0,3.81,"[('0.0', 4.92), ('225000.0', 3.81), ('45000.0', 2.97)]",False,Most frequent dominates with 4.92%
560,REFUSED_AMT_CREDIT_MEAN,float64,100294,53226,53.07,47068,46.93,False,4.92,False,0.0,4930,"[(np.float64(0.0), 4930), (np.float64(45000.0), 2561), (np.float64(225000.0), 2100)]",100294,0.0,4.92,45000.0,2.55,"[('0.0', 4.92), ('45000.0', 2.55), ('225000.0', 2.09)]",False,Most frequent dominates with 4.92%
561,REFUSED_APP_CREDIT_PERC_MAX,float64,95364,22656,23.76,72708,76.24,False,42.43,False,1.0,40460,"[(np.float64(1.0), 40460), (np.float64(0.0), 3224), (np.float64(1.1111111111111112), 3175)]",95364,1.0,42.43,0.0,3.38,"[('1.0', 42.43), ('0.0', 3.38), ('1.1111111111111112', 3.33)]",False,Most frequent dominates with 42.43%
562,REFUSED_APP_CREDIT_PERC_MEAN,float64,95364,43000,45.09,52364,54.91,False,26.84,False,1.0,25591,"[(np.float64(1.0), 25591), (np.float64(0.0), 3224), (np.float64(1.1111111111111112), 1675)]",95364,1.0,26.84,0.0,3.38,"[('1.0', 26.84), ('0.0', 3.38), ('1.1111111111111112', 1.76)]",False,Most frequent dominates with 26.84%
563,REFUSED_DAYS_DECISION_MEAN,float64,100294,17440,17.39,82854,82.61,False,0.15,False,-245.0,146,"[(np.float64(-245.0), 146), (np.float64(-238.0), 132), (np.float64(-210.0), 124)]",100294,-245.0,0.15,-238.0,0.13,"[('-245.0', 0.15), ('-238.0', 0.13), ('-210.0', 0.12)]",False,Most frequent dominates with 0.15%
564,REFUSED_DAYS_DECISION_MIN,float64,100294,2921,2.91,97373,97.09,False,0.17,False,-245.0,168,"[(np.float64(-245.0), 168), (np.float64(-238.0), 149), (np.float64(-252.0), 148)]",100294,-245.0,0.17,-238.0,0.15,"[('-245.0', 0.17), ('-238.0', 0.15), ('-252.0', 0.15)]",False,Most frequent dominates with 0.17%
565,REFUSED_SK_ID_PREV_NUNIQUE,float64,100294,45,0.04,100249,99.96,False,46.4,False,1.0,46534,"[(np.float64(1.0), 46534), (np.float64(2.0), 22739), (np.float64(3.0), 11859)]",100294,1.0,46.4,2.0,22.67,"[('1.0', 46.4), ('2.0', 22.67), ('3.0', 11.82)]",False,Most frequent dominates with 46.4%
566,REGION_POPULATION_RELATIVE,float64,307511,81,0.03,307430,99.97,False,5.34,False,0.035792,16408,"[(np.float64(0.035792), 16408), (np.float64(0.04622), 13442), (np.float64(0.030755), 12163)]",307511,0.035792,5.34,0.04622,4.37,"[('0.035792', 5.34), ('0.04622', 4.37), ('0.030755', 3.96)]",False,Most frequent dominates with 5.34%
567,REGION_RATING_CLIENT,int64,307511,3,0.0,307508,100.0,False,73.81,False,2,226984,"[(np.int64(2), 226984), (np.int64(3), 48330), (np.int64(1), 32197)]",307511,2,73.81,3,15.72,"[('2', 73.81), ('3', 15.72), ('1', 10.47)]",False,Most frequent dominates with 73.81%
568,REGION_RATING_CLIENT_W_CITY,int64,307511,3,0.0,307508,100.0,False,74.63,False,2,229484,"[(np.int64(2), 229484), (np.int64(3), 43860), (np.int64(1), 34167)]",307511,2,74.63,3,14.26,"[('2', 74.63), ('3', 14.26), ('1', 11.11)]",False,Most frequent dominates with 74.63%
569,REG_CITY_NOT_LIVE_CITY,int64,307511,2,0.0,307509,100.0,False,92.18,False,0,283472,"[(np.int64(0), 283472), (np.int64(1), 24039)]",307511,0,92.18,1,7.82,"[('0', 92.18), ('1', 7.82)]",False,Most frequent dominates with 92.18%
570,REG_CITY_NOT_WORK_CITY,int64,307511,2,0.0,307509,100.0,False,76.95,False,0,236644,"[(np.int64(0), 236644), (np.int64(1), 70867)]",307511,0,76.95,1,23.05,"[('0', 76.95), ('1', 23.05)]",False,Most frequent dominates with 76.95%
571,REG_REGION_NOT_LIVE_REGION,int64,307511,2,0.0,307509,100.0,False,98.49,True,0,302854,"[(np.int64(0), 302854), (np.int64(1), 4657)]",307511,0,98.49,1,1.51,"[('0', 98.49), ('1', 1.51)]",True,Appears uniformly dominated
572,REG_REGION_NOT_WORK_REGION,int64,307511,2,0.0,307509,100.0,False,94.92,False,0,291899,"[(np.int64(0), 291899), (np.int64(1), 15612)]",307511,0,94.92,1,5.08,"[('0', 94.92), ('1', 5.08)]",False,Most frequent dominates with 94.92%
573,SK_ID_CURR,int64,307511,307511,100.0,0,0.0,False,0.0,False,100002,1,"[(np.int64(100002), 1), (np.int64(100003), 1), (np.int64(100004), 1)]",307511,100002,0.0,100003,0.0,"[('100002', 0.0), ('100003', 0.0), ('100004', 0.0)]",False,Most frequent dominates with 0.0%
574,TARGET,int64,307511,2,0.0,307509,100.0,False,91.93,False,0,282686,"[(np.int64(0), 282686), (np.int64(1), 24825)]",307511,0,91.93,1,8.07,"[('0', 91.93), ('1', 8.07)]",False,Most frequent dominates with 91.93%
575,TOTALAREA_MODE,float64,159080,5116,3.22,153964,96.78,False,0.37,False,0.0,582,"[(np.float64(0.0), 582), (np.float64(0.057), 247), (np.float64(0.0547), 230)]",159080,0.0,0.37,0.057,0.16,"[('0.0', 0.37), ('0.057', 0.16), ('0.0547', 0.14)]",False,Most frequent dominates with 0.37%
576,WALLSMATERIAL_MODE,object,151170,7,0.0,151163,100.0,False,43.69,False,Panel,66040,"[('Panel', 66040), ('Stone, brick', 64815), ('Block', 9253)]",151170,Panel,43.69,"Stone, brick",42.88,"[('Panel', 43.69), ('Stone, brick', 42.88), ('Block', 6.12)]",False,Most frequent dominates with 43.69%
577,WEEKDAY_APPR_PROCESS_START,object,307511,7,0.0,307504,100.0,False,17.53,False,TUESDAY,53901,"[('TUESDAY', 53901), ('WEDNESDAY', 51934), ('MONDAY', 50714)]",307511,TUESDAY,17.53,WEDNESDAY,16.89,"[('TUESDAY', 17.53), ('WEDNESDAY', 16.89), ('MONDAY', 16.49)]",False,Most frequent dominates with 17.53%
578,YEARS_BEGINEXPLUATATION_AVG,float64,157504,285,0.18,157219,99.82,False,2.74,False,0.9871,4311,"[(np.float64(0.9871), 4311), (np.float64(0.9856), 4189), (np.float64(0.9861), 4171)]",157504,0.9871,2.74,0.9856,2.66,"[('0.9871', 2.74), ('0.9856', 2.66), ('0.9861', 2.65)]",False,Most frequent dominates with 2.74%
579,YEARS_BEGINEXPLUATATION_MEDI,float64,157504,245,0.16,157259,99.84,False,2.74,False,0.9871,4314,"[(np.float64(0.9871), 4314), (np.float64(0.9861), 4247), (np.float64(0.9856), 4199)]",157504,0.9871,2.74,0.9861,2.7,"[('0.9871', 2.74), ('0.9861', 2.7), ('0.9856', 2.67)]",False,Most frequent dominates with 2.74%
580,YEARS_BEGINEXPLUATATION_MODE,float64,157504,221,0.14,157283,99.86,False,2.72,False,0.9871,4291,"[(np.float64(0.9871), 4291), (np.float64(0.9866), 4173), (np.float64(0.9861), 4167)]",157504,0.9871,2.72,0.9866,2.65,"[('0.9871', 2.72), ('0.9866', 2.65), ('0.9861', 2.65)]",False,Most frequent dominates with 2.72%
581,YEARS_BUILD_AVG,float64,103023,149,0.14,102874,99.86,False,2.91,False,0.8232,2999,"[(np.float64(0.8232), 2999), (np.float64(0.8164), 2864), (np.float64(0.8028), 2848)]",103023,0.8232,2.91,0.8164,2.78,"[('0.8232', 2.91), ('0.8164', 2.78), ('0.8028', 2.76)]",False,Most frequent dominates with 2.91%
582,YEARS_BUILD_MEDI,float64,103023,151,0.15,102872,99.85,False,2.91,False,0.8256,2994,"[(np.float64(0.8256), 2994), (np.float64(0.8189), 2883), (np.float64(0.8054), 2842)]",103023,0.8256,2.91,0.8189,2.8,"[('0.8256', 2.91), ('0.8189', 2.8), ('0.8054', 2.76)]",False,Most frequent dominates with 2.91%
583,YEARS_BUILD_MODE,float64,103023,154,0.15,102869,99.85,False,2.87,False,0.8301,2960,"[(np.float64(0.8301), 2960), (np.float64(0.8236), 2879), (np.float64(0.7387), 2789)]",103023,0.8301,2.87,0.8236,2.79,"[('0.8301', 2.87), ('0.8236', 2.79), ('0.7387', 2.71)]",False,Most frequent dominates with 2.87%
