,column,dtype,non_null_count,missing_count_x,missing_pct,cardinality_count,cardinality_group,high_cardinality_flag,very_high_cardinality_flag,potential_id_flag,numeric_categorical_flag,encoding_recommendation,sample_values,unique_count,missing_count_y,missing_percentage,top_category,top_category_percentage,rare_category_count,rare_category_percentage,rare_grouping_recommended,category_distribution_balance,normalized_entropy,high_cardinality,unseen_category_risk,unseen_category_count,unseen_category_ratio,unseen_categories,potential_typos,train_category_count,test_category_count,train_top_categories,test_top_categories
0,AMT_ANNUITY,float64,307499,12,0.0,13672,very_high_cardinality,True,True,False,False,"target_encoding, hash_encoding, or embedding_layer","['24700.5', '4369.5', '15606.0', '22446.0', '52443.0']",,,,,,,,,,,,False,0.0,0.0,,,0.0,0.0,,
1,AMT_CREDIT,float64,307511,0,0.0,5603,very_high_cardinality,True,True,False,False,"target_encoding, hash_encoding, or embedding_layer","['406597.5', '165915.0', '680724.0', '1091565.0', '1355328.0']",,,,,,,,,,,,False,0.0,0.0,,,0.0,0.0,,
2,AMT_GOODS_PRICE,float64,307233,278,0.09,1002,very_high_cardinality,True,True,False,False,"target_encoding, hash_encoding, or embedding_layer","['351000.0', '918000.0', '1638000.0', '464463.0', '379867.5']",,,,,,,,,,,,False,0.0,0.0,,,0.0,0.0,,
3,AMT_INCOME_TOTAL,float64,307511,0,0.0,2548,very_high_cardinality,True,True,False,False,"target_encoding, hash_encoding, or embedding_layer","['202500.0', '49050.0', '54900.0', '45675.0', '187222.5']",,,,,,,,,,,,False,0.0,0.0,,,0.0,0.0,,
4,AMT_REQ_CREDIT_BUREAU_DAY,float64,265992,41519,13.5,9,low_cardinality,False,False,False,True,one_hot_encoding or label_encoding,"['0.0', '1.0', '3.0', '2.0', '4.0']",,,,,,,,,,,,False,0.0,0.0,,,0.0,0.0,,
5,AMT_REQ_CREDIT_BUREAU_HOUR,float64,265992,41519,13.5,5,low_cardinality,False,False,False,True,one_hot_encoding or label_encoding,"['0.0', '1.0', '2.0', '3.0', '4.0']",,,,,,,,,,,,False,0.0,0.0,,,0.0,0.0,,
6,AMT_REQ_CREDIT_BUREAU_MON,float64,265992,41519,13.5,24,medium_cardinality,False,False,False,True,"target_encoding, leave_as_integer, or one_hot_if_dense","['0.0', '5.0', '4.0', '12.0', '17.0']",,,,,,,,,,,,False,0.0,0.0,,,0.0,0.0,,
7,AMT_REQ_CREDIT_BUREAU_QRT,float64,265992,41519,13.5,11,medium_cardinality,False,False,False,True,"target_encoding, leave_as_integer, or one_hot_if_dense","['0.0', '2.0', '3.0', '5.0', '7.0']",,,,,,,,,,,,False,0.0,0.0,,,0.0,0.0,,
8,AMT_REQ_CREDIT_BUREAU_WEEK,float64,265992,41519,13.5,9,low_cardinality,False,False,False,True,one_hot_encoding or label_encoding,"['0.0', '1.0', '3.0', '2.0', '4.0']",,,,,,,,,,,,False,0.0,0.0,,,0.0,0.0,,
9,AMT_REQ_CREDIT_BUREAU_YEAR,float64,265992,41519,13.5,25,medium_cardinality,False,False,False,True,"target_encoding, leave_as_integer, or one_hot_if_dense","['1.0', '3.0', '10.0', '25.0', '17.0']",,,,,,,,,,,,False,0.0,0.0,,,0.0,0.0,,
10,APARTMENTS_AVG,float64,151450,156061,50.75,2339,very_high_cardinality,True,True,False,False,"target_encoding, hash_encoding, or embedding_layer","['0.0247', '0.0072', '0.1995', '0.2024', '0.421']",,,,,,,,,,,,False,0.0,0.0,,,0.0,0.0,,
11,APARTMENTS_MEDI,float64,151450,156061,50.75,1148,very_high_cardinality,True,True,False,False,"target_encoding, hash_encoding, or embedding_layer","['0.025', '0.1301', '0.3716', '0.1868', '0.6714']",,,,,,,,,,,,False,0.0,0.0,,,0.0,0.0,,
12,APARTMENTS_MODE,float64,151450,156061,50.75,760,very_high_cardinality,True,True,False,False,"target_encoding, hash_encoding, or embedding_layer","['0.0252', '0.4191', '0.4874', '0.7983', '0.7658']",,,,,,,,,,,,False,0.0,0.0,,,0.0,0.0,,
13,APPROVED_AMT_APPLICATION_MAX,float64,290065,17446,5.67,50746,very_high_cardinality,True,True,False,False,"target_encoding, hash_encoding, or embedding_layer","['179055.0', '178884.0', '28935.0', '168889.5', '80415.0']",,,,,,,,,,,,False,0.0,0.0,,,0.0,0.0,,
14,APPROVED_AMT_APPLICATION_MEAN,float64,290065,17446,5.67,168391,very_high_cardinality,True,True,False,False,"target_encoding, hash_encoding, or embedding_layer","['179055.0', '170671.5', '78561.0', '153983.25', '87665.625']",,,,,,,,,,,,False,0.0,0.0,,,0.0,0.0,,
15,APPROVED_AMT_CREDIT_MAX,float64,290065,17446,5.67,58928,very_high_cardinality,True,True,False,False,"target_encoding, hash_encoding, or embedding_layer","['179055.0', '75073.5', '95202.0', '52344.0', '76401.0']",,,,,,,,,,,,False,0.0,0.0,,,0.0,0.0,,
16,APPROVED_AMT_CREDIT_MEAN,float64,290065,17446,5.67,185460,very_high_cardinality,True,True,False,False,"target_encoding, hash_encoding, or embedding_layer","['179055.0', '973560.0', '155124.0', '562644.0', '173697.75']",,,,,,,,,,,,False,0.0,0.0,,,0.0,0.0,,
17,APPROVED_APP_CREDIT_PERC_MAX,float64,290056,17455,5.68,145549,very_high_cardinality,True,True,False,False,"target_encoding, hash_encoding, or embedding_layer","['1.0', '0.9629041360362368', '1.1111636210880067', '1.0587974875132435', '1.0212547577299749']",,,,,,,,,,,,False,0.0,0.0,,,0.0,0.0,,
18,APPROVED_APP_CREDIT_PERC_MEAN,float64,290056,17455,5.68,239493,very_high_cardinality,True,True,False,False,"target_encoding, hash_encoding, or embedding_layer","['1.0', '1.42040043144491', '0.9173615936993282', '1.011629340987349', '0.6772943516077534']",,,,,,,,,,,,False,0.0,0.0,,,0.0,0.0,,
19,APPROVED_CNT_PAYMENT_MEAN,float64,290065,17446,5.67,1342,very_high_cardinality,True,True,False,False,"target_encoding, hash_encoding, or embedding_layer","['24.0', '7.666666666666667', '6.428571428571429', '13.125', '20.125']",,,,,,,,,,,,False,0.0,0.0,,,0.0,0.0,,
20,APPROVED_CNT_PAYMENT_SUM,float64,290065,17446,5.67,345,very_high_cardinality,True,True,False,False,"target_encoding, hash_encoding, or embedding_layer","['24.0', '8.0', '276.0', '227.0', '249.0']",,,,,,,,,,,,False,0.0,0.0,,,0.0,0.0,,
21,APPROVED_DAYS_DECISION_MEAN,float64,290065,17446,5.67,34247,very_high_cardinality,True,True,False,False,"target_encoding, hash_encoding, or embedding_layer","['-606.0', '-690.8', '-1449.5555555555557', '-1643.375', '-1942.857142857143']",,,,,,,,,,,,False,0.0,0.0,,,0.0,0.0,,
22,APPROVED_DAYS_DECISION_MIN,float64,290065,17446,5.67,2921,very_high_cardinality,True,True,False,False,"target_encoding, hash_encoding, or embedding_layer","['-606.0', '-2614.0', '-459.0', '-2020.0', '-286.0']",,,,,,,,,,,,False,0.0,0.0,,,0.0,0.0,,
23,APPROVED_SK_ID_PREV_NUNIQUE,float64,290065,17446,5.67,25,medium_cardinality,False,False,False,True,"target_encoding, leave_as_integer, or one_hot_if_dense","['1.0', '7.0', '10.0', '16.0', '20.0']",,,,,,,,,,,,False,0.0,0.0,,,0.0,0.0,,
24,APP_ADDRESS_MISMATCH_COUNT,int64,307511,0,0.0,7,low_cardinality,False,False,False,True,one_hot_encoding or label_encoding,"['0', '2', '4', '1', '3']",,,,,,,,,,,,False,0.0,0.0,,,0.0,0.0,,
25,APP_ANNUITY_INCOME_RATIO,float64,307499,12,0.0,88811,very_high_cardinality,True,True,False,False,"target_encoding, hash_encoding, or embedding_layer","['0.1219777777777777', '0.3565833333333333', '0.1024347826086956', '0.3077111111111111', '0.2358285714285714']",,,,,,,,,,,,False,0.0,0.0,,,0.0,0.0,,
26,APP_CAR_BIRTH_RATIO,float64,104582,202929,65.99,78396,very_high_cardinality,True,True,False,False,"target_encoding, hash_encoding, or embedding_layer","['-0.0013651160348629', '-0.0001412429378531', '-0.0007260281076595', '-0.001058705203536', '-0.0002031832035218']",,,,,,,,,,,,False,0.0,0.0,,,0.0,0.0,,
27,APP_CONTACT_COUNT,int64,307511,0,0.0,6,low_cardinality,False,False,False,True,one_hot_encoding or label_encoding,"['4', '5', '3', '2', '6']",,,,,,,,,,,,False,0.0,0.0,,,0.0,0.0,,
28,APP_CREDIT_ANNUITY_RATIO,float64,307499,12,0.0,39539,very_high_cardinality,True,True,False,False,"target_encoding, hash_encoding, or embedding_layer","['16.46110402623429', '26.269979852249836', '19.62181818181818', '37.92418772563177', '17.10831234256927']",,,,,,,,,,,,False,0.0,0.0,,,0.0,0.0,,
29,APP_CREDIT_INCOME_RATIO,float64,307511,0,0.0,48697,very_high_cardinality,True,True,False,False,"target_encoding, hash_encoding, or embedding_layer","['2.007888888888889', '8.24224', '8.3346', '10.834966666666666', '4.805115384615385']",,,,,,,,,,,,False,0.0,0.0,,,0.0,0.0,,
30,APP_DOCUMENT_COUNT,int64,307511,0,0.0,5,low_cardinality,False,False,False,True,one_hot_encoding or label_encoding,"['1', '0', '2', '3', '4']",,,,,,,,,,,,False,0.0,0.0,,,0.0,0.0,,
31,APP_EMPLOYED_BIRTH_RATIO,float64,252137,55374,18.01,249434,very_high_cardinality,True,True,False,False,"target_encoding, hash_encoding, or embedding_layer","['0.0673290349857309', '0.1218613820294667', '0.3567809491639925', '0.2129157314833707', '0.2493319630010277']",,,,,,,,,,,,False,0.0,0.0,,,0.0,0.0,,
32,APP_EXT_SOURCE_MAX,float64,307339,172,0.06,121113,very_high_cardinality,True,True,False,False,"target_encoding, hash_encoding, or embedding_layer","['0.2629485927471776', '0.8531169206928536', '0.8626954942089866', '0.7376514560067302', '0.7240146555958384']",,,,,,,,,,,,False,0.0,0.0,,,0.0,0.0,,
33,APP_EXT_SOURCE_MEAN,float64,307339,172,0.06,300347,very_high_cardinality,True,True,False,False,"target_encoding, hash_encoding, or embedding_layer","['0.1617871134127632', '0.560550068258009', '0.5274694169892209', '0.2621989857615305', '0.1324277285475518']",,,,,,,,,,,,False,0.0,0.0,,,0.0,0.0,,
34,APP_EXT_SOURCE_MIN,float64,307339,172,0.06,139146,very_high_cardinality,True,True,False,False,"target_encoding, hash_encoding, or embedding_layer","['0.0830369673913225', '0.4989000921899073', '0.1482089507497838', '0.4847321253197021', '0.5317654413648083']",,,,,,,,,,,,False,0.0,0.0,,,0.0,0.0,,
35,APP_EXT_SOURCE_STD,float64,270602,36909,12.0,269867,very_high_cardinality,True,True,False,False,"target_encoding, hash_encoding, or embedding_layer","['0.092025806870656', '0.1663043791123114', '0.1596955590581207', '0.0280636392340753', '0.0720270867249529']",,,,,,,,,,,,False,0.0,0.0,,,0.0,0.0,,
36,APP_GOODS_CREDIT_RATIO,float64,307233,278,0.09,3066,very_high_cardinality,True,True,False,False,"target_encoding, hash_encoding, or embedding_layer","['0.8632615793259919', '0.8256251661745567', '0.9132090617396972', '0.7594147962561499', '0.920977251136718']",,,,,,,,,,,,False,0.0,0.0,,,0.0,0.0,,
37,APP_INCOME_PER_PERSON,float64,307509,2,0.0,3064,very_high_cardinality,True,True,False,False,"target_encoding, hash_encoding, or embedding_layer","['202500.0', '86850.0', '145350.0', '886500.0', '82867.5']",,,,,,,,,,,,False,0.0,0.0,,,0.0,0.0,,
38,APP_MISSING_COUNT,int64,307511,0,0.0,67,high_cardinality,True,False,False,True,"target_encoding, frequency_encoding, or hash_encoding","['2', '7', '5', '37', '57']",,,,,,,,,,,,False,0.0,0.0,,,0.0,0.0,,
39,APP_MISSING_RATIO,float64,307511,0,0.0,67,high_cardinality,True,False,False,True,"target_encoding, frequency_encoding, or hash_encoding","['0.0142857142857142', '0.05', '0.0357142857142857', '0.2642857142857143', '0.4071428571428571']",,,,,,,,,,,,False,0.0,0.0,,,0.0,0.0,,
40,APP_PHONE_BIRTH_RATIO,float64,307510,1,0.0,264924,very_high_cardinality,True,True,False,False,"target_encoding, hash_encoding, or embedding_layer","['0.1198604798647077', '0.2231226918342224', '0.0460508843681946', '0.0449674577608309', '0.0637067742991163']",,,,,,,,,,,,False,0.0,0.0,,,0.0,0.0,,
41,APP_PHONE_EMPLOYED_RATIO,float64,252134,55377,18.01,205138,very_high_cardinality,True,True,False,False,"target_encoding, hash_encoding, or embedding_layer","['1.78021978021978', '0.1085714285714285', '0.1090664272890484', '0.0274991912002588', '0.8051052086926527']",,,,,,,,,,,,False,0.0,0.0,,,0.0,0.0,,
42,BASEMENTAREA_AVG,float64,127568,179943,58.52,3780,very_high_cardinality,True,True,False,False,"target_encoding, hash_encoding, or embedding_layer","['0.0369', '0.0391', '0.1505', '0.2854', '0.2227']",,,,,,,,,,,,False,0.0,0.0,,,0.0,0.0,,
43,BASEMENTAREA_MEDI,float64,127568,179943,58.52,3772,very_high_cardinality,True,True,False,False,"target_encoding, hash_encoding, or embedding_layer","['0.0369', '0.102', '0.1672', '0.3367', '0.2497']",,,,,,,,,,,,False,0.0,0.0,,,0.0,0.0,,
44,BASEMENTAREA_MODE,float64,127568,179943,58.52,3841,very_high_cardinality,True,True,False,False,"target_encoding, hash_encoding, or embedding_layer","['0.0383', '0.1142', '0.0066', '0.2718', '0.4255']",,,,,,,,,,,,False,0.0,0.0,,,0.0,0.0,,
45,BUREAU_ACTIVE_AMT_CREDIT_SUM_DEBT_MEAN,float64,206514,100997,32.84,158599,very_high_cardinality,True,True,False,False,"target_encoding, hash_encoding, or embedding_layer","['122890.5', '28275.75', '351000.0', '6566449.5', '234065.25']",,,,,,,,,,,,False,0.0,0.0,,,0.0,0.0,,
46,BUREAU_ACTIVE_AMT_CREDIT_SUM_DEBT_SUM,float64,217150,90361,29.38,153496,very_high_cardinality,True,True,False,False,"target_encoding, hash_encoding, or embedding_layer","['245781.0', '459904.86', '5380789.5', '247265.685', '470043.0']",,,,,,,,,,,,False,0.0,0.0,,,0.0,0.0,,
47,BUREAU_ACTIVE_AMT_CREDIT_SUM_MEAN,float64,217149,90362,29.38,99483,very_high_cardinality,True,True,False,False,"target_encoding, hash_encoding, or embedding_layer","['240994.2825', '569820.0', '191524.5', '1567579.37625', '140732.52']",,,,,,,,,,,,False,0.0,0.0,,,0.0,0.0,,
48,BUREAU_ACTIVE_AMT_CREDIT_SUM_OVERDUE_MEAN,float64,217150,90361,29.38,1557,very_high_cardinality,True,True,False,False,"target_encoding, hash_encoding, or embedding_layer","['0.0', '443.295', '781.5', '293.49', '630.0']",,,,,,,,,,,,False,0.0,0.0,,,0.0,0.0,,
49,BUREAU_ACTIVE_AMT_CREDIT_SUM_OVERDUE_SUM,float64,217150,90361,29.38,1197,very_high_cardinality,True,True,False,False,"target_encoding, hash_encoding, or embedding_layer","['0.0', '18040.5', '37.035', '18054.0', '574.11']",,,,,,,,,,,,False,0.0,0.0,,,0.0,0.0,,
50,BUREAU_ACTIVE_AMT_CREDIT_SUM_SUM,float64,217150,90361,29.38,95921,very_high_cardinality,True,True,False,False,"target_encoding, hash_encoding, or embedding_layer","['481988.565', '358798.5', '2774133.0', '495732.78', '719865.0']",,,,,,,,,,,,False,0.0,0.0,,,0.0,0.0,,
51,BUREAU_ACTIVE_DAYS_CREDIT_MAX,float64,217150,90361,29.38,2907,very_high_cardinality,True,True,False,False,"target_encoding, hash_encoding, or embedding_layer","['-103.0', '-403.0', '-970.0', '-2411.0', '-1523.0']",,,,,,,,,,,,False,0.0,0.0,,,0.0,0.0,,
52,BUREAU_ACTIVE_DAYS_CREDIT_MEAN,float64,217150,90361,29.38,20978,very_high_cardinality,True,True,False,False,"target_encoding, hash_encoding, or embedding_layer","['-572.5', '-336.75', '-1052.25', '-245.4', '-1229.4']",,,,,,,,,,,,False,0.0,0.0,,,0.0,0.0,,
53,BUREAU_ACTIVE_DAYS_CREDIT_MIN,float64,217150,90361,29.38,2922,very_high_cardinality,True,True,False,False,"target_encoding, hash_encoding, or embedding_layer","['-1042.0', '-1427.0', '-1237.0', '-2400.0', '-2693.0']",,,,,,,,,,,,False,0.0,0.0,,,0.0,0.0,,
54,BUREAU_AMT_ANNUITY_MAX,float64,80009,227502,73.98,23582,very_high_cardinality,True,True,False,False,"target_encoding, hash_encoding, or embedding_layer","['0.0', '4050.0', '37881.0', '4343.985', '2508.39']",,,,,,,,,,,,False,0.0,0.0,,,0.0,0.0,,
55,BUREAU_AMT_ANNUITY_MEAN,float64,80009,227502,73.98,40563,very_high_cardinality,True,True,False,False,"target_encoding, hash_encoding, or embedding_layer","['0.0', '65250.0', '11756.997', '34748.835', '31990.5']",,,,,,,,,,,,False,0.0,0.0,,,0.0,0.0,,
56,BUREAU_AMT_CREDIT_MAX_OVERDUE_MAX,float64,183886,123625,40.2,44798,very_high_cardinality,True,True,False,False,"target_encoding, hash_encoding, or embedding_layer","['5043.645', '22882.5', '12739.5', '2883.15', '16518.69']",,,,,,,,,,,,False,0.0,0.0,,,0.0,0.0,,
57,BUREAU_AMT_CREDIT_MAX_OVERDUE_MEAN,float64,183886,123625,40.2,55265,very_high_cardinality,True,True,False,False,"target_encoding, hash_encoding, or embedding_layer","['1681.029', '12980.25', '1630.5075', '73.00800000000001', '531.7425']",,,,,,,,,,,,False,0.0,0.0,,,0.0,0.0,,
58,BUREAU_AMT_CREDIT_SUM_DEBT_MAX,float64,256131,51380,16.71,138943,very_high_cardinality,True,True,False,False,"target_encoding, hash_encoding, or embedding_layer","['245781.0', '194620.5', '2153074.5', '185229.0', '797575.5']",,,,,,,,,,,,False,0.0,0.0,,,0.0,0.0,,
59,BUREAU_AMT_CREDIT_SUM_DEBT_MEAN,float64,256131,51380,16.71,169324,very_high_cardinality,True,True,False,False,"target_encoding, hash_encoding, or embedding_layer","['49156.2', '98632.5', '3464892.0', '64177.45392857144', '122510.25']",,,,,,,,,,,,False,0.0,0.0,,,0.0,0.0,,
60,BUREAU_AMT_CREDIT_SUM_DEBT_SUM,float64,263491,44020,14.31,154999,very_high_cardinality,True,True,False,False,"target_encoding, hash_encoding, or embedding_layer","['245781.0', '278208.0', '432130.5', '108360.0', '167517.0']",,,,,,,,,,,,False,0.0,0.0,,,0.0,0.0,,
61,BUREAU_AMT_CREDIT_SUM_LIMIT_MAX,float64,242442,65069,21.16,34311,very_high_cardinality,True,True,False,False,"target_encoding, hash_encoding, or embedding_layer","['31988.565', '329151.87', '58455.0', '391078.755', '5827.5']",,,,,,,,,,,,False,0.0,0.0,,,0.0,0.0,,
62,BUREAU_AMT_CREDIT_SUM_LIMIT_MEAN,float64,242442,65069,21.16,38928,very_high_cardinality,True,True,False,False,"target_encoding, hash_encoding, or embedding_layer","['7997.14125', '33504.75', '2093.27', '4064.9025', '885.7221428571429']",,,,,,,,,,,,False,0.0,0.0,,,0.0,0.0,,
63,BUREAU_AMT_CREDIT_SUM_LIMIT_SUM,float64,263491,44020,14.31,37278,very_high_cardinality,True,True,False,False,"target_encoding, hash_encoding, or embedding_layer","['31988.565', '131321.205', '683.865', '52049.7', '159499.53']",,,,,,,,,,,,False,0.0,0.0,,,0.0,0.0,,
64,BUREAU_AMT_CREDIT_SUM_MAX,float64,263490,44021,14.32,65160,very_high_cardinality,True,True,False,False,"target_encoding, hash_encoding, or embedding_layer","['450000.0', '42484.5', '2609302.5', '1932120.0', '165212.91']",,,,,,,,,,,,False,0.0,0.0,,,0.0,0.0,,
65,BUREAU_AMT_CREDIT_SUM_MEAN,float64,263490,44021,14.32,209581,very_high_cardinality,True,True,False,False,"target_encoding, hash_encoding, or embedding_layer","['108131.945625', '151350.345', '128355.0', '56641.5', '664159.5']",,,,,,,,,,,,False,0.0,0.0,,,0.0,0.0,,
66,BUREAU_AMT_CREDIT_SUM_OVERDUE_MAX,float64,263491,44020,14.31,1203,very_high_cardinality,True,True,False,False,"target_encoding, hash_encoding, or embedding_layer","['0.0', '12024.0', '14445.0', '18054.0', '11875.5']",,,,,,,,,,,,False,0.0,0.0,,,0.0,0.0,,
67,BUREAU_AMT_CREDIT_SUM_OVERDUE_MEAN,float64,263491,44020,14.31,1872,very_high_cardinality,True,True,False,False,"target_encoding, hash_encoding, or embedding_layer","['0.0', '7545.5', '21.857142857142858', '2092.5', '22407.0']",,,,,,,,,,,,False,0.0,0.0,,,0.0,0.0,,
68,BUREAU_AMT_CREDIT_SUM_OVERDUE_SUM,float64,263491,44020,14.31,1218,very_high_cardinality,True,True,False,False,"target_encoding, hash_encoding, or embedding_layer","['0.0', '9099.0', '14445.0', '19408.5', '40910.625']",,,,,,,,,,,,False,0.0,0.0,,,0.0,0.0,,
69,BUREAU_AMT_CREDIT_SUM_SUM,float64,263491,44020,14.31,205630,very_high_cardinality,True,True,False,False,"target_encoding, hash_encoding, or embedding_layer","['865055.565', '1044722.295', '581160.78', '1341332.325', '1273239.0']",,,,,,,,,,,,False,0.0,0.0,,,0.0,0.0,,
70,BUREAU_BB_MONTHS_BALANCE_MAX_MEAN,float64,92231,215280,70.01,3958,very_high_cardinality,True,True,False,False,"target_encoding, hash_encoding, or embedding_layer","['-15.5', '-27.75', '-4.1', '-21.53846153846154', '-18.764705882352946']",,,,,,,,,,,,False,0.0,0.0,,,0.0,0.0,,
71,BUREAU_BB_MONTHS_BALANCE_MIN_MEAN,float64,92231,215280,70.01,5715,very_high_cardinality,True,True,False,False,"target_encoding, hash_encoding, or embedding_layer","['-28.25', '-16.625', '-66.57142857142857', '-51.36363636363637', '-17.44']",,,,,,,,,,,,False,0.0,0.0,,,0.0,0.0,,
72,BUREAU_BB_MONTHS_BALANCE_SIZE_MEAN,float64,92231,215280,70.01,5673,very_high_cardinality,True,True,False,False,"target_encoding, hash_encoding, or embedding_layer","['13.75', '15.545454545454543', '53.90909090909091', '28.176470588235293', '41.59090909090909']",,,,,,,,,,,,False,0.0,0.0,,,0.0,0.0,,
73,BUREAU_BB_STATUS_0_MEAN_MEAN,float64,92231,215280,70.01,60195,very_high_cardinality,True,True,False,False,"target_encoding, hash_encoding, or embedding_layer","['0.4069602272727273', '0.3993930905695611', '0.5890688259109311', '0.1410138248847926', '0.3790598290598291']",,,,,,,,,,,,False,0.0,0.0,,,0.0,0.0,,
74,BUREAU_BB_STATUS_1_MEAN_MEAN,float64,92231,215280,70.01,13162,very_high_cardinality,True,True,False,False,"target_encoding, hash_encoding, or embedding_layer","['0.2556818181818182', '0.0377272727272727', '0.0335353535353535', '0.049537037037037', '0.0667569786535303']",,,,,,,,,,,,False,0.0,0.0,,,0.0,0.0,,
75,BUREAU_BB_STATUS_2_MEAN_MEAN,float64,92231,215280,70.01,2759,very_high_cardinality,True,True,False,False,"target_encoding, hash_encoding, or embedding_layer","['0.0', '0.0053649749373433', '0.002219755826859', '0.0722002635046113', '0.0046082949308755']",,,,,,,,,,,,False,0.0,0.0,,,0.0,0.0,,
76,BUREAU_BB_STATUS_3_MEAN_MEAN,float64,92231,215280,70.01,1455,very_high_cardinality,True,True,False,False,"target_encoding, hash_encoding, or embedding_layer","['0.0', '0.0221408221408221', '0.0040322580645161', '0.0454545454545454', '0.0188914027149321']",,,,,,,,,,,,False,0.0,0.0,,,0.0,0.0,,
77,BUREAU_BB_STATUS_4_MEAN_MEAN,float64,92231,215280,70.01,1122,very_high_cardinality,True,True,False,False,"target_encoding, hash_encoding, or embedding_layer","['0.0', '0.0027548209366391', '0.0245408009635651', '0.0227732793522267', '0.0127579365079365']",,,,,,,,,,,,False,0.0,0.0,,,0.0,0.0,,
78,BUREAU_BB_STATUS_5_MEAN_MEAN,float64,92231,215280,70.01,1632,very_high_cardinality,True,True,False,False,"target_encoding, hash_encoding, or embedding_layer","['0.0', '0.3780501089324619', '0.0164609053497942', '0.0206456456456456', '0.040099839185205']",,,,,,,,,,,,False,0.0,0.0,,,0.0,0.0,,
79,BUREAU_BB_STATUS_BAD_FLAG_MEAN_MEAN,float64,92231,215280,70.01,14129,very_high_cardinality,True,True,False,False,"target_encoding, hash_encoding, or embedding_layer","['0.2556818181818182', '0.0651515151515151', '0.0112612612612612', '0.0049939951357582', '0.0197628458498023']",,,,,,,,,,,,False,0.0,0.0,,,0.0,0.0,,
80,BUREAU_BB_STATUS_BAD_FLAG_SUM_MEAN,float64,92231,215280,70.01,907,very_high_cardinality,True,True,False,False,"target_encoding, hash_encoding, or embedding_layer","['3.375', '37.0', '5.2', '0.1851851851851851', '45.0']",,,,,,,,,,,,False,0.0,0.0,,,0.0,0.0,,
81,BUREAU_BB_STATUS_C_FLAG_MEAN_MEAN,float64,92231,215280,70.01,50576,very_high_cardinality,True,True,False,False,"target_encoding, hash_encoding, or embedding_layer","['0.1754261363636363', '0.6415521543605035', '0.4701522435897436', '0.4422604422604422', '0.4305338850939986']",,,,,,,,,,,,False,0.0,0.0,,,0.0,0.0,,
82,BUREAU_BB_STATUS_C_MEAN_MEAN,float64,92231,215280,70.01,50576,very_high_cardinality,True,True,False,False,"target_encoding, hash_encoding, or embedding_layer","['0.1754261363636363', '0.6415521543605035', '0.4701522435897436', '0.4422604422604422', '0.4305338850939986']",,,,,,,,,,,,False,0.0,0.0,,,0.0,0.0,,
83,BUREAU_BB_STATUS_X_FLAG_MEAN_MEAN,float64,92231,215280,70.01,40979,very_high_cardinality,True,True,False,False,"target_encoding, hash_encoding, or embedding_layer","['0.1619318181818181', '0.1577515015015015', '0.1208791208791208', '0.2192192192192192', '0.0958022075226851']",,,,,,,,,,,,False,0.0,0.0,,,0.0,0.0,,
84,BUREAU_BB_STATUS_X_MEAN_MEAN,float64,92231,215280,70.01,40979,very_high_cardinality,True,True,False,False,"target_encoding, hash_encoding, or embedding_layer","['0.1619318181818181', '0.1577515015015015', '0.1208791208791208', '0.2192192192192192', '0.0958022075226851']",,,,,,,,,,,,False,0.0,0.0,,,0.0,0.0,,
85,BUREAU_BB_STATUS_ZERO_FLAG_MEAN_MEAN,float64,92231,215280,70.01,60195,very_high_cardinality,True,True,False,False,"target_encoding, hash_encoding, or embedding_layer","['0.4069602272727273', '0.3993930905695611', '0.5890688259109311', '0.1410138248847926', '0.3790598290598291']",,,,,,,,,,,,False,0.0,0.0,,,0.0,0.0,,
86,BUREAU_BB_STATUS_nan_MEAN_MEAN,float64,92231,215280,70.01,1,single_category,False,False,False,False,drop_column (constant),['0.0'],,,,,,,,,,,,False,0.0,0.0,,,0.0,0.0,,
87,BUREAU_BUREAU_DEBT_CREDIT_RATIO_RAW_MAX,float64,254877,52634,17.12,150668,very_high_cardinality,True,True,False,False,"target_encoding, hash_encoding, or embedding_layer","['0.54618', '0.9209329352743318', '0.6823680315737544', '0.8131828278707104', '0.292525']",,,,,,,,,,,,False,0.0,0.0,,,0.0,0.0,,
88,BUREAU_BUREAU_DEBT_CREDIT_RATIO_RAW_MEAN,float64,254877,52634,17.12,179453,very_high_cardinality,True,True,False,False,"target_encoding, hash_encoding, or embedding_layer","['0.136545', '0.3282523148148148', '0.2805041552703821', '0.3202782930597492', '0.0677489333333333']",,,,,,,,,,,,False,0.0,0.0,,,0.0,0.0,,
89,BUREAU_BUREAU_OVERDUE_DEBT_RATIO_RAW_MAX,float64,186442,121069,39.37,2197,very_high_cardinality,True,True,False,False,"target_encoding, hash_encoding, or embedding_layer","['0.0', '0.0982148799936103', '0.0796624562148392', '0.1331300075036913', '0.3333333333333333']",,,,,,,,,,,,False,0.0,0.0,,,0.0,0.0,,
90,BUREAU_BUREAU_OVERDUE_DEBT_RATIO_RAW_MEAN,float64,186442,121069,39.37,2224,very_high_cardinality,True,True,False,False,"target_encoding, hash_encoding, or embedding_layer","['0.0', '0.0032904746517339', '0.0137886504622365', '6.169750399319957e-05', '1.6376797353509547e-05']",,,,,,,,,,,,False,0.0,0.0,,,0.0,0.0,,
91,BUREAU_CLOSED_AMT_CREDIT_SUM_MEAN,float64,230165,77346,25.15,171533,very_high_cardinality,True,True,False,False,"target_encoding, hash_encoding, or embedding_layer","['63844.5', '43425.0', '30824.775', '53607.375', '101615.810625']",,,,,,,,,,,,False,0.0,0.0,,,0.0,0.0,,
92,BUREAU_CLOSED_AMT_CREDIT_SUM_SUM,float64,230165,77346,25.15,168797,very_high_cardinality,True,True,False,False,"target_encoding, hash_encoding, or embedding_layer","['383067.0', '369488.7', '321501.645', '493951.5', '220410.0']",,,,,,,,,,,,False,0.0,0.0,,,0.0,0.0,,
93,BUREAU_CLOSED_DAYS_CREDIT_MAX,float64,230165,77346,25.15,2921,very_high_cardinality,True,True,False,False,"target_encoding, hash_encoding, or embedding_layer","['-476.0', '-2233.0', '-344.0', '-1024.0', '-58.0']",,,,,,,,,,,,False,0.0,0.0,,,0.0,0.0,,
94,BUREAU_CLOSED_DAYS_CREDIT_MEAN,float64,230165,77346,25.15,44873,very_high_cardinality,True,True,False,False,"target_encoding, hash_encoding, or embedding_layer","['-974.5', '-1784.076923076923', '-2089.6666666666665', '-1171.375', '-1553.3076923076924']",,,,,,,,,,,,False,0.0,0.0,,,0.0,0.0,,
95,BUREAU_CLOSED_DAYS_CREDIT_MIN,float64,230165,77346,25.15,2912,very_high_cardinality,True,True,False,False,"target_encoding, hash_encoding, or embedding_layer","['-1437.0', '-1429.0', '-2577.0', '-1355.0', '-1418.0']",,,,,,,,,,,,False,0.0,0.0,,,0.0,0.0,,
96,BUREAU_CNT_CREDIT_PROLONG_MEAN,float64,263491,44020,14.31,111,high_cardinality,True,False,False,True,"target_encoding, frequency_encoding, or hash_encoding","['0.0', '0.0952380952380952', '0.05', '0.15', '1.3333333333333333']",,,,,,,,,,,,False,0.0,0.0,,,0.0,0.0,,
97,BUREAU_CNT_CREDIT_PROLONG_SUM,float64,263491,44020,14.31,10,low_cardinality,False,False,False,True,one_hot_encoding or label_encoding,"['0.0', '2.0', '6.0', '5.0', '9.0']",,,,,,,,,,,,False,0.0,0.0,,,0.0,0.0,,
98,BUREAU_CREDIT_ACTIVE_Active_MEAN,float64,263491,44020,14.31,296,very_high_cardinality,True,True,False,False,"target_encoding, hash_encoding, or embedding_layer","['0.25', '0.6923076923076923', '0.1923076923076923', '0.2068965517241379', '0.5416666666666666']",,,,,,,,,,,,False,0.0,0.0,,,0.0,0.0,,
99,BUREAU_CREDIT_ACTIVE_Bad debt_MEAN,float64,263491,44020,14.31,15,medium_cardinality,False,False,False,True,"target_encoding, leave_as_integer, or one_hot_if_dense","['0.0', '0.04', '0.1428571428571428', '0.2', '0.25']",,,,,,,,,,,,False,0.0,0.0,,,0.0,0.0,,
100,BUREAU_CREDIT_ACTIVE_Closed_MEAN,float64,263491,44020,14.31,304,very_high_cardinality,True,True,False,False,"target_encoding, hash_encoding, or embedding_layer","['0.75', '0.8125', '0.6842105263157895', '0.3529411764705882', '0.4583333333333333']",,,,,,,,,,,,False,0.0,0.0,,,0.0,0.0,,
101,BUREAU_CREDIT_ACTIVE_Sold_MEAN,float64,263491,44020,14.31,70,high_cardinality,True,False,False,True,"target_encoding, frequency_encoding, or hash_encoding","['0.0', '0.05', '0.0384615384615384', '0.08', '0.0227272727272727']",,,,,,,,,,,,False,0.0,0.0,,,0.0,0.0,,
102,BUREAU_CREDIT_ACTIVE_nan_MEAN,float64,263491,44020,14.31,1,single_category,False,False,False,False,drop_column (constant),['0.0'],,,,,,,,,,,,False,0.0,0.0,,,0.0,0.0,,
103,BUREAU_CREDIT_CURRENCY_currency 1_MEAN,float64,263491,44020,14.31,57,high_cardinality,True,False,False,True,"target_encoding, frequency_encoding, or hash_encoding","['1.0', '0.9285714285714286', '0.9333333333333332', '0.9130434782608696', '0.7647058823529411']",,,,,,,,,,,,False,0.0,0.0,,,0.0,0.0,,
104,BUREAU_CREDIT_CURRENCY_currency 2_MEAN,float64,263491,44020,14.31,55,high_cardinality,True,False,False,True,"target_encoding, frequency_encoding, or hash_encoding","['0.0', '0.1111111111111111', '0.0666666666666666', '0.04', '0.0277777777777777']",,,,,,,,,,,,False,0.0,0.0,,,0.0,0.0,,
105,BUREAU_CREDIT_CURRENCY_currency 3_MEAN,float64,263491,44020,14.31,33,medium_cardinality,False,False,False,True,"target_encoding, leave_as_integer, or one_hot_if_dense","['0.0', '0.0909090909090909', '0.0625', '0.0357142857142857', '0.0384615384615384']",,,,,,,,,,,,False,0.0,0.0,,,0.0,0.0,,
106,BUREAU_CREDIT_CURRENCY_currency 4_MEAN,float64,263491,44020,14.31,7,low_cardinality,False,False,False,True,one_hot_encoding or label_encoding,"['0.0', '0.25', '0.0555555555555555', '0.1111111111111111', '0.1428571428571428']",,,,,,,,,,,,False,0.0,0.0,,,0.0,0.0,,
107,BUREAU_CREDIT_CURRENCY_nan_MEAN,float64,263491,44020,14.31,1,single_category,False,False,False,False,drop_column (constant),['0.0'],,,,,,,,,,,,False,0.0,0.0,,,0.0,0.0,,
108,BUREAU_CREDIT_DAY_OVERDUE_MAX,float64,263491,44020,14.31,868,very_high_cardinality,True,True,False,False,"target_encoding, hash_encoding, or embedding_layer","['0.0', '2609.0', '730.0', '2364.0', '2295.0']",,,,,,,,,,,,False,0.0,0.0,,,0.0,0.0,,
109,BUREAU_CREDIT_DAY_OVERDUE_MEAN,float64,263491,44020,14.31,1541,very_high_cardinality,True,True,False,False,"target_encoding, hash_encoding, or embedding_layer","['0.0', '775.0', '678.0', '6.333333333333333', '27.33333333333333']",,,,,,,,,,,,False,0.0,0.0,,,0.0,0.0,,
110,BUREAU_CREDIT_DAY_OVERDUE_SUM,float64,263491,44020,14.31,879,very_high_cardinality,True,True,False,False,"target_encoding, hash_encoding, or embedding_layer","['0.0', '135.0', '172.0', '249.0', '2588.0']",,,,,,,,,,,,False,0.0,0.0,,,0.0,0.0,,
111,BUREAU_CREDIT_TYPE_Another type of loan_MEAN,float64,263491,44020,14.31,38,medium_cardinality,False,False,False,True,"target_encoding, leave_as_integer, or one_hot_if_dense","['0.0', '0.25', '0.6666666666666666', '0.0434782608695652', '0.0294117647058823']",,,,,,,,,,,,False,0.0,0.0,,,0.0,0.0,,
112,BUREAU_CREDIT_TYPE_Car loan_MEAN,float64,263491,44020,14.31,102,high_cardinality,True,False,False,True,"target_encoding, frequency_encoding, or hash_encoding","['0.0', '0.0833333333333333', '0.2727272727272727', '0.04', '0.032258064516129']",,,,,,,,,,,,False,0.0,0.0,,,0.0,0.0,,
113,BUREAU_CREDIT_TYPE_Cash loan (non-earmarked)_MEAN,float64,263491,44020,14.31,16,medium_cardinality,False,False,False,True,"target_encoding, leave_as_integer, or one_hot_if_dense","['0.0', '0.0909090909090909', '0.2', '0.074074074074074', '0.0625']",,,,,,,,,,,,False,0.0,0.0,,,0.0,0.0,,
114,BUREAU_CREDIT_TYPE_Consumer credit_MEAN,float64,263491,44020,14.31,329,very_high_cardinality,True,True,False,False,"target_encoding, hash_encoding, or embedding_layer","['0.5', '0.2916666666666667', '0.5333333333333333', '0.868421052631579', '0.6071428571428571']",,,,,,,,,,,,False,0.0,0.0,,,0.0,0.0,,
115,BUREAU_CREDIT_TYPE_Credit card_MEAN,float64,263491,44020,14.31,295,very_high_cardinality,True,True,False,False,"target_encoding, hash_encoding, or embedding_layer","['0.5', '0.0714285714285714', '0.9090909090909092', '0.72', '0.3448275862068966']",,,,,,,,,,,,False,0.0,0.0,,,0.0,0.0,,
116,BUREAU_CREDIT_TYPE_Interbank credit_MEAN,float64,263491,44020,14.31,2,binary,False,False,False,False,binary_encoding or label_encoding,"['0.0', '0.1666666666666666']",,,,,,,,,,,,False,0.0,0.0,,,0.0,0.0,,
117,BUREAU_CREDIT_TYPE_Loan for business development_MEAN,float64,263491,44020,14.31,57,high_cardinality,True,False,False,True,"target_encoding, frequency_encoding, or hash_encoding","['0.0', '0.25', '0.3', '0.1875', '0.2666666666666666']",,,,,,,,,,,,False,0.0,0.0,,,0.0,0.0,,
118,BUREAU_CREDIT_TYPE_Loan for purchase of shares (margin lending)_MEAN,float64,263491,44020,14.31,4,low_cardinality,False,False,False,True,one_hot_encoding or label_encoding,"['0.0', '0.0666666666666666', '0.0769230769230769', '0.5']",,,,,,,,,,,,False,0.0,0.0,,,0.0,0.0,,
119,BUREAU_CREDIT_TYPE_Loan for the purchase of equipment_MEAN,float64,263491,44020,14.31,14,medium_cardinality,False,False,False,True,"target_encoding, leave_as_integer, or one_hot_if_dense","['0.0', '0.25', '0.1428571428571428', '0.125', '0.0208333333333333']",,,,,,,,,,,,False,0.0,0.0,,,0.0,0.0,,
120,BUREAU_CREDIT_TYPE_Loan for working capital replenishment_MEAN,float64,263491,44020,14.31,43,medium_cardinality,False,False,False,True,"target_encoding, leave_as_integer, or one_hot_if_dense","['0.0', '0.2', '0.1428571428571428', '0.2142857142857142', '0.0526315789473684']",,,,,,,,,,,,False,0.0,0.0,,,0.0,0.0,,
121,BUREAU_CREDIT_TYPE_Microloan_MEAN,float64,263491,44020,14.31,194,high_cardinality,True,False,False,True,"target_encoding, frequency_encoding, or hash_encoding","['0.0', '0.9230769230769232', '0.3', '0.3157894736842105', '0.6842105263157895']",,,,,,,,,,,,False,0.0,0.0,,,0.0,0.0,,
122,BUREAU_CREDIT_TYPE_Mobile operator loan_MEAN,float64,263491,44020,14.31,2,binary,False,False,False,False,binary_encoding or label_encoding,"['0.0', '0.0625']",,,,,,,,,,,,False,0.0,0.0,,,0.0,0.0,,
123,BUREAU_CREDIT_TYPE_Mortgage_MEAN,float64,263491,44020,14.31,75,high_cardinality,True,False,False,True,"target_encoding, frequency_encoding, or hash_encoding","['0.0', '0.0454545454545454', '0.037037037037037', '0.1052631578947368', '0.032258064516129']",,,,,,,,,,,,False,0.0,0.0,,,0.0,0.0,,
124,BUREAU_CREDIT_TYPE_Real estate loan_MEAN,float64,263491,44020,14.31,12,medium_cardinality,False,False,False,True,"target_encoding, leave_as_integer, or one_hot_if_dense","['0.0', '1.0', '0.5', '0.0909090909090909', '0.1666666666666666']",,,,,,,,,,,,False,0.0,0.0,,,0.0,0.0,,
125,BUREAU_CREDIT_TYPE_Unknown type of loan_MEAN,float64,263491,44020,14.31,42,medium_cardinality,False,False,False,True,"target_encoding, leave_as_integer, or one_hot_if_dense","['0.0', '0.1428571428571428', '0.0555555555555555', '0.0294117647058823', '0.1333333333333333']",,,,,,,,,,,,False,0.0,0.0,,,0.0,0.0,,
126,BUREAU_CREDIT_TYPE_nan_MEAN,float64,263491,44020,14.31,1,single_category,False,False,False,False,drop_column (constant),['0.0'],,,,,,,,,,,,False,0.0,0.0,,,0.0,0.0,,
127,BUREAU_DAYS_CREDIT_ENDDATE_MAX,float64,261242,46269,15.05,13030,very_high_cardinality,True,True,False,False,"target_encoding, hash_encoding, or embedding_layer","['780.0', '-2053.0', '-2206.0', '10656.0', '4849.0']",,,,,,,,,,,,False,0.0,0.0,,,0.0,0.0,,
128,BUREAU_DAYS_CREDIT_ENDDATE_MEAN,float64,261242,46269,15.05,97903,very_high_cardinality,True,True,False,False,"target_encoding, hash_encoding, or embedding_layer","['-349.0', '-1638.0', '-291.77777777777777', '-986.7857142857144', '5157.8']",,,,,,,,,,,,False,0.0,0.0,,,0.0,0.0,,
129,BUREAU_DAYS_CREDIT_ENDDATE_MIN,float64,261242,46269,15.05,6828,very_high_cardinality,True,True,False,False,"target_encoding, hash_encoding, or embedding_layer","['-1072.0', '-1812.0', '-2615.0', '1486.0', '27536.0']",,,,,,,,,,,,False,0.0,0.0,,,0.0,0.0,,
130,BUREAU_DAYS_CREDIT_MAX,float64,263491,44020,14.31,2923,very_high_cardinality,True,True,False,False,"target_encoding, hash_encoding, or embedding_layer","['-103.0', '-59.0', '-1677.0', '-1277.0', '-1765.0']",,,,,,,,,,,,False,0.0,0.0,,,0.0,0.0,,
131,BUREAU_DAYS_CREDIT_MEAN,float64,263491,44020,14.31,64556,very_high_cardinality,True,True,False,False,"target_encoding, hash_encoding, or embedding_layer","['-874.0', '-2664.0', '-1374.2222222222222', '-1563.125', '-393.1']",,,,,,,,,,,,False,0.0,0.0,,,0.0,0.0,,
132,BUREAU_DAYS_CREDIT_MIN,float64,263491,44020,14.31,2922,very_high_cardinality,True,True,False,False,"target_encoding, hash_encoding, or embedding_layer","['-1437.0', '-1679.0', '-2746.0', '-612.0', '-1582.0']",,,,,,,,,,,,False,0.0,0.0,,,0.0,0.0,,
133,BUREAU_DAYS_CREDIT_UPDATE_MAX,float64,263491,44020,14.31,2663,very_high_cardinality,True,True,False,False,"target_encoding, hash_encoding, or embedding_layer","['-7.0', '-225.0', '-334.0', '-1091.0', '-1943.0']",,,,,,,,,,,,False,0.0,0.0,,,0.0,0.0,,
134,BUREAU_DAYS_CREDIT_UPDATE_MEAN,float64,263491,44020,14.31,55038,very_high_cardinality,True,True,False,False,"target_encoding, hash_encoding, or embedding_layer","['-499.875', '-2116.0', '-732.6', '-172.36363636363637', '-104.94444444444444']",,,,,,,,,,,,False,0.0,0.0,,,0.0,0.0,,
135,BUREAU_DAYS_CREDIT_UPDATE_MIN,float64,263491,44020,14.31,2969,very_high_cardinality,True,True,False,False,"target_encoding, hash_encoding, or embedding_layer","['-1185.0', '-864.0', '-953.0', '-351.0', '-1003.0']",,,,,,,,,,,,False,0.0,0.0,,,0.0,0.0,,
136,BUREAU_DAYS_CREDIT_VAR,float64,227419,80092,26.05,190248,very_high_cardinality,True,True,False,False,"target_encoding, hash_encoding, or embedding_layer","['186150.0', '198589.2', '456499.0', '19548.696428571428', '1063237.3']",,,,,,,,,,,,False,0.0,0.0,,,0.0,0.0,,
137,BUREAU_SK_ID_BUREAU_NUNIQUE,float64,263491,44020,14.31,60,high_cardinality,True,False,False,True,"target_encoding, frequency_encoding, or hash_encoding","['8.0', '17.0', '26.0', '36.0', '41.0']",,,,,,,,,,,,False,0.0,0.0,,,0.0,0.0,,
138,BUREAU_TOTAL_DEBT_CREDIT_RATIO,float64,262408,45103,14.67,184777,very_high_cardinality,True,True,False,False,"target_encoding, hash_encoding, or embedding_layer","['0.2841216332733493', '0.5340555705087062', '0.9706951724137932', '0.8094155846032968', '0.2271032022323332']",,,,,,,,,,,,False,0.0,0.0,,,0.0,0.0,,
139,BUREAU_TOTAL_OVERDUE_DEBT_RATIO,float64,186442,121069,39.37,2995,very_high_cardinality,True,True,False,False,"target_encoding, hash_encoding, or embedding_layer","['0.0', '0.0009014287645918', '0.0005866425992779', '0.000869059103992', '0.0004835759389432']",,,,,,,,,,,,False,0.0,0.0,,,0.0,0.0,,
140,CC_AMT_BALANCE_MAX,float64,86905,220606,71.74,56722,very_high_cardinality,True,True,False,False,"target_encoding, hash_encoding, or embedding_layer","['0.0', '93899.925', '142449.75', '93927.735', '456775.875']",,,,,,,,,,,,False,0.0,0.0,,,0.0,0.0,,
141,CC_AMT_BALANCE_MEAN,float64,86905,220606,71.74,59467,very_high_cardinality,True,True,False,False,"target_encoding, hash_encoding, or embedding_layer","['0.0', '6405.1640625', '58604.8365', '95215.005', '5939.610000000001']",,,,,,,,,,,,False,0.0,0.0,,,0.0,0.0,,
142,CC_AMT_BALANCE_SUM,float64,86905,220606,71.74,58810,very_high_cardinality,True,True,False,False,"target_encoding, hash_encoding, or embedding_layer","['0.0', '745525.62', '719300.295', '592589.475', '186182.64']",,,,,,,,,,,,False,0.0,0.0,,,0.0,0.0,,
143,CC_AMT_CREDIT_LIMIT_ACTUAL_MAX,float64,86905,220606,71.74,54,high_cardinality,True,False,False,True,"target_encoding, frequency_encoding, or hash_encoding","['270000.0', '630000.0', '495000.0', '0.0', '18000.0']",,,,,,,,,,,,False,0.0,0.0,,,0.0,0.0,,
144,CC_AMT_CREDIT_LIMIT_ACTUAL_MEAN,float64,86905,220606,71.74,11313,very_high_cardinality,True,True,False,False,"target_encoding, hash_encoding, or embedding_layer","['270000.0', '188780.48780487804', '147777.77777777778', '207209.3023255814', '170461.95652173914']",,,,,,,,,,,,False,0.0,0.0,,,0.0,0.0,,
145,CC_AMT_DRAWINGS_ATM_CURRENT_MAX,float64,61140,246371,80.12,1305,very_high_cardinality,True,True,False,False,"target_encoding, hash_encoding, or embedding_layer","['180000.0', '110250.0', '127350.0', '108900.0', '758250.0']",,,,,,,,,,,,False,0.0,0.0,,,0.0,0.0,,
146,CC_AMT_DRAWINGS_ATM_CURRENT_MEAN,float64,61140,246371,80.12,22420,very_high_cardinality,True,True,False,False,"target_encoding, hash_encoding, or embedding_layer","['2432.4324324324325', '5287.5', '2240.322580645161', '18806.25', '475.0']",,,,,,,,,,,,False,0.0,0.0,,,0.0,0.0,,
147,CC_AMT_DRAWINGS_ATM_CURRENT_SUM,float64,86905,220606,71.74,5016,very_high_cardinality,True,True,False,False,"target_encoding, hash_encoding, or embedding_layer","['0.0', '43650.0', '548100.0', '1038252.51', '412203.375']",,,,,,,,,,,,False,0.0,0.0,,,0.0,0.0,,
148,CC_AMT_DRAWINGS_CURRENT_MAX,float64,86905,220606,71.74,24117,very_high_cardinality,True,True,False,False,"target_encoding, hash_encoding, or embedding_layer","['0.0', '5398.74', '128876.985', '51635.475', '88705.305']",,,,,,,,,,,,False,0.0,0.0,,,0.0,0.0,,
149,CC_AMT_DRAWINGS_CURRENT_MEAN,float64,86905,220606,71.74,49079,very_high_cardinality,True,True,False,False,"target_encoding, hash_encoding, or embedding_layer","['0.0', '3282.872727272727', '13920.0', '14610.938333333334', '4444.125']",,,,,,,,,,,,False,0.0,0.0,,,0.0,0.0,,
150,CC_AMT_DRAWINGS_CURRENT_SUM,float64,86905,220606,71.74,40377,very_high_cardinality,True,True,False,False,"target_encoding, hash_encoding, or embedding_layer","['0.0', '956862.0', '504538.785', '267650.73', '55560.78']",,,,,,,,,,,,False,0.0,0.0,,,0.0,0.0,,
151,CC_AMT_DRAWINGS_POS_CURRENT_MAX,float64,61140,246371,80.12,28865,very_high_cardinality,True,True,False,False,"target_encoding, hash_encoding, or embedding_layer","['0.0', '3333.6', '53659.395', '46246.5', '58368.96']",,,,,,,,,,,,False,0.0,0.0,,,0.0,0.0,,
152,CC_AMT_DRAWINGS_POS_CURRENT_MEAN,float64,61140,246371,80.12,33409,very_high_cardinality,True,True,False,False,"target_encoding, hash_encoding, or embedding_layer","['0.0', '515.645625', '3710.054347826087', '8781.057', '34112.52851351351']",,,,,,,,,,,,False,0.0,0.0,,,0.0,0.0,,
153,CC_AMT_DRAWINGS_POS_CURRENT_SUM,float64,86905,220606,71.74,31661,very_high_cardinality,True,True,False,False,"target_encoding, hash_encoding, or embedding_layer","['0.0', '195951.375', '317057.53500000003', '1388322.945', '107893.305']",,,,,,,,,,,,False,0.0,0.0,,,0.0,0.0,,
154,CC_AMT_INST_MIN_REGULARITY_MAX,float64,86905,220606,71.74,32000,very_high_cardinality,True,True,False,False,"target_encoding, hash_encoding, or embedding_layer","['0.0', '10265.85', '2349.045', '23189.94', '13818.15']",,,,,,,,,,,,False,0.0,0.0,,,0.0,0.0,,
155,CC_AMT_INST_MIN_REGULARITY_MEAN,float64,86905,220606,71.74,57384,very_high_cardinality,True,True,False,False,"target_encoding, hash_encoding, or embedding_layer","['0.0', '13081.053103448276', '6511.3264285714295', '3632.22225', '8910.864']",,,,,,,,,,,,False,0.0,0.0,,,0.0,0.0,,
156,CC_AMT_PAYMENT_CURRENT_MAX,float64,61060,246451,80.14,25753,very_high_cardinality,True,True,False,False,"target_encoding, hash_encoding, or embedding_layer","['55485.0', '28883.385', '54630.36', '344290.5', '23728.23']",,,,,,,,,,,,False,0.0,0.0,,,0.0,0.0,,
157,CC_AMT_PAYMENT_CURRENT_MEAN,float64,61060,246451,80.14,56763,very_high_cardinality,True,True,False,False,"target_encoding, hash_encoding, or embedding_layer","['4843.064189189189', '3287.9591129032256', '1349.6816842105263', '2043.91125', '24630.75710526316']",,,,,,,,,,,,False,0.0,0.0,,,0.0,0.0,,
158,CC_AMT_PAYMENT_CURRENT_SUM,float64,86905,220606,71.74,54228,very_high_cardinality,True,True,False,False,"target_encoding, hash_encoding, or embedding_layer","['0.0', '81440.235', '174330.45', '72359.955', '225208.935']",,,,,,,,,,,,False,0.0,0.0,,,0.0,0.0,,
159,CC_AMT_PAYMENT_TOTAL_CURRENT_MAX,float64,86905,220606,71.74,30350,very_high_cardinality,True,True,False,False,"target_encoding, hash_encoding, or embedding_layer","['0.0', '143325.0', '160151.355', '885071.475', '84673.485']",,,,,,,,,,,,False,0.0,0.0,,,0.0,0.0,,
160,CC_AMT_PAYMENT_TOTAL_CURRENT_MEAN,float64,86905,220606,71.74,57831,very_high_cardinality,True,True,False,False,"target_encoding, hash_encoding, or embedding_layer","['0.0', '3937.5', '9340.966216216217', '40652.7825', '7653.836842105263']",,,,,,,,,,,,False,0.0,0.0,,,0.0,0.0,,
161,CC_AMT_PAYMENT_TOTAL_CURRENT_SUM,float64,86905,220606,71.74,52944,very_high_cardinality,True,True,False,False,"target_encoding, hash_encoding, or embedding_layer","['0.0', '312415.02', '4799419.245', '376715.25', '97301.565']",,,,,,,,,,,,False,0.0,0.0,,,0.0,0.0,,
162,CC_AMT_RECEIVABLE_PRINCIPAL_MAX,float64,86905,220606,71.74,46271,very_high_cardinality,True,True,False,False,"target_encoding, hash_encoding, or embedding_layer","['0.0', '347493.96', '179797.635', '237193.785', '89979.48']",,,,,,,,,,,,False,0.0,0.0,,,0.0,0.0,,
163,CC_AMT_RECEIVABLE_PRINCIPAL_MEAN,float64,86905,220606,71.74,58549,very_high_cardinality,True,True,False,False,"target_encoding, hash_encoding, or embedding_layer","['0.0', '35263.67015625', '20916.315', '23615.16893617021', '232841.3919230769']",,,,,,,,,,,,False,0.0,0.0,,,0.0,0.0,,
164,CC_AMT_RECEIVABLE_PRINCIPAL_SUM,float64,86905,220606,71.74,57768,very_high_cardinality,True,True,False,False,"target_encoding, hash_encoding, or embedding_layer","['0.0', '13249041.345', '3435696.765', '2456438.895', '3287982.105']",,,,,,,,,,,,False,0.0,0.0,,,0.0,0.0,,
165,CC_AMT_TOTAL_RECEIVABLE_MAX,float64,86905,220606,71.74,56422,very_high_cardinality,True,True,False,False,"target_encoding, hash_encoding, or embedding_layer","['0.0', '266045.22', '240010.245', '54324.0', '187847.685']",,,,,,,,,,,,False,0.0,0.0,,,0.0,0.0,,
166,CC_AMT_TOTAL_RECEIVABLE_MEAN,float64,86905,220606,71.74,59521,very_high_cardinality,True,True,False,False,"target_encoding, hash_encoding, or embedding_layer","['0.0', '80701.47', '46733.63163157895', '308988.5806451613', '30955.06125']",,,,,,,,,,,,False,0.0,0.0,,,0.0,0.0,,
167,CC_AMT_TOTAL_RECEIVABLE_SUM,float64,86905,220606,71.74,58867,very_high_cardinality,True,True,False,False,"target_encoding, hash_encoding, or embedding_layer","['0.0', '8973935.325', '3601735.92', '7891777.305', '268743.735']",,,,,,,,,,,,False,0.0,0.0,,,0.0,0.0,,
168,CC_BALANCE_LIMIT_RATIO_MAX,float64,86036,221475,72.02,56087,very_high_cardinality,True,True,False,False,"target_encoding, hash_encoding, or embedding_layer","['0.0', '1.0551102', '1.0217979', '1.113575', '1.0793253333333337']",,,,,,,,,,,,False,0.0,0.0,,,0.0,0.0,,
169,CC_BALANCE_LIMIT_RATIO_MEAN,float64,86036,221475,72.02,59104,very_high_cardinality,True,True,False,False,"target_encoding, hash_encoding, or embedding_layer","['0.0', '0.8904512511776753', '0.274619619047619', '0.2341486055555555', '0.1031004795081967']",,,,,,,,,,,,False,0.0,0.0,,,0.0,0.0,,
170,CC_CC_LATE_FLAG_MEAN,float64,86905,220606,71.74,1422,very_high_cardinality,True,True,False,False,"target_encoding, hash_encoding, or embedding_layer","['0.0', '0.0219780219780219', '0.0289855072463768', '0.7916666666666666', '0.2933333333333333']",,,,,,,,,,,,False,0.0,0.0,,,0.0,0.0,,
171,CC_CC_LATE_FLAG_SUM,float64,86905,220606,71.74,91,high_cardinality,True,False,False,True,"target_encoding, frequency_encoding, or hash_encoding","['0.0', '62.0', '11.0', '39.0', '74.0']",,,,,,,,,,,,False,0.0,0.0,,,0.0,0.0,,
172,CC_CNT_DRAWINGS_ATM_CURRENT_MAX,float64,61140,246371,80.12,44,medium_cardinality,False,False,False,True,"target_encoding, leave_as_integer, or one_hot_if_dense","['4.0', '10.0', '14.0', '31.0', '34.0']",,,,,,,,,,,,False,0.0,0.0,,,0.0,0.0,,
173,CC_CNT_DRAWINGS_ATM_CURRENT_MEAN,float64,61140,246371,80.12,3385,very_high_cardinality,True,True,False,False,"target_encoding, hash_encoding, or embedding_layer","['0.054054054054054', '0.325', '0.146067415730337', '0.4534883720930232', '1.6956521739130437']",,,,,,,,,,,,False,0.0,0.0,,,0.0,0.0,,
174,CC_CNT_DRAWINGS_ATM_CURRENT_SUM,float64,86905,220606,71.74,163,high_cardinality,True,False,False,True,"target_encoding, frequency_encoding, or hash_encoding","['0.0', '10.0', '90.0', '65.0', '123.0']",,,,,,,,,,,,False,0.0,0.0,,,0.0,0.0,,
175,CC_CNT_DRAWINGS_CURRENT_MAX,float64,86905,220606,71.74,119,high_cardinality,True,False,False,True,"target_encoding, frequency_encoding, or hash_encoding","['0.0', '54.0', '41.0', '76.0', '81.0']",,,,,,,,,,,,False,0.0,0.0,,,0.0,0.0,,
176,CC_CNT_DRAWINGS_CURRENT_MEAN,float64,86905,220606,71.74,6584,very_high_cardinality,True,True,False,False,"target_encoding, hash_encoding, or embedding_layer","['0.0', '7.277777777777778', '2.411764705882353', '1.1470588235294117', '0.6891891891891891']",,,,,,,,,,,,False,0.0,0.0,,,0.0,0.0,,
177,CC_CNT_DRAWINGS_CURRENT_SUM,float64,86905,220606,71.74,548,very_high_cardinality,True,True,False,False,"target_encoding, hash_encoding, or embedding_layer","['0.0', '66.0', '177.0', '319.0', '440.0']",,,,,,,,,,,,False,0.0,0.0,,,0.0,0.0,,
178,CC_CNT_DRAWINGS_POS_CURRENT_MAX,float64,61140,246371,80.12,123,high_cardinality,True,False,False,True,"target_encoding, frequency_encoding, or hash_encoding","['0.0', '25.0', '49.0', '55.0', '95.0']",,,,,,,,,,,,False,0.0,0.0,,,0.0,0.0,,
179,CC_CNT_DRAWINGS_POS_CURRENT_MEAN,float64,61140,246371,80.12,5024,very_high_cardinality,True,True,False,False,"target_encoding, hash_encoding, or embedding_layer","['0.0', '0.1034482758620689', '10.047619047619047', '2.0357142857142856', '9.628571428571428']",,,,,,,,,,,,False,0.0,0.0,,,0.0,0.0,,
180,CC_CNT_DRAWINGS_POS_CURRENT_SUM,float64,86905,220606,71.74,532,very_high_cardinality,True,True,False,False,"target_encoding, hash_encoding, or embedding_layer","['0.0', '104.0', '188.0', '456.0', '453.0']",,,,,,,,,,,,False,0.0,0.0,,,0.0,0.0,,
181,CC_CNT_INSTALMENT_MATURE_CUM_MAX,float64,86905,220606,71.74,120,high_cardinality,True,False,False,True,"target_encoding, frequency_encoding, or hash_encoding","['0.0', '8.0', '17.0', '51.0', '49.0']",,,,,,,,,,,,False,0.0,0.0,,,0.0,0.0,,
182,CC_CNT_INSTALMENT_MATURE_CUM_MEAN,float64,86905,220606,71.74,13923,very_high_cardinality,True,True,False,False,"target_encoding, hash_encoding, or embedding_layer","['0.0', '14.552083333333334', '44.93258426966292', '52.614583333333336', '47.333333333333336']",,,,,,,,,,,,False,0.0,0.0,,,0.0,0.0,,
183,CC_DRAWING_LIMIT_RATIO_MAX,float64,86036,221475,72.02,24356,very_high_cardinality,True,True,False,False,"target_encoding, hash_encoding, or embedding_layer","['0.0', '0.840684', '0.977068', '0.4798173333333333', '0.6249166666666667']",,,,,,,,,,,,False,0.0,0.0,,,0.0,0.0,,
184,CC_DRAWING_LIMIT_RATIO_MEAN,float64,86036,221475,72.02,48938,very_high_cardinality,True,True,False,False,"target_encoding, hash_encoding, or embedding_layer","['0.0', '0.2536991388888889', '0.0214583333333333', '0.3235195714285714', '0.2329968148148148']",,,,,,,,,,,,False,0.0,0.0,,,0.0,0.0,,
185,CC_MONTHS_BALANCE_MAX,float64,86905,220606,71.74,5,low_cardinality,False,False,False,True,one_hot_encoding or label_encoding,"['-1.0', '-2.0', '-4.0', '-3.0', '-5.0']",,,,,,,,,,,,False,0.0,0.0,,,0.0,0.0,,
186,CC_MONTHS_BALANCE_MIN,float64,86905,220606,71.74,96,high_cardinality,True,False,False,True,"target_encoding, frequency_encoding, or hash_encoding","['-6.0', '-56.0', '-40.0', '-78.0', '-45.0']",,,,,,,,,,,,False,0.0,0.0,,,0.0,0.0,,
187,CC_MONTHS_BALANCE_SIZE,float64,86905,220606,71.74,128,high_cardinality,True,False,False,True,"target_encoding, frequency_encoding, or hash_encoding","['6.0', '68.0', '89.0', '34.0', '103.0']",,,,,,,,,,,,False,0.0,0.0,,,0.0,0.0,,
188,CC_NAME_CONTRACT_STATUS_Active_MEAN,float64,86905,220606,71.74,1004,very_high_cardinality,True,True,False,False,"target_encoding, hash_encoding, or embedding_layer","['1.0', '0.9270833333333334', '0.8222222222222222', '0.6438356164383562', '0.5416666666666666']",,,,,,,,,,,,False,0.0,0.0,,,0.0,0.0,,
189,CC_NAME_CONTRACT_STATUS_Approved_MEAN,float64,86905,220606,71.74,6,low_cardinality,False,False,False,True,one_hot_encoding or label_encoding,"['0.0', '0.0112359550561797', '0.0106382978723404', '0.0105263157894736', '0.0119047619047619']",,,,,,,,,,,,False,0.0,0.0,,,0.0,0.0,,
190,CC_NAME_CONTRACT_STATUS_Completed_MEAN,float64,86905,220606,71.74,925,very_high_cardinality,True,True,False,False,"target_encoding, hash_encoding, or embedding_layer","['0.0', '0.0365853658536585', '0.2840909090909091', '0.2254901960784313', '0.2212389380530973']",,,,,,,,,,,,False,0.0,0.0,,,0.0,0.0,,
191,CC_NAME_CONTRACT_STATUS_Demand_MEAN,float64,86905,220606,71.74,16,medium_cardinality,False,False,False,True,"target_encoding, leave_as_integer, or one_hot_if_dense","['0.0', '0.5632183908045977', '0.5638297872340425', '0.4545454545454545', '0.0285714285714285']",,,,,,,,,,,,False,0.0,0.0,,,0.0,0.0,,
192,CC_NAME_CONTRACT_STATUS_Refused_MEAN,float64,86905,220606,71.74,14,medium_cardinality,False,False,False,True,"target_encoding, leave_as_integer, or one_hot_if_dense","['0.0', '0.0131578947368421', '0.0128205128205128', '0.0117647058823529', '0.0111111111111111']",,,,,,,,,,,,False,0.0,0.0,,,0.0,0.0,,
193,CC_NAME_CONTRACT_STATUS_Sent proposal_MEAN,float64,86905,220606,71.74,34,medium_cardinality,False,False,False,True,"target_encoding, leave_as_integer, or one_hot_if_dense","['0.0', '0.0120481927710843', '0.0123456790123456', '0.0119047619047619', '0.0108695652173913']",,,,,,,,,,,,False,0.0,0.0,,,0.0,0.0,,
194,CC_NAME_CONTRACT_STATUS_Signed_MEAN,float64,86905,220606,71.74,252,very_high_cardinality,True,True,False,False,"target_encoding, hash_encoding, or embedding_layer","['0.0', '0.0128205128205128', '0.3698630136986301', '0.0235294117647058', '0.4805194805194805']",,,,,,,,,,,,False,0.0,0.0,,,0.0,0.0,,
195,CC_NAME_CONTRACT_STATUS_nan_MEAN,float64,86905,220606,71.74,1,single_category,False,False,False,False,drop_column (constant),['0.0'],,,,,,,,,,,,False,0.0,0.0,,,0.0,0.0,,
196,CC_PAYMENT_MIN_RATIO_MAX,float64,59269,248242,80.73,47187,very_high_cardinality,True,True,False,False,"target_encoding, hash_encoding, or embedding_layer","['6.165', '1.4455530491793902', '2.3254011316952177', '15.489725545893672', '108.0']",,,,,,,,,,,,False,0.0,0.0,,,0.0,0.0,,
197,CC_PAYMENT_MIN_RATIO_MEAN,float64,59269,248242,80.73,58279,very_high_cardinality,True,True,False,False,"target_encoding, hash_encoding, or embedding_layer","['1.1777430423082598', '1.0466968130720338', '1.1631762218629524', '1.230266780202763', '1.4734100156871257']",,,,,,,,,,,,False,0.0,0.0,,,0.0,0.0,,
198,CC_PAYMENT_TOTAL_RATIO_MAX,float64,59775,247736,80.56,56912,very_high_cardinality,True,True,False,False,"target_encoding, hash_encoding, or embedding_layer","['0.1663049533930368', '0.39156644197279', '4.858356815391275', '0.0525159939961176', '0.0931518853766919']",,,,,,,,,,,,False,0.0,0.0,,,0.0,0.0,,
199,CC_PAYMENT_TOTAL_RATIO_MEAN,float64,59775,247736,80.56,57349,very_high_cardinality,True,True,False,False,"target_encoding, hash_encoding, or embedding_layer","['-2.593249949553239', '0.0381380454056896', '0.1424948768893842', '0.036166836830378', '0.0489126220623376']",,,,,,,,,,,,False,0.0,0.0,,,0.0,0.0,,
200,CC_RECEIVABLE_LIMIT_RATIO_MAX,float64,86036,221475,72.02,55701,very_high_cardinality,True,True,False,False,"target_encoding, hash_encoding, or embedding_layer","['0.0', '1.048959', '1.023996', '1.0376536666666667', '1.0599166153846151']",,,,,,,,,,,,False,0.0,0.0,,,0.0,0.0,,
201,CC_RECEIVABLE_LIMIT_RATIO_MEAN,float64,86036,221475,72.02,58877,very_high_cardinality,True,True,False,False,"target_encoding, hash_encoding, or embedding_layer","['0.0', '0.05076975', '0.6622554725274725', '0.0266189375', '0.013880294117647']",,,,,,,,,,,,False,0.0,0.0,,,0.0,0.0,,
202,CC_SK_DPD_DEF_MAX,float64,86905,220606,71.74,52,high_cardinality,True,False,False,True,"target_encoding, frequency_encoding, or hash_encoding","['0.0', '17.0', '91.0', '61.0', '130.0']",,,,,,,,,,,,False,0.0,0.0,,,0.0,0.0,,
203,CC_SK_DPD_DEF_MEAN,float64,86905,220606,71.74,1548,very_high_cardinality,True,True,False,False,"target_encoding, hash_encoding, or embedding_layer","['0.0', '0.2962962962962963', '0.0945945945945946', '0.5729166666666666', '0.2093023255813953']",,,,,,,,,,,,False,0.0,0.0,,,0.0,0.0,,
204,CC_SK_DPD_DEF_SUM,float64,86905,220606,71.74,217,very_high_cardinality,True,True,False,False,"target_encoding, hash_encoding, or embedding_layer","['0.0', '88.0', '116385.0', '294.0', '106.0']",,,,,,,,,,,,False,0.0,0.0,,,0.0,0.0,,
205,CC_SK_DPD_MAX,float64,86905,220606,71.74,409,very_high_cardinality,True,True,False,False,"target_encoding, hash_encoding, or embedding_layer","['0.0', '141.0', '1492.0', '261.0', '1833.0']",,,,,,,,,,,,False,0.0,0.0,,,0.0,0.0,,
206,CC_SK_DPD_MEAN,float64,86905,220606,71.74,3606,very_high_cardinality,True,True,False,False,"target_encoding, hash_encoding, or embedding_layer","['0.0', '386.96774193548384', '3.3125', '2.3', '0.4588235294117647']",,,,,,,,,,,,False,0.0,0.0,,,0.0,0.0,,
207,CC_SK_DPD_SUM,float64,86905,220606,71.74,1464,very_high_cardinality,True,True,False,False,"target_encoding, hash_encoding, or embedding_layer","['0.0', '30160.0', '46917.0', '726.0', '11522.0']",,,,,,,,,,,,False,0.0,0.0,,,0.0,0.0,,
208,CC_SK_ID_PREV_NUNIQUE,float64,86905,220606,71.74,4,low_cardinality,False,False,False,True,one_hot_encoding or label_encoding,"['1.0', '2.0', '3.0', '4.0']",,,,,,,,,,,,False,0.0,0.0,,,0.0,0.0,,
209,CNT_CHILDREN,int64,307511,0,0.0,15,medium_cardinality,False,False,False,True,"target_encoding, leave_as_integer, or one_hot_if_dense","['0', '3', '5', '9', '10']",,,,,,,,,,,,False,0.0,0.0,,,0.0,0.0,,
210,CNT_FAM_MEMBERS,float64,307509,2,0.0,17,medium_cardinality,False,False,False,True,"target_encoding, leave_as_integer, or one_hot_if_dense","['1.0', '4.0', '9.0', '10.0', '12.0']",,,,,,,,,,,,False,0.0,0.0,,,0.0,0.0,,
211,CODE_GENDER,object,307511,0,0.0,3,low_cardinality,False,False,False,False,one_hot_encoding or label_encoding,"['M', 'F', 'XNA']",3.0,0.0,0.0,F,65.83,1.0,33.33,True,moderately_skewed,0.5846,False,False,0.0,0.0,,,3.0,2.0,"f(202448), m(105059), xna(4)","f(32678), m(16066)"
212,COMMONAREA_AVG,float64,92646,214865,69.87,3181,very_high_cardinality,True,True,False,False,"target_encoding, hash_encoding, or embedding_layer","['0.0143', '0.0956', '0.1801', '0.3545', '0.4934']",,,,,,,,,,,,False,0.0,0.0,,,0.0,0.0,,
213,COMMONAREA_MEDI,float64,92646,214865,69.87,3202,very_high_cardinality,True,True,False,False,"target_encoding, hash_encoding, or embedding_layer","['0.0144', '0.0609', '0.2525', '0.1187', '0.1363']",,,,,,,,,,,,False,0.0,0.0,,,0.0,0.0,,
214,COMMONAREA_MODE,float64,92646,214865,69.87,3128,very_high_cardinality,True,True,False,False,"target_encoding, hash_encoding, or embedding_layer","['0.0144', '0.37', '0.3211', '0.2469', '0.1811']",,,,,,,,,,,,False,0.0,0.0,,,0.0,0.0,,
215,DAYS_BIRTH,int64,307511,0,0.0,17460,very_high_cardinality,True,True,False,False,"target_encoding, hash_encoding, or embedding_layer","['-9461', '-19972', '-18027', '-18129', '-18004']",,,,,,,,,,,,False,0.0,0.0,,,0.0,0.0,,
216,DAYS_EMPLOYED,float64,252137,55374,18.01,12573,very_high_cardinality,True,True,False,False,"target_encoding, hash_encoding, or embedding_layer","['-637.0', '-3659.0', '-3191.0', '-5871.0', '-16452.0']",,,,,,,,,,,,False,0.0,0.0,,,0.0,0.0,,
217,DAYS_EMPLOYED_ANOM,int64,307511,0,0.0,2,binary,False,False,False,False,binary_encoding or label_encoding,"['0', '1']",,,,,,,,,,,,False,0.0,0.0,,,0.0,0.0,,
218,DAYS_ID_PUBLISH,int64,307511,0,0.0,6168,very_high_cardinality,True,True,False,False,"target_encoding, hash_encoding, or embedding_layer","['-2120', '-623', '-3788', '-3575', '-3214']",,,,,,,,,,,,False,0.0,0.0,,,0.0,0.0,,
219,DAYS_LAST_PHONE_CHANGE,float64,307510,1,0.0,3773,very_high_cardinality,True,True,False,False,"target_encoding, hash_encoding, or embedding_layer","['-1134.0', '-1773.0', '-1123.0', '-34.0', '-2238.0']",,,,,,,,,,,,False,0.0,0.0,,,0.0,0.0,,
220,DAYS_REGISTRATION,float64,307511,0,0.0,15688,very_high_cardinality,True,True,False,False,"target_encoding, hash_encoding, or embedding_layer","['-3648.0', '-5786.0', '-10353.0', '-7931.0', '-15901.0']",,,,,,,,,,,,False,0.0,0.0,,,0.0,0.0,,
221,DEF_30_CNT_SOCIAL_CIRCLE,float64,306490,1021,0.33,10,low_cardinality,False,False,False,True,one_hot_encoding or label_encoding,"['2.0', '1.0', '4.0', '6.0', '34.0']",,,,,,,,,,,,False,0.0,0.0,,,0.0,0.0,,
222,DEF_60_CNT_SOCIAL_CIRCLE,float64,306490,1021,0.33,9,low_cardinality,False,False,False,True,one_hot_encoding or label_encoding,"['2.0', '0.0', '1.0', '3.0', '5.0']",,,,,,,,,,,,False,0.0,0.0,,,0.0,0.0,,
223,ELEVATORS_AVG,float64,143620,163891,53.3,257,very_high_cardinality,True,True,False,False,"target_encoding, hash_encoding, or embedding_layer","['0.0', '0.056', '0.248', '0.1644', '0.2144']",,,,,,,,,,,,False,0.0,0.0,,,0.0,0.0,,
224,ELEVATORS_MEDI,float64,143620,163891,53.3,46,medium_cardinality,False,False,False,True,"target_encoding, leave_as_integer, or one_hot_if_dense","['0.0', '0.32', '0.44', '0.9', '0.84']",,,,,,,,,,,,False,0.0,0.0,,,0.0,0.0,,
225,ELEVATORS_MODE,float64,143620,163891,53.3,26,medium_cardinality,False,False,False,True,"target_encoding, leave_as_integer, or one_hot_if_dense","['0.0', '0.282', '0.3625', '0.5236', '1.0']",,,,,,,,,,,,False,0.0,0.0,,,0.0,0.0,,
226,EMERGENCYSTATE_MODE,object,161756,145755,47.4,2,binary,False,False,False,False,binary_encoding or label_encoding,"['No', 'Yes']",2.0,145755.0,47.4,No,98.56,0.0,0.0,False,highly_dominant,0.1087,False,False,0.0,0.0,,,2.0,2.0,"no(159428), yes(2328)","no(26179), yes(356)"
227,ENTRANCES_AVG,float64,152683,154828,50.35,285,very_high_cardinality,True,True,False,False,"target_encoding, hash_encoding, or embedding_layer","['0.069', '0.0803', '0.9655', '0.1179', '0.2145']",,,,,,,,,,,,False,0.0,0.0,,,0.0,0.0,,
228,ENTRANCES_MEDI,float64,152683,154828,50.35,46,medium_cardinality,False,False,False,True,"target_encoding, leave_as_integer, or one_hot_if_dense","['0.069', '0.3793', '0.0862', '0.5862', '0.7241']",,,,,,,,,,,,False,0.0,0.0,,,0.0,0.0,,
229,ENTRANCES_MODE,float64,152683,154828,50.35,30,medium_cardinality,False,False,False,True,"target_encoding, leave_as_integer, or one_hot_if_dense","['0.069', '0.3103', '0.4483', '0.6897', '0.8621']",,,,,,,,,,,,False,0.0,0.0,,,0.0,0.0,,
230,EXT_SOURCE_1,float64,134133,173378,56.38,114584,very_high_cardinality,True,True,False,False,"target_encoding, hash_encoding, or embedding_layer","['0.0830369673913225', '0.3434592967896681', '0.2675216296877956', '0.2117578022529641', '0.7850698127541171']",,,,,,,,,,,,False,0.0,0.0,,,0.0,0.0,,
231,EXT_SOURCE_2,float64,306851,660,0.21,119831,very_high_cardinality,True,True,False,False,"target_encoding, hash_encoding, or embedding_layer","['0.2629485927471776', '0.3503576730780357', '0.3810117710759585', '0.7848345149129441', '0.1417418829157293']",,,,,,,,,,,,False,0.0,0.0,,,0.0,0.0,,
232,EXT_SOURCE_3,float64,246546,60965,19.83,814,very_high_cardinality,True,True,False,False,"target_encoding, hash_encoding, or embedding_layer","['0.1393757800997895', '0.4632753280912678', '0.6041125998015721', '0.158554899794863', '0.0353564629252589']",,,,,,,,,,,,False,0.0,0.0,,,0.0,0.0,,
233,FLAG_CONT_MOBILE,int64,307511,0,0.0,2,binary,False,False,False,False,binary_encoding or label_encoding,"['1', '0']",,,,,,,,,,,,False,0.0,0.0,,,0.0,0.0,,
234,FLAG_DOCUMENT_10,int64,307511,0,0.0,2,binary,False,False,False,False,binary_encoding or label_encoding,"['0', '1']",,,,,,,,,,,,False,0.0,0.0,,,0.0,0.0,,
235,FLAG_DOCUMENT_11,int64,307511,0,0.0,2,binary,False,False,False,False,binary_encoding or label_encoding,"['0', '1']",,,,,,,,,,,,False,0.0,0.0,,,0.0,0.0,,
236,FLAG_DOCUMENT_12,int64,307511,0,0.0,2,binary,False,False,False,False,binary_encoding or label_encoding,"['0', '1']",,,,,,,,,,,,False,0.0,0.0,,,0.0,0.0,,
237,FLAG_DOCUMENT_13,int64,307511,0,0.0,2,binary,False,False,False,False,binary_encoding or label_encoding,"['0', '1']",,,,,,,,,,,,False,0.0,0.0,,,0.0,0.0,,
238,FLAG_DOCUMENT_14,int64,307511,0,0.0,2,binary,False,False,False,False,binary_encoding or label_encoding,"['0', '1']",,,,,,,,,,,,False,0.0,0.0,,,0.0,0.0,,
239,FLAG_DOCUMENT_15,int64,307511,0,0.0,2,binary,False,False,False,False,binary_encoding or label_encoding,"['0', '1']",,,,,,,,,,,,False,0.0,0.0,,,0.0,0.0,,
240,FLAG_DOCUMENT_16,int64,307511,0,0.0,2,binary,False,False,False,False,binary_encoding or label_encoding,"['0', '1']",,,,,,,,,,,,False,0.0,0.0,,,0.0,0.0,,
241,FLAG_DOCUMENT_17,int64,307511,0,0.0,2,binary,False,False,False,False,binary_encoding or label_encoding,"['0', '1']",,,,,,,,,,,,False,0.0,0.0,,,0.0,0.0,,
242,FLAG_DOCUMENT_18,int64,307511,0,0.0,2,binary,False,False,False,False,binary_encoding or label_encoding,"['0', '1']",,,,,,,,,,,,False,0.0,0.0,,,0.0,0.0,,
243,FLAG_DOCUMENT_19,int64,307511,0,0.0,2,binary,False,False,False,False,binary_encoding or label_encoding,"['0', '1']",,,,,,,,,,,,False,0.0,0.0,,,0.0,0.0,,
244,FLAG_DOCUMENT_2,int64,307511,0,0.0,2,binary,False,False,False,False,binary_encoding or label_encoding,"['0', '1']",,,,,,,,,,,,False,0.0,0.0,,,0.0,0.0,,
245,FLAG_DOCUMENT_20,int64,307511,0,0.0,2,binary,False,False,False,False,binary_encoding or label_encoding,"['0', '1']",,,,,,,,,,,,False,0.0,0.0,,,0.0,0.0,,
246,FLAG_DOCUMENT_21,int64,307511,0,0.0,2,binary,False,False,False,False,binary_encoding or label_encoding,"['0', '1']",,,,,,,,,,,,False,0.0,0.0,,,0.0,0.0,,
247,FLAG_DOCUMENT_3,int64,307511,0,0.0,2,binary,False,False,False,False,binary_encoding or label_encoding,"['1', '0']",,,,,,,,,,,,False,0.0,0.0,,,0.0,0.0,,
248,FLAG_DOCUMENT_4,int64,307511,0,0.0,2,binary,False,False,False,False,binary_encoding or label_encoding,"['0', '1']",,,,,,,,,,,,False,0.0,0.0,,,0.0,0.0,,
249,FLAG_DOCUMENT_5,int64,307511,0,0.0,2,binary,False,False,False,False,binary_encoding or label_encoding,"['0', '1']",,,,,,,,,,,,False,0.0,0.0,,,0.0,0.0,,
250,FLAG_DOCUMENT_6,int64,307511,0,0.0,2,binary,False,False,False,False,binary_encoding or label_encoding,"['0', '1']",,,,,,,,,,,,False,0.0,0.0,,,0.0,0.0,,
251,FLAG_DOCUMENT_7,int64,307511,0,0.0,2,binary,False,False,False,False,binary_encoding or label_encoding,"['0', '1']",,,,,,,,,,,,False,0.0,0.0,,,0.0,0.0,,
252,FLAG_DOCUMENT_8,int64,307511,0,0.0,2,binary,False,False,False,False,binary_encoding or label_encoding,"['0', '1']",,,,,,,,,,,,False,0.0,0.0,,,0.0,0.0,,
253,FLAG_DOCUMENT_9,int64,307511,0,0.0,2,binary,False,False,False,False,binary_encoding or label_encoding,"['0', '1']",,,,,,,,,,,,False,0.0,0.0,,,0.0,0.0,,
254,FLAG_EMAIL,int64,307511,0,0.0,2,binary,False,False,False,False,binary_encoding or label_encoding,"['0', '1']",,,,,,,,,,,,False,0.0,0.0,,,0.0,0.0,,
255,FLAG_EMP_PHONE,int64,307511,0,0.0,2,binary,False,False,False,False,binary_encoding or label_encoding,"['1', '0']",,,,,,,,,,,,False,0.0,0.0,,,0.0,0.0,,
256,FLAG_MOBIL,int64,307511,0,0.0,2,binary,False,False,False,False,binary_encoding or label_encoding,"['1', '0']",,,,,,,,,,,,False,0.0,0.0,,,0.0,0.0,,
257,FLAG_OWN_CAR,object,307511,0,0.0,2,binary,False,False,False,False,binary_encoding or label_encoding,"['N', 'Y']",2.0,0.0,0.0,N,65.99,0.0,0.0,False,moderately_skewed,0.9249,False,False,0.0,0.0,,,2.0,2.0,"n(202924), y(104587)","n(32311), y(16433)"
258,FLAG_OWN_REALTY,object,307511,0,0.0,2,binary,False,False,False,False,binary_encoding or label_encoding,"['Y', 'N']",2.0,0.0,0.0,Y,69.37,0.0,0.0,False,moderately_skewed,0.8889,False,False,0.0,0.0,,,2.0,2.0,"y(213312), n(94199)","y(33658), n(15086)"
259,FLAG_PHONE,int64,307511,0,0.0,2,binary,False,False,False,False,binary_encoding or label_encoding,"['1', '0']",,,,,,,,,,,,False,0.0,0.0,,,0.0,0.0,,
260,FLAG_WORK_PHONE,int64,307511,0,0.0,2,binary,False,False,False,False,binary_encoding or label_encoding,"['0', '1']",,,,,,,,,,,,False,0.0,0.0,,,0.0,0.0,,
261,FLOORSMAX_AVG,float64,154491,153020,49.76,403,very_high_cardinality,True,True,False,False,"target_encoding, hash_encoding, or embedding_layer","['0.0833', '0.1388', '0.1525', '0.28', '0.3175']",,,,,,,,,,,,False,0.0,0.0,,,0.0,0.0,,
262,FLOORSMAX_MEDI,float64,154491,153020,49.76,49,medium_cardinality,False,False,False,True,"target_encoding, leave_as_integer, or one_hot_if_dense","['0.0833', '0.2083', '0.4792', '0.875', '0.75']",,,,,,,,,,,,False,0.0,0.0,,,0.0,0.0,,
263,FLOORSMAX_MODE,float64,154491,153020,49.76,25,medium_cardinality,False,False,False,True,"target_encoding, leave_as_integer, or one_hot_if_dense","['0.0833', '0.375', '0.125', '0.9583', '0.7083']",,,,,,,,,,,,False,0.0,0.0,,,0.0,0.0,,
264,FLOORSMIN_AVG,float64,98869,208642,67.85,305,very_high_cardinality,True,True,False,False,"target_encoding, hash_encoding, or embedding_layer","['0.125', '0.3417', '0.6725', '0.6833', '0.3175']",,,,,,,,,,,,False,0.0,0.0,,,0.0,0.0,,
265,FLOORSMIN_MEDI,float64,98869,208642,67.85,47,medium_cardinality,False,False,False,True,"target_encoding, leave_as_integer, or one_hot_if_dense","['0.125', '0.5', '0.5833', '0.6458', '0.75']",,,,,,,,,,,,False,0.0,0.0,,,0.0,0.0,,
266,FLOORSMIN_MODE,float64,98869,208642,67.85,25,medium_cardinality,False,False,False,True,"target_encoding, leave_as_integer, or one_hot_if_dense","['0.125', '0.2083', '0.625', '0.5833', '0.75']",,,,,,,,,,,,False,0.0,0.0,,,0.0,0.0,,
267,FONDKAPREMONT_MODE,object,97216,210295,68.39,4,low_cardinality,False,False,False,False,one_hot_encoding or label_encoding,"['reg oper account', 'org spec account', 'reg oper spec account', 'not specified']",4.0,210295.0,68.39,reg oper account,75.94,0.0,0.0,False,moderately_skewed,0.5763,False,False,0.0,0.0,,,4.0,4.0,"reg oper account(73830), reg oper spec account(12080), not specified(5687)","reg oper account(12124), reg oper spec account(1990), org spec account(920)"
268,HOUR_APPR_PROCESS_START,int64,307511,0,0.0,24,medium_cardinality,False,False,False,True,"target_encoding, leave_as_integer, or one_hot_if_dense","['10', '16', '7', '19', '4']",,,,,,,,,,,,False,0.0,0.0,,,0.0,0.0,,
269,HOUSETYPE_MODE,object,153214,154297,50.18,3,low_cardinality,False,False,False,False,one_hot_encoding or label_encoding,"['block of flats', 'terraced house', 'specific housing']",3.0,154297.0,50.18,block of flats,98.23,2.0,66.67,True,highly_dominant,0.092,False,False,0.0,0.0,,,3.0,3.0,"block of flats(150503), specific housing(1499), terraced house(1212)","block of flats(24659), specific housing(262), terraced house(204)"
270,INS_AMT_INSTALMENT_MAX,float64,291643,15868,5.16,236626,very_high_cardinality,True,True,False,False,"target_encoding, hash_encoding, or embedding_layer","['53093.745', '24065.775', '25923.42', '1254571.38', '5590.98']",,,,,,,,,,,,False,0.0,0.0,,,0.0,0.0,,
271,INS_AMT_INSTALMENT_MEAN,float64,291643,15868,5.16,288020,very_high_cardinality,True,True,False,False,"target_encoding, hash_encoding, or embedding_layer","['11559.24710526316', '10210.03415492958', '10638.466363636364', '5664.7125', '7536.962213114754']",,,,,,,,,,,,False,0.0,0.0,,,0.0,0.0,,
272,INS_AMT_INSTALMENT_SUM,float64,291643,15868,5.16,287801,very_high_cardinality,True,True,False,False,"target_encoding, hash_encoding, or embedding_layer","['219625.695', '200023.38', '151784.505', '24103.08', '4662625.95']",,,,,,,,,,,,False,0.0,0.0,,,0.0,0.0,,
273,INS_AMT_PAYMENT_MAX,float64,291635,15876,5.16,229572,very_high_cardinality,True,True,False,False,"target_encoding, hash_encoding, or embedding_layer","['53093.745', '301069.71', '160191.27', '24744.06', '6808.32']",,,,,,,,,,,,False,0.0,0.0,,,0.0,0.0,,
274,INS_AMT_PAYMENT_MEAN,float64,291635,15876,5.16,288396,very_high_cardinality,True,True,False,False,"target_encoding, hash_encoding, or embedding_layer","['11559.24710526316', '38248.4594117647', '7334.955', '9765.287068965516', '8824.185000000001']",,,,,,,,,,,,False,0.0,0.0,,,0.0,0.0,,
275,INS_AMT_PAYMENT_MIN,float64,291635,15876,5.16,134230,very_high_cardinality,True,True,False,False,"target_encoding, hash_encoding, or embedding_layer","['9251.775', '5880.87', '11636.82', '4461.03', '1804.95']",,,,,,,,,,,,False,0.0,0.0,,,0.0,0.0,,
276,INS_AMT_PAYMENT_SUM,float64,291643,15868,5.16,287364,very_high_cardinality,True,True,False,False,"target_encoding, hash_encoding, or embedding_layer","['219625.695', '803241.9450000001', '76613.76', '72924.615', '57095.01']",,,,,,,,,,,,False,0.0,0.0,,,0.0,0.0,,
277,INS_DAYS_ENTRY_PAYMENT_MAX,float64,291635,15876,5.16,2937,very_high_cardinality,True,True,False,False,"target_encoding, hash_encoding, or embedding_layer","['-49.0', '-2092.0', '-374.0', '-1174.0', '-2327.0']",,,,,,,,,,,,False,0.0,0.0,,,0.0,0.0,,
278,INS_DAYS_ENTRY_PAYMENT_MEAN,float64,291635,15876,5.16,212229,very_high_cardinality,True,True,False,False,"target_encoding, hash_encoding, or embedding_layer","['-315.42105263157896', '-296.86046511627904', '-454.78', '-940.896551724138', '-1894.217391304348']",,,,,,,,,,,,False,0.0,0.0,,,0.0,0.0,,
279,INS_DAYS_ENTRY_PAYMENT_MIN,float64,291635,15876,5.16,3035,very_high_cardinality,True,True,False,False,"target_encoding, hash_encoding, or embedding_layer","['-587.0', '-783.0', '-329.0', '-2152.0', '-2860.0']",,,,,,,,,,,,False,0.0,0.0,,,0.0,0.0,,
280,INS_DAYS_INSTALMENT_MAX,float64,291643,15868,5.16,2918,very_high_cardinality,True,True,False,False,"target_encoding, hash_encoding, or embedding_layer","['-25.0', '-1323.0', '-1261.0', '-2066.0', '-2512.0']",,,,,,,,,,,,False,0.0,0.0,,,0.0,0.0,,
281,INS_DAYS_INSTALMENT_MEAN,float64,291643,15868,5.16,183580,very_high_cardinality,True,True,False,False,"target_encoding, hash_encoding, or embedding_layer","['-295.0', '-380.1515151515151', '-268.42105263157896', '-1279.857142857143', '-764.8085106382979']",,,,,,,,,,,,False,0.0,0.0,,,0.0,0.0,,
282,INS_DAYS_INSTALMENT_MIN,float64,291643,15868,5.16,2920,very_high_cardinality,True,True,False,False,"target_encoding, hash_encoding, or embedding_layer","['-565.0', '-776.0', '-2046.0', '-2843.0', '-916.0']",,,,,,,,,,,,False,0.0,0.0,,,0.0,0.0,,
283,INS_DBD_MAX,float64,291635,15876,5.16,422,very_high_cardinality,True,True,False,False,"target_encoding, hash_encoding, or embedding_layer","['31.0', '122.0', '242.0', '193.0', '492.0']",,,,,,,,,,,,False,0.0,0.0,,,0.0,0.0,,
284,INS_DBD_MEAN,float64,291635,15876,5.16,57205,very_high_cardinality,True,True,False,False,"target_encoding, hash_encoding, or embedding_layer","['20.42105263157895', '22.97058823529412', '26.52380952380953', '12.306122448979592', '3.601769911504425']",,,,,,,,,,,,False,0.0,0.0,,,0.0,0.0,,
285,INS_DBD_SUM,float64,291643,15868,5.16,3224,very_high_cardinality,True,True,False,False,"target_encoding, hash_encoding, or embedding_layer","['388.0', '898.0', '532.0', '1787.0', '2681.0']",,,,,,,,,,,,False,0.0,0.0,,,0.0,0.0,,
286,INS_DPD_MAX,float64,291635,15876,5.16,1642,very_high_cardinality,True,True,False,False,"target_encoding, hash_encoding, or embedding_layer","['0.0', '1283.0', '1689.0', '1078.0', '957.0']",,,,,,,,,,,,False,0.0,0.0,,,0.0,0.0,,
287,INS_DPD_MEAN,float64,291635,15876,5.16,23566,very_high_cardinality,True,True,False,False,"target_encoding, hash_encoding, or embedding_layer","['0.0', '0.1976744186046511', '14.1', '0.0239520958083832', '0.8112244897959183']",,,,,,,,,,,,False,0.0,0.0,,,0.0,0.0,,
288,INS_DPD_SUM,float64,291643,15868,5.16,2077,very_high_cardinality,True,True,False,False,"target_encoding, hash_encoding, or embedding_layer","['0.0', '521.0', '1209.0', '1074.0', '834.0']",,,,,,,,,,,,False,0.0,0.0,,,0.0,0.0,,
289,INS_LAST365_AMT_PAYMENT_MEAN,float64,217478,90033,29.28,205538,very_high_cardinality,True,True,False,False,"target_encoding, hash_encoding, or embedding_layer","['12905.2725', '8107.2972972972975', '4340.738076923077', '8300.601', '90128.35125']",,,,,,,,,,,,False,0.0,0.0,,,0.0,0.0,,
290,INS_LAST365_AMT_PAYMENT_SUM,float64,217508,90003,29.27,205801,very_high_cardinality,True,True,False,False,"target_encoding, hash_encoding, or embedding_layer","['154863.27', '167349.96000000002', '787163.985', '248202.9', '716400.0']",,,,,,,,,,,,False,0.0,0.0,,,0.0,0.0,,
291,INS_LAST365_DPD_MAX,float64,217478,90033,29.28,192,high_cardinality,True,False,False,True,"target_encoding, frequency_encoding, or hash_encoding","['0.0', '68.0', '193.0', '112.0', '131.0']",,,,,,,,,,,,False,0.0,0.0,,,0.0,0.0,,
292,INS_LAST365_DPD_MEAN,float64,217478,90033,29.28,2884,very_high_cardinality,True,True,False,False,"target_encoding, hash_encoding, or embedding_layer","['0.0', '0.6585365853658537', '1.0588235294117647', '2.862068965517241', '4.291666666666667']",,,,,,,,,,,,False,0.0,0.0,,,0.0,0.0,,
293,INS_LAST365_DPD_SUM,float64,217508,90003,29.27,410,very_high_cardinality,True,True,False,False,"target_encoding, hash_encoding, or embedding_layer","['0.0', '43.0', '319.0', '446.0', '373.0']",,,,,,,,,,,,False,0.0,0.0,,,0.0,0.0,,
294,INS_LAST365_LATE_PAYMENT_FLAG_MEAN,float64,217508,90003,29.27,659,very_high_cardinality,True,True,False,False,"target_encoding, hash_encoding, or embedding_layer","['0.0', '0.1379310344827586', '0.6851851851851852', '0.5806451612903226', '0.7647058823529411']",,,,,,,,,,,,False,0.0,0.0,,,0.0,0.0,,
295,INS_LAST365_LATE_PAYMENT_FLAG_SUM,float64,217508,90003,29.27,54,high_cardinality,True,False,False,True,"target_encoding, frequency_encoding, or hash_encoding","['0.0', '10.0', '26.0', '23.0', '57.0']",,,,,,,,,,,,False,0.0,0.0,,,0.0,0.0,,
296,INS_LAST365_PAY_DIFF_MEAN,float64,217478,90033,29.28,57326,very_high_cardinality,True,True,False,False,"target_encoding, hash_encoding, or embedding_layer","['0.0', '4.0875', '6328.263', '1155.1875', '3540.804375']",,,,,,,,,,,,False,0.0,0.0,,,0.0,0.0,,
297,INS_LAST365_PAY_DIFF_SUM,float64,217508,90003,29.27,51840,very_high_cardinality,True,True,False,False,"target_encoding, hash_encoding, or embedding_layer","['0.0', '2722.365', '44944.65000000001', '-5142.015000000004', '7832.564999999999']",,,,,,,,,,,,False,0.0,0.0,,,0.0,0.0,,
298,INS_LAST365_PAY_PERC_MAX,float64,217478,90033,29.28,21543,very_high_cardinality,True,True,False,False,"target_encoding, hash_encoding, or embedding_layer","['1.0', '7.478592528886064', '2.0819836420651088', '5.28934321492461', '11.496929891879336']",,,,,,,,,,,,False,0.0,0.0,,,0.0,0.0,,
299,INS_LAST365_PAY_PERC_MEAN,float64,217478,90033,29.28,23437,very_high_cardinality,True,True,False,False,"target_encoding, hash_encoding, or embedding_layer","['1.0', '1.2113525719928562', '3.065399345327507', '5.328014757382254', '0.6067351053240976']",,,,,,,,,,,,False,0.0,0.0,,,0.0,0.0,,
300,INS_LATE_PAYMENT_FLAG_MEAN,float64,291643,15868,5.16,4972,very_high_cardinality,True,True,False,False,"target_encoding, hash_encoding, or embedding_layer","['0.0', '0.0375', '0.4520547945205479', '0.4157303370786517', '0.1079136690647482']",,,,,,,,,,,,False,0.0,0.0,,,0.0,0.0,,
301,INS_LATE_PAYMENT_FLAG_SUM,float64,291643,15868,5.16,102,high_cardinality,True,False,False,True,"target_encoding, frequency_encoding, or hash_encoding","['0.0', '27.0', '39.0', '62.0', '85.0']",,,,,,,,,,,,False,0.0,0.0,,,0.0,0.0,,
302,INS_NUM_INSTALMENT_VERSION_NUNIQUE,float64,291643,15868,5.16,49,medium_cardinality,False,False,False,True,"target_encoding, leave_as_integer, or one_hot_if_dense","['2.0', '9.0', '22.0', '35.0', '30.0']",,,,,,,,,,,,False,0.0,0.0,,,0.0,0.0,,
303,INS_PAY_DIFF_MAX,float64,291635,15876,5.16,103609,very_high_cardinality,True,True,False,False,"target_encoding, hash_encoding, or embedding_layer","['0.0', '19810.53', '13473.315', '8266.77', '5281.11']",,,,,,,,,,,,False,0.0,0.0,,,0.0,0.0,,
304,INS_PAY_DIFF_MEAN,float64,291635,15876,5.16,137929,very_high_cardinality,True,True,False,False,"target_encoding, hash_encoding, or embedding_layer","['0.0', '850.0487837837838', '4581.915', '-3271.5', '1435.5787499999997']",,,,,,,,,,,,False,0.0,0.0,,,0.0,0.0,,
305,INS_PAY_DIFF_SUM,float64,291643,15868,5.16,127986,very_high_cardinality,True,True,False,False,"target_encoding, hash_encoding, or embedding_layer","['0.0', '31617.18', '35340.075000000004', '-94296.28500000002', '2648.25']",,,,,,,,,,,,False,0.0,0.0,,,0.0,0.0,,
306,INS_PAY_DIFF_VAR,float64,290947,16564,5.39,144095,very_high_cardinality,True,True,False,False,"target_encoding, hash_encoding, or embedding_layer","['0.0', '38817911.87918582', '375115541.40186393', '5775230836.334951', '50453994.07584643']",,,,,,,,,,,,False,0.0,0.0,,,0.0,0.0,,
307,INS_PAY_PERC_MAX,float64,291632,15879,5.16,36091,very_high_cardinality,True,True,False,False,"target_encoding, hash_encoding, or embedding_layer","['1.0', '3.740559575539873', '5.679331268726238', '7.272727272727272', '2.108125359197229']",,,,,,,,,,,,False,0.0,0.0,,,0.0,0.0,,
308,INS_PAY_PERC_MEAN,float64,291632,15879,5.16,42700,very_high_cardinality,True,True,False,False,"target_encoding, hash_encoding, or embedding_layer","['1.0', '1.0189654752369297', '1.475469338164084', '1.1955566119582912', '1.0483926975090294']",,,,,,,,,,,,False,0.0,0.0,,,0.0,0.0,,
309,INS_PAY_PERC_VAR,float64,290944,16567,5.39,143641,very_high_cardinality,True,True,False,False,"target_encoding, hash_encoding, or embedding_layer","['0.0', '0.0521371893838939', '0.0489908363298783', '0.4566290853764506', '0.0230348651074623']",,,,,,,,,,,,False,0.0,0.0,,,0.0,0.0,,
310,INS_SK_ID_PREV_NUNIQUE,float64,291643,15868,5.16,25,medium_cardinality,False,False,False,True,"target_encoding, leave_as_integer, or one_hot_if_dense","['1.0', '2.0', '10.0', '14.0', '21.0']",,,,,,,,,,,,False,0.0,0.0,,,0.0,0.0,,
311,INS_UNDERPAY_FLAG_MEAN,float64,291643,15868,5.16,4892,very_high_cardinality,True,True,False,False,"target_encoding, hash_encoding, or embedding_layer","['0.0', '0.7445255474452555', '0.5660377358490566', '0.1843971631205673', '0.2348993288590604']",,,,,,,,,,,,False,0.0,0.0,,,0.0,0.0,,
312,INS_UNDERPAY_FLAG_SUM,float64,291643,15868,5.16,126,high_cardinality,True,False,False,True,"target_encoding, frequency_encoding, or hash_encoding","['0.0', '40.0', '27.0', '143.0', '92.0']",,,,,,,,,,,,False,0.0,0.0,,,0.0,0.0,,
313,LANDAREA_AVG,float64,124921,182590,59.38,3527,very_high_cardinality,True,True,False,False,"target_encoding, hash_encoding, or embedding_layer","['0.0369', '0.0293', '0.0757', '0.2031', '0.1975']",,,,,,,,,,,,False,0.0,0.0,,,0.0,0.0,,
314,LANDAREA_MEDI,float64,124921,182590,59.38,3560,very_high_cardinality,True,True,False,False,"target_encoding, hash_encoding, or embedding_layer","['0.0375', '0.1005', '0.1344', '0.1999', '0.2293']",,,,,,,,,,,,False,0.0,0.0,,,0.0,0.0,,
315,LANDAREA_MODE,float64,124921,182590,59.38,3563,very_high_cardinality,True,True,False,False,"target_encoding, hash_encoding, or embedding_layer","['0.0377', '0.0974', '0.1516', '0.2334', '0.2374']",,,,,,,,,,,,False,0.0,0.0,,,0.0,0.0,,
316,LIVE_CITY_NOT_WORK_CITY,int64,307511,0,0.0,2,binary,False,False,False,False,binary_encoding or label_encoding,"['0', '1']",,,,,,,,,,,,False,0.0,0.0,,,0.0,0.0,,
317,LIVE_REGION_NOT_WORK_REGION,int64,307511,0,0.0,2,binary,False,False,False,False,binary_encoding or label_encoding,"['0', '1']",,,,,,,,,,,,False,0.0,0.0,,,0.0,0.0,,
318,LIVINGAPARTMENTS_AVG,float64,97312,210199,68.35,1868,very_high_cardinality,True,True,False,False,"target_encoding, hash_encoding, or embedding_layer","['0.0202', '0.0198', '0.3463', '0.0738', '0.5161']",,,,,,,,,,,,False,0.0,0.0,,,0.0,0.0,,
319,LIVINGAPARTMENTS_MEDI,float64,97312,210199,68.35,1097,very_high_cardinality,True,True,False,False,"target_encoding, hash_encoding, or embedding_layer","['0.0205', '0.0487', '0.336', '0.3309', '0.0688']",,,,,,,,,,,,False,0.0,0.0,,,0.0,0.0,,
320,LIVINGAPARTMENTS_MODE,float64,97312,210199,68.35,736,very_high_cardinality,True,True,False,False,"target_encoding, hash_encoding, or embedding_layer","['0.022', '0.2305', '0.3003', '0.2406', '0.3205']",,,,,,,,,,,,False,0.0,0.0,,,0.0,0.0,,
321,LIVINGAREA_AVG,float64,153161,154350,50.19,5199,very_high_cardinality,True,True,False,False,"target_encoding, hash_encoding, or embedding_layer","['0.019', '0.1058', '0.3666', '0.1489', '0.6414']",,,,,,,,,,,,False,0.0,0.0,,,0.0,0.0,,
322,LIVINGAREA_MEDI,float64,153161,154350,50.19,5281,very_high_cardinality,True,True,False,False,"target_encoding, hash_encoding, or embedding_layer","['0.0193', '0.0639', '0.1407', '0.2001', '0.0001']",,,,,,,,,,,,False,0.0,0.0,,,0.0,0.0,,
323,LIVINGAREA_MODE,float64,153161,154350,50.19,5301,very_high_cardinality,True,True,False,False,"target_encoding, hash_encoding, or embedding_layer","['0.0198', '0.0132', '0.2358', '0.8829', '0.4774']",,,,,,,,,,,,False,0.0,0.0,,,0.0,0.0,,
324,NAME_CONTRACT_TYPE,object,307511,0,0.0,2,binary,False,False,False,False,binary_encoding or label_encoding,"['Cash loans', 'Revolving loans']",2.0,0.0,0.0,Cash loans,90.48,0.0,0.0,False,highly_dominant,0.4536,False,False,0.0,0.0,,,2.0,2.0,"cash loans(278232), revolving loans(29279)","cash loans(48305), revolving loans(439)"
325,NAME_EDUCATION_TYPE,object,307511,0,0.0,5,low_cardinality,False,False,False,False,one_hot_encoding or label_encoding,"['Secondary / secondary special', 'Higher education', 'Incomplete higher', 'Lower secondary', 'Academic degree']",5.0,0.0,0.0,Secondary / secondary special,71.02,1.0,20.0,True,moderately_skewed,0.4716,False,False,0.0,0.0,,,5.0,5.0,"secondary / secondary special(218391), higher education(74863), incomplete higher(10277)","secondary / secondary special(33988), higher education(12516), incomplete higher(1724)"
326,NAME_FAMILY_STATUS,object,307511,0,0.0,6,low_cardinality,False,False,False,False,one_hot_encoding or label_encoding,"['Single / not married', 'Married', 'Civil marriage', 'Widow', 'Separated']",6.0,0.0,0.0,Married,63.88,1.0,16.67,False,moderately_skewed,0.6283,False,False,0.0,0.0,,,6.0,5.0,"married(196432), single / not married(45444), civil marriage(29775)","married(32283), single / not married(7036), civil marriage(4261)"
327,NAME_HOUSING_TYPE,object,307511,0,0.0,6,low_cardinality,False,False,False,False,one_hot_encoding or label_encoding,"['House / apartment', 'Rented apartment', 'With parents', 'Municipal apartment', 'Office apartment']",6.0,0.0,0.0,House / apartment,88.73,2.0,33.33,True,highly_dominant,0.2789,False,False,0.0,0.0,,,6.0,6.0,"house / apartment(272868), with parents(14840), municipal apartment(11183)","house / apartment(43645), with parents(2234), municipal apartment(1617)"
328,NAME_INCOME_TYPE,object,307511,0,0.0,8,low_cardinality,False,False,False,False,one_hot_encoding or label_encoding,"['Working', 'State servant', 'Commercial associate', 'Pensioner', 'Unemployed']",8.0,0.0,0.0,Working,51.63,4.0,50.0,True,moderately_skewed,0.5666,False,False,0.0,0.0,,,8.0,7.0,"working(158774), commercial associate(71617), pensioner(55362)","working(24533), commercial associate(11402), pensioner(9273)"
329,NAME_TYPE_SUITE,object,306219,1292,0.42,7,low_cardinality,False,False,False,False,one_hot_encoding or label_encoding,"['Unaccompanied', 'Family', 'Spouse, partner', 'Children', 'Other_A']",7.0,1292.0,0.42,Unaccompanied,81.16,3.0,42.86,True,highly_dominant,0.3387,False,False,0.0,0.0,,,7.0,7.0,"unaccompanied(248526), family(40149), spouse, partner(11370)","unaccompanied(39727), family(5881), spouse, partner(1448)"
330,NONLIVINGAPARTMENTS_AVG,float64,93997,213514,69.43,386,very_high_cardinality,True,True,False,False,"target_encoding, hash_encoding, or embedding_layer","['0.0', '0.0003', '0.0965', '0.3256', '0.2819']",,,,,,,,,,,,False,0.0,0.0,,,0.0,0.0,,
331,NONLIVINGAPARTMENTS_MEDI,float64,93997,213514,69.43,214,very_high_cardinality,True,True,False,False,"target_encoding, hash_encoding, or embedding_layer","['0.0', '0.0543', '0.2756', '0.3338', '0.5241']",,,,,,,,,,,,False,0.0,0.0,,,0.0,0.0,,
332,NONLIVINGAPARTMENTS_MODE,float64,93997,213514,69.43,167,high_cardinality,True,False,False,True,"target_encoding, frequency_encoding, or hash_encoding","['0.0', '0.2296', '0.6226', '0.3307', '0.6965']",,,,,,,,,,,,False,0.0,0.0,,,0.0,0.0,,
333,NONLIVINGAREA_AVG,float64,137829,169682,55.18,3290,very_high_cardinality,True,True,False,False,"target_encoding, hash_encoding, or embedding_layer","['0.0', '0.1431', '0.1159', '0.1625', '0.1498']",,,,,,,,,,,,False,0.0,0.0,,,0.0,0.0,,
334,NONLIVINGAREA_MEDI,float64,137829,169682,55.18,3323,very_high_cardinality,True,True,False,False,"target_encoding, hash_encoding, or embedding_layer","['0.0', '0.2639', '0.1981', '0.197', '0.3368']",,,,,,,,,,,,False,0.0,0.0,,,0.0,0.0,,
335,NONLIVINGAREA_MODE,float64,137829,169682,55.18,3327,very_high_cardinality,True,True,False,False,"target_encoding, hash_encoding, or embedding_layer","['0.0', '0.0356', '0.445', '0.1702', '0.1716']",,,,,,,,,,,,False,0.0,0.0,,,0.0,0.0,,
336,OBS_30_CNT_SOCIAL_CIRCLE,float64,306490,1021,0.33,33,medium_cardinality,False,False,False,True,"target_encoding, leave_as_integer, or one_hot_if_dense","['2.0', '7.0', '13.0', '17.0', '24.0']",,,,,,,,,,,,False,0.0,0.0,,,0.0,0.0,,
337,OBS_60_CNT_SOCIAL_CIRCLE,float64,306490,1021,0.33,33,medium_cardinality,False,False,False,True,"target_encoding, leave_as_integer, or one_hot_if_dense","['2.0', '7.0', '13.0', '16.0', '24.0']",,,,,,,,,,,,False,0.0,0.0,,,0.0,0.0,,
338,OCCUPATION_TYPE,object,211120,96391,31.35,18,medium_cardinality,False,False,False,False,"target_encoding, leave_as_integer, or one_hot_if_dense","['Laborers', 'Managers', 'Cleaning staff', 'Medicine staff', 'Waiters/barmen staff']",18.0,96391.0,31.35,Laborers,26.14,6.0,33.33,True,relatively_balanced,0.7917,False,False,0.0,0.0,,,18.0,18.0,"laborers(55186), sales staff(32102), core staff(27570)","laborers(8655), sales staff(5072), core staff(4361)"
339,ORGANIZATION_TYPE,object,307511,0,0.0,58,high_cardinality,True,False,False,False,"target_encoding, frequency_encoding, or hash_encoding","['Business Entity Type 3', 'Construction', 'Security', 'Hotel', 'Mobile']",58.0,0.0,0.0,Business Entity Type 3,22.11,41.0,70.69,True,relatively_balanced,0.7003,False,False,0.0,0.0,,,58.0,58.0,"business entity type 3(67992), xna(55374), self-employed(38412)","business entity type 3(10840), xna(9274), self-employed(5920)"
340,OWN_CAR_AGE,float64,104582,202929,65.99,62,high_cardinality,True,False,False,True,"target_encoding, frequency_encoding, or hash_encoding","['26.0', '20.0', '0.0', '41.0', '49.0']",,,,,,,,,,,,False,0.0,0.0,,,0.0,0.0,,
341,POS_CNT_INSTALMENT_FUTURE_MAX,float64,289420,18091,5.88,62,high_cardinality,True,False,False,True,"target_encoding, frequency_encoding, or hash_encoding","['24.0', '60.0', '9.0', '29.0', '26.0']",,,,,,,,,,,,False,0.0,0.0,,,0.0,0.0,,
342,POS_CNT_INSTALMENT_FUTURE_MEAN,float64,289420,18091,5.88,39840,very_high_cardinality,True,True,False,False,"target_encoding, hash_encoding, or embedding_layer","['15.0', '9.140350877192985', '19.52830188679245', '18.704545454545453', '9.328358208955224']",,,,,,,,,,,,False,0.0,0.0,,,0.0,0.0,,
343,POS_CNT_INSTALMENT_FUTURE_SUM,float64,289444,18067,5.88,2892,very_high_cardinality,True,True,False,False,"target_encoding, hash_encoding, or embedding_layer","['285.0', '41.0', '1050.0', '1707.0', '2569.0']",,,,,,,,,,,,False,0.0,0.0,,,0.0,0.0,,
344,POS_CNT_INSTALMENT_MAX,float64,289420,18091,5.88,61,high_cardinality,True,False,False,True,"target_encoding, frequency_encoding, or hash_encoding","['24.0', '54.0', '25.0', '27.0', '28.0']",,,,,,,,,,,,False,0.0,0.0,,,0.0,0.0,,
345,POS_CNT_INSTALMENT_MEAN,float64,289420,18091,5.88,41222,very_high_cardinality,True,True,False,False,"target_encoding, hash_encoding, or embedding_layer","['24.0', '36.03448275862069', '18.215686274509803', '23.121951219512194', '13.819148936170214']",,,,,,,,,,,,False,0.0,0.0,,,0.0,0.0,,
346,POS_CNT_INSTALMENT_SUM,float64,289444,18067,5.88,4194,very_high_cardinality,True,True,False,False,"target_encoding, hash_encoding, or embedding_layer","['456.0', '2953.0', '1851.0', '2582.0', '4267.0']",,,,,,,,,,,,False,0.0,0.0,,,0.0,0.0,,
347,POS_MONTHS_BALANCE_MAX,float64,289444,18067,5.88,96,high_cardinality,True,False,False,True,"target_encoding, frequency_encoding, or hash_encoding","['-1.0', '-9.0', '-40.0', '-21.0', '-77.0']",,,,,,,,,,,,False,0.0,0.0,,,0.0,0.0,,
348,POS_MONTHS_BALANCE_MIN,float64,289444,18067,5.88,96,high_cardinality,True,False,False,True,"target_encoding, frequency_encoding, or hash_encoding","['-19.0', '-26.0', '-29.0', '-38.0', '-46.0']",,,,,,,,,,,,False,0.0,0.0,,,0.0,0.0,,
349,POS_MONTHS_BALANCE_SIZE,float64,289444,18067,5.88,227,very_high_cardinality,True,True,False,False,"target_encoding, hash_encoding, or embedding_layer","['19.0', '63.0', '57.0', '112.0', '202.0']",,,,,,,,,,,,False,0.0,0.0,,,0.0,0.0,,
350,POS_NAME_CONTRACT_STATUS_Active_MEAN,float64,289444,18067,5.88,1922,very_high_cardinality,True,True,False,False,"target_encoding, hash_encoding, or embedding_layer","['1.0', '0.5288461538461539', '0.8514851485148515', '0.9669421487603306', '0.4455445544554455']",,,,,,,,,,,,False,0.0,0.0,,,0.0,0.0,,
351,POS_NAME_CONTRACT_STATUS_Amortized debt_MEAN,float64,289444,18067,5.88,12,medium_cardinality,False,False,False,True,"target_encoding, leave_as_integer, or one_hot_if_dense","['0.0', '0.3252032520325203', '0.4495412844036697', '0.2702702702702703', '0.4810126582278481']",,,,,,,,,,,,False,0.0,0.0,,,0.0,0.0,,
352,POS_NAME_CONTRACT_STATUS_Approved_MEAN,float64,289444,18067,5.88,224,very_high_cardinality,True,True,False,False,"target_encoding, hash_encoding, or embedding_layer","['0.0', '0.0232558139534883', '0.0140845070422535', '0.08', '0.0059171597633136']",,,,,,,,,,,,False,0.0,0.0,,,0.0,0.0,,
353,POS_NAME_CONTRACT_STATUS_Canceled_MEAN,float64,289444,18067,5.88,12,medium_cardinality,False,False,False,True,"target_encoding, leave_as_integer, or one_hot_if_dense","['0.0', '0.0769230769230769', '0.027027027027027', '0.0142857142857142', '0.125']",,,,,,,,,,,,False,0.0,0.0,,,0.0,0.0,,
354,POS_NAME_CONTRACT_STATUS_Completed_MEAN,float64,289444,18067,5.88,1560,very_high_cardinality,True,True,False,False,"target_encoding, hash_encoding, or embedding_layer","['0.0', '0.0109890109890109', '0.0642857142857142', '0.0113636363636363', '0.0548780487804878']",,,,,,,,,,,,False,0.0,0.0,,,0.0,0.0,,
355,POS_NAME_CONTRACT_STATUS_Demand_MEAN,float64,289444,18067,5.88,234,very_high_cardinality,True,True,False,False,"target_encoding, hash_encoding, or embedding_layer","['0.0', '0.0769230769230769', '0.4890510948905109', '0.0212765957446808', '0.119047619047619']",,,,,,,,,,,,False,0.0,0.0,,,0.0,0.0,,
356,POS_NAME_CONTRACT_STATUS_Returned to the store_MEAN,float64,289444,18067,5.88,228,very_high_cardinality,True,True,False,False,"target_encoding, hash_encoding, or embedding_layer","['0.0', '0.0294117647058823', '0.3333333333333333', '0.0109890109890109', '0.0066225165562913']",,,,,,,,,,,,False,0.0,0.0,,,0.0,0.0,,
357,POS_NAME_CONTRACT_STATUS_Signed_MEAN,float64,289444,18067,5.88,826,very_high_cardinality,True,True,False,False,"target_encoding, hash_encoding, or embedding_layer","['0.0', '0.018348623853211', '0.0163265306122449', '0.65', '0.3043478260869565']",,,,,,,,,,,,False,0.0,0.0,,,0.0,0.0,,
358,POS_NAME_CONTRACT_STATUS_XNA_MEAN,float64,289444,18067,5.88,3,low_cardinality,False,False,False,True,one_hot_encoding or label_encoding,"['0.0', '0.00625', '0.0061349693251533']",,,,,,,,,,,,False,0.0,0.0,,,0.0,0.0,,
359,POS_NAME_CONTRACT_STATUS_nan_MEAN,float64,289444,18067,5.88,1,single_category,False,False,False,False,drop_column (constant),['0.0'],,,,,,,,,,,,False,0.0,0.0,,,0.0,0.0,,
360,POS_POS_LATE_FLAG_MEAN,float64,289444,18067,5.88,2499,very_high_cardinality,True,True,False,False,"target_encoding, hash_encoding, or embedding_layer","['0.0', '0.1621621621621621', '0.8666666666666667', '0.6826923076923077', '0.019108280254777']",,,,,,,,,,,,False,0.0,0.0,,,0.0,0.0,,
361,POS_POS_LATE_FLAG_SUM,float64,289444,18067,5.88,103,high_cardinality,True,False,False,True,"target_encoding, frequency_encoding, or hash_encoding","['0.0', '19.0', '52.0', '87.0', '28.0']",,,,,,,,,,,,False,0.0,0.0,,,0.0,0.0,,
362,POS_SK_DPD_DEF_MAX,float64,289444,18067,5.88,200,high_cardinality,True,False,False,True,"target_encoding, frequency_encoding, or hash_encoding","['0.0', '57.0', '33.0', '51.0', '1900.0']",,,,,,,,,,,,False,0.0,0.0,,,0.0,0.0,,
363,POS_SK_DPD_DEF_MEAN,float64,289444,18067,5.88,4471,very_high_cardinality,True,True,False,False,"target_encoding, hash_encoding, or embedding_layer","['0.0', '0.4482758620689655', '0.7922077922077922', '0.3424657534246575', '0.5760869565217391']",,,,,,,,,,,,False,0.0,0.0,,,0.0,0.0,,
364,POS_SK_DPD_DEF_SUM,float64,289444,18067,5.88,373,very_high_cardinality,True,True,False,False,"target_encoding, hash_encoding, or embedding_layer","['0.0', '78.0', '9195.0', '350.0', '150911.0']",,,,,,,,,,,,False,0.0,0.0,,,0.0,0.0,,
365,POS_SK_DPD_MAX,float64,289444,18067,5.88,1919,very_high_cardinality,True,True,False,False,"target_encoding, hash_encoding, or embedding_layer","['0.0', '1045.0', '234.0', '944.0', '2442.0']",,,,,,,,,,,,False,0.0,0.0,,,0.0,0.0,,
366,POS_SK_DPD_MEAN,float64,289444,18067,5.88,10768,very_high_cardinality,True,True,False,False,"target_encoding, hash_encoding, or embedding_layer","['0.0', '0.8837209302325582', '0.4428571428571428', '1.1956521739130437', '5.533333333333333']",,,,,,,,,,,,False,0.0,0.0,,,0.0,0.0,,
367,POS_SK_DPD_SUM,float64,289444,18067,5.88,3708,very_high_cardinality,True,True,False,False,"target_encoding, hash_encoding, or embedding_layer","['0.0', '18721.0', '17965.0', '21219.0', '4707.0']",,,,,,,,,,,,False,0.0,0.0,,,0.0,0.0,,
368,POS_SK_ID_PREV_NUNIQUE,float64,289444,18067,5.88,25,medium_cardinality,False,False,False,True,"target_encoding, leave_as_integer, or one_hot_if_dense","['1.0', '2.0', '10.0', '16.0', '20.0']",,,,,,,,,,,,False,0.0,0.0,,,0.0,0.0,,
369,PREV_AMT_ANNUITY_MAX,float64,290640,16871,5.49,145950,very_high_cardinality,True,True,False,False,"target_encoding, hash_encoding, or embedding_layer","['9251.775', '6819.3', '14419.71', '8962.29', '6219.765']",,,,,,,,,,,,False,0.0,0.0,,,0.0,0.0,,
370,PREV_AMT_ANNUITY_MEAN,float64,290640,16871,5.49,267474,very_high_cardinality,True,True,False,False,"target_encoding, hash_encoding, or embedding_layer","['9251.775', '8302.335000000001', '13997.8575', '12875.985', '12715.7325']",,,,,,,,,,,,False,0.0,0.0,,,0.0,0.0,,
371,PREV_AMT_APPLICATION_MAX,float64,291057,16454,5.35,48662,very_high_cardinality,True,True,False,False,"target_encoding, hash_encoding, or embedding_layer","['179055.0', '115528.5', '41436.0', '278640.0', '190287.0']",,,,,,,,,,,,False,0.0,0.0,,,0.0,0.0,,
372,PREV_AMT_APPLICATION_MEAN,float64,291057,16454,5.35,191746,very_high_cardinality,True,True,False,False,"target_encoding, hash_encoding, or embedding_layer","['179055.0', '49837.95', '62943.0', '38991.0', '100140.75']",,,,,,,,,,,,False,0.0,0.0,,,0.0,0.0,,
373,PREV_AMT_CREDIT_MAX,float64,291057,16454,5.35,58510,very_high_cardinality,True,True,False,False,"target_encoding, hash_encoding, or embedding_layer","['179055.0', '65911.5', '231552.0', '2016000.0', '96273.0']",,,,,,,,,,,,False,0.0,0.0,,,0.0,0.0,,
374,PREV_AMT_CREDIT_MEAN,float64,291057,16454,5.35,210626,very_high_cardinality,True,True,False,False,"target_encoding, hash_encoding, or embedding_layer","['179055.0', '964861.7727272728', '158915.25', '63360.34615384616', '128071.125']",,,,,,,,,,,,False,0.0,0.0,,,0.0,0.0,,
375,PREV_AMT_DOWN_PAYMENT_MAX,float64,273605,33906,11.03,21521,very_high_cardinality,True,True,False,False,"target_encoding, hash_encoding, or embedding_layer","['0.0', '17797.5', '123363.0', '42264.0', '14122.125']",,,,,,,,,,,,False,0.0,0.0,,,0.0,0.0,,
376,PREV_AMT_DOWN_PAYMENT_MEAN,float64,273605,33906,11.03,54046,very_high_cardinality,True,True,False,False,"target_encoding, hash_encoding, or embedding_layer","['0.0', '45211.5', '16560.964285714286', '17154.0', '19222.875']",,,,,,,,,,,,False,0.0,0.0,,,0.0,0.0,,
377,PREV_AMT_GOODS_PRICE_MAX,float64,290082,17429,5.67,48658,very_high_cardinality,True,True,False,False,"target_encoding, hash_encoding, or embedding_layer","['179055.0', '186295.5', '68458.5', '177448.5', '190287.0']",,,,,,,,,,,,False,0.0,0.0,,,0.0,0.0,,
378,PREV_AMT_GOODS_PRICE_MEAN,float64,290082,17429,5.67,185829,very_high_cardinality,True,True,False,False,"target_encoding, hash_encoding, or embedding_layer","['179055.0', '147321.0', '88172.1', '93613.5', '333551.25']",,,,,,,,,,,,False,0.0,0.0,,,0.0,0.0,,
379,PREV_APP_CREDIT_PERC_MAX,float64,290830,16681,5.42,141278,very_high_cardinality,True,True,False,False,"target_encoding, hash_encoding, or embedding_layer","['1.0', '1.0134715025906735', '1.2732824427480915', '1.1250861474844935', '1.4823295830575778']",,,,,,,,,,,,False,0.0,0.0,,,0.0,0.0,,
380,PREV_APP_CREDIT_PERC_MEAN,float64,290830,16681,5.42,247296,very_high_cardinality,True,True,False,False,"target_encoding, hash_encoding, or embedding_layer","['1.0', '0.8516184997488928', '0.977825227992016', '1.0477940418455869', '0.9751405414545952']",,,,,,,,,,,,False,0.0,0.0,,,0.0,0.0,,
381,PREV_APP_CREDIT_PERC_VAR,float64,229461,78050,25.38,211714,very_high_cardinality,True,True,False,False,"target_encoding, hash_encoding, or embedding_layer","['0.0053241561080653', '0.0093064049493494', '0.0304186103418054', '0.3825774484437972', '0.0089788008081466']",,,,,,,,,,,,False,0.0,0.0,,,0.0,0.0,,
382,PREV_CHANNEL_TYPE_AP+ (Cash loan)_MEAN,float64,291057,16454,5.35,261,very_high_cardinality,True,True,False,False,"target_encoding, hash_encoding, or embedding_layer","['0.0', '0.1052631578947368', '0.3571428571428571', '0.0277777777777777', '0.8095238095238095']",,,,,,,,,,,,False,0.0,0.0,,,0.0,0.0,,
383,PREV_CHANNEL_TYPE_Car dealer_MEAN,float64,291057,16454,5.35,35,medium_cardinality,False,False,False,True,"target_encoding, leave_as_integer, or one_hot_if_dense","['0.0', '0.125', '0.1111111111111111', '0.0869565217391304', '0.0434782608695652']",,,,,,,,,,,,False,0.0,0.0,,,0.0,0.0,,
384,PREV_CHANNEL_TYPE_Channel of corporate sales_MEAN,float64,291057,16454,5.35,129,high_cardinality,True,False,False,True,"target_encoding, frequency_encoding, or hash_encoding","['0.0', '0.0714285714285714', '0.0285714285714285', '0.4210526315789473', '0.2105263157894736']",,,,,,,,,,,,False,0.0,0.0,,,0.0,0.0,,
385,PREV_CHANNEL_TYPE_Contact center_MEAN,float64,291057,16454,5.35,222,very_high_cardinality,True,True,False,False,"target_encoding, hash_encoding, or embedding_layer","['0.0', '0.4583333333333333', '0.0697674418604651', '0.5294117647058824', '0.7777777777777778']",,,,,,,,,,,,False,0.0,0.0,,,0.0,0.0,,
386,PREV_CHANNEL_TYPE_Country-wide_MEAN,float64,291057,16454,5.35,348,very_high_cardinality,True,True,False,False,"target_encoding, hash_encoding, or embedding_layer","['0.0', '0.0625', '0.44', '0.34375', '0.4137931034482758']",,,,,,,,,,,,False,0.0,0.0,,,0.0,0.0,,
387,PREV_CHANNEL_TYPE_Credit and cash offices_MEAN,float64,291057,16454,5.35,414,very_high_cardinality,True,True,False,False,"target_encoding, hash_encoding, or embedding_layer","['0.0', '0.6818181818181818', '0.696969696969697', '0.5897435897435898', '0.0263157894736842']",,,,,,,,,,,,False,0.0,0.0,,,0.0,0.0,,
388,PREV_CHANNEL_TYPE_Regional / Local_MEAN,float64,291057,16454,5.35,201,very_high_cardinality,True,True,False,False,"target_encoding, hash_encoding, or embedding_layer","['0.0', '0.0344827586206896', '0.5833333333333334', '0.2692307692307692', '0.0204081632653061']",,,,,,,,,,,,False,0.0,0.0,,,0.0,0.0,,
389,PREV_CHANNEL_TYPE_Stone_MEAN,float64,291057,16454,5.35,244,very_high_cardinality,True,True,False,False,"target_encoding, hash_encoding, or embedding_layer","['1.0', '0.1176470588235294', '0.9', '0.0277777777777777', '0.24']",,,,,,,,,,,,False,0.0,0.0,,,0.0,0.0,,
390,PREV_CHANNEL_TYPE_nan_MEAN,float64,291057,16454,5.35,1,single_category,False,False,False,False,drop_column (constant),['0.0'],,,,,,,,,,,,False,0.0,0.0,,,0.0,0.0,,
391,PREV_CNT_PAYMENT_MEAN,float64,290642,16869,5.49,2838,very_high_cardinality,True,True,False,False,"target_encoding, hash_encoding, or embedding_layer","['24.0', '7.111111111111111', '46.8', '9.529411764705882', '34.09090909090909']",,,,,,,,,,,,False,0.0,0.0,,,0.0,0.0,,
392,PREV_CNT_PAYMENT_SUM,float64,291057,16454,5.35,727,very_high_cardinality,True,True,False,False,"target_encoding, hash_encoding, or embedding_layer","['24.0', '93.0', '326.0', '279.0', '712.0']",,,,,,,,,,,,False,0.0,0.0,,,0.0,0.0,,
393,PREV_CODE_REJECT_REASON_CLIENT_MEAN,float64,291057,16454,5.35,118,high_cardinality,True,False,False,True,"target_encoding, frequency_encoding, or hash_encoding","['0.0', '0.0416666666666666', '0.0689655172413793', '0.1875', '0.1851851851851851']",,,,,,,,,,,,False,0.0,0.0,,,0.0,0.0,,
394,PREV_CODE_REJECT_REASON_HC_MEAN,float64,291057,16454,5.35,388,very_high_cardinality,True,True,False,False,"target_encoding, hash_encoding, or embedding_layer","['0.0', '0.8', '0.4074074074074074', '0.6086956521739131', '0.574468085106383']",,,,,,,,,,,,False,0.0,0.0,,,0.0,0.0,,
395,PREV_CODE_REJECT_REASON_LIMIT_MEAN,float64,291057,16454,5.35,244,very_high_cardinality,True,True,False,False,"target_encoding, hash_encoding, or embedding_layer","['0.0', '0.0625', '0.2083333333333333', '0.4736842105263157', '0.6111111111111112']",,,,,,,,,,,,False,0.0,0.0,,,0.0,0.0,,
396,PREV_CODE_REJECT_REASON_SCOFR_MEAN,float64,291057,16454,5.35,157,high_cardinality,True,False,False,True,"target_encoding, frequency_encoding, or hash_encoding","['0.0', '0.0625', '0.1724137931034483', '0.0689655172413793', '0.027027027027027']",,,,,,,,,,,,False,0.0,0.0,,,0.0,0.0,,
397,PREV_CODE_REJECT_REASON_SCO_MEAN,float64,291057,16454,5.35,206,very_high_cardinality,True,True,False,False,"target_encoding, hash_encoding, or embedding_layer","['0.0', '0.4210526315789473', '0.7777777777777778', '0.28125', '0.3684210526315789']",,,,,,,,,,,,False,0.0,0.0,,,0.0,0.0,,
398,PREV_CODE_REJECT_REASON_SYSTEM_MEAN,float64,291057,16454,5.35,57,high_cardinality,True,False,False,True,"target_encoding, frequency_encoding, or hash_encoding","['0.0', '0.3333333333333333', '0.6666666666666666', '0.5384615384615384', '0.0357142857142857']",,,,,,,,,,,,False,0.0,0.0,,,0.0,0.0,,
399,PREV_CODE_REJECT_REASON_VERIF_MEAN,float64,291057,16454,5.35,83,high_cardinality,True,False,False,True,"target_encoding, frequency_encoding, or hash_encoding","['0.0', '0.0869565217391304', '0.6666666666666666', '0.1052631578947368', '0.2142857142857142']",,,,,,,,,,,,False,0.0,0.0,,,0.0,0.0,,
400,PREV_CODE_REJECT_REASON_XAP_MEAN,float64,291057,16454,5.35,394,very_high_cardinality,True,True,False,False,"target_encoding, hash_encoding, or embedding_layer","['1.0', '0.7647058823529411', '0.3548387096774194', '0.3181818181818182', '0.4571428571428571']",,,,,,,,,,,,False,0.0,0.0,,,0.0,0.0,,
401,PREV_CODE_REJECT_REASON_XNA_MEAN,float64,291057,16454,5.35,104,high_cardinality,True,False,False,True,"target_encoding, frequency_encoding, or hash_encoding","['0.0', '0.0769230769230769', '0.0344827586206896', '0.025', '0.0285714285714285']",,,,,,,,,,,,False,0.0,0.0,,,0.0,0.0,,
402,PREV_CODE_REJECT_REASON_nan_MEAN,float64,291057,16454,5.35,1,single_category,False,False,False,False,drop_column (constant),['0.0'],,,,,,,,,,,,False,0.0,0.0,,,0.0,0.0,,
403,PREV_CREDIT_TO_ANNUITY_RATIO_MAX,float64,290639,16872,5.49,132973,very_high_cardinality,True,True,False,False,"target_encoding, hash_encoding, or embedding_layer","['19.3535835015443', '9.33939643968274', '3.753050743061441', '6.561648819532533', '11.339144018013677']",,,,,,,,,,,,False,0.0,0.0,,,0.0,0.0,,
404,PREV_CREDIT_TO_ANNUITY_RATIO_MEAN,float64,290639,16872,5.49,277142,very_high_cardinality,True,True,False,False,"target_encoding, hash_encoding, or embedding_layer","['19.3535835015443', '11.23795746973028', '8.678277869600603', '7.726283436633502', '15.237661744242146']",,,,,,,,,,,,False,0.0,0.0,,,0.0,0.0,,
405,PREV_DAYS_DECISION_MAX,float64,291057,16454,5.35,2922,very_high_cardinality,True,True,False,False,"target_encoding, hash_encoding, or embedding_layer","['-606.0', '-781.0', '-808.0', '-1263.0', '-2708.0']",,,,,,,,,,,,False,0.0,0.0,,,0.0,0.0,,
406,PREV_DAYS_DECISION_MEAN,float64,291057,16454,5.35,60029,very_high_cardinality,True,True,False,False,"target_encoding, hash_encoding, or embedding_layer","['-606.0', '-732.3333333333334', '-400.77777777777777', '-544.5714285714286', '-1980.75']",,,,,,,,,,,,False,0.0,0.0,,,0.0,0.0,,
407,PREV_DAYS_DECISION_MIN,float64,291057,16454,5.35,2921,very_high_cardinality,True,True,False,False,"target_encoding, hash_encoding, or embedding_layer","['-606.0', '-1735.0', '-240.0', '-2209.0', '-2461.0']",,,,,,,,,,,,False,0.0,0.0,,,0.0,0.0,,
408,PREV_DOWN_PAYMENT_TO_CREDIT_MAX,float64,273605,33906,11.03,118279,very_high_cardinality,True,True,False,False,"target_encoding, hash_encoding, or embedding_layer","['0.0', '0.1111531906835826', '0.0967377260981912', '0.1111166335321404', '0.1061247530341518']",,,,,,,,,,,,False,0.0,0.0,,,0.0,0.0,,
409,PREV_DOWN_PAYMENT_TO_CREDIT_MEAN,float64,273605,33906,11.03,165423,very_high_cardinality,True,True,False,False,"target_encoding, hash_encoding, or embedding_layer","['0.0', '0.0370489116882191', '0.1011066398390342', '0.5202870806372006', '0.0400832050715412']",,,,,,,,,,,,False,0.0,0.0,,,0.0,0.0,,
410,PREV_FLAG_LAST_APPL_PER_CONTRACT_N_MEAN,float64,291057,16454,5.35,135,high_cardinality,True,False,False,True,"target_encoding, frequency_encoding, or hash_encoding","['0.0', '0.2142857142857142', '0.1304347826086956', '0.0344827586206896', '0.0606060606060606']",,,,,,,,,,,,False,0.0,0.0,,,0.0,0.0,,
411,PREV_FLAG_LAST_APPL_PER_CONTRACT_Y_MEAN,float64,291057,16454,5.35,135,high_cardinality,True,False,False,True,"target_encoding, frequency_encoding, or hash_encoding","['1.0', '0.7857142857142857', '0.8695652173913043', '0.9655172413793104', '0.9393939393939394']",,,,,,,,,,,,False,0.0,0.0,,,0.0,0.0,,
412,PREV_FLAG_LAST_APPL_PER_CONTRACT_nan_MEAN,float64,291057,16454,5.35,1,single_category,False,False,False,False,drop_column (constant),['0.0'],,,,,,,,,,,,False,0.0,0.0,,,0.0,0.0,,
413,PREV_GOODS_TO_CREDIT_RATIO_MAX,float64,290073,17438,5.67,141283,very_high_cardinality,True,True,False,False,"target_encoding, hash_encoding, or embedding_layer","['1.0', '1.2501410835214446', '1.207352234502643', '1.1250861474844935', '1.4823295830575778']",,,,,,,,,,,,False,0.0,0.0,,,0.0,0.0,,
414,PREV_GOODS_TO_CREDIT_RATIO_MEAN,float64,290073,17438,5.67,246133,very_high_cardinality,True,True,False,False,"target_encoding, hash_encoding, or embedding_layer","['1.0', '0.8723323190081853', '1.0877427004594635', '0.8441297846659642', '1.0045337010690518']",,,,,,,,,,,,False,0.0,0.0,,,0.0,0.0,,
415,PREV_HOUR_APPR_PROCESS_START_MAX,float64,291057,16454,5.35,24,medium_cardinality,False,False,False,True,"target_encoding, leave_as_integer, or one_hot_if_dense","['9.0', '18.0', '10.0', '13.0', '22.0']",,,,,,,,,,,,False,0.0,0.0,,,0.0,0.0,,
416,PREV_HOUR_APPR_PROCESS_START_MEAN,float64,291057,16454,5.35,2558,very_high_cardinality,True,True,False,False,"target_encoding, hash_encoding, or embedding_layer","['9.0', '15.266666666666667', '12.944444444444445', '8.052631578947368', '6.076923076923077']",,,,,,,,,,,,False,0.0,0.0,,,0.0,0.0,,
417,PREV_NAME_CASH_LOAN_PURPOSE_Building a house or an annex_MEAN,float64,291057,16454,5.35,98,high_cardinality,True,False,False,True,"target_encoding, frequency_encoding, or hash_encoding","['0.0', '0.0277777777777777', '0.6363636363636364', '0.375', '0.074074074074074']",,,,,,,,,,,,False,0.0,0.0,,,0.0,0.0,,
418,PREV_NAME_CASH_LOAN_PURPOSE_Business development_MEAN,float64,291057,16454,5.35,48,medium_cardinality,False,False,False,True,"target_encoding, leave_as_integer, or one_hot_if_dense","['0.0', '0.1111111111111111', '0.2222222222222222', '0.04', '0.0588235294117647']",,,,,,,,,,,,False,0.0,0.0,,,0.0,0.0,,
419,PREV_NAME_CASH_LOAN_PURPOSE_Buying a garage_MEAN,float64,291057,16454,5.35,34,medium_cardinality,False,False,False,True,"target_encoding, leave_as_integer, or one_hot_if_dense","['0.0', '1.0', '0.0909090909090909', '0.0714285714285714', '0.2727272727272727']",,,,,,,,,,,,False,0.0,0.0,,,0.0,0.0,,
420,PREV_NAME_CASH_LOAN_PURPOSE_Buying a holiday home / land_MEAN,float64,291057,16454,5.35,52,high_cardinality,True,False,False,True,"target_encoding, frequency_encoding, or hash_encoding","['0.0', '0.125', '0.75', '0.0454545454545454', '0.2857142857142857']",,,,,,,,,,,,False,0.0,0.0,,,0.0,0.0,,
421,PREV_NAME_CASH_LOAN_PURPOSE_Buying a home_MEAN,float64,291057,16454,5.35,62,high_cardinality,True,False,False,True,"target_encoding, frequency_encoding, or hash_encoding","['0.0', '0.3333333333333333', '0.0454545454545454', '0.05', '0.0212765957446808']",,,,,,,,,,,,False,0.0,0.0,,,0.0,0.0,,
422,PREV_NAME_CASH_LOAN_PURPOSE_Buying a new car_MEAN,float64,291057,16454,5.35,71,high_cardinality,True,False,False,True,"target_encoding, frequency_encoding, or hash_encoding","['0.0', '0.2222222222222222', '0.3076923076923077', '0.04', '0.074074074074074']",,,,,,,,,,,,False,0.0,0.0,,,0.0,0.0,,
423,PREV_NAME_CASH_LOAN_PURPOSE_Buying a used car_MEAN,float64,291057,16454,5.35,100,high_cardinality,True,False,False,True,"target_encoding, frequency_encoding, or hash_encoding","['0.0', '0.2857142857142857', '0.1176470588235294', '0.0952380952380952', '0.0285714285714285']",,,,,,,,,,,,False,0.0,0.0,,,0.0,0.0,,
424,PREV_NAME_CASH_LOAN_PURPOSE_Car repairs_MEAN,float64,291057,16454,5.35,53,high_cardinality,True,False,False,True,"target_encoding, frequency_encoding, or hash_encoding","['0.0', '0.1111111111111111', '0.0689655172413793', '0.0714285714285714', '0.2222222222222222']",,,,,,,,,,,,False,0.0,0.0,,,0.0,0.0,,
425,PREV_NAME_CASH_LOAN_PURPOSE_Education_MEAN,float64,291057,16454,5.35,67,high_cardinality,True,False,False,True,"target_encoding, frequency_encoding, or hash_encoding","['0.0', '0.2222222222222222', '0.0769230769230769', '0.0476190476190476', '0.0869565217391304']",,,,,,,,,,,,False,0.0,0.0,,,0.0,0.0,,
426,PREV_NAME_CASH_LOAN_PURPOSE_Everyday expenses_MEAN,float64,291057,16454,5.35,74,high_cardinality,True,False,False,True,"target_encoding, frequency_encoding, or hash_encoding","['0.0', '0.0555555555555555', '0.0625', '0.0232558139534883', '0.0147058823529411']",,,,,,,,,,,,False,0.0,0.0,,,0.0,0.0,,
427,PREV_NAME_CASH_LOAN_PURPOSE_Furniture_MEAN,float64,291057,16454,5.35,56,high_cardinality,True,False,False,True,"target_encoding, frequency_encoding, or hash_encoding","['0.0', '0.125', '0.1818181818181818', '0.2777777777777778', '0.02']",,,,,,,,,,,,False,0.0,0.0,,,0.0,0.0,,
428,PREV_NAME_CASH_LOAN_PURPOSE_Gasification / water supply_MEAN,float64,291057,16454,5.35,42,medium_cardinality,False,False,False,True,"target_encoding, leave_as_integer, or one_hot_if_dense","['0.0', '0.6', '0.0833333333333333', '0.217391304347826', '0.0666666666666666']",,,,,,,,,,,,False,0.0,0.0,,,0.0,0.0,,
429,PREV_NAME_CASH_LOAN_PURPOSE_Hobby_MEAN,float64,291057,16454,5.35,20,medium_cardinality,False,False,False,True,"target_encoding, leave_as_integer, or one_hot_if_dense","['0.0', '0.5', '0.3333333333333333', '0.0714285714285714', '0.0625']",,,,,,,,,,,,False,0.0,0.0,,,0.0,0.0,,
430,PREV_NAME_CASH_LOAN_PURPOSE_Journey_MEAN,float64,291057,16454,5.35,72,high_cardinality,True,False,False,True,"target_encoding, frequency_encoding, or hash_encoding","['0.0', '0.0588235294117647', '0.0416666666666666', '0.0476190476190476', '0.1052631578947368']",,,,,,,,,,,,False,0.0,0.0,,,0.0,0.0,,
431,PREV_NAME_CASH_LOAN_PURPOSE_Medicine_MEAN,float64,291057,16454,5.35,82,high_cardinality,True,False,False,True,"target_encoding, frequency_encoding, or hash_encoding","['0.0', '0.2857142857142857', '0.2222222222222222', '0.16', '0.0967741935483871']",,,,,,,,,,,,False,0.0,0.0,,,0.0,0.0,,
432,PREV_NAME_CASH_LOAN_PURPOSE_Money for a third person_MEAN,float64,291057,16454,5.35,15,medium_cardinality,False,False,False,True,"target_encoding, leave_as_integer, or one_hot_if_dense","['0.0', '1.0', '0.1', '0.0454545454545454', '0.0625']",,,,,,,,,,,,False,0.0,0.0,,,0.0,0.0,,
433,PREV_NAME_CASH_LOAN_PURPOSE_Other_MEAN,float64,291057,16454,5.35,163,high_cardinality,True,False,False,True,"target_encoding, frequency_encoding, or hash_encoding","['0.0', '0.24', '0.625', '0.2903225806451613', '0.6923076923076923']",,,,,,,,,,,,False,0.0,0.0,,,0.0,0.0,,
434,PREV_NAME_CASH_LOAN_PURPOSE_Payments on other loans_MEAN,float64,291057,16454,5.35,85,high_cardinality,True,False,False,True,"target_encoding, frequency_encoding, or hash_encoding","['0.0', '0.04', '0.1363636363636363', '0.037037037037037', '0.0303030303030303']",,,,,,,,,,,,False,0.0,0.0,,,0.0,0.0,,
435,PREV_NAME_CASH_LOAN_PURPOSE_Purchase of electronic equipment_MEAN,float64,291057,16454,5.35,57,high_cardinality,True,False,False,True,"target_encoding, frequency_encoding, or hash_encoding","['0.0', '0.5', '0.0357142857142857', '0.0181818181818181', '0.1363636363636363']",,,,,,,,,,,,False,0.0,0.0,,,0.0,0.0,,
436,PREV_NAME_CASH_LOAN_PURPOSE_Refusal to name the goal_MEAN,float64,291057,16454,5.35,7,low_cardinality,False,False,False,True,one_hot_encoding or label_encoding,"['0.0', '0.0909090909090909', '0.2', '1.0', '0.3333333333333333']",,,,,,,,,,,,False,0.0,0.0,,,0.0,0.0,,
437,PREV_NAME_CASH_LOAN_PURPOSE_Repairs_MEAN,float64,291057,16454,5.35,185,high_cardinality,True,False,False,True,"target_encoding, frequency_encoding, or hash_encoding","['0.0', '0.0967741935483871', '0.3076923076923077', '0.1578947368421052', '0.2083333333333333']",,,,,,,,,,,,False,0.0,0.0,,,0.0,0.0,,
438,PREV_NAME_CASH_LOAN_PURPOSE_Urgent needs_MEAN,float64,291057,16454,5.35,126,high_cardinality,True,False,False,True,"target_encoding, frequency_encoding, or hash_encoding","['0.0', '0.4', '0.0952380952380952', '0.0227272727272727', '0.1020408163265306']",,,,,,,,,,,,False,0.0,0.0,,,0.0,0.0,,
439,PREV_NAME_CASH_LOAN_PURPOSE_Wedding / gift / holiday_MEAN,float64,291057,16454,5.35,57,high_cardinality,True,False,False,True,"target_encoding, frequency_encoding, or hash_encoding","['0.0', '0.037037037037037', '0.0833333333333333', '0.0434782608695652', '0.3846153846153846']",,,,,,,,,,,,False,0.0,0.0,,,0.0,0.0,,
440,PREV_NAME_CASH_LOAN_PURPOSE_XAP_MEAN,float64,291057,16454,5.35,407,very_high_cardinality,True,True,False,False,"target_encoding, hash_encoding, or embedding_layer","['1.0', '0.0666666666666666', '0.3478260869565217', '0.3793103448275862', '0.7755102040816326']",,,,,,,,,,,,False,0.0,0.0,,,0.0,0.0,,
441,PREV_NAME_CASH_LOAN_PURPOSE_XNA_MEAN,float64,291057,16454,5.35,414,very_high_cardinality,True,True,False,False,"target_encoding, hash_encoding, or embedding_layer","['0.0', '0.9333333333333332', '0.24', '0.2272727272727272', '0.4857142857142857']",,,,,,,,,,,,False,0.0,0.0,,,0.0,0.0,,
442,PREV_NAME_CASH_LOAN_PURPOSE_nan_MEAN,float64,291057,16454,5.35,1,single_category,False,False,False,False,drop_column (constant),['0.0'],,,,,,,,,,,,False,0.0,0.0,,,0.0,0.0,,
443,PREV_NAME_CLIENT_TYPE_New_MEAN,float64,291057,16454,5.35,161,high_cardinality,True,False,False,True,"target_encoding, frequency_encoding, or hash_encoding","['1.0', '0.0476190476190476', '0.3636363636363636', '0.0138888888888888', '0.0204081632653061']",,,,,,,,,,,,False,0.0,0.0,,,0.0,0.0,,
444,PREV_NAME_CLIENT_TYPE_Refreshed_MEAN,float64,291057,16454,5.35,168,high_cardinality,True,False,False,True,"target_encoding, frequency_encoding, or hash_encoding","['0.0', '0.5714285714285714', '0.6363636363636364', '0.6153846153846154', '0.064516129032258']",,,,,,,,,,,,False,0.0,0.0,,,0.0,0.0,,
445,PREV_NAME_CLIENT_TYPE_Repeater_MEAN,float64,291057,16454,5.35,219,very_high_cardinality,True,True,False,False,"target_encoding, hash_encoding, or embedding_layer","['0.0', '0.3', '0.975609756097561', '0.9761904761904762', '0.3888888888888889']",,,,,,,,,,,,False,0.0,0.0,,,0.0,0.0,,
446,PREV_NAME_CLIENT_TYPE_XNA_MEAN,float64,291057,16454,5.35,77,high_cardinality,True,False,False,True,"target_encoding, frequency_encoding, or hash_encoding","['0.0', '0.2', '0.1578947368421052', '0.6', '0.0277777777777777']",,,,,,,,,,,,False,0.0,0.0,,,0.0,0.0,,
447,PREV_NAME_CLIENT_TYPE_nan_MEAN,float64,291057,16454,5.35,1,single_category,False,False,False,False,drop_column (constant),['0.0'],,,,,,,,,,,,False,0.0,0.0,,,0.0,0.0,,
448,PREV_NAME_CONTRACT_STATUS_Approved_MEAN,float64,291057,16454,5.35,362,very_high_cardinality,True,True,False,False,"target_encoding, hash_encoding, or embedding_layer","['1.0', '0.4117647058823529', '0.2631578947368421', '0.2195121951219512', '0.4193548387096774']",,,,,,,,,,,,False,0.0,0.0,,,0.0,0.0,,
449,PREV_NAME_CONTRACT_STATUS_Canceled_MEAN,float64,291057,16454,5.35,362,very_high_cardinality,True,True,False,False,"target_encoding, hash_encoding, or embedding_layer","['0.0', '0.5882352941176471', '0.12', '0.3939393939393939', '0.4318181818181818']",,,,,,,,,,,,False,0.0,0.0,,,0.0,0.0,,
450,PREV_NAME_CONTRACT_STATUS_Refused_MEAN,float64,291057,16454,5.35,397,very_high_cardinality,True,True,False,False,"target_encoding, hash_encoding, or embedding_layer","['0.0', '0.6363636363636364', '0.9375', '0.2258064516129032', '0.3928571428571428']",,,,,,,,,,,,False,0.0,0.0,,,0.0,0.0,,
451,PREV_NAME_CONTRACT_STATUS_Unused offer_MEAN,float64,291057,16454,5.35,118,high_cardinality,True,False,False,True,"target_encoding, frequency_encoding, or hash_encoding","['0.0', '0.0416666666666666', '0.0689655172413793', '0.1875', '0.1851851851851851']",,,,,,,,,,,,False,0.0,0.0,,,0.0,0.0,,
452,PREV_NAME_CONTRACT_STATUS_nan_MEAN,float64,291057,16454,5.35,1,single_category,False,False,False,False,drop_column (constant),['0.0'],,,,,,,,,,,,False,0.0,0.0,,,0.0,0.0,,
453,PREV_NAME_CONTRACT_TYPE_Cash loans_MEAN,float64,291057,16454,5.35,407,very_high_cardinality,True,True,False,False,"target_encoding, hash_encoding, or embedding_layer","['0.0', '0.9333333333333332', '0.6521739130434783', '0.6206896551724138', '0.2244897959183673']",,,,,,,,,,,,False,0.0,0.0,,,0.0,0.0,,
454,PREV_NAME_CONTRACT_TYPE_Consumer loans_MEAN,float64,291057,16454,5.35,377,very_high_cardinality,True,True,False,False,"target_encoding, hash_encoding, or embedding_layer","['1.0', '0.0666666666666666', '0.32', '0.6818181818181818', '0.2093023255813953']",,,,,,,,,,,,False,0.0,0.0,,,0.0,0.0,,
455,PREV_NAME_CONTRACT_TYPE_Revolving loans_MEAN,float64,291057,16454,5.35,278,very_high_cardinality,True,True,False,False,"target_encoding, hash_encoding, or embedding_layer","['0.0', '0.0285714285714285', '0.032258064516129', '0.217391304347826', '0.0789473684210526']",,,,,,,,,,,,False,0.0,0.0,,,0.0,0.0,,
456,PREV_NAME_CONTRACT_TYPE_XNA_MEAN,float64,291057,16454,5.35,40,medium_cardinality,False,False,False,True,"target_encoding, leave_as_integer, or one_hot_if_dense","['0.0', '0.0769230769230769', '0.1428571428571428', '0.1818181818181818', '0.0625']",,,,,,,,,,,,False,0.0,0.0,,,0.0,0.0,,
457,PREV_NAME_CONTRACT_TYPE_nan_MEAN,float64,291057,16454,5.35,1,single_category,False,False,False,False,drop_column (constant),['0.0'],,,,,,,,,,,,False,0.0,0.0,,,0.0,0.0,,
458,PREV_NAME_GOODS_CATEGORY_Additional Service_MEAN,float64,291057,16454,5.35,21,medium_cardinality,False,False,False,True,"target_encoding, leave_as_integer, or one_hot_if_dense","['0.0', '0.0714285714285714', '0.2', '1.0', '0.03125']",,,,,,,,,,,,False,0.0,0.0,,,0.0,0.0,,
459,PREV_NAME_GOODS_CATEGORY_Animals_MEAN,float64,291057,16454,5.35,2,binary,False,False,False,False,binary_encoding or label_encoding,"['0.0', '0.3333333333333333']",,,,,,,,,,,,False,0.0,0.0,,,0.0,0.0,,
460,PREV_NAME_GOODS_CATEGORY_Audio/Video_MEAN,float64,291057,16454,5.35,182,high_cardinality,True,False,False,True,"target_encoding, frequency_encoding, or hash_encoding","['0.0', '0.2142857142857142', '0.0952380952380952', '0.0333333333333333', '0.1470588235294117']",,,,,,,,,,,,False,0.0,0.0,,,0.0,0.0,,
461,PREV_NAME_GOODS_CATEGORY_Auto Accessories_MEAN,float64,291057,16454,5.35,84,high_cardinality,True,False,False,True,"target_encoding, frequency_encoding, or hash_encoding","['0.0', '0.0666666666666666', '0.0344827586206896', '0.1875', '0.0294117647058823']",,,,,,,,,,,,False,0.0,0.0,,,0.0,0.0,,
462,PREV_NAME_GOODS_CATEGORY_Clothing and Accessories_MEAN,float64,291057,16454,5.35,126,high_cardinality,True,False,False,True,"target_encoding, frequency_encoding, or hash_encoding","['0.0', '0.1052631578947368', '0.6', '0.2608695652173913', '0.5833333333333334']",,,,,,,,,,,,False,0.0,0.0,,,0.0,0.0,,
463,PREV_NAME_GOODS_CATEGORY_Computers_MEAN,float64,291057,16454,5.35,193,high_cardinality,True,False,False,True,"target_encoding, frequency_encoding, or hash_encoding","['0.0', '0.2272727272727272', '0.3571428571428571', '0.3684210526315789', '0.6111111111111112']",,,,,,,,,,,,False,0.0,0.0,,,0.0,0.0,,
464,PREV_NAME_GOODS_CATEGORY_Construction Materials_MEAN,float64,291057,16454,5.35,117,high_cardinality,True,False,False,True,"target_encoding, frequency_encoding, or hash_encoding","['0.0', '0.0454545454545454', '0.1333333333333333', '0.1363636363636363', '0.15']",,,,,,,,,,,,False,0.0,0.0,,,0.0,0.0,,
465,PREV_NAME_GOODS_CATEGORY_Consumer Electronics_MEAN,float64,291057,16454,5.35,183,high_cardinality,True,False,False,True,"target_encoding, frequency_encoding, or hash_encoding","['0.0', '0.3157894736842105', '0.1904761904761904', '0.064516129032258', '0.0789473684210526']",,,,,,,,,,,,False,0.0,0.0,,,0.0,0.0,,
466,PREV_NAME_GOODS_CATEGORY_Direct Sales_MEAN,float64,291057,16454,5.35,29,medium_cardinality,False,False,False,True,"target_encoding, leave_as_integer, or one_hot_if_dense","['0.0', '0.2', '0.1428571428571428', '0.1', '0.2857142857142857']",,,,,,,,,,,,False,0.0,0.0,,,0.0,0.0,,
467,PREV_NAME_GOODS_CATEGORY_Education_MEAN,float64,291057,16454,5.35,20,medium_cardinality,False,False,False,True,"target_encoding, leave_as_integer, or one_hot_if_dense","['0.0', '0.75', '0.5', '0.1428571428571428', '0.125']",,,,,,,,,,,,False,0.0,0.0,,,0.0,0.0,,
468,PREV_NAME_GOODS_CATEGORY_Fitness_MEAN,float64,291057,16454,5.35,23,medium_cardinality,False,False,False,True,"target_encoding, leave_as_integer, or one_hot_if_dense","['0.0', '0.25', '0.2', '0.0303030303030303', '0.4']",,,,,,,,,,,,False,0.0,0.0,,,0.0,0.0,,
469,PREV_NAME_GOODS_CATEGORY_Furniture_MEAN,float64,291057,16454,5.35,130,high_cardinality,True,False,False,True,"target_encoding, frequency_encoding, or hash_encoding","['0.0', '0.1', '0.4444444444444444', '0.4166666666666667', '0.4666666666666667']",,,,,,,,,,,,False,0.0,0.0,,,0.0,0.0,,
470,PREV_NAME_GOODS_CATEGORY_Gardening_MEAN,float64,291057,16454,5.35,53,high_cardinality,True,False,False,True,"target_encoding, frequency_encoding, or hash_encoding","['0.0', '0.0833333333333333', '0.0666666666666666', '0.1818181818181818', '0.0333333333333333']",,,,,,,,,,,,False,0.0,0.0,,,0.0,0.0,,
471,PREV_NAME_GOODS_CATEGORY_Homewares_MEAN,float64,291057,16454,5.35,68,high_cardinality,True,False,False,True,"target_encoding, frequency_encoding, or hash_encoding","['0.0', '0.2222222222222222', '0.0384615384615384', '0.4545454545454545', '0.12']",,,,,,,,,,,,False,0.0,0.0,,,0.0,0.0,,
472,PREV_NAME_GOODS_CATEGORY_House Construction_MEAN,float64,291057,16454,5.35,1,single_category,False,False,False,False,drop_column (constant),['0.0'],,,,,,,,,,,,False,0.0,0.0,,,0.0,0.0,,
473,PREV_NAME_GOODS_CATEGORY_Insurance_MEAN,float64,291057,16454,5.35,20,medium_cardinality,False,False,False,True,"target_encoding, leave_as_integer, or one_hot_if_dense","['0.0', '0.2', '0.1428571428571428', '0.125', '0.0909090909090909']",,,,,,,,,,,,False,0.0,0.0,,,0.0,0.0,,
474,PREV_NAME_GOODS_CATEGORY_Jewelry_MEAN,float64,291057,16454,5.35,81,high_cardinality,True,False,False,True,"target_encoding, frequency_encoding, or hash_encoding","['0.0', '0.6666666666666666', '0.037037037037037', '0.0555555555555555', '0.75']",,,,,,,,,,,,False,0.0,0.0,,,0.0,0.0,,
475,PREV_NAME_GOODS_CATEGORY_Medical Supplies_MEAN,float64,291057,16454,5.35,62,high_cardinality,True,False,False,True,"target_encoding, frequency_encoding, or hash_encoding","['0.0', '0.1666666666666666', '0.0434782608695652', '0.6', '0.04']",,,,,,,,,,,,False,0.0,0.0,,,0.0,0.0,,
476,PREV_NAME_GOODS_CATEGORY_Medicine_MEAN,float64,291057,16454,5.35,37,medium_cardinality,False,False,False,True,"target_encoding, leave_as_integer, or one_hot_if_dense","['0.0', '0.5', '0.0588235294117647', '0.6', '0.0454545454545454']",,,,,,,,,,,,False,0.0,0.0,,,0.0,0.0,,
477,PREV_NAME_GOODS_CATEGORY_Mobile_MEAN,float64,291057,16454,5.35,232,very_high_cardinality,True,True,False,False,"target_encoding, hash_encoding, or embedding_layer","['0.0', '0.0416666666666666', '0.1304347826086956', '0.238095238095238', '0.4482758620689655']",,,,,,,,,,,,False,0.0,0.0,,,0.0,0.0,,
478,PREV_NAME_GOODS_CATEGORY_Office Appliances_MEAN,float64,291057,16454,5.35,55,high_cardinality,True,False,False,True,"target_encoding, frequency_encoding, or hash_encoding","['0.0', '0.125', '0.1052631578947368', '0.0454545454545454', '0.0333333333333333']",,,,,,,,,,,,False,0.0,0.0,,,0.0,0.0,,
479,PREV_NAME_GOODS_CATEGORY_Other_MEAN,float64,291057,16454,5.35,47,medium_cardinality,False,False,False,True,"target_encoding, leave_as_integer, or one_hot_if_dense","['0.0', '0.0769230769230769', '0.6666666666666666', '0.1176470588235294', '0.2727272727272727']",,,,,,,,,,,,False,0.0,0.0,,,0.0,0.0,,
480,PREV_NAME_GOODS_CATEGORY_Photo / Cinema Equipment_MEAN,float64,291057,16454,5.35,108,high_cardinality,True,False,False,True,"target_encoding, frequency_encoding, or hash_encoding","['0.0', '0.3636363636363636', '0.12', '0.2666666666666666', '0.0263157894736842']",,,,,,,,,,,,False,0.0,0.0,,,0.0,0.0,,
481,PREV_NAME_GOODS_CATEGORY_Sport and Leisure_MEAN,float64,291057,16454,5.35,54,high_cardinality,True,False,False,True,"target_encoding, frequency_encoding, or hash_encoding","['0.0', '0.2857142857142857', '0.0714285714285714', '0.032258064516129', '0.1538461538461538']",,,,,,,,,,,,False,0.0,0.0,,,0.0,0.0,,
482,PREV_NAME_GOODS_CATEGORY_Tourism_MEAN,float64,291057,16454,5.35,55,high_cardinality,True,False,False,True,"target_encoding, frequency_encoding, or hash_encoding","['0.0', '0.625', '0.6', '0.75', '0.0344827586206896']",,,,,,,,,,,,False,0.0,0.0,,,0.0,0.0,,
483,PREV_NAME_GOODS_CATEGORY_Vehicles_MEAN,float64,291057,16454,5.35,54,high_cardinality,True,False,False,True,"target_encoding, frequency_encoding, or hash_encoding","['1.0', '0.0714285714285714', '0.0434782608695652', '0.1538461538461538', '0.0476190476190476']",,,,,,,,,,,,False,0.0,0.0,,,0.0,0.0,,
484,PREV_NAME_GOODS_CATEGORY_Weapon_MEAN,float64,291057,16454,5.35,20,medium_cardinality,False,False,False,True,"target_encoding, leave_as_integer, or one_hot_if_dense","['0.0', '0.3333333333333333', '0.05', '0.0666666666666666', '0.0625']",,,,,,,,,,,,False,0.0,0.0,,,0.0,0.0,,
485,PREV_NAME_GOODS_CATEGORY_XNA_MEAN,float64,291057,16454,5.35,374,very_high_cardinality,True,True,False,False,"target_encoding, hash_encoding, or embedding_layer","['0.0', '0.4615384615384615', '0.6521739130434783', '0.0454545454545454', '0.98']",,,,,,,,,,,,False,0.0,0.0,,,0.0,0.0,,
486,PREV_NAME_GOODS_CATEGORY_nan_MEAN,float64,291057,16454,5.35,1,single_category,False,False,False,False,drop_column (constant),['0.0'],,,,,,,,,,,,False,0.0,0.0,,,0.0,0.0,,
487,PREV_NAME_PAYMENT_TYPE_Cash through the bank_MEAN,float64,291057,16454,5.35,423,very_high_cardinality,True,True,False,False,"target_encoding, hash_encoding, or embedding_layer","['0.0', '0.5263157894736842', '0.1935483870967742', '0.6896551724137931', '0.3421052631578947']",,,,,,,,,,,,False,0.0,0.0,,,0.0,0.0,,
488,PREV_NAME_PAYMENT_TYPE_Cashless from the account of the employer_MEAN,float64,291057,16454,5.35,52,high_cardinality,True,False,False,True,"target_encoding, frequency_encoding, or hash_encoding","['0.0', '0.1428571428571428', '0.0588235294117647', '0.0434782608695652', '0.4']",,,,,,,,,,,,False,0.0,0.0,,,0.0,0.0,,
489,PREV_NAME_PAYMENT_TYPE_Non-cash from your account_MEAN,float64,291057,16454,5.35,98,high_cardinality,True,False,False,True,"target_encoding, frequency_encoding, or hash_encoding","['0.0', '0.0625', '0.2307692307692307', '0.15', '0.0227272727272727']",,,,,,,,,,,,False,0.0,0.0,,,0.0,0.0,,
490,PREV_NAME_PAYMENT_TYPE_XNA_MEAN,float64,291057,16454,5.35,412,very_high_cardinality,True,True,False,False,"target_encoding, hash_encoding, or embedding_layer","['1.0', '0.5789473684210527', '0.15', '0.032258064516129', '0.0344827586206896']",,,,,,,,,,,,False,0.0,0.0,,,0.0,0.0,,
491,PREV_NAME_PAYMENT_TYPE_nan_MEAN,float64,291057,16454,5.35,1,single_category,False,False,False,False,drop_column (constant),['0.0'],,,,,,,,,,,,False,0.0,0.0,,,0.0,0.0,,
492,PREV_NAME_PORTFOLIO_Cards_MEAN,float64,291057,16454,5.35,226,very_high_cardinality,True,True,False,False,"target_encoding, hash_encoding, or embedding_layer","['0.0', '0.4444444444444444', '0.0232558139534883', '0.7333333333333333', '0.2162162162162162']",,,,,,,,,,,,False,0.0,0.0,,,0.0,0.0,,
493,PREV_NAME_PORTFOLIO_Cars_MEAN,float64,291057,16454,5.35,34,medium_cardinality,False,False,False,True,"target_encoding, leave_as_integer, or one_hot_if_dense","['0.0', '0.1666666666666666', '0.0555555555555555', '0.1428571428571428', '0.1176470588235294']",,,,,,,,,,,,False,0.0,0.0,,,0.0,0.0,,
494,PREV_NAME_PORTFOLIO_Cash_MEAN,float64,291057,16454,5.35,414,very_high_cardinality,True,True,False,False,"target_encoding, hash_encoding, or embedding_layer","['0.0', '0.1578947368421052', '0.16', '0.7619047619047619', '0.425531914893617']",,,,,,,,,,,,False,0.0,0.0,,,0.0,0.0,,
495,PREV_NAME_PORTFOLIO_POS_MEAN,float64,291057,16454,5.35,364,very_high_cardinality,True,True,False,False,"target_encoding, hash_encoding, or embedding_layer","['1.0', '0.5454545454545454', '0.3225806451612903', '0.2558139534883721', '0.119047619047619']",,,,,,,,,,,,False,0.0,0.0,,,0.0,0.0,,
496,PREV_NAME_PORTFOLIO_XNA_MEAN,float64,291057,16454,5.35,390,very_high_cardinality,True,True,False,False,"target_encoding, hash_encoding, or embedding_layer","['0.0', '0.4736842105263157', '0.2916666666666667', '0.2413793103448276', '0.6774193548387096']",,,,,,,,,,,,False,0.0,0.0,,,0.0,0.0,,
497,PREV_NAME_PORTFOLIO_nan_MEAN,float64,291057,16454,5.35,1,single_category,False,False,False,False,drop_column (constant),['0.0'],,,,,,,,,,,,False,0.0,0.0,,,0.0,0.0,,
498,PREV_NAME_PRODUCT_TYPE_XNA_MEAN,float64,291057,16454,5.35,421,very_high_cardinality,True,True,False,False,"target_encoding, hash_encoding, or embedding_layer","['1.0', '0.2142857142857142', '0.2105263157894736', '0.4838709677419355', '0.1481481481481481']",,,,,,,,,,,,False,0.0,0.0,,,0.0,0.0,,
499,PREV_NAME_PRODUCT_TYPE_nan_MEAN,float64,291057,16454,5.35,1,single_category,False,False,False,False,drop_column (constant),['0.0'],,,,,,,,,,,,False,0.0,0.0,,,0.0,0.0,,
500,PREV_NAME_PRODUCT_TYPE_walk-in_MEAN,float64,291057,16454,5.35,333,very_high_cardinality,True,True,False,False,"target_encoding, hash_encoding, or embedding_layer","['0.0', '0.5625', '0.1034482758620689', '0.3793103448275862', '0.0491803278688524']",,,,,,,,,,,,False,0.0,0.0,,,0.0,0.0,,
501,PREV_NAME_PRODUCT_TYPE_x-sell_MEAN,float64,291057,16454,5.35,394,very_high_cardinality,True,True,False,False,"target_encoding, hash_encoding, or embedding_layer","['0.0', '0.2666666666666666', '0.2777777777777778', '0.5909090909090909', '0.360655737704918']",,,,,,,,,,,,False,0.0,0.0,,,0.0,0.0,,
502,PREV_NAME_SELLER_INDUSTRY_Auto technology_MEAN,float64,291057,16454,5.35,68,high_cardinality,True,False,False,True,"target_encoding, frequency_encoding, or hash_encoding","['1.0', '0.0909090909090909', '0.05', '0.0238095238095238', '0.0952380952380952']",,,,,,,,,,,,False,0.0,0.0,,,0.0,0.0,,
503,PREV_NAME_SELLER_INDUSTRY_Clothing_MEAN,float64,291057,16454,5.35,125,high_cardinality,True,False,False,True,"target_encoding, frequency_encoding, or hash_encoding","['0.0', '0.0625', '0.3076923076923077', '0.2608695652173913', '0.875']",,,,,,,,,,,,False,0.0,0.0,,,0.0,0.0,,
504,PREV_NAME_SELLER_INDUSTRY_Connectivity_MEAN,float64,291057,16454,5.35,285,very_high_cardinality,True,True,False,False,"target_encoding, hash_encoding, or embedding_layer","['0.0', '0.0689655172413793', '0.0333333333333333', '0.5625', '0.3835616438356164']",,,,,,,,,,,,False,0.0,0.0,,,0.0,0.0,,
505,PREV_NAME_SELLER_INDUSTRY_Construction_MEAN,float64,291057,16454,5.35,117,high_cardinality,True,False,False,True,"target_encoding, frequency_encoding, or hash_encoding","['0.0', '0.0526315789473684', '0.1052631578947368', '0.04', '0.8571428571428571']",,,,,,,,,,,,False,0.0,0.0,,,0.0,0.0,,
506,PREV_NAME_SELLER_INDUSTRY_Consumer electronics_MEAN,float64,291057,16454,5.35,326,very_high_cardinality,True,True,False,False,"target_encoding, hash_encoding, or embedding_layer","['0.0', '0.3181818181818182', '0.15', '0.9375', '0.2083333333333333']",,,,,,,,,,,,False,0.0,0.0,,,0.0,0.0,,
507,PREV_NAME_SELLER_INDUSTRY_Furniture_MEAN,float64,291057,16454,5.35,142,high_cardinality,True,False,False,True,"target_encoding, frequency_encoding, or hash_encoding","['0.0', '0.4', '0.1290322580645161', '0.5238095238095238', '0.1363636363636363']",,,,,,,,,,,,False,0.0,0.0,,,0.0,0.0,,
508,PREV_NAME_SELLER_INDUSTRY_Industry_MEAN,float64,291057,16454,5.35,110,high_cardinality,True,False,False,True,"target_encoding, frequency_encoding, or hash_encoding","['0.0', '0.1363636363636363', '0.037037037037037', '0.0232558139534883', '0.0285714285714285']",,,,,,,,,,,,False,0.0,0.0,,,0.0,0.0,,
509,PREV_NAME_SELLER_INDUSTRY_Jewelry_MEAN,float64,291057,16454,5.35,50,medium_cardinality,False,False,False,True,"target_encoding, leave_as_integer, or one_hot_if_dense","['0.0', '0.3333333333333333', '0.1818181818181818', '0.2857142857142857', '0.03125']",,,,,,,,,,,,False,0.0,0.0,,,0.0,0.0,,
510,PREV_NAME_SELLER_INDUSTRY_MLM partners_MEAN,float64,291057,16454,5.35,60,high_cardinality,True,False,False,True,"target_encoding, frequency_encoding, or hash_encoding","['0.0', '0.1', '0.5454545454545454', '0.3636363636363636', '0.2307692307692307']",,,,,,,,,,,,False,0.0,0.0,,,0.0,0.0,,
511,PREV_NAME_SELLER_INDUSTRY_Tourism_MEAN,float64,291057,16454,5.35,30,medium_cardinality,False,False,False,True,"target_encoding, leave_as_integer, or one_hot_if_dense","['0.0', '0.5', '0.0714285714285714', '0.0625', '0.4']",,,,,,,,,,,,False,0.0,0.0,,,0.0,0.0,,
512,PREV_NAME_SELLER_INDUSTRY_XNA_MEAN,float64,291057,16454,5.35,385,very_high_cardinality,True,True,False,False,"target_encoding, hash_encoding, or embedding_layer","['0.0', '0.5882352941176471', '0.9767441860465116', '0.8604651162790697', '0.2191780821917808']",,,,,,,,,,,,False,0.0,0.0,,,0.0,0.0,,
513,PREV_NAME_SELLER_INDUSTRY_nan_MEAN,float64,291057,16454,5.35,1,single_category,False,False,False,False,drop_column (constant),['0.0'],,,,,,,,,,,,False,0.0,0.0,,,0.0,0.0,,
514,PREV_NAME_TYPE_SUITE_Children_MEAN,float64,291057,16454,5.35,126,high_cardinality,True,False,False,True,"target_encoding, frequency_encoding, or hash_encoding","['0.0', '0.0833333333333333', '0.1904761904761904', '0.2777777777777778', '0.027027027027027']",,,,,,,,,,,,False,0.0,0.0,,,0.0,0.0,,
515,PREV_NAME_TYPE_SUITE_Family_MEAN,float64,291057,16454,5.35,280,very_high_cardinality,True,True,False,False,"target_encoding, hash_encoding, or embedding_layer","['0.0', '0.5454545454545454', '0.2083333333333333', '0.081081081081081', '0.3235294117647059']",,,,,,,,,,,,False,0.0,0.0,,,0.0,0.0,,
516,PREV_NAME_TYPE_SUITE_Group of people_MEAN,float64,291057,16454,5.35,51,high_cardinality,True,False,False,True,"target_encoding, frequency_encoding, or hash_encoding","['0.0', '0.0769230769230769', '0.0555555555555555', '0.2352941176470588', '0.0263157894736842']",,,,,,,,,,,,False,0.0,0.0,,,0.0,0.0,,
517,PREV_NAME_TYPE_SUITE_Other_A_MEAN,float64,291057,16454,5.35,73,high_cardinality,True,False,False,True,"target_encoding, frequency_encoding, or hash_encoding","['0.0', '0.0526315789473684', '0.4', '0.1176470588235294', '0.3076923076923077']",,,,,,,,,,,,False,0.0,0.0,,,0.0,0.0,,
518,PREV_NAME_TYPE_SUITE_Other_B_MEAN,float64,291057,16454,5.35,104,high_cardinality,True,False,False,True,"target_encoding, frequency_encoding, or hash_encoding","['0.0', '0.6666666666666666', '0.0526315789473684', '0.2666666666666666', '0.1142857142857142']",,,,,,,,,,,,False,0.0,0.0,,,0.0,0.0,,
519,"PREV_NAME_TYPE_SUITE_Spouse, partner_MEAN",float64,291057,16454,5.35,166,high_cardinality,True,False,False,True,"target_encoding, frequency_encoding, or hash_encoding","['0.0', '0.0714285714285714', '0.073170731707317', '0.32', '0.217391304347826']",,,,,,,,,,,,False,0.0,0.0,,,0.0,0.0,,
520,PREV_NAME_TYPE_SUITE_Unaccompanied_MEAN,float64,291057,16454,5.35,389,very_high_cardinality,True,True,False,False,"target_encoding, hash_encoding, or embedding_layer","['0.0', '0.4117647058823529', '0.36', '0.4411764705882353', '0.3428571428571428']",,,,,,,,,,,,False,0.0,0.0,,,0.0,0.0,,
521,PREV_NAME_TYPE_SUITE_nan_MEAN,float64,291057,16454,5.35,403,very_high_cardinality,True,True,False,False,"target_encoding, hash_encoding, or embedding_layer","['1.0', '0.2307692307692307', '0.4347826086956521', '0.1794871794871795', '0.5428571428571428']",,,,,,,,,,,,False,0.0,0.0,,,0.0,0.0,,
522,PREV_NAME_YIELD_GROUP_XNA_MEAN,float64,291057,16454,5.35,411,very_high_cardinality,True,True,False,False,"target_encoding, hash_encoding, or embedding_layer","['0.0', '0.2142857142857142', '0.2962962962962963', '0.1481481481481481', '0.3170731707317073']",,,,,,,,,,,,False,0.0,0.0,,,0.0,0.0,,
523,PREV_NAME_YIELD_GROUP_high_MEAN,float64,291057,16454,5.35,341,very_high_cardinality,True,True,False,False,"target_encoding, hash_encoding, or embedding_layer","['0.0', '0.4666666666666667', '0.4736842105263157', '0.8064516129032258', '0.3714285714285714']",,,,,,,,,,,,False,0.0,0.0,,,0.0,0.0,,
524,PREV_NAME_YIELD_GROUP_low_action_MEAN,float64,291057,16454,5.35,230,very_high_cardinality,True,True,False,False,"target_encoding, hash_encoding, or embedding_layer","['0.0', '0.1538461538461538', '0.1388888888888889', '0.0192307692307692', '0.631578947368421']",,,,,,,,,,,,False,0.0,0.0,,,0.0,0.0,,
525,PREV_NAME_YIELD_GROUP_low_normal_MEAN,float64,291057,16454,5.35,326,very_high_cardinality,True,True,False,False,"target_encoding, hash_encoding, or embedding_layer","['1.0', '0.3181818181818182', '0.3157894736842105', '0.1162790697674418', '0.14']",,,,,,,,,,,,False,0.0,0.0,,,0.0,0.0,,
526,PREV_NAME_YIELD_GROUP_middle_MEAN,float64,291057,16454,5.35,329,very_high_cardinality,True,True,False,False,"target_encoding, hash_encoding, or embedding_layer","['0.0', '0.3181818181818182', '0.2903225806451613', '0.1707317073170731', '0.5161290322580645']",,,,,,,,,,,,False,0.0,0.0,,,0.0,0.0,,
527,PREV_NAME_YIELD_GROUP_nan_MEAN,float64,291057,16454,5.35,1,single_category,False,False,False,False,drop_column (constant),['0.0'],,,,,,,,,,,,False,0.0,0.0,,,0.0,0.0,,
528,PREV_PRODUCT_COMBINATION_Card Street_MEAN,float64,291057,16454,5.35,248,very_high_cardinality,True,True,False,False,"target_encoding, hash_encoding, or embedding_layer","['0.0', '0.0952380952380952', '0.238095238095238', '0.1071428571428571', '0.4583333333333333']",,,,,,,,,,,,False,0.0,0.0,,,0.0,0.0,,
529,PREV_PRODUCT_COMBINATION_Card X-Sell_MEAN,float64,291057,16454,5.35,181,high_cardinality,True,False,False,True,"target_encoding, frequency_encoding, or hash_encoding","['0.0', '0.4444444444444444', '0.074074074074074', '0.0256410256410256', '0.09375']",,,,,,,,,,,,False,0.0,0.0,,,0.0,0.0,,
530,PREV_PRODUCT_COMBINATION_Cash Street: high_MEAN,float64,291057,16454,5.35,247,very_high_cardinality,True,True,False,False,"target_encoding, hash_encoding, or embedding_layer","['0.0', '0.1363636363636363', '0.064516129032258', '0.3043478260869565', '0.7222222222222222']",,,,,,,,,,,,False,0.0,0.0,,,0.0,0.0,,
531,PREV_PRODUCT_COMBINATION_Cash Street: low_MEAN,float64,291057,16454,5.35,237,very_high_cardinality,True,True,False,False,"target_encoding, hash_encoding, or embedding_layer","['0.0', '0.1764705882352941', '0.1034482758620689', '0.3055555555555556', '0.3611111111111111']",,,,,,,,,,,,False,0.0,0.0,,,0.0,0.0,,
532,PREV_PRODUCT_COMBINATION_Cash Street: middle_MEAN,float64,291057,16454,5.35,210,very_high_cardinality,True,True,False,False,"target_encoding, hash_encoding, or embedding_layer","['0.0', '0.1333333333333333', '0.32', '0.03125', '0.0425531914893617']",,,,,,,,,,,,False,0.0,0.0,,,0.0,0.0,,
533,PREV_PRODUCT_COMBINATION_Cash X-Sell: high_MEAN,float64,291057,16454,5.35,205,very_high_cardinality,True,True,False,False,"target_encoding, hash_encoding, or embedding_layer","['0.0', '0.0857142857142857', '0.4545454545454545', '0.0277777777777777', '0.0232558139534883']",,,,,,,,,,,,False,0.0,0.0,,,0.0,0.0,,
534,PREV_PRODUCT_COMBINATION_Cash X-Sell: low_MEAN,float64,291057,16454,5.35,284,very_high_cardinality,True,True,False,False,"target_encoding, hash_encoding, or embedding_layer","['0.0', '0.625', '0.3793103448275862', '0.1034482758620689', '0.3870967741935484']",,,,,,,,,,,,False,0.0,0.0,,,0.0,0.0,,
535,PREV_PRODUCT_COMBINATION_Cash X-Sell: middle_MEAN,float64,291057,16454,5.35,263,very_high_cardinality,True,True,False,False,"target_encoding, hash_encoding, or embedding_layer","['0.0', '0.2142857142857142', '0.1935483870967742', '0.45', '0.34375']",,,,,,,,,,,,False,0.0,0.0,,,0.0,0.0,,
536,PREV_PRODUCT_COMBINATION_Cash_MEAN,float64,291057,16454,5.35,375,very_high_cardinality,True,True,False,False,"target_encoding, hash_encoding, or embedding_layer","['0.0', '0.875', '0.391304347826087', '0.5161290322580645', '0.5588235294117647']",,,,,,,,,,,,False,0.0,0.0,,,0.0,0.0,,
537,PREV_PRODUCT_COMBINATION_POS household with interest_MEAN,float64,291057,16454,5.35,273,very_high_cardinality,True,True,False,False,"target_encoding, hash_encoding, or embedding_layer","['0.0', '0.5333333333333333', '0.2272727272727272', '0.1481481481481481', '0.3287671232876712']",,,,,,,,,,,,False,0.0,0.0,,,0.0,0.0,,
538,PREV_PRODUCT_COMBINATION_POS household without interest_MEAN,float64,291057,16454,5.35,171,high_cardinality,True,False,False,True,"target_encoding, frequency_encoding, or hash_encoding","['0.0', '0.0526315789473684', '0.0256410256410256', '0.1363636363636363', '0.1153846153846153']",,,,,,,,,,,,False,0.0,0.0,,,0.0,0.0,,
539,PREV_PRODUCT_COMBINATION_POS industry with interest_MEAN,float64,291057,16454,5.35,179,high_cardinality,True,False,False,True,"target_encoding, frequency_encoding, or hash_encoding","['0.0', '0.2727272727272727', '0.1304347826086956', '0.8484848484848485', '0.3157894736842105']",,,,,,,,,,,,False,0.0,0.0,,,0.0,0.0,,
540,PREV_PRODUCT_COMBINATION_POS industry without interest_MEAN,float64,291057,16454,5.35,80,high_cardinality,True,False,False,True,"target_encoding, frequency_encoding, or hash_encoding","['0.0', '0.2857142857142857', '0.35', '0.0333333333333333', '0.0294117647058823']",,,,,,,,,,,,False,0.0,0.0,,,0.0,0.0,,
541,PREV_PRODUCT_COMBINATION_POS mobile with interest_MEAN,float64,291057,16454,5.35,244,very_high_cardinality,True,True,False,False,"target_encoding, hash_encoding, or embedding_layer","['0.0', '0.5454545454545454', '0.1935483870967742', '0.5217391304347826', '0.0789473684210526']",,,,,,,,,,,,False,0.0,0.0,,,0.0,0.0,,
542,PREV_PRODUCT_COMBINATION_POS mobile without interest_MEAN,float64,291057,16454,5.35,102,high_cardinality,True,False,False,True,"target_encoding, frequency_encoding, or hash_encoding","['0.0', '0.2307692307692307', '0.0689655172413793', '0.0138888888888888', '0.0285714285714285']",,,,,,,,,,,,False,0.0,0.0,,,0.0,0.0,,
543,PREV_PRODUCT_COMBINATION_POS other with interest_MEAN,float64,291057,16454,5.35,118,high_cardinality,True,False,False,True,"target_encoding, frequency_encoding, or hash_encoding","['1.0', '0.0555555555555555', '0.05', '0.4545454545454545', '0.0571428571428571']",,,,,,,,,,,,False,0.0,0.0,,,0.0,0.0,,
544,PREV_PRODUCT_COMBINATION_POS others without interest_MEAN,float64,291057,16454,5.35,50,medium_cardinality,False,False,False,True,"target_encoding, leave_as_integer, or one_hot_if_dense","['0.0', '0.2', '0.1176470588235294', '0.0454545454545454', '0.027027027027027']",,,,,,,,,,,,False,0.0,0.0,,,0.0,0.0,,
545,PREV_PRODUCT_COMBINATION_nan_MEAN,float64,291057,16454,5.35,40,medium_cardinality,False,False,False,True,"target_encoding, leave_as_integer, or one_hot_if_dense","['0.0', '0.0769230769230769', '0.1428571428571428', '0.1818181818181818', '0.0625']",,,,,,,,,,,,False,0.0,0.0,,,0.0,0.0,,
546,PREV_RATE_DOWN_PAYMENT_MAX,float64,273605,33906,11.03,118254,very_high_cardinality,True,True,False,False,"target_encoding, hash_encoding, or embedding_layer","['0.0', '0.2080800361274186', '4.5937662526025175e-05', '0.1034065894323154', '0.1930117214900592']",,,,,,,,,,,,False,0.0,0.0,,,0.0,0.0,,
547,PREV_RATE_DOWN_PAYMENT_MEAN,float64,273605,33906,11.03,165733,very_high_cardinality,True,True,False,False,"target_encoding, hash_encoding, or embedding_layer","['0.0', '0.104305971552818', '0.0515716880902978', '0.1788207504886075', '0.2178357350603301']",,,,,,,,,,,,False,0.0,0.0,,,0.0,0.0,,
548,PREV_SK_ID_PREV_NUNIQUE,float64,291057,16454,5.35,65,high_cardinality,True,False,False,True,"target_encoding, frequency_encoding, or hash_encoding","['1.0', '26.0', '35.0', '40.0', '67.0']",,,,,,,,,,,,False,0.0,0.0,,,0.0,0.0,,
549,PREV_WEEKDAY_APPR_PROCESS_START_FRIDAY_MEAN,float64,291057,16454,5.35,313,very_high_cardinality,True,True,False,False,"target_encoding, hash_encoding, or embedding_layer","['0.0', '0.4615384615384615', '0.037037037037037', '0.4193548387096774', '0.5416666666666666']",,,,,,,,,,,,False,0.0,0.0,,,0.0,0.0,,
550,PREV_WEEKDAY_APPR_PROCESS_START_MONDAY_MEAN,float64,291057,16454,5.35,304,very_high_cardinality,True,True,False,False,"target_encoding, hash_encoding, or embedding_layer","['0.0', '0.4444444444444444', '0.3571428571428571', '0.2258064516129032', '0.064516129032258']",,,,,,,,,,,,False,0.0,0.0,,,0.0,0.0,,
551,PREV_WEEKDAY_APPR_PROCESS_START_SATURDAY_MEAN,float64,291057,16454,5.35,301,very_high_cardinality,True,True,False,False,"target_encoding, hash_encoding, or embedding_layer","['1.0', '0.0285714285714285', '0.12', '0.1851851851851851', '0.8461538461538461']",,,,,,,,,,,,False,0.0,0.0,,,0.0,0.0,,
552,PREV_WEEKDAY_APPR_PROCESS_START_SUNDAY_MEAN,float64,291057,16454,5.35,259,very_high_cardinality,True,True,False,False,"target_encoding, hash_encoding, or embedding_layer","['0.0', '0.5454545454545454', '0.037037037037037', '0.5238095238095238', '0.32']",,,,,,,,,,,,False,0.0,0.0,,,0.0,0.0,,
553,PREV_WEEKDAY_APPR_PROCESS_START_THURSDAY_MEAN,float64,291057,16454,5.35,319,very_high_cardinality,True,True,False,False,"target_encoding, hash_encoding, or embedding_layer","['0.0', '0.0454545454545454', '0.0344827586206896', '0.1481481481481481', '0.4230769230769231']",,,,,,,,,,,,False,0.0,0.0,,,0.0,0.0,,
554,PREV_WEEKDAY_APPR_PROCESS_START_TUESDAY_MEAN,float64,291057,16454,5.35,316,very_high_cardinality,True,True,False,False,"target_encoding, hash_encoding, or embedding_layer","['0.0', '0.0416666666666666', '0.28', '0.3548387096774194', '0.2162162162162162']",,,,,,,,,,,,False,0.0,0.0,,,0.0,0.0,,
555,PREV_WEEKDAY_APPR_PROCESS_START_WEDNESDAY_MEAN,float64,291057,16454,5.35,316,very_high_cardinality,True,True,False,False,"target_encoding, hash_encoding, or embedding_layer","['0.0', '0.4615384615384615', '0.2592592592592592', '0.45', '0.3214285714285714']",,,,,,,,,,,,False,0.0,0.0,,,0.0,0.0,,
556,PREV_WEEKDAY_APPR_PROCESS_START_nan_MEAN,float64,291057,16454,5.35,1,single_category,False,False,False,False,drop_column (constant),['0.0'],,,,,,,,,,,,False,0.0,0.0,,,0.0,0.0,,
557,REFUSED_AMT_APPLICATION_MAX,float64,100294,207217,67.39,17300,very_high_cardinality,True,True,False,False,"target_encoding, hash_encoding, or embedding_layer","['688500.0', '53860.5', '143109.0', '327132.0', '94725.0']",,,,,,,,,,,,False,0.0,0.0,,,0.0,0.0,,
558,REFUSED_AMT_APPLICATION_MEAN,float64,100294,207217,67.39,32297,very_high_cardinality,True,True,False,False,"target_encoding, hash_encoding, or embedding_layer","['688500.0', '52141.5', '146223.0', '217356.361875', '476152.125']",,,,,,,,,,,,False,0.0,0.0,,,0.0,0.0,,
559,REFUSED_AMT_CREDIT_MAX,float64,100294,207217,67.39,24804,very_high_cardinality,True,True,False,False,"target_encoding, hash_encoding, or embedding_layer","['906615.0', '137731.5', '121410.0', '86211.0', '1140156.0']",,,,,,,,,,,,False,0.0,0.0,,,0.0,0.0,,
560,REFUSED_AMT_CREDIT_MEAN,float64,100294,207217,67.39,53226,very_high_cardinality,True,True,False,False,"target_encoding, hash_encoding, or embedding_layer","['906615.0', '1368000.0', '112743.0', '203400.0', '37782.0']",,,,,,,,,,,,False,0.0,0.0,,,0.0,0.0,,
561,REFUSED_APP_CREDIT_PERC_MAX,float64,95364,212147,68.99,22656,very_high_cardinality,True,True,False,False,"target_encoding, hash_encoding, or embedding_layer","['0.7594182756737976', '1.5831169653600152', '1.1111431704079866', '0.9528246942341292', '0.8988130724621972']",,,,,,,,,,,,False,0.0,0.0,,,0.0,0.0,,
562,REFUSED_APP_CREDIT_PERC_MEAN,float64,95364,212147,68.99,43000,very_high_cardinality,True,True,False,False,"target_encoding, hash_encoding, or embedding_layer","['0.7594182756737976', '0.9827558485408796', '1.1585354496627578', '0.8634437017629443', '0.8581070947187349']",,,,,,,,,,,,False,0.0,0.0,,,0.0,0.0,,
563,REFUSED_DAYS_DECISION_MEAN,float64,100294,207217,67.39,17440,very_high_cardinality,True,True,False,False,"target_encoding, hash_encoding, or embedding_layer","['-181.0', '-1504.0', '-1375.4', '-588.25', '-2415.25']",,,,,,,,,,,,False,0.0,0.0,,,0.0,0.0,,
564,REFUSED_DAYS_DECISION_MIN,float64,100294,207217,67.39,2921,very_high_cardinality,True,True,False,False,"target_encoding, hash_encoding, or embedding_layer","['-181.0', '-1052.0', '-2401.0', '-2545.0', '-1016.0']",,,,,,,,,,,,False,0.0,0.0,,,0.0,0.0,,
565,REFUSED_SK_ID_PREV_NUNIQUE,float64,100294,207217,67.39,45,medium_cardinality,False,False,False,True,"target_encoding, leave_as_integer, or one_hot_if_dense","['1.0', '7.0', '18.0', '37.0', '47.0']",,,,,,,,,,,,False,0.0,0.0,,,0.0,0.0,,
566,REGION_POPULATION_RELATIVE,float64,307511,0,0.0,81,high_cardinality,True,False,False,True,"target_encoding, frequency_encoding, or hash_encoding","['0.018801', '0.04622', '0.006629', '0.00712', '0.00963']",,,,,,,,,,,,False,0.0,0.0,,,0.0,0.0,,
567,REGION_RATING_CLIENT,int64,307511,0,0.0,3,low_cardinality,False,False,False,True,one_hot_encoding or label_encoding,"['2', '1', '3']",,,,,,,,,,,,False,0.0,0.0,,,0.0,0.0,,
568,REGION_RATING_CLIENT_W_CITY,int64,307511,0,0.0,3,low_cardinality,False,False,False,True,one_hot_encoding or label_encoding,"['2', '1', '3']",,,,,,,,,,,,False,0.0,0.0,,,0.0,0.0,,
569,REG_CITY_NOT_LIVE_CITY,int64,307511,0,0.0,2,binary,False,False,False,False,binary_encoding or label_encoding,"['0', '1']",,,,,,,,,,,,False,0.0,0.0,,,0.0,0.0,,
570,REG_CITY_NOT_WORK_CITY,int64,307511,0,0.0,2,binary,False,False,False,False,binary_encoding or label_encoding,"['0', '1']",,,,,,,,,,,,False,0.0,0.0,,,0.0,0.0,,
571,REG_REGION_NOT_LIVE_REGION,int64,307511,0,0.0,2,binary,False,False,False,False,binary_encoding or label_encoding,"['0', '1']",,,,,,,,,,,,False,0.0,0.0,,,0.0,0.0,,
572,REG_REGION_NOT_WORK_REGION,int64,307511,0,0.0,2,binary,False,False,False,False,binary_encoding or label_encoding,"['0', '1']",,,,,,,,,,,,False,0.0,0.0,,,0.0,0.0,,
573,SK_ID_CURR,int64,307511,0,0.0,307511,very_high_cardinality,True,True,True,False,"target_encoding, hash_encoding, or embedding_layer","['100002', '171327', '242626', '313865', '384696']",,,,,,,,,,,,False,0.0,0.0,,,0.0,0.0,,
574,TARGET,int64,307511,0,0.0,2,binary,False,False,False,False,binary_encoding or label_encoding,"['1', '0']",,,,,,,,,,,,,,,,,,,,
575,TOTALAREA_MODE,float64,159080,148431,48.27,5116,very_high_cardinality,True,True,False,False,"target_encoding, hash_encoding, or embedding_layer","['0.0149', '0.044', '0.3103', '0.1929', '0.3932']",,,,,,,,,,,,False,0.0,0.0,,,0.0,0.0,,
576,WALLSMATERIAL_MODE,object,151170,156341,50.84,7,low_cardinality,False,False,False,False,one_hot_encoding or label_encoding,"['Stone, brick', 'Block', 'Panel', 'Mixed', 'Wooden']",7.0,156341.0,50.84,Panel,43.69,0.0,0.0,False,relatively_balanced,0.6058,False,False,0.0,0.0,,,7.0,7.0,"panel(66040), stone, brick(64815), block(9253)","panel(11269), stone, brick(10434), block(1428)"
577,WEEKDAY_APPR_PROCESS_START,object,307511,0,0.0,7,low_cardinality,False,False,False,False,one_hot_encoding or label_encoding,"['WEDNESDAY', 'MONDAY', 'THURSDAY', 'SUNDAY', 'SATURDAY']",7.0,0.0,0.0,TUESDAY,17.53,0.0,0.0,False,highly_balanced,0.9732,False,False,0.0,0.0,,,7.0,7.0,"tuesday(53901), wednesday(51934), monday(50714)","tuesday(9751), wednesday(8457), thursday(8418)"
578,YEARS_BEGINEXPLUATATION_AVG,float64,157504,150007,48.78,285,very_high_cardinality,True,True,False,False,"target_encoding, hash_encoding, or embedding_layer","['0.9722', '0.9921', '0.4913', '0.9066', '0.4968']",,,,,,,,,,,,False,0.0,0.0,,,0.0,0.0,,
579,YEARS_BEGINEXPLUATATION_MEDI,float64,157504,150007,48.78,245,very_high_cardinality,True,True,False,False,"target_encoding, hash_encoding, or embedding_layer","['0.9722', '0.9692', '0.9613', '0.4883', '0.9215']",,,,,,,,,,,,False,0.0,0.0,,,0.0,0.0,,
580,YEARS_BEGINEXPLUATATION_MODE,float64,157504,150007,48.78,221,very_high_cardinality,True,True,False,False,"target_encoding, hash_encoding, or embedding_layer","['0.9722', '0.9926', '0.9553', '0.9538', '0.9533']",,,,,,,,,,,,False,0.0,0.0,,,0.0,0.0,,
581,YEARS_BUILD_AVG,float64,103023,204488,66.5,149,high_cardinality,True,False,False,True,"target_encoding, frequency_encoding, or hash_encoding","['0.6192', '0.6668', '0.0276', '0.422', '0.286']",,,,,,,,,,,,False,0.0,0.0,,,0.0,0.0,,
582,YEARS_BUILD_MEDI,float64,103023,204488,66.5,151,high_cardinality,True,False,False,True,"target_encoding, frequency_encoding, or hash_encoding","['0.6243', '0.7182', '0.4834', '0.309', '0.3626']",,,,,,,,,,,,False,0.0,0.0,,,0.0,0.0,,
583,YEARS_BUILD_MODE,float64,103023,204488,66.5,154,high_cardinality,True,False,False,True,"target_encoding, frequency_encoding, or hash_encoding","['0.6341', '0.7256', '0.9151', '0.2617', '0.0395']",,,,,,,,,,,,False,0.0,0.0,,,0.0,0.0,,
