,column,count,missing_count_x,missing_pct,min_value,max_value,range_value,mean_value,median_value,std_dev,coef_of_variation,p25,p75,iqr_x,skewness_x,kurtosis_x,zero_count,negative_count,q1_x,q3_x,iqr_y,lower_bound,upper_bound,outlier_count_x,outlier_percentage,dtype,non_null_count,missing_count_y,missing_rate,unique_count,mean,median,std,min,q1_y,q3_y,max,iqr,skewness_y,kurtosis_y,outlier_count_y,outlier_rate,skew_label,variance_flag,normality_pvalue,normality_label
0,AMT_ANNUITY,307499,12,0.0039,1615.5,258025.5,256410.0,27108.5739,24903.0,14493.7373,0.5347,16524.0,34596.0,18072.0,1.5798,7.7072,0,0,16524.0,34596.0,18072.0,-10584.0,61704.0,7504,2.4403,float64,307499,12,0.0,13672,27108.5739,24903.0,14493.7373,1615.5,16524.0,34596.0,258025.5,18072.0,1.5798,7.7073,7504,0.0244,highly_skewed,variable,0.0,non_normal
1,AMT_CREDIT,307511,0,0.0,45000.0,4050000.0,4005000.0,599025.9997,513531.0,402490.777,0.6719,270000.0,808650.0,538650.0,1.2348,1.934,0,0,270000.0,808650.0,538650.0,-537975.0,1616625.0,6562,2.1339,float64,307511,0,0.0,5603,599025.9997,513531.0,402490.777,45000.0,270000.0,808650.0,4050000.0,538650.0,1.2348,1.934,6562,0.0213,highly_skewed,variable,0.0,non_normal
2,AMT_GOODS_PRICE,307233,278,0.0904,40500.0,4050000.0,4009500.0,538396.2074,450000.0,369446.4605,0.6862,238500.0,679500.0,441000.0,1.349,2.4319,0,0,238500.0,679500.0,441000.0,-423000.0,1341000.0,14728,4.7938,float64,307233,278,0.0009,1002,538396.2074,450000.0,369446.4605,40500.0,238500.0,679500.0,4050000.0,441000.0,1.349,2.4319,14728,0.0479,highly_skewed,variable,0.0,non_normal
3,AMT_INCOME_TOTAL,307511,0,0.0,25650.0,117000000.0,116974350.0,168797.9193,147150.0,237123.1463,1.4048,112500.0,202500.0,90000.0,391.5577,191783.436,0,0,112500.0,202500.0,90000.0,-22500.0,337500.0,14035,4.5641,float64,307511,0,0.0,2548,168797.9193,147150.0,237123.1463,25650.0,112500.0,202500.0,117000000.0,90000.0,391.5597,191786.5544,14035,0.0456,highly_skewed,variable,0.0,non_normal
4,AMT_REQ_CREDIT_BUREAU_DAY,265992,41519,13.5016,0.0,9.0,9.0,0.007,0.0,0.1108,15.822,0.0,0.0,0.0,27.0434,1151.8459,264503,0,0.0,0.0,0.0,0.0,0.0,1489,0.5598,float64,265992,41519,0.135,9,0.007,0.0,0.1108,0.0,0.0,0.0,9.0,0.0,27.0435,1151.8676,0,0.0,highly_skewed,variable,0.0,non_normal
5,AMT_REQ_CREDIT_BUREAU_HOUR,265992,41519,13.5016,0.0,4.0,4.0,0.0064,0.0,0.0838,13.0964,0.0,0.0,0.0,14.534,254.2388,264366,0,0.0,0.0,0.0,0.0,0.0,1626,0.6113,float64,265992,41519,0.135,5,0.0064,0.0,0.0838,0.0,0.0,0.0,4.0,0.0,14.5341,254.2436,0,0.0,highly_skewed,variable,0.0,non_normal
6,AMT_REQ_CREDIT_BUREAU_MON,265992,41519,13.5016,0.0,27.0,27.0,0.2674,0.0,0.916,3.4256,0.0,0.0,0.0,7.8048,90.4331,222233,0,0.0,0.0,0.0,0.0,0.0,43759,16.4512,float64,265992,41519,0.135,24,0.2674,0.0,0.916,0.0,0.0,0.0,27.0,0.0,7.8048,90.4349,0,0.0,highly_skewed,variable,0.0,non_normal
7,AMT_REQ_CREDIT_BUREAU_QRT,265992,41519,13.5016,0.0,261.0,261.0,0.2655,0.0,0.7941,2.9911,0.0,0.0,0.0,134.365,43706.6431,215417,0,0.0,0.0,0.0,0.0,0.0,50575,19.0137,float64,265992,41519,0.135,11,0.2655,0.0,0.7941,0.0,0.0,0.0,261.0,0.0,134.3658,43707.4648,0,0.0,highly_skewed,variable,0.0,non_normal
8,AMT_REQ_CREDIT_BUREAU_WEEK,265992,41519,13.5016,0.0,8.0,8.0,0.0344,0.0,0.2047,5.9567,0.0,0.0,0.0,9.2935,166.7491,257456,0,0.0,0.0,0.0,0.0,0.0,8536,3.2091,float64,265992,41519,0.135,9,0.0344,0.0,0.2047,0.0,0.0,0.0,8.0,0.0,9.2936,166.7522,0,0.0,highly_skewed,variable,0.0,non_normal
9,AMT_REQ_CREDIT_BUREAU_YEAR,265992,41519,13.5016,0.0,25.0,25.0,1.9,1.0,1.8693,0.9839,0.0,3.0,3.0,1.2436,1.969,71801,0,0.0,3.0,3.0,-4.5,7.5,3364,1.2647,float64,265992,41519,0.135,25,1.9,1.0,1.8693,0.0,0.0,3.0,25.0,3.0,1.2436,1.969,3364,0.0126,highly_skewed,variable,0.0,non_normal
10,APARTMENTS_AVG,151450,156061,50.7497,0.0,1.0,1.0,0.1174,0.0876,0.1082,0.9217,0.0577,0.1485,0.0908,2.6418,11.3934,751,0,0.0577,0.1485,0.0908,-0.0785,0.2847,10655,7.0353,float64,151450,156061,0.5075,2339,0.1174,0.0876,0.1082,0.0,0.0577,0.1485,1.0,0.0908,2.6418,11.3938,10655,0.0704,highly_skewed,variable,0.0,non_normal
11,APARTMENTS_MEDI,151450,156061,50.7497,0.0,1.0,1.0,0.1178,0.0864,0.1091,0.9255,0.0583,0.1489,0.0906,2.6392,11.2418,771,0,0.0583,0.1489,0.0906,-0.0776,0.2848,10728,7.0835,float64,151450,156061,0.5075,1148,0.1178,0.0864,0.1091,0.0,0.0583,0.1489,1.0,0.0906,2.6393,11.2422,10728,0.0708,highly_skewed,variable,0.0,non_normal
12,APARTMENTS_MODE,151450,156061,50.7497,0.0,1.0,1.0,0.1142,0.084,0.1079,0.9449,0.0525,0.1439,0.0914,2.703,11.7456,976,0,0.0525,0.1439,0.0914,-0.0846,0.281,10397,6.865,float64,151450,156061,0.5075,760,0.1142,0.084,0.1079,0.0,0.0525,0.1439,1.0,0.0914,2.7031,11.7461,10397,0.0686,highly_skewed,variable,0.0,non_normal
13,APPROVED_AMT_APPLICATION_MAX,290065,17446,5.6733,0.0,5850000.0,5850000.0,310972.3552,169186.5,351169.2896,1.1293,90000.0,427500.0,337500.0,2.196,6.0942,1021,0,90000.0,427500.0,337500.0,-416250.0,933750.0,20463,7.0546,float64,290065,17446,0.0567,50746,310972.3552,169186.5,351169.2896,0.0,90000.0,427500.0,5850000.0,337500.0,2.196,6.0943,20463,0.0705,highly_skewed,variable,0.0,non_normal
14,APPROVED_AMT_APPLICATION_MEAN,290065,17446,5.6733,0.0,4050000.0,4050000.0,165875.0596,113226.75,163930.1876,0.9883,66242.0587,206955.0,140712.9413,3.4891,26.5179,1021,0,66242.0588,206955.0,140712.9412,-144827.3531,418024.4119,20703,7.1374,float64,290065,17446,0.0567,168391,165875.0596,113226.75,163930.1876,0.0,66242.0588,206955.0,4050000.0,140712.9412,3.4891,26.5183,20703,0.0714,highly_skewed,variable,0.0,non_normal
15,APPROVED_AMT_CREDIT_MAX,290065,17446,5.6733,0.0,4509688.5,4509688.5,343441.0443,182218.5,380003.577,1.1065,93240.0,450000.0,356760.0,2.0383,4.9559,9,0,93240.0,450000.0,356760.0,-441900.0,985140.0,22919,7.9013,float64,290065,17446,0.0567,58928,343441.0443,182218.5,380003.577,0.0,93240.0,450000.0,4509688.5,356760.0,2.0383,4.956,22919,0.079,highly_skewed,variable,0.0,non_normal
16,APPROVED_AMT_CREDIT_MEAN,290065,17446,5.6733,0.0,4050000.0,4050000.0,183224.8128,125565.0,177106.2182,0.9666,71014.5,234893.25,163878.75,3.149,21.5322,9,0,71014.5,234893.25,163878.75,-174803.625,480711.375,18393,6.341,float64,290065,17446,0.0567,185460,183224.8128,125565.0,177106.2182,0.0,71014.5,234893.25,4050000.0,163878.75,3.1491,21.5326,18393,0.0634,highly_skewed,variable,0.0,non_normal
17,APPROVED_APP_CREDIT_PERC_MAX,290056,17455,5.6762,0.0,20.0,20.0,1.1019,1.0341,0.2905,0.2636,1.0,1.122,0.122,10.8178,370.6762,1012,0,1.0,1.122,0.122,0.817,1.305,32186,11.0965,float64,290056,17455,0.0568,145549,1.1019,1.0341,0.2905,0.0,1.0,1.122,20.0,0.122,10.8179,370.6826,32186,0.111,highly_skewed,variable,0.0,non_normal
18,APPROVED_APP_CREDIT_PERC_MEAN,290056,17455,5.6762,0.0,6.7353,6.7353,0.9731,0.9755,0.1805,0.1854,0.9099,1.0332,0.1233,1.7129,34.2823,1012,0,0.9099,1.0332,0.1233,0.7249,1.2182,31597,10.8934,float64,290056,17455,0.0568,239493,0.9731,0.9755,0.1805,0.0,0.9099,1.0332,6.7353,0.1233,1.7129,34.2829,31597,0.1089,highly_skewed,variable,0.0,non_normal
19,APPROVED_CNT_PAYMENT_MEAN,290065,17446,5.6733,0.0,72.0,72.0,13.5929,12.0,7.544,0.555,9.0,17.1429,8.1429,1.5715,4.0584,2630,0,9.0,17.1429,8.1429,-3.2143,29.3571,12394,4.2728,float64,290065,17446,0.0567,1342,13.5929,12.0,7.544,0.0,9.0,17.1429,72.0,8.1429,1.5715,4.0585,12394,0.0427,highly_skewed,variable,0.0,non_normal
20,APPROVED_CNT_PAYMENT_SUM,290065,17446,5.6733,0.0,528.0,528.0,43.2283,30.0,40.6544,0.9405,12.0,60.0,48.0,2.0656,6.2872,2630,0,12.0,60.0,48.0,-60.0,132.0,11793,4.0656,float64,290065,17446,0.0567,345,43.2283,30.0,40.6544,0.0,12.0,60.0,528.0,48.0,2.0656,6.2873,11793,0.0407,highly_skewed,variable,0.0,non_normal
21,APPROVED_DAYS_DECISION_MEAN,290065,17446,5.6733,-2922.0,-2.0,2920.0,-1031.819,-940.5,590.2617,0.5721,-1396.1667,-557.0,839.1667,-0.7661,0.142,0,290065,-1396.1667,-557.0,839.1667,-2654.9167,701.75,3480,1.1997,float64,290065,17446,0.0567,34247,-1031.819,-940.5,590.2617,-2922.0,-1396.1667,-557.0,-2.0,839.1667,-0.7661,0.142,3480,0.012,moderately_skewed,variable,0.0,non_normal
22,APPROVED_DAYS_DECISION_MIN,290065,17446,5.6733,-2922.0,-2.0,2920.0,-1530.5713,-1490.0,862.8679,0.5638,-2379.0,-720.0,1659.0,-0.0645,-1.4117,0,290065,-2379.0,-720.0,1659.0,-4867.5,1768.5,0,0.0,float64,290065,17446,0.0567,2921,-1530.5713,-1490.0,862.8679,-2922.0,-2379.0,-720.0,-2.0,1659.0,-0.0645,-1.4117,0,0.0,approximately_symmetric,variable,0.0,non_normal
23,APPROVED_SK_ID_PREV_NUNIQUE,290065,17446,5.6733,1.0,27.0,26.0,3.0548,3.0,2.1207,0.6942,1.0,4.0,3.0,1.5934,3.902,0,0,1.0,4.0,3.0,-3.5,8.5,7052,2.4312,float64,290065,17446,0.0567,25,3.0548,3.0,2.1207,1.0,1.0,4.0,27.0,3.0,1.5934,3.902,7052,0.0243,highly_skewed,variable,0.0,non_normal
24,APP_ADDRESS_MISMATCH_COUNT,307511,0,0.0,0.0,6.0,6.0,0.5948,0.0,1.0846,1.8237,0.0,2.0,2.0,1.7178,2.3307,228354,0,0.0,2.0,2.0,-3.0,5.0,329,0.107,int64,307511,0,0.0,7,0.5948,0.0,1.0846,0.0,0.0,2.0,6.0,2.0,1.7179,2.3307,329,0.0011,highly_skewed,variable,0.0,non_normal
25,APP_ANNUITY_INCOME_RATIO,307499,12,0.0039,0.0002,1.876,1.8757,0.1809,0.1628,0.0946,0.5227,0.1148,0.2291,0.1143,1.512,5.4514,0,0,0.1148,0.2291,0.1143,-0.0566,0.4005,7878,2.562,float64,307499,12,0.0,88811,0.1809,0.1628,0.0946,0.0002,0.1148,0.2291,1.876,0.1143,1.512,5.4515,7878,0.0256,highly_skewed,variable,0.0,non_normal
26,APP_CAR_BIRTH_RATIO,104582,202929,65.9908,-0.0092,-0.0,0.0092,-0.0009,-0.0006,0.001,1.1176,-0.0011,-0.0003,0.0007,-3.6124,17.5616,2134,102448,-0.0011,-0.0003,0.0007,-0.0022,0.0008,5265,5.0343,float64,104582,202929,0.6599,78396,-0.0009,-0.0006,0.001,-0.0092,-0.0011,-0.0003,-0.0,0.0007,-3.6124,17.5625,5265,0.0503,highly_skewed,variable,0.0,non_normal
27,APP_CONTACT_COUNT,307511,0,0.0,1.0,6.0,5.0,3.3552,3.0,0.8653,0.2579,3.0,4.0,1.0,0.5557,-0.0866,0,0,3.0,4.0,1.0,1.5,5.5,2019,0.6566,int64,307511,0,0.0,6,3.3552,3.0,0.8653,1.0,3.0,4.0,6.0,1.0,0.5557,-0.0866,2019,0.0066,moderately_skewed,variable,0.0,non_normal
28,APP_CREDIT_ANNUITY_RATIO,307499,12,0.0039,8.0367,45.3051,37.2684,21.6123,20.0,7.8238,0.362,15.6145,27.1,11.4855,0.3047,-0.7826,0,0,15.6145,27.1,11.4855,-1.6137,44.3282,17,0.0055,float64,307499,12,0.0,39539,21.6123,20.0,7.8238,8.0367,15.6145,27.1,45.3051,11.4855,0.3047,-0.7826,17,0.0001,approximately_symmetric,variable,0.0,non_normal
29,APP_CREDIT_INCOME_RATIO,307511,0,0.0,0.0048,84.7368,84.732,3.9576,3.2651,2.6897,0.6796,2.0187,5.1599,3.1412,1.8359,8.3716,0,0,2.0187,5.1599,3.1412,-2.6932,9.8717,11510,3.743,float64,307511,0,0.0,48697,3.9576,3.2651,2.6897,0.0048,2.0187,5.1599,84.7368,3.1412,1.836,8.3718,11510,0.0374,highly_skewed,variable,0.0,non_normal
30,APP_DOCUMENT_COUNT,307511,0,0.0,0.0,4.0,4.0,0.9302,1.0,0.3443,0.3701,1.0,1.0,0.0,-1.0146,5.1807,29549,0,1.0,1.0,0.0,1.0,1.0,37455,12.1801,int64,307511,0,0.0,5,0.9302,1.0,0.3443,0.0,1.0,1.0,4.0,0.0,-1.0146,5.1808,0,0.0,highly_skewed,variable,0.0,non_normal
31,APP_EMPLOYED_BIRTH_RATIO,252137,55374,18.0072,-0.0,0.7288,0.7288,0.1569,0.1187,0.1335,0.8514,0.0561,0.2192,0.1631,1.3474,1.5926,2,0,0.0561,0.2192,0.1631,-0.1885,0.4638,10760,4.2675,float64,252137,55374,0.1801,249434,0.1569,0.1187,0.1335,-0.0,0.0561,0.2192,0.7288,0.1631,1.3474,1.5926,10760,0.0427,highly_skewed,variable,0.0,non_normal
32,APP_EXT_SOURCE_MAX,307339,172,0.0559,0.0,0.9627,0.9627,0.6159,0.6485,0.1561,0.2535,0.5407,0.7253,0.1846,-1.0659,1.1721,0,0,0.5407,0.7253,0.1846,0.2637,1.0022,11713,3.8111,float64,307339,172,0.0006,121113,0.6159,0.6485,0.1561,0.0,0.5407,0.7253,0.9627,0.1846,-1.0659,1.1721,11713,0.0381,highly_skewed,variable,0.0,non_normal
33,APP_EXT_SOURCE_MEAN,307339,172,0.0559,0.0,0.8789,0.8789,0.5093,0.5245,0.1498,0.2942,0.4136,0.6228,0.2092,-0.5295,-0.0619,0,0,0.4136,0.6228,0.2092,0.0999,0.9366,2652,0.8629,float64,307339,172,0.0006,300347,0.5093,0.5245,0.1498,0.0,0.4136,0.6228,0.8789,0.2092,-0.5295,-0.0619,2652,0.0086,moderately_skewed,variable,0.0,non_normal
34,APP_EXT_SOURCE_MIN,307339,172,0.0559,0.0,0.8789,0.8789,0.3996,0.4032,0.1874,0.4691,0.254,0.553,0.2991,-0.0838,-0.93,0,0,0.254,0.553,0.2991,-0.1946,1.0016,0,0.0,float64,307339,172,0.0006,139146,0.3996,0.4032,0.1874,0.0,0.254,0.553,0.8789,0.2991,-0.0838,-0.93,0,0.0,approximately_symmetric,variable,0.0,non_normal
35,APP_EXT_SOURCE_STD,270602,36909,12.0025,0.0,0.6519,0.6519,0.1512,0.136,0.0999,0.6606,0.0724,0.2144,0.142,0.7364,0.2028,0,0,0.0724,0.2144,0.142,-0.1406,0.4274,2770,1.0236,float64,270602,36909,0.12,269867,0.1512,0.136,0.0999,0.0,0.0724,0.2144,0.6519,0.142,0.7364,0.2028,2770,0.0102,moderately_skewed,variable,0.0,non_normal
36,APP_GOODS_CREDIT_RATIO,307233,278,0.0904,0.1667,6.6667,6.5,0.9007,0.8938,0.0966,0.1073,0.8347,1.0,0.1653,2.6669,120.1621,0,0,0.8347,1.0,0.1653,0.5868,1.2479,244,0.0794,float64,307233,278,0.0009,3066,0.9007,0.8938,0.0966,0.1667,0.8347,1.0,6.6667,0.1653,2.6669,120.1641,244,0.0008,highly_skewed,variable,0.0,non_normal
37,APP_INCOME_PER_PERSON,307509,2,0.0007,2812.5,39000000.0,38997187.5,93105.8796,75000.0,101373.3634,1.0888,47250.0,112500.0,65250.0,187.3664,70683.0159,0,0,47250.0,112500.0,65250.0,-50625.0,210375.0,17410,5.6616,float64,307509,2,0.0,3064,93105.8796,75000.0,101373.3634,2812.5,47250.0,112500.0,39000000.0,65250.0,187.3673,70684.1652,17410,0.0566,highly_skewed,variable,0.0,non_normal
38,APP_MISSING_COUNT,307511,0,0.0,0.0,66.0,66.0,31.0859,38.0,21.0403,0.6768,7.0,50.0,43.0,-0.2432,-1.6323,8602,0,7.0,50.0,43.0,-57.5,114.5,0,0.0,int64,307511,0,0.0,67,31.0859,38.0,21.0403,0.0,7.0,50.0,66.0,43.0,-0.2432,-1.6323,0,0.0,approximately_symmetric,variable,0.0,non_normal
39,APP_MISSING_RATIO,307511,0,0.0,0.0,0.4714,0.4714,0.222,0.2714,0.1503,0.6768,0.05,0.3571,0.3071,-0.2432,-1.6323,8602,0,0.05,0.3571,0.3071,-0.4107,0.8179,0,0.0,float64,307511,0,0.0,67,0.222,0.2714,0.1503,0.0,0.05,0.3571,0.4714,0.3071,-0.2432,-1.6323,0,0.0,approximately_symmetric,variable,0.0,non_normal
40,APP_PHONE_BIRTH_RATIO,307510,1,0.0003,-0.0,0.3614,0.3614,0.0631,0.0506,0.0559,0.8858,0.0171,0.0981,0.081,0.9255,0.4416,37672,0,0.0171,0.0981,0.081,-0.1044,0.2196,3620,1.1772,float64,307510,1,0.0,264924,0.0631,0.0506,0.0559,-0.0,0.0171,0.0981,0.3614,0.081,0.9255,0.4416,3620,0.0118,moderately_skewed,variable,0.0,non_normal
41,APP_PHONE_EMPLOYED_RATIO,252134,55377,18.0081,-0.0,1784.0,1784.0,1.0991,0.4435,4.9591,4.512,0.1306,0.9195,0.789,206.2211,68343.9351,28888,0,0.1306,0.9195,0.789,-1.0529,2.103,28891,11.4586,float64,252134,55377,0.1801,205138,1.0991,0.4435,4.9591,-0.0,0.1306,0.9195,1784.0,0.789,206.2223,68345.2904,28891,0.1146,highly_skewed,variable,0.0,non_normal
42,BASEMENTAREA_AVG,127568,179943,58.516,0.0,1.0,1.0,0.0884,0.0763,0.0824,0.9321,0.0442,0.1122,0.068,3.5663,25.9291,14745,0,0.0442,0.1122,0.068,-0.0578,0.2142,7190,5.6362,float64,127568,179943,0.5852,3780,0.0884,0.0763,0.0824,0.0,0.0442,0.1122,1.0,0.068,3.5663,25.9301,7190,0.0564,highly_skewed,variable,0.0,non_normal
43,BASEMENTAREA_MEDI,127568,179943,58.516,0.0,1.0,1.0,0.088,0.0758,0.0822,0.9343,0.0437,0.1116,0.0679,3.553,25.8287,14991,0,0.0437,0.1116,0.0679,-0.0581,0.2134,7188,5.6346,float64,127568,179943,0.5852,3772,0.088,0.0758,0.0822,0.0,0.0437,0.1116,1.0,0.0679,3.553,25.8298,7188,0.0563,highly_skewed,variable,0.0,non_normal
44,BASEMENTAREA_MODE,127568,179943,58.516,0.0,1.0,1.0,0.0875,0.0746,0.0843,0.963,0.0407,0.1124,0.0717,3.4815,24.4302,16598,0,0.0407,0.1124,0.0717,-0.0669,0.22,6910,5.4167,float64,127568,179943,0.5852,3841,0.0875,0.0746,0.0843,0.0,0.0407,0.1124,1.0,0.0717,3.4815,24.4312,6910,0.0542,highly_skewed,variable,0.0,non_normal
45,BUREAU_ACTIVE_AMT_CREDIT_SUM_DEBT_MEAN,206514,100997,32.8434,-1395766.098,83624582.8013,85020348.8993,377157.5166,147523.5,940062.7222,2.4925,48129.75,359028.5625,310898.8125,15.2182,637.624,21660,1091,48129.75,359028.5625,310898.8125,-418218.4688,825376.7812,20369,9.8633,float64,206514,100997,0.3284,158599,377157.5166,147523.5,940062.7222,-1395766.098,48129.75,359028.5625,83624582.8013,310898.8125,15.2183,637.6394,20369,0.0986,highly_skewed,variable,0.0,non_normal
46,BUREAU_ACTIVE_AMT_CREDIT_SUM_DEBT_SUM,217150,90361,29.3846,-6978830.49,334498331.205,341477161.695,765096.5367,276048.0,1753502.707,2.2919,55712.1375,816669.5625,760957.425,37.8122,6137.7724,32296,1091,55712.1375,816669.5625,760957.425,-1085724.0,1958105.7,20081,9.2475,float64,217150,90361,0.2938,153496,765096.5367,276048.0,1753502.707,-6978830.49,55712.1375,816669.5625,334498331.205,760957.425,37.8124,6137.9137,20081,0.0925,highly_skewed,variable,0.0,non_normal
47,BUREAU_ACTIVE_AMT_CREDIT_SUM_MEAN,217149,90362,29.385,0.0,90034675.5,90034675.5,564073.1126,274500.0,1112507.0233,1.9723,136125.0,575354.25,439229.25,14.6241,605.0693,3078,0,136125.0,575354.25,439229.25,-522718.875,1234198.125,20980,9.6616,float64,217149,90362,0.2938,99483,564073.1126,274500.0,1112507.0233,0.0,136125.0,575354.25,90034675.5,439229.25,14.6242,605.0833,20980,0.0966,highly_skewed,variable,0.0,non_normal
48,BUREAU_ACTIVE_AMT_CREDIT_SUM_OVERDUE_MEAN,217150,90361,29.3846,0.0,3681063.0,3681063.0,103.9714,0.0,11019.759,105.9884,0.0,0.0,0.0,231.2969,65667.9132,213970,0,0.0,0.0,0.0,0.0,0.0,3180,1.4644,float64,217150,90361,0.2938,1557,103.9714,0.0,11019.759,0.0,0.0,0.0,3681063.0,0.0,231.2985,65669.4253,0,0.0,highly_skewed,variable,0.0,non_normal
49,BUREAU_ACTIVE_AMT_CREDIT_SUM_OVERDUE_SUM,217150,90361,29.3846,0.0,3756681.0,3756681.0,236.7282,0.0,16606.9479,70.152,0.0,0.0,0.0,152.8079,28608.9334,213970,0,0.0,0.0,0.0,0.0,0.0,3180,1.4644,float64,217150,90361,0.2938,1197,236.7282,0.0,16606.9479,0.0,0.0,0.0,3756681.0,0.0,152.8089,28609.5922,0,0.0,highly_skewed,variable,0.0,non_normal
50,BUREAU_ACTIVE_AMT_CREDIT_SUM_SUM,217150,90361,29.3846,0.0,334739700.0,334739700.0,1311231.0008,647924.4,2365917.5184,1.8043,234000.0,1525499.46,1291499.46,27.1161,2810.4556,3079,0,234000.0,1525499.46,1291499.46,-1703249.19,3462748.65,17751,8.1745,float64,217150,90361,0.2938,95921,1311231.0008,647924.4,2365917.5184,0.0,234000.0,1525499.46,334739700.0,1291499.46,27.1163,2810.5203,17751,0.0817,highly_skewed,variable,0.0,non_normal
51,BUREAU_ACTIVE_DAYS_CREDIT_MAX,217150,90361,29.3846,-2922.0,0.0,2922.0,-416.9322,-258.0,471.0662,1.1298,-514.0,-126.0,388.0,-2.5276,7.7294,3,217147,-514.0,-126.0,388.0,-1096.0,456.0,17347,7.9885,float64,217150,90361,0.2938,2907,-416.9322,-258.0,471.0662,-2922.0,-514.0,-126.0,0.0,388.0,-2.5276,7.7296,17347,0.0799,highly_skewed,variable,0.0,non_normal
52,BUREAU_ACTIVE_DAYS_CREDIT_MEAN,217150,90361,29.3846,-2922.0,0.0,2922.0,-650.7898,-537.3095,495.7376,0.7617,-871.5,-294.425,577.075,-1.5833,3.3565,1,217149,-871.5,-294.425,577.075,-1737.1125,571.1875,7758,3.5726,float64,217150,90361,0.2938,20978,-650.7898,-537.3095,495.7376,-2922.0,-871.5,-294.425,0.0,577.075,-1.5833,3.3566,7758,0.0357,highly_skewed,variable,0.0,non_normal
53,BUREAU_ACTIVE_DAYS_CREDIT_MIN,217150,90361,29.3846,-2922.0,0.0,2922.0,-938.2148,-764.0,722.5796,0.7702,-1313.0,-366.0,947.0,-1.0038,0.2834,1,217149,-1313.0,-366.0,947.0,-2733.5,1054.5,5570,2.565,float64,217150,90361,0.2938,2922,-938.2148,-764.0,722.5796,-2922.0,-1313.0,-366.0,0.0,947.0,-1.0038,0.2835,5570,0.0257,highly_skewed,variable,0.0,non_normal
54,BUREAU_AMT_ANNUITY_MAX,80009,227502,73.9817,0.0,59586682.5,59586682.5,34838.4465,12491.19,514661.275,14.7728,450.0,27004.5,26554.5,87.2256,8815.3712,19737,0,450.0,27004.5,26554.5,-39381.75,66836.25,4882,6.1018,float64,80009,227502,0.7398,23582,34838.4465,12491.19,514661.275,0.0,450.0,27004.5,59586682.5,26554.5,87.2272,8815.9222,4882,0.061,highly_skewed,variable,0.0,non_normal
55,BUREAU_AMT_ANNUITY_MEAN,80009,227502,73.9817,0.0,27282428.7525,27282428.7525,16052.2473,6494.1621,170501.5626,10.6217,242.7632,15150.015,14907.2518,104.9236,14183.7344,19737,0,242.7632,15150.015,14907.2518,-22118.1146,37510.8928,5331,6.663,float64,80009,227502,0.7398,40563,16052.2473,6494.1621,170501.5626,0.0,242.7632,15150.015,27282428.7525,14907.2518,104.9256,14184.6209,5331,0.0666,highly_skewed,variable,0.0,non_normal
56,BUREAU_AMT_CREDIT_MAX_OVERDUE_MAX,183886,123625,40.2018,0.0,115987185.0,115987185.0,9396.2256,0.0,367963.5743,39.1608,0.0,5928.7612,5928.7612,265.9243,77719.081,113446,0,0.0,5928.7612,5928.7612,-8893.1419,14821.9031,20126,10.9448,float64,183886,123625,0.402,44798,9396.2256,0.0,367963.5743,0.0,0.0,5928.7612,115987185.0,5928.7612,265.9265,77721.1943,20126,0.1094,highly_skewed,variable,0.0,non_normal
57,BUREAU_AMT_CREDIT_MAX_OVERDUE_MEAN,183886,123625,40.2018,0.0,115987185.0,115987185.0,5242.425,0.0,306408.2496,58.4478,0.0,2124.0,2124.0,318.2773,114889.9773,113446,0,0.0,2124.0,2124.0,-3186.0,5310.0,25423,13.8254,float64,183886,123625,0.402,55265,5242.425,0.0,306408.2496,0.0,0.0,2124.0,115987185.0,2124.0,318.2799,114893.1013,25423,0.1383,highly_skewed,variable,0.0,non_normal
58,BUREAU_AMT_CREDIT_SUM_DEBT_MAX,256131,51380,16.7083,-25959.645,170100000.0,170125959.645,521627.494,149458.5,1343224.4386,2.5751,0.0,495000.0,495000.0,16.1592,1147.385,70847,85,0.0,495000.0,495000.0,-742500.0,1237500.0,25756,10.0558,float64,256131,51380,0.1671,138943,521627.494,149458.5,1343224.4386,-25959.645,0.0,495000.0,170100000.0,495000.0,16.1593,1147.4074,25756,0.1006,highly_skewed,variable,0.0,non_normal
59,BUREAU_AMT_CREDIT_SUM_DEBT_MEAN,256131,51380,16.7083,-1083614.67,43650000.0,44733614.67,160390.077,44208.035,526650.079,3.2836,0.0,142136.25,142136.25,19.609,852.6462,69689,1296,0.0,142136.25,142136.25,-213204.375,355340.625,25083,9.793,float64,256131,51380,0.1671,169324,160390.077,44208.035,526650.079,-1083614.67,0.0,142136.25,43650000.0,142136.25,19.6092,852.6628,25083,0.0979,highly_skewed,variable,0.0,non_normal
60,BUREAU_AMT_CREDIT_SUM_DEBT_SUM,263491,44020,14.3149,-6981558.21,334498331.205,341479889.415,640650.2566,169020.0,1633960.9322,2.5505,0.0,660062.115,660062.115,38.9055,6723.5158,77049,1296,0.0,660062.115,660062.115,-990093.1725,1650155.2875,25404,9.6413,float64,263491,44020,0.1431,154999,640650.2566,169020.0,1633960.9322,-6981558.21,0.0,660062.115,334498331.205,660062.115,38.9057,6723.6434,25404,0.0964,highly_skewed,variable,0.0,non_normal
61,BUREAU_AMT_CREDIT_SUM_LIMIT_MAX,242442,65069,21.1599,-1747.035,4705600.32,4707347.355,22280.6383,0.0,85261.27,3.8267,0.0,0.0,0.0,9.5329,229.7414,193649,1,0.0,0.0,0.0,0.0,0.0,48793,20.1256,float64,242442,65069,0.2116,34311,22280.6383,0.0,85261.27,-1747.035,0.0,0.0,4705600.32,0.0,9.5329,229.7462,0,0.0,highly_skewed,variable,0.0,non_normal
62,BUREAU_AMT_CREDIT_SUM_LIMIT_MEAN,242442,65069,21.1599,-97891.6613,4500000.0,4597891.6612,5901.4756,0.0,30091.6563,5.099,0.0,0.0,0.0,28.011,2554.7702,193590,127,0.0,0.0,0.0,0.0,0.0,48852,20.15,float64,242442,65069,0.2116,38928,5901.4756,0.0,30091.6563,-97891.6612,0.0,0.0,4500000.0,0.0,28.0111,2554.8229,0,0.0,highly_skewed,variable,0.0,non_normal
63,BUREAU_AMT_CREDIT_SUM_LIMIT_SUM,263491,44020,14.3149,-579854.115,8129328.21,8709182.325,23563.4747,0.0,100133.6115,4.2495,0.0,0.0,0.0,11.9082,400.0655,214639,127,0.0,0.0,0.0,0.0,0.0,48852,18.5403,float64,263491,44020,0.1431,37278,23563.4747,0.0,100133.6115,-579854.115,0.0,0.0,8129328.21,0.0,11.9082,400.0731,0,0.0,highly_skewed,variable,0.0,non_normal
64,BUREAU_AMT_CREDIT_SUM_MAX,263490,44021,14.3153,0.0,396000000.0,396000000.0,976004.1487,450000.0,2087565.9052,2.1389,180000.0,1043914.5,863914.5,39.5001,5517.2854,1082,0,180000.0,1043914.5,863914.5,-1115871.75,2339786.25,23469,8.907,float64,263490,44021,0.1432,65160,976004.1487,450000.0,2087565.9052,0.0,180000.0,1043914.5,396000000.0,863914.5,39.5003,5517.3901,23469,0.0891,highly_skewed,variable,0.0,non_normal
65,BUREAU_AMT_CREDIT_SUM_MEAN,263490,44021,14.3153,0.0,198072344.25,198072344.25,378080.2008,195507.1841,891673.1162,2.3584,103500.0,394116.2201,290616.2201,67.623,12028.7465,1082,0,103500.0,394116.2201,290616.2201,-332424.3302,830040.5503,24086,9.1411,float64,263490,44021,0.1432,209581,378080.2008,195507.1841,891673.1162,0.0,103500.0,394116.2201,198072344.25,290616.2201,67.6234,12028.9748,24086,0.0914,highly_skewed,variable,0.0,non_normal
66,BUREAU_AMT_CREDIT_SUM_OVERDUE_MAX,263491,44020,14.3149,0.0,3756681.0,3756681.0,184.9702,0.0,14388.2402,77.7868,0.0,0.0,0.0,178.4186,39601.7116,260157,0,0.0,0.0,0.0,0.0,0.0,3334,1.2653,float64,263491,44020,0.1431,1203,184.9702,0.0,14388.2402,0.0,0.0,0.0,3756681.0,0.0,178.4196,39602.4631,0,0.0,highly_skewed,variable,0.0,non_normal
67,BUREAU_AMT_CREDIT_SUM_OVERDUE_MEAN,263491,44020,14.3149,0.0,1617403.5,1617403.5,49.5493,0.0,5291.7346,106.7974,0.0,0.0,0.0,218.3496,55996.2373,260157,0,0.0,0.0,0.0,0.0,0.0,3334,1.2653,float64,263491,44020,0.1431,1872,49.5493,0.0,5291.7346,0.0,0.0,0.0,1617403.5,0.0,218.3509,55997.2999,0,0.0,highly_skewed,variable,0.0,non_normal
68,BUREAU_AMT_CREDIT_SUM_OVERDUE_SUM,263491,44020,14.3149,0.0,3756681.0,3756681.0,223.0343,0.0,16497.1933,73.9671,0.0,0.0,0.0,152.5789,28188.9602,260157,0,0.0,0.0,0.0,0.0,0.0,3334,1.2653,float64,263491,44020,0.1431,1218,223.0343,0.0,16497.1933,0.0,0.0,0.0,3756681.0,0.0,152.5798,28189.4952,0,0.0,highly_skewed,variable,0.0,non_normal
69,BUREAU_AMT_CREDIT_SUM_SUM,263491,44020,14.3149,0.0,1017957917.385,1017957917.385,1955806.5861,961704.0,4101727.7817,2.0972,343377.27,2297720.7,1954343.43,75.8864,15688.33,1083,0,343377.27,2297720.7,1954343.43,-2588137.875,5229235.845,21991,8.346,float64,263491,44020,0.1431,205630,1955806.5861,961704.0,4101727.7817,0.0,343377.27,2297720.7,1017957917.385,1954343.43,75.8869,15688.6278,21991,0.0835,highly_skewed,variable,0.0,non_normal
70,BUREAU_BB_MONTHS_BALANCE_MAX_MEAN,92231,215280,70.0073,-92.0,0.0,92.0,-7.7462,-4.0,10.4258,1.3459,-12.0,0.0,12.0,-2.2256,7.3924,33550,58681,-12.0,0.0,12.0,-30.0,18.0,3696,4.0073,float64,92231,215280,0.7001,3958,-7.7462,-4.0,10.4258,-92.0,-12.0,0.0,0.0,12.0,-2.2256,7.3929,3696,0.0401,highly_skewed,variable,0.0,non_normal
71,BUREAU_BB_MONTHS_BALANCE_MIN_MEAN,92231,215280,70.0073,-96.0,0.0,96.0,-34.2234,-33.0,17.8152,0.5206,-45.2222,-21.0,24.2222,-0.5379,0.2386,185,92046,-45.2222,-21.0,24.2222,-81.5556,15.3333,1447,1.5689,float64,92231,215280,0.7001,5715,-34.2234,-33.0,17.8152,-96.0,-45.2222,-21.0,0.0,24.2222,-0.5379,0.2387,1447,0.0157,moderately_skewed,variable,0.0,non_normal
72,BUREAU_BB_MONTHS_BALANCE_SIZE_MEAN,92231,215280,70.0073,1.0,97.0,96.0,27.4772,24.75,16.8277,0.6124,15.0,37.0,22.0,0.9974,1.1679,0,0,15.0,37.0,22.0,-18.0,70.0,2130,2.3094,float64,92231,215280,0.7001,5673,27.4772,24.75,16.8277,1.0,15.0,37.0,97.0,22.0,0.9974,1.168,2130,0.0231,moderately_skewed,variable,0.0,non_normal
73,BUREAU_BB_STATUS_0_MEAN_MEAN,92231,215280,70.0073,0.0,1.0,1.0,0.4571,0.4364,0.2565,0.5611,0.2625,0.6316,0.3691,0.2931,-0.6525,2432,0,0.2625,0.6316,0.3691,-0.2911,1.1852,0,0.0,float64,92231,215280,0.7001,60195,0.4571,0.4364,0.2565,0.0,0.2625,0.6316,1.0,0.3691,0.2931,-0.6525,0,0.0,approximately_symmetric,variable,0.0,non_normal
74,BUREAU_BB_STATUS_1_MEAN_MEAN,92231,215280,70.0073,0.0,0.8333,0.8333,0.0142,0.0,0.0417,2.9356,0.0,0.0083,0.0083,6.233,58.327,62145,0,0.0,0.0083,0.0083,-0.0125,0.0208,15466,16.7688,float64,92231,215280,0.7001,13162,0.0142,0.0,0.0417,0.0,0.0,0.0083,0.8333,0.0083,6.2331,58.3302,15466,0.1677,highly_skewed,variable,0.0,non_normal
75,BUREAU_BB_STATUS_2_MEAN_MEAN,92231,215280,70.0073,0.0,0.2407,0.2407,0.001,0.0,0.0069,6.7643,0.0,0.0,0.0,13.2458,252.6571,86505,0,0.0,0.0,0.0,0.0,0.0,5726,6.2083,float64,92231,215280,0.7001,2759,0.001,0.0,0.0069,0.0,0.0,0.0,0.2407,0.0,13.2461,252.6708,0,0.0,highly_skewed,variable,0.0,non_normal
76,BUREAU_BB_STATUS_3_MEAN_MEAN,92231,215280,70.0073,0.0,0.4,0.4,0.0004,0.0,0.0037,9.6271,0.0,0.0,0.0,27.4234,1783.3113,89486,0,0.0,0.0,0.0,0.0,0.0,2745,2.9762,float64,92231,215280,0.7001,1455,0.0004,0.0,0.0037,0.0,0.0,0.0,0.4,0.0,27.4238,1783.4081,0,0.0,highly_skewed,variable,0.0,non_normal
77,BUREAU_BB_STATUS_4_MEAN_MEAN,92231,215280,70.0073,0.0,0.1667,0.1667,0.0003,0.0,0.0027,10.5181,0.0,0.0,0.0,20.5794,667.6583,90204,0,0.0,0.0,0.0,0.0,0.0,2027,2.1977,float64,92231,215280,0.7001,1122,0.0003,0.0,0.0027,0.0,0.0,0.0,0.1667,0.0,20.5798,667.6945,0,0.0,highly_skewed,variable,0.0,non_normal
78,BUREAU_BB_STATUS_5_MEAN_MEAN,92231,215280,70.0073,0.0,1.0,1.0,0.0022,0.0,0.026,11.671,0.0,0.0,0.0,19.0344,452.1236,90025,0,0.0,0.0,0.0,0.0,0.0,2206,2.3918,float64,92231,215280,0.7001,1632,0.0022,0.0,0.026,0.0,0.0,0.0,1.0,0.0,19.0348,452.1482,0,0.0,highly_skewed,variable,0.0,non_normal
79,BUREAU_BB_STATUS_BAD_FLAG_MEAN_MEAN,92231,215280,70.0073,0.0,1.0,1.0,0.0181,0.0,0.055,3.038,0.0,0.0102,0.0102,6.5994,63.7905,61179,0,0.0,0.0102,0.0102,-0.0153,0.0255,15222,16.5042,float64,92231,215280,0.7001,14129,0.0181,0.0,0.055,0.0,0.0,0.0102,1.0,0.0102,6.5996,63.794,15222,0.165,highly_skewed,variable,0.0,non_normal
80,BUREAU_BB_STATUS_BAD_FLAG_SUM_MEAN,92231,215280,70.0073,0.0,89.0,89.0,0.4952,0.0,2.0371,4.1134,0.0,0.2727,0.2727,14.1293,323.125,61179,0,0.0,0.2727,0.2727,-0.4091,0.6818,14093,15.2801,float64,92231,215280,0.7001,907,0.4952,0.0,2.0371,0.0,0.0,0.2727,89.0,0.2727,14.1295,323.1426,14093,0.1528,highly_skewed,variable,0.0,non_normal
81,BUREAU_BB_STATUS_C_FLAG_MEAN_MEAN,92231,215280,70.0073,0.0,1.0,1.0,0.3302,0.3085,0.263,0.7963,0.0933,0.5213,0.4279,0.3908,-0.8463,18588,0,0.0933,0.5213,0.4279,-0.5486,1.1632,0,0.0,float64,92231,215280,0.7001,50576,0.3302,0.3085,0.263,0.0,0.0933,0.5213,1.0,0.4279,0.3908,-0.8463,0,0.0,approximately_symmetric,variable,0.0,non_normal
82,BUREAU_BB_STATUS_C_MEAN_MEAN,92231,215280,70.0073,0.0,1.0,1.0,0.3302,0.3085,0.263,0.7963,0.0933,0.5213,0.4279,0.3908,-0.8463,18588,0,0.0933,0.5213,0.4279,-0.5486,1.1632,0,0.0,float64,92231,215280,0.7001,50576,0.3302,0.3085,0.263,0.0,0.0933,0.5213,1.0,0.4279,0.3908,-0.8463,0,0.0,approximately_symmetric,variable,0.0,non_normal
83,BUREAU_BB_STATUS_X_FLAG_MEAN_MEAN,92231,215280,70.0073,0.0,1.0,1.0,0.1945,0.1111,0.2297,1.1806,0.0155,0.2907,0.2752,1.5661,2.1471,18761,0,0.0155,0.2907,0.2752,-0.3973,0.7036,4277,4.6373,float64,92231,215280,0.7001,40979,0.1945,0.1111,0.2297,0.0,0.0155,0.2907,1.0,0.2752,1.5661,2.1473,4277,0.0464,highly_skewed,variable,0.0,non_normal
84,BUREAU_BB_STATUS_X_MEAN_MEAN,92231,215280,70.0073,0.0,1.0,1.0,0.1945,0.1111,0.2297,1.1806,0.0155,0.2907,0.2752,1.5661,2.1471,18761,0,0.0155,0.2907,0.2752,-0.3973,0.7036,4277,4.6373,float64,92231,215280,0.7001,40979,0.1945,0.1111,0.2297,0.0,0.0155,0.2907,1.0,0.2752,1.5661,2.1473,4277,0.0464,highly_skewed,variable,0.0,non_normal
85,BUREAU_BB_STATUS_ZERO_FLAG_MEAN_MEAN,92231,215280,70.0073,0.0,1.0,1.0,0.4571,0.4364,0.2565,0.5611,0.2625,0.6316,0.3691,0.2931,-0.6525,2432,0,0.2625,0.6316,0.3691,-0.2911,1.1852,0,0.0,float64,92231,215280,0.7001,60195,0.4571,0.4364,0.2565,0.0,0.2625,0.6316,1.0,0.3691,0.2931,-0.6525,0,0.0,approximately_symmetric,variable,0.0,non_normal
86,BUREAU_BB_STATUS_nan_MEAN_MEAN,92231,215280,70.0073,0.0,0.0,0.0,0.0,0.0,0.0,,0.0,0.0,0.0,,,92231,0,0.0,0.0,0.0,0.0,0.0,0,0.0,float64,92231,215280,0.7001,1,0.0,0.0,0.0,0.0,0.0,0.0,0.0,0.0,0.0,0.0,0,0.0,approximately_symmetric,constant,,constant
87,BUREAU_BUREAU_DEBT_CREDIT_RATIO_RAW_MAX,254877,52634,17.1161,-1.6201,139396.0,139397.6201,2.7696,0.7608,399.0097,144.0662,0.0,0.952,0.952,308.9255,102266.5465,69780,64,0.0,0.952,0.952,-1.428,2.3801,1139,0.4469,float64,254877,52634,0.1712,150668,2.7696,0.7608,399.0097,-1.6201,0.0,0.952,139396.0,0.952,308.9273,102268.5528,1139,0.0045,highly_skewed,variable,0.0,non_normal
88,BUREAU_BUREAU_DEBT_CREDIT_RATIO_RAW_MEAN,254877,52634,17.1161,-155.2132,7744.3181,7899.5312,0.4299,0.1882,25.7951,60.0008,0.0,0.3759,0.3759,232.3095,59868.4522,68967,997,0.0,0.3759,0.3759,-0.5638,0.9396,6768,2.6554,float64,254877,52634,0.1712,179453,0.4299,0.1882,25.7951,-155.2132,0.0,0.3759,7744.3181,0.3759,232.3108,59869.6267,6768,0.0266,highly_skewed,variable,0.0,non_normal
89,BUREAU_BUREAU_OVERDUE_DEBT_RATIO_RAW_MAX,186442,121069,39.3706,0.0,615.0,615.0,0.0085,0.0,1.4947,176.1478,0.0,0.0,0.0,377.8528,153933.5725,184056,0,0.0,0.0,0.0,0.0,0.0,2386,1.2798,float64,186442,121069,0.3937,2197,0.0085,0.0,1.4947,0.0,0.0,0.0,615.0,0.0,377.8558,153937.7008,0,0.0,highly_skewed,variable,0.0,non_normal
90,BUREAU_BUREAU_OVERDUE_DEBT_RATIO_RAW_MEAN,186442,121069,39.3706,0.0,205.0,205.0,0.004,0.0,0.5544,140.3219,0.0,0.0,0.0,301.6179,104577.9685,184056,0,0.0,0.0,0.0,0.0,0.0,2386,1.2798,float64,186442,121069,0.3937,2224,0.004,0.0,0.5544,0.0,0.0,0.0,205.0,0.0,301.6203,104580.7731,0,0.0,highly_skewed,variable,0.0,non_normal
91,BUREAU_CLOSED_AMT_CREDIT_SUM_MEAN,230165,77346,25.1523,0.0,198072344.25,198072344.25,257650.4947,125100.0,804618.1478,3.1229,68689.38,253340.3571,184650.9771,104.2434,21076.6718,1903,0,68689.38,253340.3571,184650.9771,-208287.0857,530316.8229,22856,9.9303,float64,230165,77346,0.2515,171533,257650.4947,125100.0,804618.1478,0.0,68689.38,253340.3571,198072344.25,184650.9771,104.2441,21077.1296,22856,0.0993,highly_skewed,variable,0.0,non_normal
92,BUREAU_CLOSED_AMT_CREDIT_SUM_SUM,230165,77346,25.1523,0.0,1017597917.385,1017597917.385,975738.2342,427500.0,3164422.7319,3.2431,157455.0,1063836.72,906381.72,163.4633,47997.3726,1903,0,157455.0,1063836.72,906381.72,-1202117.58,2423409.3,20834,9.0518,float64,230165,77346,0.2515,168797,975738.2342,427500.0,3164422.7319,0.0,157455.0,1063836.72,1017597917.385,906381.72,163.4644,47998.4153,20834,0.0905,highly_skewed,variable,0.0,non_normal
93,BUREAU_CLOSED_DAYS_CREDIT_MAX,230165,77346,25.1523,-2922.0,0.0,2922.0,-907.4413,-729.0,641.3219,0.7067,-1198.0,-437.0,761.0,-1.1911,0.8598,1,230164,-1198.0,-437.0,761.0,-2339.5,704.5,12598,5.4735,float64,230165,77346,0.2515,2921,-907.4413,-729.0,641.3219,-2922.0,-1198.0,-437.0,0.0,761.0,-1.1911,0.8599,12598,0.0547,highly_skewed,variable,0.0,non_normal
94,BUREAU_CLOSED_DAYS_CREDIT_MEAN,230165,77346,25.1523,-2922.0,-10.0,2912.0,-1384.1578,-1366.5455,600.2706,0.4337,-1778.0,-939.0,839.0,-0.2338,-0.4497,0,230165,-1778.0,-939.0,839.0,-3036.5,319.5,0,0.0,float64,230165,77346,0.2515,44873,-1384.1578,-1366.5455,600.2706,-2922.0,-1778.0,-939.0,-10.0,839.0,-0.2338,-0.4497,0,0.0,approximately_symmetric,variable,0.0,non_normal
95,BUREAU_CLOSED_DAYS_CREDIT_MIN,230165,77346,25.1523,-2922.0,-10.0,2912.0,-1875.803,-2002.0,795.37,0.424,-2609.0,-1210.0,1399.0,0.3955,-1.1316,0,230165,-2609.0,-1210.0,1399.0,-4707.5,888.5,0,0.0,float64,230165,77346,0.2515,2912,-1875.803,-2002.0,795.37,-2922.0,-2609.0,-1210.0,-10.0,1399.0,0.3955,-1.1316,0,0.0,approximately_symmetric,variable,0.0,non_normal
96,BUREAU_CNT_CREDIT_PROLONG_MEAN,263491,44020,14.3149,0.0,6.0,6.0,0.0079,0.0,0.0665,8.3946,0.0,0.0,0.0,20.2304,804.0165,254983,0,0.0,0.0,0.0,0.0,0.0,8508,3.229,float64,263491,44020,0.1431,111,0.0079,0.0,0.0665,0.0,0.0,0.0,6.0,0.0,20.2305,804.0318,0,0.0,highly_skewed,variable,0.0,non_normal
97,BUREAU_CNT_CREDIT_PROLONG_SUM,263491,44020,14.3149,0.0,9.0,9.0,0.0405,0.0,0.2472,6.1066,0.0,0.0,0.0,8.3993,103.7487,254983,0,0.0,0.0,0.0,0.0,0.0,8508,3.229,float64,263491,44020,0.1431,10,0.0405,0.0,0.2472,0.0,0.0,0.0,9.0,0.0,8.3994,103.7507,0,0.0,highly_skewed,variable,0.0,non_normal
98,BUREAU_CREDIT_ACTIVE_Active_MEAN,263491,44020,14.3149,0.0,1.0,1.0,0.413,0.375,0.3084,0.7468,0.2,0.6,0.4,0.4772,-0.6152,46341,0,0.2,0.6,0.4,-0.4,1.2,0,0.0,float64,263491,44020,0.1431,296,0.413,0.375,0.3084,0.0,0.2,0.6,1.0,0.4,0.4772,-0.6152,0,0.0,approximately_symmetric,variable,0.0,non_normal
99,BUREAU_CREDIT_ACTIVE_Bad debt_MEAN,263491,44020,14.3149,0.0,0.5,0.5,0.0,0.0,0.0017,137.8588,0.0,0.0,0.0,189.1483,44263.5351,263471,0,0.0,0.0,0.0,0.0,0.0,20,0.0076,float64,263491,44020,0.1431,15,0.0,0.0,0.0017,0.0,0.0,0.0,0.5,0.0,189.1494,44264.3751,0,0.0,highly_skewed,variable,0.0,non_normal
100,BUREAU_CREDIT_ACTIVE_Closed_MEAN,263491,44020,14.3149,0.0,1.0,1.0,0.5831,0.625,0.3087,0.5294,0.4,0.8,0.4,-0.461,-0.6324,33326,0,0.4,0.8,0.4,-0.2,1.4,0,0.0,float64,263491,44020,0.1431,304,0.5831,0.625,0.3087,0.0,0.4,0.8,1.0,0.4,-0.461,-0.6324,0,0.0,approximately_symmetric,variable,0.0,non_normal
101,BUREAU_CREDIT_ACTIVE_Sold_MEAN,263491,44020,14.3149,0.0,1.0,1.0,0.0039,0.0,0.0384,9.8408,0.0,0.0,0.0,16.4925,351.1913,258265,0,0.0,0.0,0.0,0.0,0.0,5226,1.9834,float64,263491,44020,0.1431,70,0.0039,0.0,0.0384,0.0,0.0,0.0,1.0,0.0,16.4926,351.198,0,0.0,highly_skewed,variable,0.0,non_normal
102,BUREAU_CREDIT_ACTIVE_nan_MEAN,263491,44020,14.3149,0.0,0.0,0.0,0.0,0.0,0.0,,0.0,0.0,0.0,,,263491,0,0.0,0.0,0.0,0.0,0.0,0,0.0,float64,263491,44020,0.1431,1,0.0,0.0,0.0,0.0,0.0,0.0,0.0,0.0,0.0,0.0,0,0.0,approximately_symmetric,constant,,constant
103,BUREAU_CREDIT_CURRENCY_currency 1_MEAN,263491,44020,14.3149,0.0,1.0,1.0,0.9992,1.0,0.018,0.0181,1.0,1.0,0.0,-34.7579,1540.2227,34,0,1.0,1.0,0.0,1.0,1.0,968,0.3674,float64,263491,44020,0.1431,57,0.9992,1.0,0.018,0.0,1.0,1.0,1.0,0.0,-34.7581,1540.252,0,0.0,highly_skewed,variable,0.0,non_normal
104,BUREAU_CREDIT_CURRENCY_currency 2_MEAN,263491,44020,14.3149,0.0,1.0,1.0,0.0007,0.0,0.0174,23.7063,0.0,0.0,0.0,36.7987,1708.0981,262645,0,0.0,0.0,0.0,0.0,0.0,846,0.3211,float64,263491,44020,0.1431,55,0.0007,0.0,0.0174,0.0,0.0,0.0,1.0,0.0,36.7989,1708.1305,0,0.0,highly_skewed,variable,0.0,non_normal
105,BUREAU_CREDIT_CURRENCY_currency 3_MEAN,263491,44020,14.3149,0.0,1.0,1.0,0.0001,0.0,0.0043,57.7207,0.0,0.0,0.0,101.7092,15882.5961,263356,0,0.0,0.0,0.0,0.0,0.0,135,0.0512,float64,263491,44020,0.1431,33,0.0001,0.0,0.0043,0.0,0.0,0.0,1.0,0.0,101.7098,15882.8975,0,0.0,highly_skewed,variable,0.0,non_normal
106,BUREAU_CREDIT_CURRENCY_currency 4_MEAN,263491,44020,14.3149,0.0,0.5,0.5,0.0,0.0,0.0014,200.4783,0.0,0.0,0.0,255.8485,76625.4683,263482,0,0.0,0.0,0.0,0.0,0.0,9,0.0034,float64,263491,44020,0.1431,7,0.0,0.0,0.0014,0.0,0.0,0.0,0.5,0.0,255.8499,76626.9224,0,0.0,highly_skewed,variable,0.0,non_normal
107,BUREAU_CREDIT_CURRENCY_nan_MEAN,263491,44020,14.3149,0.0,0.0,0.0,0.0,0.0,0.0,,0.0,0.0,0.0,,,263491,0,0.0,0.0,0.0,0.0,0.0,0,0.0,float64,263491,44020,0.1431,1,0.0,0.0,0.0,0.0,0.0,0.0,0.0,0.0,0.0,0.0,0,0.0,approximately_symmetric,constant,,constant
108,BUREAU_CREDIT_DAY_OVERDUE_MAX,263491,44020,14.3149,0.0,2792.0,2792.0,4.7728,0.0,89.1413,18.6771,0.0,0.0,0.0,23.0394,570.0781,260094,0,0.0,0.0,0.0,0.0,0.0,3397,1.2892,float64,263491,44020,0.1431,868,4.7728,0.0,89.1413,0.0,0.0,0.0,2792.0,0.0,23.0395,570.089,0,0.0,highly_skewed,variable,0.0,non_normal
109,BUREAU_CREDIT_DAY_OVERDUE_MEAN,263491,44020,14.3149,0.0,2776.0,2776.0,1.0359,0.0,25.8254,24.9313,0.0,0.0,0.0,52.9634,4026.8297,260094,0,0.0,0.0,0.0,0.0,0.0,3397,1.2892,float64,263491,44020,0.1431,1541,1.0359,0.0,25.8254,0.0,0.0,0.0,2776.0,0.0,52.9637,4026.9062,0,0.0,highly_skewed,variable,0.0,non_normal
110,BUREAU_CREDIT_DAY_OVERDUE_SUM,263491,44020,14.3149,0.0,5250.0,5250.0,4.9426,0.0,92.5134,18.7177,0.0,0.0,0.0,23.6019,622.3313,260094,0,0.0,0.0,0.0,0.0,0.0,3397,1.2892,float64,263491,44020,0.1431,879,4.9426,0.0,92.5134,0.0,0.0,0.0,5250.0,0.0,23.602,622.3432,0,0.0,highly_skewed,variable,0.0,non_normal
111,BUREAU_CREDIT_TYPE_Another type of loan_MEAN,263491,44020,14.3149,0.0,1.0,1.0,0.0007,0.0,0.0179,24.5285,0.0,0.0,0.0,38.6174,1852.7384,262678,0,0.0,0.0,0.0,0.0,0.0,813,0.3085,float64,263491,44020,0.1431,38,0.0007,0.0,0.0179,0.0,0.0,0.0,1.0,0.0,38.6176,1852.7736,0,0.0,highly_skewed,variable,0.0,non_normal
112,BUREAU_CREDIT_TYPE_Car loan_MEAN,263491,44020,14.3149,0.0,1.0,1.0,0.0199,0.0,0.0944,4.7493,0.0,0.0,0.0,7.0112,59.1844,243916,0,0.0,0.0,0.0,0.0,0.0,19575,7.4291,float64,263491,44020,0.1431,102,0.0199,0.0,0.0944,0.0,0.0,0.0,1.0,0.0,7.0113,59.1855,0,0.0,highly_skewed,variable,0.0,non_normal
113,BUREAU_CREDIT_TYPE_Cash loan (non-earmarked)_MEAN,263491,44020,14.3149,0.0,0.4,0.4,0.0,0.0,0.0016,136.9877,0.0,0.0,0.0,178.7854,37053.8942,263471,0,0.0,0.0,0.0,0.0,0.0,20,0.0076,float64,263491,44020,0.1431,16,0.0,0.0,0.0016,0.0,0.0,0.0,0.4,0.0,178.7864,37054.5974,0,0.0,highly_skewed,variable,0.0,non_normal
114,BUREAU_CREDIT_TYPE_Consumer credit_MEAN,263491,44020,14.3149,0.0,1.0,1.0,0.7195,0.75,0.2772,0.3852,0.5714,1.0,0.4286,-1.0401,0.57,16642,0,0.5714,1.0,0.4286,-0.0714,1.6429,0,0.0,float64,263491,44020,0.1431,329,0.7195,0.75,0.2772,0.0,0.5714,1.0,1.0,0.4286,-1.0401,0.57,0,0.0,highly_skewed,variable,0.0,non_normal
115,BUREAU_CREDIT_TYPE_Credit card_MEAN,263491,44020,14.3149,0.0,1.0,1.0,0.2397,0.2,0.2572,1.0733,0.0,0.3333,0.3333,1.2603,1.3585,91449,0,0.0,0.3333,0.3333,-0.5,0.8333,12679,4.8119,float64,263491,44020,0.1431,295,0.2397,0.2,0.2572,0.0,0.0,0.3333,1.0,0.3333,1.2603,1.3586,12679,0.0481,highly_skewed,variable,0.0,non_normal
116,BUREAU_CREDIT_TYPE_Interbank credit_MEAN,263491,44020,14.3149,0.0,0.1667,0.1667,0.0,0.0,0.0003,513.3137,0.0,0.0,0.0,513.3108,263486.0,263490,0,0.0,0.0,0.0,0.0,0.0,1,0.0004,float64,263491,44020,0.1431,2,0.0,0.0,0.0003,0.0,0.0,0.0,0.1667,0.0,513.3137,263491.0,0,0.0,highly_skewed,variable,0.0,non_normal
117,BUREAU_CREDIT_TYPE_Loan for business development_MEAN,263491,44020,14.3149,0.0,1.0,1.0,0.0012,0.0,0.0221,18.0459,0.0,0.0,0.0,27.9417,1003.293,262100,0,0.0,0.0,0.0,0.0,0.0,1391,0.5279,float64,263491,44020,0.1431,57,0.0012,0.0,0.0221,0.0,0.0,0.0,1.0,0.0,27.9419,1003.3121,0,0.0,highly_skewed,variable,0.0,non_normal
118,BUREAU_CREDIT_TYPE_Loan for purchase of shares (margin lending)_MEAN,263491,44020,14.3149,0.0,0.5,0.5,0.0,0.0,0.0014,320.6641,0.0,0.0,0.0,353.024,126500.7427,263487,0,0.0,0.0,0.0,0.0,0.0,4,0.0015,float64,263491,44020,0.1431,4,0.0,0.0,0.0014,0.0,0.0,0.0,0.5,0.0,353.026,126503.1432,0,0.0,highly_skewed,variable,0.0,non_normal
119,BUREAU_CREDIT_TYPE_Loan for the purchase of equipment_MEAN,263491,44020,14.3149,0.0,1.0,1.0,0.0,0.0,0.003,209.3104,0.0,0.0,0.0,303.0045,99763.0951,263475,0,0.0,0.0,0.0,0.0,0.0,16,0.0061,float64,263491,44020,0.1431,14,0.0,0.0,0.003,0.0,0.0,0.0,1.0,0.0,303.0063,99764.9882,0,0.0,highly_skewed,variable,0.0,non_normal
120,BUREAU_CREDIT_TYPE_Loan for working capital replenishment_MEAN,263491,44020,14.3149,0.0,1.0,1.0,0.0002,0.0,0.0088,38.2702,0.0,0.0,0.0,66.732,6075.228,263162,0,0.0,0.0,0.0,0.0,0.0,329,0.1249,float64,263491,44020,0.1431,43,0.0002,0.0,0.0088,0.0,0.0,0.0,1.0,0.0,66.7324,6075.3433,0,0.0,highly_skewed,variable,0.0,non_normal
121,BUREAU_CREDIT_TYPE_Microloan_MEAN,263491,44020,14.3149,0.0,1.0,1.0,0.0042,0.0,0.0462,10.9884,0.0,0.0,0.0,14.5971,248.2707,259992,0,0.0,0.0,0.0,0.0,0.0,3499,1.3279,float64,263491,44020,0.1431,194,0.0042,0.0,0.0462,0.0,0.0,0.0,1.0,0.0,14.5971,248.2755,0,0.0,highly_skewed,variable,0.0,non_normal
122,BUREAU_CREDIT_TYPE_Mobile operator loan_MEAN,263491,44020,14.3149,0.0,0.0625,0.0625,0.0,0.0,0.0001,513.3137,0.0,0.0,0.0,513.3108,263486.0,263490,0,0.0,0.0,0.0,0.0,0.0,1,0.0004,float64,263491,44020,0.1431,2,0.0,0.0,0.0001,0.0,0.0,0.0,0.0625,0.0,513.3137,263491.0,0,0.0,highly_skewed,variable,0.0,non_normal
123,BUREAU_CREDIT_TYPE_Mortgage_MEAN,263491,44020,14.3149,0.0,1.0,1.0,0.0142,0.0,0.081,5.6892,0.0,0.0,0.0,8.5185,87.1234,249186,0,0.0,0.0,0.0,0.0,0.0,14305,5.429,float64,263491,44020,0.1431,75,0.0142,0.0,0.081,0.0,0.0,0.0,1.0,0.0,8.5185,87.1251,0,0.0,highly_skewed,variable,0.0,non_normal
124,BUREAU_CREDIT_TYPE_Real estate loan_MEAN,263491,44020,14.3149,0.0,1.0,1.0,0.0,0.0,0.0027,151.9415,0.0,0.0,0.0,254.3586,80336.4189,263468,0,0.0,0.0,0.0,0.0,0.0,23,0.0087,float64,263491,44020,0.1431,12,0.0,0.0,0.0027,0.0,0.0,0.0,1.0,0.0,254.36,80337.9434,0,0.0,highly_skewed,variable,0.0,non_normal
125,BUREAU_CREDIT_TYPE_Unknown type of loan_MEAN,263491,44020,14.3149,0.0,1.0,1.0,0.0003,0.0,0.0092,32.5525,0.0,0.0,0.0,54.867,4263.9708,263067,0,0.0,0.0,0.0,0.0,0.0,424,0.1609,float64,263491,44020,0.1431,42,0.0003,0.0,0.0092,0.0,0.0,0.0,1.0,0.0,54.8673,4264.0517,0,0.0,highly_skewed,variable,0.0,non_normal
126,BUREAU_CREDIT_TYPE_nan_MEAN,263491,44020,14.3149,0.0,0.0,0.0,0.0,0.0,0.0,,0.0,0.0,0.0,,,263491,0,0.0,0.0,0.0,0.0,0.0,0,0.0,float64,263491,44020,0.1431,1,0.0,0.0,0.0,0.0,0.0,0.0,0.0,0.0,0.0,0.0,0,0.0,approximately_symmetric,constant,,constant
127,BUREAU_DAYS_CREDIT_ENDDATE_MAX,261242,46269,15.0463,-41875.0,31199.0,73074.0,4433.042,909.0,9350.9425,2.1094,125.0,1683.0,1558.0,2.2439,3.4652,124,54572,125.0,1683.0,1558.0,-2212.0,4020.0,51845,19.8456,float64,261242,46269,0.1505,13030,4433.042,909.0,9350.9425,-41875.0,125.0,1683.0,31199.0,1558.0,2.2439,3.4653,51845,0.1985,highly_skewed,variable,0.0,non_normal
128,BUREAU_DAYS_CREDIT_ENDDATE_MEAN,261242,46269,15.0463,-41875.0,31198.0,73073.0,651.8075,-135.5778,3281.7172,5.0348,-703.5,602.5,1306.0,4.8893,33.9314,62,147061,-703.5,602.5,1306.0,-2662.5,2561.5,29570,11.319,float64,261242,46269,0.1505,97903,651.8075,-135.5778,3281.7172,-41875.0,-703.5,602.5,31198.0,1306.0,4.8893,33.932,29570,0.1132,highly_skewed,variable,0.0,non_normal
129,BUREAU_DAYS_CREDIT_ENDDATE_MIN,261242,46269,15.0463,-42060.0,31198.0,73258.0,-1029.5781,-1268.0,2640.3388,2.5645,-2132.0,-449.0,1683.0,6.3824,114.311,70,226484,-2132.0,-449.0,1683.0,-4656.5,2075.5,3273,1.2529,float64,261242,46269,0.1505,6828,-1029.5781,-1268.0,2640.3388,-42060.0,-2132.0,-449.0,31198.0,1683.0,6.3824,114.3132,3273,0.0125,highly_skewed,variable,0.0,non_normal
130,BUREAU_DAYS_CREDIT_MAX,263491,44020,14.3149,-2922.0,0.0,2922.0,-489.2978,-300.0,537.5741,1.0987,-620.0,-143.0,477.0,-2.1412,4.8579,4,263487,-620.0,-143.0,477.0,-1335.5,572.5,20536,7.7938,float64,263491,44020,0.1431,2923,-489.2978,-300.0,537.5741,-2922.0,-620.0,-143.0,0.0,477.0,-2.1412,4.858,20536,0.0779,highly_skewed,variable,0.0,non_normal
131,BUREAU_DAYS_CREDIT_MEAN,263491,44020,14.3149,-2922.0,0.0,2922.0,-1083.0471,-1050.5714,563.3273,0.5201,-1434.0,-663.7639,770.2361,-0.5053,0.0869,1,263490,-1434.0,-663.7639,770.2361,-2589.3542,491.5903,3508,1.3314,float64,263491,44020,0.1431,64556,-1083.0471,-1050.5714,563.3273,-2922.0,-1434.0,-663.7639,0.0,770.2361,-0.5053,0.0869,3508,0.0133,moderately_skewed,variable,0.0,non_normal
132,BUREAU_DAYS_CREDIT_MIN,263491,44020,14.3149,-2922.0,0.0,2922.0,-1762.3749,-1827.0,863.8622,0.4902,-2583.0,-1035.0,1548.0,0.3048,-1.2323,1,263490,-2583.0,-1035.0,1548.0,-4905.0,1287.0,0,0.0,float64,263491,44020,0.1431,2922,-1762.3749,-1827.0,863.8622,-2922.0,-2583.0,-1035.0,0.0,1548.0,0.3048,-1.2323,0,0.0,approximately_symmetric,variable,0.0,non_normal
133,BUREAU_DAYS_CREDIT_UPDATE_MAX,263491,44020,14.3149,-41890.0,372.0,42262.0,-140.9933,-19.0,348.8228,2.474,-50.0,-9.0,41.0,-10.0766,794.1687,345,263129,-50.0,-9.0,41.0,-111.5,52.5,50659,19.2261,float64,263491,44020,0.1431,2663,-140.9933,-19.0,348.8228,-41890.0,-50.0,-9.0,372.0,41.0,-10.0767,794.1838,50659,0.1923,highly_skewed,variable,0.0,non_normal
134,BUREAU_DAYS_CREDIT_UPDATE_MEAN,263491,44020,14.3149,-41890.0,14.0,41904.0,-546.6325,-481.8333,453.7479,0.8301,-779.0,-208.4,570.6,-5.3396,308.8935,14,263476,-779.0,-208.4,570.6,-1634.9,647.5,6042,2.2931,float64,263491,44020,0.1431,55038,-546.6325,-481.8333,453.7479,-41890.0,-779.0,-208.4,14.0,570.6,-5.3397,308.8994,6042,0.0229,highly_skewed,variable,0.0,non_normal
135,BUREAU_DAYS_CREDIT_UPDATE_MIN,263491,44020,14.3149,-41947.0,14.0,41961.0,-1181.361,-1055.0,1118.1499,0.9465,-1902.0,-474.0,1428.0,-16.5742,597.8571,14,263476,-1902.0,-474.0,1428.0,-4044.0,1668.0,90,0.0342,float64,263491,44020,0.1431,2969,-1181.361,-1055.0,1118.1499,-41947.0,-1902.0,-474.0,14.0,1428.0,-16.5743,597.8685,90,0.0003,highly_skewed,variable,0.0,non_normal
136,BUREAU_DAYS_CREDIT_VAR,227419,80092,26.0452,0.0,4173160.5,4173160.5,490515.1917,385106.5667,467232.6465,0.9525,124895.4712,722153.9833,597258.5122,1.8149,5.759,1962,0,124895.4712,722153.9833,597258.5122,-770992.2971,1618041.7516,5989,2.6335,float64,227419,80092,0.2605,190248,490515.1917,385106.5667,467232.6465,0.0,124895.4712,722153.9833,4173160.5,597258.5122,1.8149,5.7592,5989,0.0263,highly_skewed,variable,0.0,non_normal
137,BUREAU_SK_ID_BUREAU_NUNIQUE,263491,44020,14.3149,1.0,116.0,115.0,5.5612,4.0,4.3779,0.7872,2.0,8.0,6.0,1.8238,7.4378,0,0,2.0,8.0,6.0,-7.0,17.0,5448,2.0676,float64,263491,44020,0.1431,60,5.5612,4.0,4.3779,1.0,2.0,8.0,116.0,6.0,1.8238,7.438,5448,0.0207,highly_skewed,variable,0.0,non_normal
138,BUREAU_TOTAL_DEBT_CREDIT_RATIO,262408,45103,14.6671,-175.2892,7.7891,183.0783,0.2823,0.2091,0.4513,1.5989,0.0,0.4829,0.4829,-224.0258,87256.0744,76030,1265,0.0,0.4829,0.4829,-0.7244,1.2073,340,0.1296,float64,262408,45103,0.1467,184777,0.2823,0.2091,0.4513,-175.2892,0.0,0.4829,7.7891,0.4829,-224.0271,87257.737,340,0.0013,highly_skewed,variable,0.0,non_normal
139,BUREAU_TOTAL_OVERDUE_DEBT_RATIO,186442,121069,39.3706,-0.6242,91.0,91.6242,0.0019,0.0,0.2399,128.2231,0.0,0.0,0.0,314.4194,113520.8292,183398,4,0.0,0.0,0.0,0.0,0.0,3044,1.6327,float64,186442,121069,0.3937,2995,0.0019,0.0,0.2399,-0.6242,0.0,0.0,91.0,0.0,314.422,113523.8736,0,0.0,highly_skewed,variable,0.0,non_normal
140,CC_AMT_BALANCE_MAX,86905,220606,71.7392,0.0,1354829.265,1354829.265,144501.3066,97424.325,172808.9792,1.1959,0.0,195182.46,195182.46,1.8132,3.9029,27328,0,0.0,195182.46,195182.46,-292773.69,487956.15,3338,3.841,float64,86905,220606,0.7174,56722,144501.3066,97424.325,172808.9792,0.0,0.0,195182.46,1354829.265,195182.46,1.8132,3.9032,3338,0.0384,highly_skewed,variable,0.0,non_normal
141,CC_AMT_BALANCE_MEAN,86905,220606,71.7392,-2930.2326,928686.3236,931616.5561,71459.927,26793.6063,109056.5182,1.5261,0.0,98610.5025,98610.5025,2.596,8.7296,27305,28,0.0,98610.5025,98610.5025,-147915.7538,246526.2562,6144,7.0698,float64,86905,220606,0.7174,59467,71459.927,26793.6063,109056.5182,-2930.2326,0.0,98610.5025,928686.3236,98610.5025,2.596,8.7302,6144,0.0707,highly_skewed,variable,0.0,non_normal
142,CC_AMT_BALANCE_SUM,86905,220606,71.7392,-126000.0,29980484.415,30106484.415,2194196.0752,738575.28,3266996.393,1.4889,0.0,3075180.345,3075180.345,2.1097,4.9176,27305,28,0.0,3075180.345,3075180.345,-4612770.5175,7687950.8625,6905,7.9455,float64,86905,220606,0.7174,58810,2194196.0752,738575.28,3266996.393,-126000.0,0.0,3075180.345,29980484.415,3075180.345,2.1098,4.918,6905,0.0795,highly_skewed,variable,0.0,non_normal
143,CC_AMT_CREDIT_LIMIT_ACTUAL_MAX,86905,220606,71.7392,0.0,1350000.0,1350000.0,249709.1192,180000.0,202159.5725,0.8096,112500.0,315000.0,202500.0,1.5576,2.0908,869,0,112500.0,315000.0,202500.0,-191250.0,618750.0,6357,7.3149,float64,86905,220606,0.7174,54,249709.1192,180000.0,202159.5725,0.0,112500.0,315000.0,1350000.0,202500.0,1.5577,2.0909,6357,0.0731,highly_skewed,variable,0.0,non_normal
144,CC_AMT_CREDIT_LIMIT_ACTUAL_MEAN,86905,220606,71.7392,0.0,1350000.0,1350000.0,208260.5793,149727.2727,191529.9307,0.9197,82840.9091,268783.7838,185942.8747,1.8068,3.2232,869,0,82840.9091,268783.7838,185942.8747,-196073.4029,547698.0958,5927,6.8201,float64,86905,220606,0.7174,11313,208260.5793,149727.2727,191529.9307,0.0,82840.9091,268783.7838,1350000.0,185942.8747,1.8069,3.2234,5927,0.0682,highly_skewed,variable,0.0,non_normal
145,CC_AMT_DRAWINGS_ATM_CURRENT_MAX,61140,246371,80.1178,0.0,2115000.0,2115000.0,106144.5625,90000.0,107504.0298,1.0128,31500.0,139500.0,108000.0,2.4743,13.4348,9852,0,31500.0,139500.0,108000.0,-130500.0,301500.0,3010,4.9231,float64,61140,246371,0.8012,1305,106144.5625,90000.0,107504.0298,0.0,31500.0,139500.0,2115000.0,108000.0,2.4744,13.436,3010,0.0492,highly_skewed,variable,0.0,non_normal
146,CC_AMT_DRAWINGS_ATM_CURRENT_MEAN,61140,246371,80.1178,0.0,904500.0,904500.0,12291.5861,4560.8108,21780.1256,1.772,1137.4657,15653.1929,14515.7273,7.9206,157.8599,9852,0,1137.4657,15653.1929,14515.7273,-20636.1253,37426.7838,4855,7.9408,float64,61140,246371,0.8012,22420,12291.5861,4560.8108,21780.1256,0.0,1137.4657,15653.1929,904500.0,14515.7273,7.9208,157.8729,4855,0.0794,highly_skewed,variable,0.0,non_normal
147,CC_AMT_DRAWINGS_ATM_CURRENT_SUM,86905,220606,71.7392,0.0,8384850.0,8384850.0,181772.1796,67500.0,295266.6553,1.6244,0.0,247500.0,247500.0,4.1759,44.73,35617,0,0.0,247500.0,247500.0,-371250.0,618750.0,6364,7.3229,float64,86905,220606,0.7174,5016,181772.1796,67500.0,295266.6553,0.0,0.0,247500.0,8384850.0,247500.0,4.1759,44.7326,6364,0.0732,highly_skewed,variable,0.0,non_normal
148,CC_AMT_DRAWINGS_CURRENT_MAX,86905,220606,71.7392,0.0,2115000.0,2115000.0,99849.9913,69611.31,122362.1456,1.2255,0.0,140004.45,140004.45,2.6359,13.7697,27269,0,0.0,140004.45,140004.45,-210006.675,350011.125,3875,4.4589,float64,86905,220606,0.7174,24117,99849.9913,69611.31,122362.1456,0.0,0.0,140004.45,2115000.0,140004.45,2.6359,13.7706,3875,0.0446,highly_skewed,variable,0.0,non_normal
149,CC_AMT_DRAWINGS_CURRENT_MEAN,86905,220606,71.7392,0.0,1125000.0,1125000.0,13913.4751,3473.6719,26610.583,1.9126,0.0,18333.9979,18333.9979,7.1673,128.2658,27269,0,0.0,18333.9979,18333.9979,-27500.9969,45834.9949,6418,7.3851,float64,86905,220606,0.7174,49079,13913.4751,3473.6719,26610.583,0.0,0.0,18333.9979,1125000.0,18333.9979,7.1674,128.2732,6418,0.0739,highly_skewed,variable,0.0,non_normal
150,CC_AMT_DRAWINGS_CURRENT_SUM,86905,220606,71.7392,0.0,18469299.195,18469299.195,278357.2799,146978.505,445012.8617,1.5987,0.0,367370.775,367370.775,6.5401,123.3856,27269,0,0.0,367370.775,367370.775,-551056.1625,918426.9375,5685,6.5416,float64,86905,220606,0.7174,40377,278357.2799,146978.505,445012.8617,0.0,0.0,367370.775,18469299.195,367370.775,6.5403,123.3928,5685,0.0654,highly_skewed,variable,0.0,non_normal
151,CC_AMT_DRAWINGS_POS_CURRENT_MAX,61140,246371,80.1178,0.0,2060030.16,2060030.16,43479.9932,6560.325,82772.0102,1.9037,0.0,56967.3337,56967.3337,4.9347,47.1041,26944,0,0.0,56967.3338,56967.3338,-85451.0006,142418.3344,4905,8.0226,float64,61140,246371,0.8012,28865,43479.9932,6560.325,82772.0102,0.0,0.0,56967.3338,2060030.16,56967.3338,4.9348,47.108,4905,0.0802,highly_skewed,variable,0.0,non_normal
152,CC_AMT_DRAWINGS_POS_CURRENT_MEAN,61140,246371,80.1178,0.0,918645.4598,918645.4598,8304.0155,309.375,22454.0897,2.704,0.0,8320.5725,8320.5725,10.8757,231.9396,26944,0,0.0,8320.5725,8320.5725,-12480.8588,20801.4312,7314,11.9627,float64,61140,246371,0.8012,33409,8304.0155,309.375,22454.0897,0.0,0.0,8320.5725,918645.4598,8320.5725,10.876,231.9586,7314,0.1196,highly_skewed,variable,0.0,non_normal
153,CC_AMT_DRAWINGS_POS_CURRENT_SUM,86905,220606,71.7392,0.0,18372909.195,18372909.195,87024.4003,0.0,297187.18,3.415,0.0,59821.965,59821.965,16.1544,574.5393,52709,0,0.0,59821.965,59821.965,-89732.9475,149554.9125,13477,15.5077,float64,86905,220606,0.7174,31661,87024.4003,0.0,297187.18,0.0,0.0,59821.965,18372909.195,59821.965,16.1547,574.5724,13477,0.1551,highly_skewed,variable,0.0,non_normal
154,CC_AMT_INST_MIN_REGULARITY_MAX,86905,220606,71.7392,0.0,202882.005,202882.005,7245.026,4917.06,8649.9103,1.1939,0.0,9600.75,9600.75,2.0778,9.6102,27626,0,0.0,9600.75,9600.75,-14401.125,24001.875,3511,4.04,float64,86905,220606,0.7174,32000,7245.026,4917.06,8649.9103,0.0,0.0,9600.75,202882.005,9600.75,2.0778,9.6108,3511,0.0404,highly_skewed,variable,0.0,non_normal
155,CC_AMT_INST_MIN_REGULARITY_MEAN,86905,220606,71.7392,0.0,43014.1264,43014.1264,3606.6482,1698.9356,5145.8911,1.4268,0.0,5085.8729,5085.8729,2.4084,7.5039,27626,0,0.0,5085.8729,5085.8729,-7628.8093,12714.6822,5505,6.3345,float64,86905,220606,0.7174,57384,3606.6482,1698.9356,5145.8911,0.0,0.0,5085.8729,43014.1264,5085.8729,2.4084,7.5044,5505,0.0633,highly_skewed,variable,0.0,non_normal
156,CC_AMT_PAYMENT_CURRENT_MAX,61060,246451,80.1438,0.0,4289207.445,4289207.445,118779.5363,65250.0,149525.3729,1.2588,22500.0,156600.0,134100.0,3.0936,22.2057,129,0,22500.0,156600.0,134100.0,-178650.0,357750.0,4669,7.6466,float64,61060,246451,0.8014,25753,118779.5363,65250.0,149525.3729,0.0,22500.0,156600.0,4289207.445,134100.0,3.0937,22.2077,4669,0.0765,highly_skewed,variable,0.0,non_normal
157,CC_AMT_PAYMENT_CURRENT_MEAN,61060,246451,80.1438,0.0,1125000.0,1125000.0,18028.6762,9808.7364,28294.1239,1.5694,4670.1598,21395.9117,16725.7519,8.7251,166.7905,129,0,4670.1598,21395.9117,16725.7519,-20418.468,46484.5395,4666,7.6417,float64,61060,246451,0.8014,56763,18028.6762,9808.7364,28294.1239,0.0,4670.1598,21395.9117,1125000.0,16725.7519,8.7253,166.8042,4666,0.0764,highly_skewed,variable,0.0,non_normal
158,CC_AMT_PAYMENT_CURRENT_SUM,86905,220606,71.7392,0.0,19347594.795,19347594.795,307243.4521,145804.5,469461.5187,1.528,0.0,441567.9,441567.9,5.6713,98.769,25974,0,0.0,441567.9,441567.9,-662351.85,1103919.75,4484,5.1597,float64,86905,220606,0.7174,54228,307243.4521,145804.5,469461.5187,0.0,0.0,441567.9,19347594.795,441567.9,5.6714,98.7747,4484,0.0516,highly_skewed,variable,0.0,non_normal
159,CC_AMT_PAYMENT_TOTAL_CURRENT_MAX,86905,220606,71.7392,0.0,4278315.69,4278315.69,81876.3609,24355.71,135156.9264,1.6507,0.0,108900.0,108900.0,3.4662,26.3418,26218,0,0.0,108900.0,108900.0,-163350.0,272250.0,6561,7.5496,float64,86905,220606,0.7174,30350,81876.3609,24355.71,135156.9264,0.0,0.0,108900.0,4278315.69,108900.0,3.4662,26.3434,6561,0.0755,highly_skewed,variable,0.0,non_normal
160,CC_AMT_PAYMENT_TOTAL_CURRENT_MEAN,86905,220606,71.7392,0.0,1125000.0,1125000.0,10427.5389,4093.9719,21755.9849,2.0864,0.0,12003.03,12003.03,10.5577,263.9003,26218,0,0.0,12003.03,12003.03,-18004.545,30007.575,7410,8.5266,float64,86905,220606,0.7174,57831,10427.5389,4093.9719,21755.9849,0.0,0.0,12003.03,1125000.0,12003.03,10.5578,263.9156,7410,0.0853,highly_skewed,variable,0.0,non_normal
161,CC_AMT_PAYMENT_TOTAL_CURRENT_SUM,86905,220606,71.7392,0.0,19210117.365,19210117.365,283534.5677,123576.75,450927.6004,1.5904,0.0,399150.0,399150.0,5.9706,108.5219,26218,0,0.0,399150.0,399150.0,-598725.0,997875.0,5074,5.8386,float64,86905,220606,0.7174,52944,283534.5677,123576.75,450927.6004,0.0,0.0,399150.0,19210117.365,399150.0,5.9707,108.5282,5074,0.0584,highly_skewed,variable,0.0,non_normal
162,CC_AMT_RECEIVABLE_PRINCIPAL_MAX,86905,220606,71.7392,0.0,1354829.265,1354829.265,137947.7485,90000.0,166084.8631,1.204,0.0,180000.0,180000.0,1.84,4.0261,28020,0,0.0,180000.0,180000.0,-270000.0,450000.0,3387,3.8974,float64,86905,220606,0.7174,46271,137947.7485,90000.0,166084.8631,0.0,0.0,180000.0,1354829.265,180000.0,1.84,4.0264,3387,0.039,highly_skewed,variable,0.0,non_normal
163,CC_AMT_RECEIVABLE_PRINCIPAL_MEAN,86905,220606,71.7392,-2930.2326,884547.8807,887478.1133,68748.9719,25546.9941,105308.9657,1.5318,0.0,94436.1266,94436.1266,2.6124,8.8452,27991,34,0.0,94436.1266,94436.1266,-141654.1899,236090.3165,6216,7.1526,float64,86905,220606,0.7174,58549,68748.9719,25546.9941,105308.9657,-2930.2326,0.0,94436.1266,884547.8807,94436.1266,2.6125,8.8458,6216,0.0715,highly_skewed,variable,0.0,non_normal
164,CC_AMT_RECEIVABLE_PRINCIPAL_SUM,86905,220606,71.7392,-126000.0,28641132.495,28767132.495,2106048.9352,706354.785,3139087.5002,1.4905,0.0,2946160.665,2946160.665,2.1082,4.8706,27991,34,0.0,2946160.665,2946160.665,-4419240.9975,7365401.6625,6934,7.9788,float64,86905,220606,0.7174,57768,2106048.9352,706354.785,3139087.5002,-126000.0,0.0,2946160.665,28641132.495,2946160.665,2.1082,4.8709,6934,0.0798,highly_skewed,variable,0.0,non_normal
165,CC_AMT_TOTAL_RECEIVABLE_MAX,86905,220606,71.7392,0.0,1354829.265,1354829.265,143488.4872,96866.37,171674.7913,1.1964,0.0,194503.32,194503.32,1.8147,3.913,27528,0,0.0,194503.32,194503.32,-291754.98,486258.3,3296,3.7926,float64,86905,220606,0.7174,56422,143488.4872,96866.37,171674.7913,0.0,0.0,194503.32,1354829.265,194503.32,1.8148,3.9133,3296,0.0379,highly_skewed,variable,0.0,non_normal
166,CC_AMT_TOTAL_RECEIVABLE_MEAN,86905,220606,71.7392,-2930.2326,913096.6393,916026.8718,70985.789,26559.8,108442.4341,1.5277,0.0,97909.0241,97909.0241,2.5991,8.7481,27131,456,0.0,97909.0241,97909.0241,-146863.5361,244772.5602,6153,7.0801,float64,86905,220606,0.7174,59521,70985.789,26559.8,108442.4341,-2930.2326,0.0,97909.0241,913096.6393,97909.0241,2.5991,8.7487,6153,0.0708,highly_skewed,variable,0.0,non_normal
167,CC_AMT_TOTAL_RECEIVABLE_SUM,86905,220606,71.7392,-172641.24,30461241.915,30633883.155,2186740.0625,729873.225,3263125.987,1.4922,0.0,3061620.855,3061620.855,2.1168,4.9717,27131,456,0.0,3061620.855,3061620.855,-4592431.2825,7654052.1375,6935,7.98,float64,86905,220606,0.7174,58867,2186740.0625,729873.225,3263125.987,-172641.24,0.0,3061620.855,30461241.915,3061620.855,2.1168,4.9721,6935,0.0798,highly_skewed,variable,0.0,non_normal
168,CC_BALANCE_LIMIT_RATIO_MAX,86036,221475,72.0218,0.0,11.7775,11.7775,0.6311,0.9526,0.4821,0.7639,0.0,1.0448,1.0448,-0.235,1.79,26600,0,0.0,1.0448,1.0448,-1.5672,2.6121,15,0.0174,float64,86036,221475,0.7202,56087,0.6311,0.9526,0.4821,0.0,0.0,1.0448,11.7775,1.0448,-0.235,1.7902,15,0.0002,approximately_symmetric,variable,0.0,non_normal
169,CC_BALANCE_LIMIT_RATIO_MEAN,86036,221475,72.0218,-0.0848,2.1388,2.2236,0.327,0.2534,0.3254,0.9952,0.0,0.592,0.592,0.5574,-1.0278,26577,28,0.0,0.592,0.592,-0.888,1.48,3,0.0035,float64,86036,221475,0.7202,59104,0.327,0.2534,0.3254,-0.0848,0.0,0.592,2.1388,0.592,0.5574,-1.0278,3,0.0,moderately_skewed,variable,0.0,non_normal
170,CC_CC_LATE_FLAG_MEAN,86905,220606,71.7392,0.0,0.9895,0.9895,0.0208,0.0,0.0776,3.7324,0.0,0.0,0.0,6.4251,49.391,69023,0,0.0,0.0,0.0,0.0,0.0,17882,20.5765,float64,86905,220606,0.7174,1422,0.0208,0.0,0.0776,0.0,0.0,0.0,0.9895,0.0,6.4252,49.3939,0,0.0,highly_skewed,variable,0.0,non_normal
171,CC_CC_LATE_FLAG_SUM,86905,220606,71.7392,0.0,94.0,94.0,1.5433,0.0,6.2381,4.042,0.0,0.0,0.0,6.9816,58.0609,69023,0,0.0,0.0,0.0,0.0,0.0,17882,20.5765,float64,86905,220606,0.7174,91,1.5433,0.0,6.2381,0.0,0.0,0.0,94.0,0.0,6.9817,58.0643,0,0.0,highly_skewed,variable,0.0,non_normal
172,CC_CNT_DRAWINGS_ATM_CURRENT_MAX,61140,246371,80.1178,0.0,51.0,51.0,3.9959,3.0,3.6392,0.9107,2.0,6.0,4.0,1.9598,7.8541,9852,0,2.0,6.0,4.0,-4.0,12.0,1856,3.0357,float64,61140,246371,0.8012,44,3.9959,3.0,3.6392,0.0,2.0,6.0,51.0,4.0,1.9599,7.8549,1856,0.0304,highly_skewed,variable,0.0,non_normal
173,CC_CNT_DRAWINGS_ATM_CURRENT_MEAN,61140,246371,80.1178,0.0,35.0,35.0,0.5662,0.2708,0.8804,1.5548,0.063,0.7313,0.6683,6.2356,114.673,9852,0,0.063,0.7313,0.6683,-0.9395,1.7339,4499,7.3585,float64,61140,246371,0.8012,3385,0.5662,0.2708,0.8804,0.0,0.063,0.7313,35.0,0.6683,6.2358,114.6825,4499,0.0736,highly_skewed,variable,0.0,non_normal
174,CC_CNT_DRAWINGS_ATM_CURRENT_SUM,86905,220606,71.7392,0.0,390.0,390.0,9.5052,3.0,15.1715,1.5961,0.0,13.0,13.0,3.1446,19.5849,35617,0,0.0,13.0,13.0,-19.5,32.5,6470,7.4449,float64,86905,220606,0.7174,163,9.5052,3.0,15.1715,0.0,0.0,13.0,390.0,13.0,3.1447,19.5861,6470,0.0744,highly_skewed,variable,0.0,non_normal
175,CC_CNT_DRAWINGS_CURRENT_MAX,86905,220606,71.7392,0.0,165.0,165.0,6.8036,3.0,10.5724,1.5539,0.0,8.0,8.0,3.352,17.2773,27733,0,0.0,8.0,8.0,-12.0,20.0,7280,8.377,float64,86905,220606,0.7174,119,6.8036,3.0,10.5724,0.0,0.0,8.0,165.0,8.0,3.3521,17.2784,7280,0.0838,highly_skewed,variable,0.0,non_normal
176,CC_CNT_DRAWINGS_CURRENT_MEAN,86905,220606,71.7392,0.0,118.25,118.25,1.5417,0.2162,3.6932,2.3956,0.0,1.3243,1.3243,5.9897,65.0786,27733,0,0.0,1.3243,1.3243,-1.9865,3.3108,11343,13.0522,float64,86905,220606,0.7174,6584,1.5417,0.2162,3.6932,0.0,0.0,1.3243,118.25,1.3243,5.9898,65.0824,11343,0.1305,highly_skewed,variable,0.0,non_normal
177,CC_CNT_DRAWINGS_CURRENT_SUM,86905,220606,71.7392,0.0,2298.0,2298.0,26.043,9.0,52.1184,2.0012,0.0,30.0,30.0,7.2163,122.7763,27733,0,0.0,30.0,30.0,-45.0,75.0,7572,8.713,float64,86905,220606,0.7174,548,26.043,9.0,52.1184,0.0,0.0,30.0,2298.0,30.0,7.2164,122.7834,7572,0.0871,highly_skewed,variable,0.0,non_normal
178,CC_CNT_DRAWINGS_POS_CURRENT_MAX,61140,246371,80.1178,0.0,165.0,165.0,6.4095,1.0,11.6916,1.8241,0.0,8.0,8.0,3.1902,14.7476,26944,0,0.0,8.0,8.0,-12.0,20.0,5978,9.7776,float64,61140,246371,0.8012,123,6.4095,1.0,11.6916,0.0,0.0,8.0,165.0,8.0,3.1902,14.7489,5978,0.0978,highly_skewed,variable,0.0,non_normal
179,CC_CNT_DRAWINGS_POS_CURRENT_MEAN,61140,246371,80.1178,0.0,118.25,118.25,1.7501,0.0455,4.2749,2.4427,0.0,1.4286,1.4286,5.3478,50.2581,26944,0,0.0,1.4286,1.4286,-2.1429,3.5714,9000,14.7203,float64,61140,246371,0.8012,5024,1.7501,0.0455,4.2749,0.0,0.0,1.4286,118.25,1.4286,5.348,50.2623,9000,0.1472,highly_skewed,variable,0.0,non_normal
180,CC_CNT_DRAWINGS_POS_CURRENT_SUM,86905,220606,71.7392,0.0,2298.0,2298.0,16.3873,0.0,48.9713,2.9884,0.0,9.0,9.0,8.4641,156.7986,52709,0,0.0,9.0,9.0,-13.5,22.5,15072,17.3431,float64,86905,220606,0.7174,532,16.3873,0.0,48.9713,0.0,0.0,9.0,2298.0,9.0,8.4642,156.8077,15072,0.1734,highly_skewed,variable,0.0,non_normal
181,CC_CNT_INSTALMENT_MATURE_CUM_MAX,86905,220606,71.7392,0.0,120.0,120.0,16.2876,8.0,21.6514,1.3293,0.0,23.0,23.0,1.757,2.6714,27390,0,0.0,23.0,23.0,-34.5,57.5,6271,7.2159,float64,86905,220606,0.7174,120,16.2876,8.0,21.6514,0.0,0.0,23.0,120.0,23.0,1.757,2.6716,6271,0.0722,highly_skewed,variable,0.0,non_normal
182,CC_CNT_INSTALMENT_MATURE_CUM_MEAN,86905,220606,71.7392,0.0,73.0625,73.0625,10.2023,3.8889,13.5393,1.3271,0.0,15.3667,15.3667,1.459,1.13,27390,0,0.0,15.3667,15.3667,-23.05,38.4167,5629,6.4772,float64,86905,220606,0.7174,13923,10.2023,3.8889,13.5393,0.0,0.0,15.3667,73.0625,15.3667,1.459,1.1301,5629,0.0648,highly_skewed,variable,0.0,non_normal
183,CC_DRAWING_LIMIT_RATIO_MAX,86036,221475,72.0218,0.0,12.5211,12.5211,0.4837,0.4992,0.4372,0.9038,0.0,0.918,0.918,1.2754,17.6024,27231,0,0.0,0.918,0.918,-1.377,2.295,99,0.1151,float64,86036,221475,0.7202,24356,0.4837,0.4992,0.4372,0.0,0.0,0.918,12.5211,0.918,1.2754,17.6035,99,0.0012,highly_skewed,variable,0.0,non_normal
184,CC_DRAWING_LIMIT_RATIO_MEAN,86036,221475,72.0218,0.0,3.105,3.105,0.0642,0.0314,0.0987,1.538,0.0,0.0891,0.0891,4.5125,50.3003,27231,0,0.0,0.0891,0.0891,-0.1337,0.2228,4680,5.4396,float64,86036,221475,0.7202,48938,0.0642,0.0314,0.0987,0.0,0.0,0.0891,3.105,0.0891,4.5126,50.3033,4680,0.0544,highly_skewed,variable,0.0,non_normal
185,CC_MONTHS_BALANCE_MAX,86905,220606,71.7392,-5.0,-1.0,4.0,-1.498,-1.0,0.6928,0.4625,-2.0,-1.0,1.0,-1.375,1.6916,0,86905,-2.0,-1.0,1.0,-3.5,0.5,1588,1.8273,float64,86905,220606,0.7174,5,-1.498,-1.0,0.6928,-5.0,-2.0,-1.0,-1.0,1.0,-1.375,1.6918,1588,0.0183,highly_skewed,variable,0.0,non_normal
186,CC_MONTHS_BALANCE_MIN,86905,220606,71.7392,-96.0,-1.0,95.0,-37.5845,-22.0,33.6006,0.894,-76.0,-10.0,66.0,-0.7672,-1.0714,0,86905,-76.0,-10.0,66.0,-175.0,89.0,0,0.0,float64,86905,220606,0.7174,96,-37.5845,-22.0,33.6006,-96.0,-76.0,-10.0,-1.0,66.0,-0.7672,-1.0714,0,0.0,moderately_skewed,variable,0.0,non_normal
187,CC_MONTHS_BALANCE_SIZE,86905,220606,71.7392,1.0,192.0,191.0,37.1436,22.0,33.6985,0.9072,10.0,75.0,65.0,0.7733,-1.0522,0,0,10.0,75.0,65.0,-87.5,172.5,2,0.0023,float64,86905,220606,0.7174,128,37.1436,22.0,33.6985,1.0,10.0,75.0,192.0,65.0,0.7733,-1.0522,2,0.0,moderately_skewed,variable,0.0,non_normal
188,CC_NAME_CONTRACT_STATUS_Active_MEAN,86905,220606,71.7392,0.0,1.0,1.0,0.9669,1.0,0.1063,0.1099,1.0,1.0,0.0,-4.4188,23.3769,67,0,1.0,1.0,0.0,1.0,1.0,14687,16.9001,float64,86905,220606,0.7174,1004,0.9669,1.0,0.1063,0.0,1.0,1.0,1.0,0.0,-4.4189,23.3783,0,0.0,highly_skewed,variable,0.0,non_normal
189,CC_NAME_CONTRACT_STATUS_Approved_MEAN,86905,220606,71.7392,0.0,0.0119,0.0119,0.0,0.0,0.0001,131.9742,0.0,0.0,0.0,132.2555,17528.9937,86900,0,0.0,0.0,0.0,0.0,0.0,5,0.0058,float64,86905,220606,0.7174,6,0.0,0.0,0.0001,0.0,0.0,0.0,0.0119,0.0,132.2578,17530.0023,0,0.0,highly_skewed,variable,0.0,non_normal
190,CC_NAME_CONTRACT_STATUS_Completed_MEAN,86905,220606,71.7392,0.0,1.0,1.0,0.0292,0.0,0.1012,3.4692,0.0,0.0,0.0,4.5341,24.2554,76297,0,0.0,0.0,0.0,0.0,0.0,10608,12.2064,float64,86905,220606,0.7174,925,0.0292,0.0,0.1012,0.0,0.0,0.0,1.0,0.0,4.5342,24.2568,0,0.0,highly_skewed,variable,0.0,non_normal
191,CC_NAME_CONTRACT_STATUS_Demand_MEAN,86905,220606,71.7392,0.0,0.9158,0.9158,0.0001,0.0,0.0087,82.7849,0.0,0.0,0.0,86.6597,7747.5395,86890,0,0.0,0.0,0.0,0.0,0.0,15,0.0173,float64,86905,220606,0.7174,16,0.0001,0.0,0.0087,0.0,0.0,0.0,0.9158,0.0,86.6612,7747.9854,0,0.0,highly_skewed,variable,0.0,non_normal
192,CC_NAME_CONTRACT_STATUS_Refused_MEAN,86905,220606,71.7392,0.0,0.0139,0.0139,0.0,0.0,0.0002,78.9785,0.0,0.0,0.0,79.3629,6328.2206,86891,0,0.0,0.0,0.0,0.0,0.0,14,0.0161,float64,86905,220606,0.7174,14,0.0,0.0,0.0002,0.0,0.0,0.0,0.0139,0.0,79.3643,6328.5848,0,0.0,highly_skewed,variable,0.0,non_normal
193,CC_NAME_CONTRACT_STATUS_Sent proposal_MEAN,86905,220606,71.7392,0.0,0.0244,0.0244,0.0001,0.0,0.0009,13.8106,0.0,0.0,0.0,14.0322,201.3481,86445,0,0.0,0.0,0.0,0.0,0.0,460,0.5293,float64,86905,220606,0.7174,34,0.0001,0.0,0.0009,0.0,0.0,0.0,0.0244,0.0,14.0324,201.3598,0,0.0,highly_skewed,variable,0.0,non_normal
194,CC_NAME_CONTRACT_STATUS_Signed_MEAN,86905,220606,71.7392,0.0,1.0,1.0,0.0037,0.0,0.0319,8.5286,0.0,0.0,0.0,18.6819,463.4523,82614,0,0.0,0.0,0.0,0.0,0.0,4291,4.9376,float64,86905,220606,0.7174,252,0.0037,0.0,0.0319,0.0,0.0,0.0,1.0,0.0,18.6822,463.479,0,0.0,highly_skewed,variable,0.0,non_normal
195,CC_NAME_CONTRACT_STATUS_nan_MEAN,86905,220606,71.7392,0.0,0.0,0.0,0.0,0.0,0.0,,0.0,0.0,0.0,,,86905,0,0.0,0.0,0.0,0.0,0.0,0,0.0,float64,86905,220606,0.7174,1,0.0,0.0,0.0,0.0,0.0,0.0,0.0,0.0,0.0,0.0,0,0.0,approximately_symmetric,constant,,constant
196,CC_PAYMENT_MIN_RATIO_MAX,59269,248242,80.7262,0.0,2975900.0,2975900.0,187.5425,16.971,13581.6123,72.4188,4.067,21.8303,17.7633,189.4485,39731.6774,121,0,4.067,21.8303,17.7633,-22.578,48.4753,7224,12.1885,float64,59269,248242,0.8073,47187,187.5425,16.971,13581.6123,0.0,4.067,21.8303,2975900.0,17.7633,189.4533,39735.0295,7224,0.1219,highly_skewed,variable,0.0,non_normal
197,CC_PAYMENT_MIN_RATIO_MEAN,59269,248242,80.7262,0.0,496093.0801,496093.0801,20.0554,2.3798,2047.4643,102.0905,1.4075,4.9608,3.5533,240.0504,58141.631,121,0,1.4075,4.9608,3.5533,-3.9224,10.2907,6962,11.7464,float64,59269,248242,0.8073,58279,20.0554,2.3798,2047.4643,0.0,1.4075,4.9608,496093.0801,3.5533,240.0565,58146.5363,6962,0.1175,highly_skewed,variable,0.0,non_normal
198,CC_PAYMENT_TOTAL_RATIO_MAX,59775,247736,80.5617,-32.7701,2525801.0,2525833.7701,248.1034,0.607,14593.7728,58.8213,0.1075,5.9307,5.8233,142.2388,22176.8937,1897,26,0.1075,5.9307,5.8233,-8.6274,14.6656,12246,20.4868,float64,59775,247736,0.8056,56912,248.1034,0.607,14593.7728,-32.7701,0.1075,5.9307,2525801.0,5.8233,142.2423,22178.7489,12246,0.2049,highly_skewed,variable,0.0,non_normal
199,CC_PAYMENT_TOTAL_RATIO_MEAN,59775,247736,80.5617,-87765.1175,410582.2605,498347.378,20.6758,0.0987,1896.661,91.7336,0.0468,0.5867,0.54,176.3866,37277.5988,1886,2498,0.0468,0.5867,0.54,-0.7632,1.3966,13174,22.0393,float64,59775,247736,0.8056,57349,20.6758,0.0987,1896.661,-87765.1175,0.0468,0.5867,410582.2605,0.54,176.391,37280.7173,13174,0.2204,highly_skewed,variable,0.0,non_normal
200,CC_RECEIVABLE_LIMIT_RATIO_MAX,86036,221475,72.0218,0.0,11.1795,11.1795,0.6265,0.9467,0.4788,0.7643,0.0,1.0361,1.0361,-0.2532,1.2131,26756,0,0.0,1.0361,1.0361,-1.5541,2.5902,14,0.0163,float64,86036,221475,0.7202,55701,0.6265,0.9467,0.4788,0.0,0.0,1.0361,11.1795,1.0361,-0.2532,1.2132,14,0.0002,approximately_symmetric,variable,0.0,non_normal
201,CC_RECEIVABLE_LIMIT_RATIO_MEAN,86036,221475,72.0218,-0.0848,2.1731,2.2579,0.3247,0.2514,0.3232,0.9954,0.0,0.5888,0.5888,0.5559,-1.0294,26711,71,0.0,0.5888,0.5888,-0.8832,1.4721,4,0.0046,float64,86036,221475,0.7202,58877,0.3247,0.2514,0.3232,-0.0848,0.0,0.5888,2.1731,0.5888,0.5559,-1.0294,4,0.0,moderately_skewed,variable,0.0,non_normal
202,CC_SK_DPD_DEF_MAX,86905,220606,71.7392,0.0,2800.0,2800.0,0.78,0.0,23.8145,30.5305,0.0,0.0,0.0,98.4186,10193.4316,72063,0,0.0,0.0,0.0,0.0,0.0,14842,17.0784,float64,86905,220606,0.7174,52,0.78,0.0,23.8145,0.0,0.0,0.0,2800.0,0.0,98.4203,10194.0181,0,0.0,highly_skewed,variable,0.0,non_normal
203,CC_SK_DPD_DEF_MEAN,86905,220606,71.7392,0.0,1309.6,1309.6,0.1269,0.0,10.034,79.0886,0.0,0.0,0.0,111.8728,13040.9844,72063,0,0.0,0.0,0.0,0.0,0.0,14842,17.0784,float64,86905,220606,0.7174,1548,0.1269,0.0,10.034,0.0,0.0,0.0,1309.6,0.0,111.8747,13041.7348,0,0.0,highly_skewed,variable,0.0,non_normal
204,CC_SK_DPD_DEF_SUM,86905,220606,71.7392,0.0,124412.0,124412.0,10.6122,0.0,921.0133,86.7886,0.0,0.0,0.0,111.6863,12965.8724,72063,0,0.0,0.0,0.0,0.0,0.0,14842,17.0784,float64,86905,220606,0.7174,217,10.6122,0.0,921.0133,0.0,0.0,0.0,124412.0,0.0,111.6882,12966.6185,0,0.0,highly_skewed,variable,0.0,non_normal
205,CC_SK_DPD_MAX,86905,220606,71.7392,0.0,2831.0,2831.0,16.9535,0.0,143.5671,8.4683,0.0,0.0,0.0,10.514,118.8725,69023,0,0.0,0.0,0.0,0.0,0.0,17882,20.5765,float64,86905,220606,0.7174,409,16.9535,0.0,143.5671,0.0,0.0,0.0,2831.0,0.0,10.5142,118.8794,0,0.0,highly_skewed,variable,0.0,non_normal
206,CC_SK_DPD_MEAN,86905,220606,71.7392,0.0,1386.9479,1386.9479,4.2091,0.0,44.6023,10.5966,0.0,0.0,0.0,13.8538,233.474,69023,0,0.0,0.0,0.0,0.0,0.0,17882,20.5765,float64,86905,220606,0.7174,3606,4.2091,0.0,44.6023,0.0,0.0,0.0,1386.9479,0.0,13.854,233.4875,0,0.0,highly_skewed,variable,0.0,non_normal
207,CC_SK_DPD_SUM,86905,220606,71.7392,0.0,133147.0,133147.0,352.6712,0.0,3854.1542,10.9285,0.0,0.0,0.0,14.4628,263.431,69023,0,0.0,0.0,0.0,0.0,0.0,17882,20.5765,float64,86905,220606,0.7174,1464,352.6712,0.0,3854.1542,0.0,0.0,0.0,133147.0,0.0,14.4631,263.4462,0,0.0,highly_skewed,variable,0.0,non_normal
208,CC_SK_ID_PREV_NUNIQUE,86905,220606,71.7392,1.0,4.0,3.0,1.0063,1.0,0.08,0.0795,1.0,1.0,0.0,13.0234,180.6695,0,0,1.0,1.0,0.0,1.0,1.0,542,0.6237,float64,86905,220606,0.7174,4,1.0063,1.0,0.08,1.0,1.0,1.0,4.0,0.0,13.0236,180.6799,0,0.0,highly_skewed,variable,0.0,non_normal
209,CNT_CHILDREN,307511,0,0.0,0.0,19.0,19.0,0.4171,0.0,0.7221,1.7315,0.0,1.0,1.0,1.9746,7.904,215371,0,0.0,1.0,1.0,-1.5,2.5,4272,1.3892,int64,307511,0,0.0,15,0.4171,0.0,0.7221,0.0,0.0,1.0,19.0,1.0,1.9746,7.9041,4272,0.0139,highly_skewed,variable,0.0,non_normal
210,CNT_FAM_MEMBERS,307509,2,0.0007,1.0,20.0,19.0,2.1527,2.0,0.9107,0.423,2.0,3.0,1.0,0.9875,2.8019,0,0,2.0,3.0,1.0,0.5,4.5,4007,1.3031,float64,307509,2,0.0,17,2.1527,2.0,0.9107,1.0,2.0,3.0,20.0,1.0,0.9875,2.802,4007,0.013,moderately_skewed,variable,0.0,non_normal
211,COMMONAREA_AVG,92646,214865,69.8723,0.0,1.0,1.0,0.0446,0.0211,0.076,1.704,0.0078,0.0515,0.0437,5.4572,45.9855,8442,0,0.0078,0.0515,0.0437,-0.0578,0.117,7942,8.5724,float64,92646,214865,0.6987,3181,0.0446,0.0211,0.076,0.0,0.0078,0.0515,1.0,0.0437,5.4573,45.988,7942,0.0857,highly_skewed,variable,0.0,non_normal
212,COMMONAREA_MEDI,92646,214865,69.8723,0.0,1.0,1.0,0.0446,0.0208,0.0761,1.7075,0.0079,0.0513,0.0434,5.4192,45.2611,8691,0,0.0079,0.0513,0.0434,-0.0572,0.1164,8004,8.6393,float64,92646,214865,0.6987,3202,0.0446,0.0208,0.0761,0.0,0.0079,0.0513,1.0,0.0434,5.4192,45.2636,8004,0.0864,highly_skewed,variable,0.0,non_normal
213,COMMONAREA_MODE,92646,214865,69.8723,0.0,1.0,1.0,0.0426,0.019,0.0744,1.7494,0.0072,0.049,0.0418,5.6205,48.8583,9690,0,0.0072,0.049,0.0418,-0.0555,0.1117,7938,8.5681,float64,92646,214865,0.6987,3128,0.0426,0.019,0.0744,0.0,0.0072,0.049,1.0,0.0418,5.6206,48.861,7938,0.0857,highly_skewed,variable,0.0,non_normal
214,DAYS_BIRTH,307511,0,0.0,-25229.0,-7489.0,17740.0,-16036.9951,-15750.0,4363.9886,0.2721,-19682.0,-12413.0,7269.0,-0.1157,-1.0491,0,307511,-19682.0,-12413.0,7269.0,-30585.5,-1509.5,0,0.0,int64,307511,0,0.0,17460,-16036.9951,-15750.0,4363.9886,-25229.0,-19682.0,-12413.0,-7489.0,7269.0,-0.1157,-1.0491,0,0.0,approximately_symmetric,variable,0.0,non_normal
215,DAYS_EMPLOYED,252137,55374,18.0072,-17912.0,0.0,17912.0,-2384.1693,-1648.0,2338.3602,0.9808,-3175.0,-767.0,2408.0,-1.9683,4.7525,2,252135,-3175.0,-767.0,2408.0,-6787.0,2845.0,15149,6.0082,float64,252137,55374,0.1801,12573,-2384.1693,-1648.0,2338.3602,-17912.0,-3175.0,-767.0,0.0,2408.0,-1.9683,4.7527,15149,0.0601,highly_skewed,variable,0.0,non_normal
216,DAYS_EMPLOYED_ANOM,307511,0,0.0,0.0,1.0,1.0,0.1801,0.0,0.3842,2.1339,0.0,0.0,0.0,1.6652,0.773,252137,0,0.0,0.0,0.0,0.0,0.0,55374,18.0072,int64,307511,0,0.0,2,0.1801,0.0,0.3842,0.0,0.0,0.0,1.0,0.0,1.6652,0.773,0,0.0,highly_skewed,variable,0.0,non_normal
217,DAYS_ID_PUBLISH,307511,0,0.0,-7197.0,0.0,7197.0,-2994.2024,-3254.0,1509.4504,0.5041,-4299.0,-1720.0,2579.0,0.3493,-1.1068,16,307495,-4299.0,-1720.0,2579.0,-8167.5,2148.5,0,0.0,int64,307511,0,0.0,6168,-2994.2024,-3254.0,1509.4504,-7197.0,-4299.0,-1720.0,0.0,2579.0,0.3493,-1.1068,0,0.0,approximately_symmetric,variable,0.0,non_normal
218,DAYS_LAST_PHONE_CHANGE,307510,1,0.0003,-4292.0,0.0,4292.0,-962.8588,-757.0,826.8085,0.8587,-1570.0,-274.0,1296.0,-0.7136,-0.3086,37672,269838,-1570.0,-274.0,1296.0,-3514.0,1670.0,435,0.1415,float64,307510,1,0.0,3773,-962.8588,-757.0,826.8085,-4292.0,-1570.0,-274.0,0.0,1296.0,-0.7136,-0.3086,435,0.0014,moderately_skewed,variable,0.0,non_normal
219,DAYS_REGISTRATION,307511,0,0.0,-24672.0,0.0,24672.0,-4986.1203,-4504.0,3522.8863,0.7065,-7479.5,-2010.0,5469.5,-0.5909,-0.3214,80,307431,-7479.5,-2010.0,5469.5,-15683.75,6194.25,659,0.2143,float64,307511,0,0.0,15688,-4986.1203,-4504.0,3522.8863,-24672.0,-7479.5,-2010.0,0.0,5469.5,-0.5909,-0.3213,659,0.0021,moderately_skewed,variable,0.0,non_normal
220,DEF_30_CNT_SOCIAL_CIRCLE,306490,1021,0.332,0.0,34.0,34.0,0.1434,0.0,0.4467,3.1146,0.0,0.0,0.0,5.1835,126.3104,271324,0,0.0,0.0,0.0,0.0,0.0,35166,11.4738,float64,306490,1021,0.0033,10,0.1434,0.0,0.4467,0.0,0.0,0.0,34.0,0.0,5.1835,126.3124,0,0.0,highly_skewed,variable,0.0,non_normal
221,DEF_60_CNT_SOCIAL_CIRCLE,306490,1021,0.332,0.0,24.0,24.0,0.1,0.0,0.3623,3.6211,0.0,0.0,0.0,5.2779,86.5614,280721,0,0.0,0.0,0.0,0.0,0.0,25769,8.4078,float64,306490,1021,0.0033,9,0.1,0.0,0.3623,0.0,0.0,0.0,24.0,0.0,5.2779,86.5629,0,0.0,highly_skewed,variable,0.0,non_normal
222,ELEVATORS_AVG,143620,163891,53.296,0.0,1.0,1.0,0.0789,0.0,0.1346,1.7048,0.0,0.12,0.12,2.4394,7.8691,85718,0,0.0,0.12,0.12,-0.18,0.3,10420,7.2553,float64,143620,163891,0.533,257,0.0789,0.0,0.1346,0.0,0.0,0.12,1.0,0.12,2.4394,7.8694,10420,0.0726,highly_skewed,variable,0.0,non_normal
223,ELEVATORS_MEDI,143620,163891,53.296,0.0,1.0,1.0,0.0781,0.0,0.1345,1.7222,0.0,0.12,0.12,2.4578,7.9637,87026,0,0.0,0.12,0.12,-0.18,0.3,10383,7.2295,float64,143620,163891,0.533,46,0.0781,0.0,0.1345,0.0,0.0,0.12,1.0,0.12,2.4578,7.964,10383,0.0723,highly_skewed,variable,0.0,non_normal
224,ELEVATORS_MODE,143620,163891,53.296,0.0,1.0,1.0,0.0745,0.0,0.1323,1.7755,0.0,0.1208,0.1208,2.5523,8.5976,89498,0,0.0,0.1208,0.1208,-0.1812,0.302,9732,6.7762,float64,143620,163891,0.533,26,0.0745,0.0,0.1323,0.0,0.0,0.1208,1.0,0.1208,2.5523,8.5979,9732,0.0678,highly_skewed,variable,0.0,non_normal
225,ENTRANCES_AVG,152683,154828,50.3488,0.0,1.0,1.0,0.1497,0.1379,0.1,0.6682,0.069,0.2069,0.1379,2.3997,11.5928,323,0,0.069,0.2069,0.1379,-0.1378,0.4137,3882,2.5425,float64,152683,154828,0.5035,285,0.1497,0.1379,0.1,0.0,0.069,0.2069,1.0,0.1379,2.3997,11.5932,3882,0.0254,highly_skewed,variable,0.0,non_normal
226,ENTRANCES_MEDI,152683,154828,50.3488,0.0,1.0,1.0,0.1492,0.1379,0.1004,0.6727,0.069,0.2069,0.1379,2.3877,11.4737,329,0,0.069,0.2069,0.1379,-0.1378,0.4137,3893,2.5497,float64,152683,154828,0.5035,46,0.1492,0.1379,0.1004,0.0,0.069,0.2069,1.0,0.1379,2.3877,11.4741,3893,0.0255,highly_skewed,variable,0.0,non_normal
227,ENTRANCES_MODE,152683,154828,50.3488,0.0,1.0,1.0,0.1452,0.1379,0.101,0.6955,0.069,0.2069,0.1379,2.3923,11.422,387,0,0.069,0.2069,0.1379,-0.1378,0.4137,3840,2.515,float64,152683,154828,0.5035,30,0.1452,0.1379,0.101,0.0,0.069,0.2069,1.0,0.1379,2.3923,11.4225,3840,0.0252,highly_skewed,variable,0.0,non_normal
228,EXT_SOURCE_1,134133,173378,56.3811,0.0146,0.9627,0.9481,0.5021,0.506,0.2111,0.4203,0.334,0.6751,0.341,-0.0688,-0.9652,0,0,0.334,0.6751,0.341,-0.1776,1.1866,0,0.0,float64,134133,173378,0.5638,114584,0.5021,0.506,0.2111,0.0146,0.334,0.6751,0.9627,0.341,-0.0688,-0.9652,0,0.0,approximately_symmetric,variable,0.0,non_normal
229,EXT_SOURCE_2,306851,660,0.2146,0.0,0.855,0.855,0.5144,0.566,0.1911,0.3714,0.3925,0.6636,0.2712,-0.7936,-0.2691,0,0,0.3925,0.6636,0.2712,-0.0143,1.0704,0,0.0,float64,306851,660,0.0021,119831,0.5144,0.566,0.1911,0.0,0.3925,0.6636,0.855,0.2712,-0.7936,-0.2691,0,0.0,moderately_skewed,variable,0.0,non_normal
230,EXT_SOURCE_3,246546,60965,19.8253,0.0005,0.896,0.8955,0.5109,0.5353,0.1948,0.3814,0.3706,0.6691,0.2984,-0.4094,-0.6635,0,0,0.3706,0.6691,0.2984,-0.077,1.1167,0,0.0,float64,246546,60965,0.1983,814,0.5109,0.5353,0.1948,0.0005,0.3706,0.6691,0.896,0.2984,-0.4094,-0.6635,0,0.0,approximately_symmetric,variable,0.0,non_normal
231,FLAG_CONT_MOBILE,307511,0,0.0,0.0,1.0,1.0,0.9981,1.0,0.0432,0.0432,1.0,1.0,0.0,-23.0811,530.7353,574,0,1.0,1.0,0.0,1.0,1.0,574,0.1867,int64,307511,0,0.0,2,0.9981,1.0,0.0432,0.0,1.0,1.0,1.0,0.0,-23.0812,530.744,0,0.0,highly_skewed,variable,0.0,non_normal
232,FLAG_DOCUMENT_10,307511,0,0.0,0.0,1.0,1.0,0.0,0.0,0.0048,209.5931,0.0,0.0,0.0,209.588,43925.1429,307504,0,0.0,0.0,0.0,0.0,0.0,7,0.0023,int64,307511,0,0.0,2,0.0,0.0,0.0048,0.0,0.0,0.0,1.0,0.0,209.5891,43925.8571,0,0.0,highly_skewed,variable,0.0,non_normal
233,FLAG_DOCUMENT_11,307511,0,0.0,0.0,1.0,1.0,0.0039,0.0,0.0624,15.9568,0.0,0.0,0.0,15.8942,250.624,306308,0,0.0,0.0,0.0,0.0,0.0,1203,0.3912,int64,307511,0,0.0,2,0.0039,0.0,0.0624,0.0,0.0,0.0,1.0,0.0,15.8942,250.6281,0,0.0,highly_skewed,variable,0.0,non_normal
234,FLAG_DOCUMENT_12,307511,0,0.0,0.0,1.0,1.0,0.0,0.0,0.0026,392.1161,0.0,0.0,0.0,392.1129,153750.5,307509,0,0.0,0.0,0.0,0.0,0.0,2,0.0007,int64,307511,0,0.0,2,0.0,0.0,0.0026,0.0,0.0,0.0,1.0,0.0,392.1148,153753.0,0,0.0,highly_skewed,variable,0.0,non_normal
235,FLAG_DOCUMENT_13,307511,0,0.0,0.0,1.0,1.0,0.0035,0.0,0.0593,16.8132,0.0,0.0,0.0,16.7537,278.6853,306427,0,0.0,0.0,0.0,0.0,0.0,1084,0.3525,int64,307511,0,0.0,2,0.0035,0.0,0.0593,0.0,0.0,0.0,1.0,0.0,16.7537,278.6898,0,0.0,highly_skewed,variable,0.0,non_normal
236,FLAG_DOCUMENT_14,307511,0,0.0,0.0,1.0,1.0,0.0029,0.0,0.0541,18.4267,0.0,0.0,0.0,18.3724,335.5467,306608,0,0.0,0.0,0.0,0.0,0.0,903,0.2936,int64,307511,0,0.0,2,0.0029,0.0,0.0541,0.0,0.0,0.0,1.0,0.0,18.3725,335.5522,0,0.0,highly_skewed,variable,0.0,non_normal
237,FLAG_DOCUMENT_15,307511,0,0.0,0.0,1.0,1.0,0.0012,0.0,0.0348,28.734,0.0,0.0,0.0,28.6992,821.6437,307139,0,0.0,0.0,0.0,0.0,0.0,372,0.121,int64,307511,0,0.0,2,0.0012,0.0,0.0348,0.0,0.0,0.0,1.0,0.0,28.6993,821.6571,0,0.0,highly_skewed,variable,0.0,non_normal
238,FLAG_DOCUMENT_16,307511,0,0.0,0.0,1.0,1.0,0.0099,0.0,0.0991,9.9862,0.0,0.0,0.0,9.8861,95.7342,304458,0,0.0,0.0,0.0,0.0,0.0,3053,0.9928,int64,307511,0,0.0,2,0.0099,0.0,0.0991,0.0,0.0,0.0,1.0,0.0,9.8861,95.7358,0,0.0,highly_skewed,variable,0.0,non_normal
239,FLAG_DOCUMENT_17,307511,0,0.0,0.0,1.0,1.0,0.0003,0.0,0.0163,61.2303,0.0,0.0,0.0,61.2138,3745.1344,307429,0,0.0,0.0,0.0,0.0,0.0,82,0.0267,int64,307511,0,0.0,2,0.0003,0.0,0.0163,0.0,0.0,0.0,1.0,0.0,61.2141,3745.1953,0,0.0,highly_skewed,variable,0.0,non_normal
240,FLAG_DOCUMENT_18,307511,0,0.0,0.0,1.0,1.0,0.0081,0.0,0.0898,11.0456,0.0,0.0,0.0,10.955,118.0126,305011,0,0.0,0.0,0.0,0.0,0.0,2500,0.813,int64,307511,0,0.0,2,0.0081,0.0,0.0898,0.0,0.0,0.0,1.0,0.0,10.9551,118.0145,0,0.0,highly_skewed,variable,0.0,non_normal
241,FLAG_DOCUMENT_19,307511,0,0.0,0.0,1.0,1.0,0.0006,0.0,0.0244,40.9804,0.0,0.0,0.0,40.9559,1675.3886,307328,0,0.0,0.0,0.0,0.0,0.0,183,0.0595,int64,307511,0,0.0,2,0.0006,0.0,0.0244,0.0,0.0,0.0,1.0,0.0,40.9561,1675.4158,0,0.0,highly_skewed,variable,0.0,non_normal
242,FLAG_DOCUMENT_2,307511,0,0.0,0.0,1.0,1.0,0.0,0.0,0.0065,153.7978,0.0,0.0,0.0,153.7911,23649.6923,307498,0,0.0,0.0,0.0,0.0,0.0,13,0.0042,int64,307511,0,0.0,2,0.0,0.0,0.0065,0.0,0.0,0.0,1.0,0.0,153.7918,23650.0769,0,0.0,highly_skewed,variable,0.0,non_normal
243,FLAG_DOCUMENT_20,307511,0,0.0,0.0,1.0,1.0,0.0005,0.0,0.0225,44.3873,0.0,0.0,0.0,44.3647,1966.2249,307355,0,0.0,0.0,0.0,0.0,0.0,156,0.0507,int64,307511,0,0.0,2,0.0005,0.0,0.0225,0.0,0.0,0.0,1.0,0.0,44.3649,1966.2569,0,0.0,highly_skewed,variable,0.0,non_normal
244,FLAG_DOCUMENT_21,307511,0,0.0,0.0,1.0,1.0,0.0003,0.0,0.0183,54.6311,0.0,0.0,0.0,54.6127,2980.544,307408,0,0.0,0.0,0.0,0.0,0.0,103,0.0335,int64,307511,0,0.0,2,0.0003,0.0,0.0183,0.0,0.0,0.0,1.0,0.0,54.6129,2980.5925,0,0.0,highly_skewed,variable,0.0,non_normal
245,FLAG_DOCUMENT_3,307511,0,0.0,0.0,1.0,1.0,0.71,1.0,0.4538,0.6391,0.0,1.0,1.0,-0.9257,-1.143,89171,0,0.0,1.0,1.0,-1.5,2.5,0,0.0,int64,307511,0,0.0,2,0.71,1.0,0.4538,0.0,0.0,1.0,1.0,1.0,-0.9257,-1.143,0,0.0,moderately_skewed,variable,0.0,non_normal
246,FLAG_DOCUMENT_4,307511,0,0.0,0.0,1.0,1.0,0.0001,0.0,0.009,110.903,0.0,0.0,0.0,110.8938,12295.4401,307486,0,0.0,0.0,0.0,0.0,0.0,25,0.0081,int64,307511,0,0.0,2,0.0001,0.0,0.009,0.0,0.0,0.0,1.0,0.0,110.8944,12295.64,0,0.0,highly_skewed,variable,0.0,non_normal
247,FLAG_DOCUMENT_5,307511,0,0.0,0.0,1.0,1.0,0.0151,0.0,0.122,8.0722,0.0,0.0,0.0,7.9483,61.1752,302863,0,0.0,0.0,0.0,0.0,0.0,4648,1.5115,int64,307511,0,0.0,2,0.0151,0.0,0.122,0.0,0.0,0.0,1.0,0.0,7.9483,61.1762,0,0.0,highly_skewed,variable,0.0,non_normal
248,FLAG_DOCUMENT_6,307511,0,0.0,0.0,1.0,1.0,0.0881,0.0,0.2834,3.2182,0.0,0.0,0.0,2.9074,6.453,280433,0,0.0,0.0,0.0,0.0,0.0,27078,8.8055,int64,307511,0,0.0,2,0.0881,0.0,0.2834,0.0,0.0,0.0,1.0,0.0,2.9074,6.4532,0,0.0,highly_skewed,variable,0.0,non_normal
249,FLAG_DOCUMENT_7,307511,0,0.0,0.0,1.0,1.0,0.0002,0.0,0.0139,72.1877,0.0,0.0,0.0,72.1738,5207.051,307452,0,0.0,0.0,0.0,0.0,0.0,59,0.0192,int64,307511,0,0.0,2,0.0002,0.0,0.0139,0.0,0.0,0.0,1.0,0.0,72.1741,5207.1357,0,0.0,highly_skewed,variable,0.0,non_normal
250,FLAG_DOCUMENT_8,307511,0,0.0,0.0,1.0,1.0,0.0814,0.0,0.2734,3.3599,0.0,0.0,0.0,3.0622,7.3772,282487,0,0.0,0.0,0.0,0.0,0.0,25024,8.1376,int64,307511,0,0.0,2,0.0814,0.0,0.2734,0.0,0.0,0.0,1.0,0.0,3.0622,7.3774,0,0.0,highly_skewed,variable,0.0,non_normal
251,FLAG_DOCUMENT_9,307511,0,0.0,0.0,1.0,1.0,0.0039,0.0,0.0623,15.9902,0.0,0.0,0.0,15.9277,251.6909,306313,0,0.0,0.0,0.0,0.0,0.0,1198,0.3896,int64,307511,0,0.0,2,0.0039,0.0,0.0623,0.0,0.0,0.0,1.0,0.0,15.9278,251.695,0,0.0,highly_skewed,variable,0.0,non_normal
252,FLAG_EMAIL,307511,0,0.0,0.0,1.0,1.0,0.0567,0.0,0.2313,4.0781,0.0,0.0,0.0,3.8328,12.6906,290069,0,0.0,0.0,0.0,0.0,0.0,17442,5.672,int64,307511,0,0.0,2,0.0567,0.0,0.2313,0.0,0.0,0.0,1.0,0.0,3.8329,12.6908,0,0.0,highly_skewed,variable,0.0,non_normal
253,FLAG_EMP_PHONE,307511,0,0.0,0.0,1.0,1.0,0.8199,1.0,0.3843,0.4687,1.0,1.0,0.0,-1.6649,0.7718,55386,0,1.0,1.0,0.0,1.0,1.0,55386,18.0111,int64,307511,0,0.0,2,0.8199,1.0,0.3843,0.0,1.0,1.0,1.0,0.0,-1.6649,0.7719,0,0.0,highly_skewed,variable,0.0,non_normal
254,FLAG_MOBIL,307511,0,0.0,0.0,1.0,1.0,1.0,1.0,0.0018,0.0018,1.0,1.0,0.0,-554.534,307506.0,1,0,1.0,1.0,0.0,1.0,1.0,1,0.0003,int64,307511,0,0.0,2,1.0,1.0,0.0018,0.0,1.0,1.0,1.0,0.0,-554.5367,307511.0,0,0.0,highly_skewed,variable,0.0,non_normal
255,FLAG_PHONE,307511,0,0.0,0.0,1.0,1.0,0.2811,0.0,0.4495,1.5993,0.0,1.0,1.0,0.9741,-1.0512,221080,0,0.0,1.0,1.0,-1.5,2.5,0,0.0,int64,307511,0,0.0,2,0.2811,0.0,0.4495,0.0,0.0,1.0,1.0,1.0,0.9741,-1.0512,0,0.0,moderately_skewed,variable,0.0,non_normal
256,FLAG_WORK_PHONE,307511,0,0.0,0.0,1.0,1.0,0.1994,0.0,0.3995,2.004,0.0,0.0,0.0,1.5049,0.2649,246203,0,0.0,0.0,0.0,0.0,0.0,61308,19.9368,int64,307511,0,0.0,2,0.1994,0.0,0.3995,0.0,0.0,0.0,1.0,0.0,1.5049,0.2649,0,0.0,highly_skewed,variable,0.0,non_normal
257,FLOORSMAX_AVG,154491,153020,49.7608,0.0,1.0,1.0,0.2263,0.1667,0.1446,0.6392,0.1667,0.3333,0.1666,1.2264,2.4324,2938,0,0.1667,0.3333,0.1666,-0.0832,0.5832,5215,3.3756,float64,154491,153020,0.4976,403,0.2263,0.1667,0.1446,0.0,0.1667,0.3333,1.0,0.1666,1.2265,2.4325,5215,0.0338,highly_skewed,variable,0.0,non_normal
258,FLOORSMAX_MEDI,154491,153020,49.7608,0.0,1.0,1.0,0.2259,0.1667,0.1451,0.6422,0.1667,0.3333,0.1666,1.2402,2.4684,2995,0,0.1667,0.3333,0.1666,-0.0832,0.5832,5360,3.4695,float64,154491,153020,0.4976,49,0.2259,0.1667,0.1451,0.0,0.1667,0.3333,1.0,0.1666,1.2402,2.4686,5360,0.0347,highly_skewed,variable,0.0,non_normal
259,FLOORSMAX_MODE,154491,153020,49.7608,0.0,1.0,1.0,0.2223,0.1667,0.1437,0.6464,0.1667,0.3333,0.1666,1.2443,2.5356,3415,0,0.1667,0.3333,0.1666,-0.0832,0.5832,5104,3.3038,float64,154491,153020,0.4976,25,0.2223,0.1667,0.1437,0.0,0.1667,0.3333,1.0,0.1666,1.2443,2.5357,5104,0.033,highly_skewed,variable,0.0,non_normal
260,FLOORSMIN_AVG,98869,208642,67.8486,0.0,1.0,1.0,0.2319,0.2083,0.1614,0.6959,0.0833,0.375,0.2917,0.9542,1.3381,2320,0,0.0833,0.375,0.2917,-0.3542,0.8126,343,0.3469,float64,98869,208642,0.6785,305,0.2319,0.2083,0.1614,0.0,0.0833,0.375,1.0,0.2917,0.9542,1.3383,343,0.0035,moderately_skewed,variable,0.0,non_normal
261,FLOORSMIN_MEDI,98869,208642,67.8486,0.0,1.0,1.0,0.2316,0.2083,0.1619,0.6991,0.0833,0.375,0.2917,0.9602,1.3464,2351,0,0.0833,0.375,0.2917,-0.3542,0.8126,344,0.3479,float64,98869,208642,0.6785,47,0.2316,0.2083,0.1619,0.0,0.0833,0.375,1.0,0.2917,0.9602,1.3466,344,0.0035,moderately_skewed,variable,0.0,non_normal
262,FLOORSMIN_MODE,98869,208642,67.8486,0.0,1.0,1.0,0.2281,0.2083,0.1612,0.7067,0.0833,0.375,0.2917,0.9638,1.3536,2517,0,0.0833,0.375,0.2917,-0.3542,0.8126,320,0.3237,float64,98869,208642,0.6785,25,0.2281,0.2083,0.1612,0.0,0.0833,0.375,1.0,0.2917,0.9638,1.3537,320,0.0032,moderately_skewed,variable,0.0,non_normal
263,HOUR_APPR_PROCESS_START,307511,0,0.0,0.0,23.0,23.0,12.0634,12.0,3.2658,0.2707,10.0,14.0,4.0,-0.028,-0.1942,40,0,10.0,14.0,4.0,4.0,20.0,2257,0.734,int64,307511,0,0.0,24,12.0634,12.0,3.2658,0.0,10.0,14.0,23.0,4.0,-0.028,-0.1942,2257,0.0073,approximately_symmetric,variable,0.0,non_normal
264,INS_AMT_INSTALMENT_MAX,291643,15868,5.1601,0.0,3771487.845,3771487.845,136338.7914,35341.92,245477.4919,1.8005,14012.4825,130235.0175,116222.535,3.3346,14.5619,3,0,14012.4825,130235.0175,116222.535,-160321.32,304568.82,39076,13.3986,float64,291643,15868,0.0516,236626,136338.7914,35341.92,245477.4919,0.0,14012.4825,130235.0175,3771487.845,116222.535,3.3346,14.5621,39076,0.134,highly_skewed,variable,0.0,non_normal
265,INS_AMT_INSTALMENT_MEAN,291643,15868,5.1601,0.0,2504589.66,2504589.66,18392.6115,12572.652,23337.9723,1.2689,7799.5133,21376.1359,13576.6226,18.6379,1117.0895,3,0,7799.5133,21376.1359,13576.6226,-12565.4206,41741.0698,22250,7.6292,float64,291643,15868,0.0516,288020,18392.6115,12572.652,23337.9723,0.0,7799.5133,21376.1359,2504589.66,13576.6226,18.638,1117.1087,22250,0.0763,highly_skewed,variable,0.0,non_normal
266,INS_AMT_INSTALMENT_SUM,291643,15868,5.1601,0.0,23274726.93,23274726.93,672415.8603,328372.155,880091.0769,1.3088,134672.76,843257.0025,708584.2425,2.8096,12.64,3,0,134672.76,843257.0025,708584.2425,-928203.6038,1906133.3662,25351,8.6925,float64,291643,15868,0.0516,287801,672415.8603,328372.155,880091.0769,0.0,134672.76,843257.0025,23274726.93,708584.2425,2.8096,12.6403,25351,0.0869,highly_skewed,variable,0.0,non_normal
267,INS_AMT_PAYMENT_MAX,291635,15876,5.1627,0.225,3771487.845,3771487.62,138179.176,36000.0,247788.0456,1.7932,14097.1725,132987.5325,118890.36,3.3028,14.2279,0,0,14097.1725,132987.5325,118890.36,-164238.3675,311323.0725,38985,13.3677,float64,291635,15876,0.0516,229572,138179.176,36000.0,247788.0456,0.225,14097.1725,132987.5325,3771487.845,118890.36,3.3028,14.2282,38985,0.1337,highly_skewed,variable,0.0,non_normal
268,INS_AMT_PAYMENT_MEAN,291635,15876,5.1627,0.189,2504589.66,2504589.471,18754.3102,12225.7558,25105.3561,1.3386,7478.3702,21352.8647,13874.4945,16.0984,850.0533,0,0,7478.3702,21352.8647,13874.4945,-13333.3715,42164.6063,24082,8.2576,float64,291635,15876,0.0516,288396,18754.3102,12225.7558,25105.3561,0.189,7478.3702,21352.8647,2504589.66,13874.4945,16.0985,850.0679,24082,0.0826,highly_skewed,variable,0.0,non_normal
269,INS_AMT_PAYMENT_MIN,291635,15876,5.1627,0.0,2504589.66,2504589.66,5198.1333,2314.8,14424.5178,2.7749,40.995,7105.7475,7064.7525,59.7937,7117.0957,955,0,40.995,7105.7475,7064.7525,-10556.1337,17702.8762,15683,5.3776,float64,291635,15876,0.0516,134230,5198.1333,2314.8,14424.5178,0.0,40.995,7105.7475,2504589.66,7064.7525,59.794,7117.2178,15683,0.0538,highly_skewed,variable,0.0,non_normal
270,INS_AMT_PAYMENT_SUM,291643,15868,5.1601,0.0,25537053.78,25537053.78,678585.3635,318619.485,916168.0696,1.3501,130826.9925,833093.9325,702266.94,2.9215,13.8151,8,0,130826.9925,833093.9325,702266.94,-922573.4175,1886494.3425,26982,9.2517,float64,291643,15868,0.0516,287364,678585.3635,318619.485,916168.0696,0.0,130826.9925,833093.9325,25537053.78,702266.94,2.9215,13.8153,26982,0.0925,highly_skewed,variable,0.0,non_normal
271,INS_DAYS_ENTRY_PAYMENT_MAX,291635,15876,5.1627,-3071.0,-1.0,3070.0,-327.7846,-66.0,536.8682,1.6379,-384.0,-26.0,358.0,-2.4372,5.8152,0,291635,-384.0,-26.0,358.0,-921.0,511.0,31308,10.7353,float64,291635,15876,0.0516,2937,-327.7846,-66.0,536.8682,-3071.0,-384.0,-26.0,-1.0,358.0,-2.4372,5.8153,31308,0.1074,highly_skewed,variable,0.0,non_normal
272,INS_DAYS_ENTRY_PAYMENT_MEAN,291635,15876,5.1627,-3071.0,-3.0,3068.0,-920.9612,-807.5818,597.0247,0.6483,-1311.8422,-431.61,880.2322,-0.7894,0.1074,0,291635,-1311.8422,-431.61,880.2322,-2632.1905,888.7384,2488,0.8531,float64,291635,15876,0.0516,212229,-920.9612,-807.5818,597.0247,-3071.0,-1311.8422,-431.61,-3.0,880.2322,-0.7895,0.1074,2488,0.0085,moderately_skewed,variable,0.0,non_normal
273,INS_DAYS_ENTRY_PAYMENT_MIN,291635,15876,5.1627,-4921.0,-3.0,4918.0,-1596.9549,-1553.0,912.2607,0.5713,-2483.0,-727.0,1756.0,-0.0354,-1.439,0,291635,-2483.0,-727.0,1756.0,-5117.0,1907.0,0,0.0,float64,291635,15876,0.0516,3035,-1596.9549,-1553.0,912.2607,-4921.0,-2483.0,-727.0,-3.0,1756.0,-0.0354,-1.439,0,0.0,approximately_symmetric,variable,0.0,non_normal
274,INS_DAYS_INSTALMENT_MAX,291643,15868,5.1601,-2922.0,-1.0,2921.0,-319.6352,-49.0,539.6509,1.6883,-373.0,-18.0,355.0,-2.441,5.8032,0,291643,-373.0,-18.0,355.0,-905.5,514.5,31681,10.8629,float64,291643,15868,0.0516,2918,-319.6352,-49.0,539.6509,-2922.0,-373.0,-18.0,-1.0,355.0,-2.441,5.8034,31681,0.1086,highly_skewed,variable,0.0,non_normal
275,INS_DAYS_INSTALMENT_MEAN,291643,15868,5.1601,-2922.0,-3.0,2919.0,-909.6623,-795.9535,598.4617,0.6579,-1301.9598,-419.0,882.9598,-0.7899,0.1103,0,291643,-1301.9598,-419.0,882.9598,-2626.3995,905.4397,2515,0.8624,float64,291643,15868,0.0516,183580,-909.6623,-795.9535,598.4617,-2922.0,-1301.9598,-419.0,-3.0,882.9598,-0.7899,0.1103,2515,0.0086,moderately_skewed,variable,0.0,non_normal
276,INS_DAYS_INSTALMENT_MIN,291643,15868,5.1601,-2922.0,-3.0,2919.0,-1584.9491,-1539.0,913.708,0.5765,-2471.0,-713.0,1758.0,-0.0378,-1.4386,0,291643,-2471.0,-713.0,1758.0,-5108.0,1924.0,0,0.0,float64,291643,15868,0.0516,2920,-1584.9491,-1539.0,913.708,-2922.0,-2471.0,-713.0,-3.0,1758.0,-0.0378,-1.4386,0,0.0,approximately_symmetric,variable,0.0,non_normal
277,INS_DBD_MAX,291635,15876,5.1627,0.0,3189.0,3189.0,37.8504,31.0,28.9675,0.7653,23.0,43.0,20.0,10.3241,634.9148,802,0,23.0,43.0,20.0,-7.0,73.0,21729,7.4508,float64,291635,15876,0.0516,422,37.8504,31.0,28.9675,0.0,23.0,43.0,3189.0,20.0,10.3242,634.9257,21729,0.0745,highly_skewed,variable,0.0,non_normal
278,INS_DBD_MEAN,291635,15876,5.1627,0.0,295.0,295.0,12.2677,10.1216,9.143,0.7453,6.6752,15.1429,8.4677,3.6384,35.6256,802,0,6.6752,15.1429,8.4677,-6.0264,27.8444,15151,5.1952,float64,291635,15876,0.0516,57205,12.2677,10.1216,9.143,0.0,6.6752,15.1429,295.0,8.4677,3.6384,35.6262,15151,0.052,highly_skewed,variable,0.0,non_normal
279,INS_DBD_SUM,291643,15868,5.1601,0.0,10529.0,10529.0,390.6542,266.0,405.1669,1.0371,133.0,507.0,374.0,3.2453,22.6223,810,0,133.0,507.0,374.0,-428.0,1068.0,17787,6.0989,float64,291643,15868,0.0516,3224,390.6542,266.0,405.1669,0.0,133.0,507.0,10529.0,374.0,3.2453,22.6227,17787,0.061,highly_skewed,variable,0.0,non_normal
280,INS_DPD_MAX,291635,15876,5.1627,0.0,2884.0,2884.0,18.3756,1.0,110.6535,6.0218,0.0,9.0,9.0,13.2121,210.1627,136636,0,0.0,9.0,9.0,-13.5,22.5,34695,11.8967,float64,291635,15876,0.0516,1642,18.3756,1.0,110.6535,0.0,0.0,9.0,2884.0,9.0,13.2121,210.1663,34695,0.119,highly_skewed,variable,0.0,non_normal
281,INS_DPD_MEAN,291635,15876,5.1627,0.0,1885.3864,1885.3864,1.066,0.0385,9.1047,8.5409,0.0,0.5185,0.5185,80.3204,11768.8982,136636,0,0.0,0.5185,0.5185,-0.7778,1.2963,39297,13.4747,float64,291635,15876,0.0516,23566,1.066,0.0385,9.1047,0.0,0.0,0.5185,1885.3864,0.5185,80.3208,11769.1,39297,0.1347,highly_skewed,variable,0.0,non_normal
282,INS_DPD_SUM,291643,15868,5.1601,0.0,82957.0,82957.0,42.6343,1.0,337.0768,7.9062,0.0,21.0,21.0,102.0462,18333.8383,136644,0,0.0,21.0,21.0,-31.5,52.5,41570,14.2537,float64,291643,15868,0.0516,2077,42.6343,1.0,337.0768,0.0,0.0,21.0,82957.0,21.0,102.0467,18334.1526,41570,0.1425,highly_skewed,variable,0.0,non_normal
283,INS_LAST365_AMT_PAYMENT_MEAN,217478,90033,29.278,0.045,2504589.66,2504589.615,31339.701,14824.575,69811.0975,2.2276,8315.0817,29124.6764,20809.5947,10.8888,193.8925,0,0,8315.0817,29124.6764,20809.5947,-22899.3103,60339.0684,22102,10.1629,float64,217478,90033,0.2928,205538,31339.701,14824.575,69811.0975,0.045,8315.0817,29124.6764,2504589.66,20809.5947,10.8889,193.897,22102,0.1016,highly_skewed,variable,0.0,non_normal
284,INS_LAST365_AMT_PAYMENT_SUM,217508,90003,29.2682,0.0,15092871.12,15092871.12,326690.9923,164444.805,448751.7876,1.3736,71550.0,393081.6263,321531.6263,3.6405,26.356,30,0,71550.0,393081.6263,321531.6263,-410747.4394,875379.0656,19308,8.8769,float64,217508,90003,0.2927,205801,326690.9923,164444.805,448751.7876,0.0,71550.0,393081.6263,15092871.12,321531.6263,3.6406,26.3567,19308,0.0888,highly_skewed,variable,0.0,non_normal
285,INS_LAST365_DPD_MAX,217478,90033,29.278,0.0,340.0,340.0,1.7821,0.0,6.6712,3.7435,0.0,1.0,1.0,15.7695,435.8895,155299,0,0.0,1.0,1.0,-1.5,2.5,39939,18.3646,float64,217478,90033,0.2928,192,1.7821,0.0,6.6712,0.0,0.0,1.0,340.0,1.0,15.7696,435.8995,39939,0.1836,highly_skewed,variable,0.0,non_normal
286,INS_LAST365_DPD_MEAN,217478,90033,29.278,0.0,159.4615,159.4615,0.2411,0.0,1.2592,5.2222,0.0,0.0833,0.0833,42.3601,3859.1278,155299,0,0.0,0.0833,0.0833,-0.125,0.2083,41890,19.2617,float64,217478,90033,0.2928,2884,0.2411,0.0,1.2592,0.0,0.0,0.0833,159.4615,0.0833,42.3604,3859.2166,41890,0.1926,highly_skewed,variable,0.0,non_normal
287,INS_LAST365_DPD_SUM,217508,90003,29.2682,0.0,8596.0,8596.0,4.0659,0.0,32.0656,7.8865,0.0,1.0,1.0,118.1139,25945.1461,155329,0,0.0,1.0,1.0,-1.5,2.5,45655,20.99,float64,217508,90003,0.2927,410,4.0659,0.0,32.0656,0.0,0.0,1.0,8596.0,1.0,118.1147,25945.7426,45655,0.2099,highly_skewed,variable,0.0,non_normal
288,INS_LAST365_LATE_PAYMENT_FLAG_MEAN,217508,90003,29.2682,0.0,1.0,1.0,0.0526,0.0,0.1129,2.1481,0.0,0.0488,0.0488,2.8006,9.2145,155329,0,0.0,0.0488,0.0488,-0.0732,0.122,34845,16.0201,float64,217508,90003,0.2927,659,0.0526,0.0,0.1129,0.0,0.0,0.0488,1.0,0.0488,2.8007,9.2148,34845,0.1602,highly_skewed,variable,0.0,non_normal
289,INS_LAST365_LATE_PAYMENT_FLAG_SUM,217508,90003,29.2682,0.0,95.0,95.0,0.8579,0.0,2.09,2.4363,0.0,1.0,1.0,5.2817,66.8819,155329,0,0.0,1.0,1.0,-1.5,2.5,25059,11.521,float64,217508,90003,0.2927,54,0.8579,0.0,2.09,0.0,0.0,1.0,95.0,1.0,5.2818,66.8835,25059,0.1152,highly_skewed,variable,0.0,non_normal
290,INS_LAST365_PAY_DIFF_MEAN,217478,90033,29.278,-405000.0,93145.5,498145.5,-1177.271,0.0,10594.3213,8.9991,0.0,0.0,0.0,-11.116,200.5759,152877,20997,0.0,0.0,0.0,0.0,0.0,64601,29.7046,float64,217478,90033,0.2928,57326,-1177.271,0.0,10594.3213,-405000.0,0.0,0.0,93145.5,0.0,-11.116,200.5806,0,0.0,highly_skewed,variable,0.0,non_normal
291,INS_LAST365_PAY_DIFF_SUM,217508,90003,29.2682,-3195000.0,1522301.85,4717301.85,-13231.8627,0.0,125528.6876,9.4868,0.0,0.0,0.0,-6.5443,68.8147,152907,20997,0.0,0.0,0.0,0.0,0.0,64601,29.7005,float64,217508,90003,0.2927,51840,-13231.8627,0.0,125528.6876,-3195000.0,0.0,0.0,1522301.85,0.0,-6.5443,68.8164,0,0.0,highly_skewed,variable,0.0,non_normal
292,INS_LAST365_PAY_PERC_MAX,217478,90033,29.278,0.0056,193600.0,193599.9944,6.5645,1.0,560.97,85.4553,1.0,1.0,0.0,252.7914,76025.8944,0,0,1.0,1.0,0.0,1.0,1.0,22161,10.19,float64,217478,90033,0.2928,21543,6.5645,1.0,560.97,0.0056,1.0,1.0,193600.0,0.0,252.7932,76027.6424,0,0.0,highly_skewed,variable,0.0,non_normal
293,INS_LAST365_PAY_PERC_MEAN,217478,90033,29.278,0.0056,21563.9277,21563.9221,1.5517,1.0,66.8757,43.0984,1.0,1.0,0.0,264.5796,77662.3816,0,0,1.0,1.0,0.0,1.0,1.0,64601,29.7046,float64,217478,90033,0.2928,23437,1.5517,1.0,66.8757,0.0056,1.0,1.0,21563.9277,0.0,264.5814,77664.1672,0,0.0,highly_skewed,variable,0.0,non_normal
294,INS_LATE_PAYMENT_FLAG_MEAN,291643,15868,5.1601,0.0,1.0,1.0,0.0758,0.0185,0.116,1.5309,0.0,0.1111,0.1111,2.1673,5.9561,136644,0,0.0,0.1111,0.1111,-0.1667,0.2778,21423,7.3456,float64,291643,15868,0.0516,4972,0.0758,0.0185,0.116,0.0,0.0,0.1111,1.0,0.1111,2.1673,5.9562,21423,0.0735,highly_skewed,variable,0.0,non_normal
295,INS_LATE_PAYMENT_FLAG_SUM,291643,15868,5.1601,0.0,159.0,159.0,3.407,1.0,6.3972,1.8777,0.0,4.0,4.0,3.8124,23.9522,136644,0,0.0,4.0,4.0,-6.0,10.0,28078,9.6275,float64,291643,15868,0.0516,102,3.407,1.0,6.3972,0.0,0.0,4.0,159.0,4.0,3.8125,23.9526,28078,0.0963,highly_skewed,variable,0.0,non_normal
296,INS_NUM_INSTALMENT_VERSION_NUNIQUE,291643,15868,5.1601,1.0,53.0,52.0,2.2753,2.0,1.8152,0.7978,1.0,3.0,2.0,6.1112,71.09,0,0,1.0,3.0,2.0,-2.0,6.0,6879,2.3587,float64,291643,15868,0.0516,49,2.2753,2.0,1.8152,1.0,1.0,3.0,53.0,2.0,6.1112,71.0912,6879,0.0236,highly_skewed,variable,0.0,non_normal
297,INS_PAY_DIFF_MAX,291635,15876,5.1627,-38991.06,2424726.405,2463717.465,6724.3167,0.0,15175.3398,2.2568,0.0,9047.6325,9047.6325,28.694,3169.1572,166470,19,0.0,9047.6325,9047.6325,-13571.4488,22619.0812,25742,8.8268,float64,291635,15876,0.0516,103609,6724.3167,0.0,15175.3398,-38991.06,0.0,9047.6325,2424726.405,9047.6325,28.6942,3169.2115,25742,0.0883,highly_skewed,variable,0.0,non_normal
298,INS_PAY_DIFF_MEAN,291635,15876,5.1627,-337496.805,146145.9,483642.705,-363.856,0.0,5210.9676,14.3215,0.0,446.7613,446.7613,-12.1974,352.8227,147318,33336,0.0,446.7613,446.7613,-670.1419,1116.9032,70261,24.0921,float64,291635,15876,0.0516,137929,-363.856,0.0,5210.9676,-337496.805,0.0,446.7613,146145.9,446.7613,-12.1974,352.8287,70261,0.2409,highly_skewed,variable,0.0,non_normal
299,INS_PAY_DIFF_SUM,291643,15868,5.1601,-4417384.23,3037735.575,7455119.805,-6310.4395,0.0,174979.0885,27.7285,0.0,15896.97,15896.97,-4.169,50.1361,147326,33336,0.0,15896.97,15896.97,-23845.455,39742.425,72892,24.9936,float64,291643,15868,0.0516,127986,-6310.4395,0.0,174979.0885,-4417384.23,0.0,15896.97,3037735.575,15896.97,-4.1691,50.137,72892,0.2499,highly_skewed,variable,0.0,non_normal
300,INS_PAY_DIFF_VAR,290947,16564,5.3865,0.0,445993643959.2246,445993643959.2246,343075814.1443,0.0,3494271630.995,10.1851,0.0,11242174.0521,11242174.0521,37.8342,2651.8535,146632,0,0.0,11242174.0521,11242174.0521,-16863261.0781,28105435.1302,49961,17.1719,float64,290947,16564,0.0539,144095,343075814.1443,0.0,3494271630.995,0.0,0.0,11242174.0521,445993643959.2246,11242174.0521,37.8344,2651.8991,49961,0.1717,highly_skewed,variable,0.0,non_normal
301,INS_PAY_PERC_MAX,291632,15879,5.1637,0.5122,194250.0,194249.4878,13.6414,1.0,887.4844,65.058,1.0,1.0,0.0,153.9562,28680.8183,0,0,1.0,1.0,0.0,1.0,1.0,37298,12.7894,float64,291632,15879,0.0516,36091,13.6414,1.0,887.4844,0.5122,1.0,1.0,194250.0,0.0,153.957,28681.3101,0,0.0,highly_skewed,variable,0.0,non_normal
302,INS_PAY_PERC_MEAN,291632,15879,5.1637,0.3333,8482.4462,8482.1128,1.383,1.0,30.179,21.8218,0.9538,1.0,0.0462,159.9068,32788.3513,0,0,0.9538,1.0,0.0462,0.8846,1.0692,62855,21.5528,float64,291632,15879,0.0516,42700,1.383,1.0,30.179,0.3333,0.9538,1.0,8482.4462,0.0462,159.9077,32788.9135,62855,0.2155,highly_skewed,variable,0.0,non_normal
303,INS_PAY_PERC_VAR,290944,16567,5.3874,0.0,967504461.5628,967504461.5628,20769.1511,0.0,3333715.379,160.5128,0.0,0.0843,0.0843,231.4101,59242.9466,146637,0,0.0,0.0843,0.0843,-0.1265,0.2108,32746,11.2551,float64,290944,16567,0.0539,143641,20769.1511,0.0,3333715.379,0.0,0.0,0.0843,967504461.5628,0.0843,231.4113,59243.9648,32746,0.1126,highly_skewed,variable,0.0,non_normal
304,INS_SK_ID_PREV_NUNIQUE,291643,15868,5.1601,1.0,26.0,25.0,2.926,2.0,2.041,0.6976,1.0,4.0,3.0,1.655,4.2178,0,0,1.0,4.0,3.0,-3.5,8.5,5980,2.0505,float64,291643,15868,0.0516,25,2.926,2.0,2.041,1.0,1.0,4.0,26.0,3.0,1.655,4.2179,5980,0.0205,highly_skewed,variable,0.0,non_normal
305,INS_UNDERPAY_FLAG_MEAN,291643,15868,5.1601,0.0,1.0,1.0,0.084,0.0,0.15,1.7859,0.0,0.1091,0.1091,2.3848,6.1099,166497,0,0.0,0.1091,0.1091,-0.1636,0.2727,32171,11.031,float64,291643,15868,0.0516,4892,0.084,0.0,0.15,0.0,0.0,0.1091,1.0,0.1091,2.3848,6.11,32171,0.1103,highly_skewed,variable,0.0,non_normal
306,INS_UNDERPAY_FLAG_SUM,291643,15868,5.1601,0.0,154.0,154.0,3.84,0.0,8.0165,2.0877,0.0,4.0,4.0,4.0009,24.5664,166497,0,0.0,4.0,4.0,-6.0,10.0,32824,11.2549,float64,291643,15868,0.0516,126,3.84,0.0,8.0165,0.0,0.0,4.0,154.0,4.0,4.0009,24.5668,32824,0.1125,highly_skewed,variable,0.0,non_normal
307,LANDAREA_AVG,124921,182590,59.3767,0.0,1.0,1.0,0.0663,0.0481,0.0812,1.2239,0.0187,0.0856,0.0669,4.4586,34.7434,15600,0,0.0187,0.0856,0.0669,-0.0816,0.1859,6888,5.5139,float64,124921,182590,0.5938,3527,0.0663,0.0481,0.0812,0.0,0.0187,0.0856,1.0,0.0669,4.4587,34.7448,6888,0.0551,highly_skewed,variable,0.0,non_normal
308,LANDAREA_MEDI,124921,182590,59.3767,0.0,1.0,1.0,0.0672,0.0487,0.0822,1.2233,0.0187,0.0868,0.0681,4.3682,33.2366,15919,0,0.0187,0.0868,0.0681,-0.0834,0.189,6873,5.5019,float64,124921,182590,0.5938,3560,0.0672,0.0487,0.0822,0.0,0.0187,0.0868,1.0,0.0681,4.3683,33.238,6873,0.055,highly_skewed,variable,0.0,non_normal
309,LANDAREA_MODE,124921,182590,59.3767,0.0,1.0,1.0,0.065,0.0458,0.0818,1.2585,0.0166,0.0841,0.0675,4.377,33.2719,17453,0,0.0166,0.0841,0.0675,-0.0846,0.1853,7033,5.63,float64,124921,182590,0.5938,3563,0.065,0.0458,0.0818,0.0,0.0166,0.0841,1.0,0.0675,4.377,33.2733,7033,0.0563,highly_skewed,variable,0.0,non_normal
310,LIVE_CITY_NOT_WORK_CITY,307511,0,0.0,0.0,1.0,1.0,0.1796,0.0,0.3838,2.1376,0.0,0.0,0.0,1.6698,0.7882,252296,0,0.0,0.0,0.0,0.0,0.0,55215,17.9555,int64,307511,0,0.0,2,0.1796,0.0,0.3838,0.0,0.0,0.0,1.0,0.0,1.6698,0.7882,0,0.0,highly_skewed,variable,0.0,non_normal
311,LIVE_REGION_NOT_WORK_REGION,307511,0,0.0,0.0,1.0,1.0,0.0407,0.0,0.1975,4.8575,0.0,0.0,0.0,4.6516,19.6374,295008,0,0.0,0.0,0.0,0.0,0.0,12503,4.0659,int64,307511,0,0.0,2,0.0407,0.0,0.1975,0.0,0.0,0.0,1.0,0.0,4.6516,19.6377,0,0.0,highly_skewed,variable,0.0,non_normal
312,LIVINGAPARTMENTS_AVG,97312,210199,68.355,0.0,1.0,1.0,0.1008,0.0756,0.0926,0.9186,0.0504,0.121,0.0706,3.0422,16.4897,418,0,0.0504,0.121,0.0706,-0.0555,0.2269,7881,8.0987,float64,97312,210199,0.6835,1868,0.1008,0.0756,0.0926,0.0,0.0504,0.121,1.0,0.0706,3.0422,16.4906,7881,0.081,highly_skewed,variable,0.0,non_normal
313,LIVINGAPARTMENTS_MEDI,97312,210199,68.355,0.0,1.0,1.0,0.102,0.0761,0.0936,0.9185,0.0513,0.1231,0.0718,2.9882,15.6962,433,0,0.0513,0.1231,0.0718,-0.0564,0.2308,7927,8.146,float64,97312,210199,0.6835,1097,0.102,0.0761,0.0936,0.0,0.0513,0.1231,1.0,0.0718,2.9883,15.6971,7927,0.0815,highly_skewed,variable,0.0,non_normal
314,LIVINGAPARTMENTS_MODE,97312,210199,68.355,0.0,1.0,1.0,0.1056,0.0771,0.0979,0.9265,0.0542,0.1313,0.0771,2.9026,14.2242,519,0,0.0542,0.1313,0.0771,-0.0614,0.247,7469,7.6753,float64,97312,210199,0.6835,736,0.1056,0.0771,0.0979,0.0,0.0542,0.1313,1.0,0.0771,2.9027,14.225,7469,0.0768,highly_skewed,variable,0.0,non_normal
315,LIVINGAREA_AVG,153161,154350,50.1933,0.0,1.0,1.0,0.1074,0.0745,0.1106,1.0295,0.0453,0.1299,0.0846,2.8547,12.3307,284,0,0.0453,0.1299,0.0846,-0.0816,0.2568,12517,8.1724,float64,153161,154350,0.5019,5199,0.1074,0.0745,0.1106,0.0,0.0453,0.1299,1.0,0.0846,2.8547,12.3312,12517,0.0817,highly_skewed,variable,0.0,non_normal
316,LIVINGAREA_MEDI,153161,154350,50.1933,0.0,1.0,1.0,0.1086,0.0749,0.1123,1.0336,0.0457,0.1303,0.0846,2.8489,12.1381,299,0,0.0457,0.1303,0.0846,-0.0812,0.2572,12907,8.4271,float64,153161,154350,0.5019,5281,0.1086,0.0749,0.1123,0.0,0.0457,0.1303,1.0,0.0846,2.8489,12.1386,12907,0.0843,highly_skewed,variable,0.0,non_normal
317,LIVINGAREA_MODE,153161,154350,50.1933,0.0,1.0,1.0,0.106,0.0731,0.1118,1.0554,0.0427,0.1252,0.0825,2.9025,12.4586,444,0,0.0427,0.1252,0.0825,-0.081,0.249,13105,8.5564,float64,153161,154350,0.5019,5301,0.106,0.0731,0.1118,0.0,0.0427,0.1252,1.0,0.0825,2.9025,12.4591,13105,0.0856,highly_skewed,variable,0.0,non_normal
318,NONLIVINGAPARTMENTS_AVG,93997,213514,69.433,0.0,1.0,1.0,0.0088,0.0,0.0477,5.4187,0.0,0.0039,0.0039,15.5409,284.7151,54549,0,0.0,0.0039,0.0039,-0.0058,0.0097,15580,16.575,float64,93997,213514,0.6943,386,0.0088,0.0,0.0477,0.0,0.0,0.0039,1.0,0.0039,15.5412,284.7303,15580,0.1657,highly_skewed,variable,0.0,non_normal
319,NONLIVINGAPARTMENTS_MEDI,93997,213514,69.433,0.0,1.0,1.0,0.0087,0.0,0.0474,5.4808,0.0,0.0039,0.0039,15.6717,289.477,56097,0,0.0,0.0039,0.0039,-0.0058,0.0097,15215,16.1867,float64,93997,213514,0.6943,214,0.0087,0.0,0.0474,0.0,0.0,0.0039,1.0,0.0039,15.672,289.4925,15215,0.1619,highly_skewed,variable,0.0,non_normal
320,NONLIVINGAPARTMENTS_MODE,93997,213514,69.433,0.0,1.0,1.0,0.0081,0.0,0.0463,5.7298,0.0,0.0039,0.0039,16.2516,309.7104,59255,0,0.0,0.0039,0.0039,-0.0058,0.0097,14224,15.1324,float64,93997,213514,0.6943,167,0.0081,0.0,0.0463,0.0,0.0,0.0039,1.0,0.0039,16.2518,309.7269,14224,0.1513,highly_skewed,variable,0.0,non_normal
321,NONLIVINGAREA_AVG,137829,169682,55.1792,0.0,1.0,1.0,0.0284,0.0036,0.0695,2.4516,0.0,0.0277,0.0277,6.5589,64.91,58735,0,0.0,0.0277,0.0277,-0.0415,0.0692,16546,12.0047,float64,137829,169682,0.5518,3290,0.0284,0.0036,0.0695,0.0,0.0,0.0277,1.0,0.0277,6.559,64.9124,16546,0.12,highly_skewed,variable,0.0,non_normal
322,NONLIVINGAREA_MEDI,137829,169682,55.1792,0.0,1.0,1.0,0.0282,0.0031,0.0702,2.485,0.0,0.0266,0.0266,6.5088,63.6517,60954,0,0.0,0.0266,0.0266,-0.0399,0.0665,17254,12.5184,float64,137829,169682,0.5518,3323,0.0282,0.0031,0.0702,0.0,0.0,0.0266,1.0,0.0266,6.5088,63.654,17254,0.1252,highly_skewed,variable,0.0,non_normal
323,NONLIVINGAREA_MODE,137829,169682,55.1792,0.0,1.0,1.0,0.027,0.0011,0.0703,2.5998,0.0,0.0231,0.0231,6.5224,63.3547,67126,0,0.0,0.0231,0.0231,-0.0346,0.0578,18817,13.6524,float64,137829,169682,0.5518,3327,0.027,0.0011,0.0703,0.0,0.0,0.0231,1.0,0.0231,6.5225,63.3571,18817,0.1365,highly_skewed,variable,0.0,non_normal
324,OBS_30_CNT_SOCIAL_CIRCLE,306490,1021,0.332,0.0,348.0,348.0,1.4222,0.0,2.401,1.6882,0.0,2.0,2.0,12.1395,1424.7923,163910,0,0.0,2.0,2.0,-3.0,5.0,19971,6.516,float64,306490,1021,0.0033,33,1.4222,0.0,2.401,0.0,0.0,2.0,348.0,2.0,12.1396,1424.8156,19971,0.0652,highly_skewed,variable,0.0,non_normal
325,OBS_60_CNT_SOCIAL_CIRCLE,306490,1021,0.332,0.0,344.0,344.0,1.4053,0.0,2.3798,1.6935,0.0,2.0,2.0,12.0708,1409.6815,164666,0,0.0,2.0,2.0,-3.0,5.0,19564,6.3832,float64,306490,1021,0.0033,33,1.4053,0.0,2.3798,0.0,0.0,2.0,344.0,2.0,12.0708,1409.7046,19564,0.0638,highly_skewed,variable,0.0,non_normal
326,OWN_CAR_AGE,104582,202929,65.9908,0.0,91.0,91.0,12.0611,9.0,11.9448,0.9904,5.0,15.0,10.0,2.7454,9.2144,2134,0,5.0,15.0,10.0,-10.0,30.0,4932,4.7159,float64,104582,202929,0.6599,62,12.0611,9.0,11.9448,0.0,5.0,15.0,91.0,10.0,2.7454,9.2149,4932,0.0472,highly_skewed,variable,0.0,non_normal
327,POS_CNT_INSTALMENT_FUTURE_MAX,289420,18091,5.883,0.0,84.0,84.0,20.3131,12.0,14.0006,0.6892,12.0,24.0,12.0,1.2912,0.9443,497,0,12.0,24.0,12.0,-6.0,42.0,27660,9.557,float64,289420,18091,0.0588,62,20.3131,12.0,14.0006,0.0,12.0,24.0,84.0,12.0,1.2912,0.9443,27660,0.0956,highly_skewed,variable,0.0,non_normal
328,POS_CNT_INSTALMENT_FUTURE_MEAN,289420,18091,5.883,0.0,60.0,60.0,9.1785,6.95,6.5326,0.7117,5.0,11.6745,6.6745,1.9206,5.1689,497,0,5.0,11.6745,6.6745,-5.0117,21.6862,16223,5.6053,float64,289420,18091,0.0588,39840,9.1785,6.95,6.5326,0.0,5.0,11.6745,60.0,6.6745,1.9206,5.169,16223,0.0561,highly_skewed,variable,0.0,non_normal
329,POS_CNT_INSTALMENT_FUTURE_SUM,289444,18067,5.8752,0.0,5539.0,5539.0,308.19,163.0,380.2564,1.2338,72.0,393.0,321.0,2.6175,9.6201,521,0,72.0,393.0,321.0,-409.5,874.5,23391,8.0814,float64,289444,18067,0.0588,2892,308.19,163.0,380.2564,0.0,72.0,393.0,5539.0,321.0,2.6175,9.6203,23391,0.0808,highly_skewed,variable,0.0,non_normal
330,POS_CNT_INSTALMENT_MAX,289420,18091,5.883,1.0,84.0,83.0,20.4262,12.0,13.9496,0.6829,12.0,24.0,12.0,1.3049,0.9646,0,0,12.0,24.0,12.0,-6.0,42.0,27794,9.6033,float64,289420,18091,0.0588,61,20.4262,12.0,13.9496,1.0,12.0,24.0,84.0,12.0,1.3049,0.9647,27794,0.096,highly_skewed,variable,0.0,non_normal
331,POS_CNT_INSTALMENT_MEAN,289420,18091,5.883,1.0,72.0,71.0,14.6398,12.0,7.9677,0.5443,9.625,18.5556,8.9306,1.4995,3.0417,0,0,9.625,18.5556,8.9306,-3.7708,31.9514,11725,4.0512,float64,289420,18091,0.0588,41222,14.6398,12.0,7.9677,1.0,9.625,18.5556,72.0,8.9306,1.4995,3.0418,11725,0.0405,highly_skewed,variable,0.0,non_normal
332,POS_CNT_INSTALMENT_SUM,289444,18067,5.8752,0.0,7812.0,7812.0,501.4822,288.0,585.1566,1.1669,126.0,660.0,534.0,2.6045,10.0244,24,0,126.0,660.0,534.0,-675.0,1461.0,19889,6.8715,float64,289444,18067,0.0588,4194,501.4822,288.0,585.1566,0.0,126.0,660.0,7812.0,534.0,2.6046,10.0246,19889,0.0687,highly_skewed,variable,0.0,non_normal
333,POS_MONTHS_BALANCE_MAX,289444,18067,5.8752,-96.0,-1.0,95.0,-12.5607,-4.0,18.6629,1.4858,-15.0,-2.0,13.0,-2.2933,4.9258,0,289444,-15.0,-2.0,13.0,-34.5,17.5,31619,10.924,float64,289444,18067,0.0588,96,-12.5607,-4.0,18.6629,-96.0,-15.0,-2.0,-1.0,13.0,-2.2933,4.9259,31619,0.1092,highly_skewed,variable,0.0,non_normal
334,POS_MONTHS_BALANCE_MIN,289444,18067,5.8752,-96.0,-1.0,95.0,-52.7033,-51.0,29.6105,0.5618,-81.0,-25.0,56.0,-0.0417,-1.4265,0,289444,-81.0,-25.0,56.0,-165.0,59.0,0,0.0,float64,289444,18067,0.0588,96,-52.7033,-51.0,29.6105,-96.0,-81.0,-25.0,-1.0,56.0,-0.0417,-1.4265,0,0.0,approximately_symmetric,variable,0.0,non_normal
335,POS_MONTHS_BALANCE_SIZE,289444,18067,5.8752,1.0,295.0,294.0,29.5165,22.0,24.3045,0.8234,12.0,39.0,27.0,1.8332,4.6427,0,0,12.0,39.0,27.0,-28.5,79.5,14121,4.8787,float64,289444,18067,0.0588,227,29.5165,22.0,24.3045,1.0,12.0,39.0,295.0,27.0,1.8332,4.6428,14121,0.0488,highly_skewed,variable,0.0,non_normal
336,POS_NAME_CONTRACT_STATUS_Active_MEAN,289444,18067,5.8752,0.0,1.0,1.0,0.9047,0.9167,0.0747,0.0826,0.875,0.9459,0.0709,-3.2036,23.9568,203,0,0.875,0.9459,0.0709,0.7686,1.0524,11079,3.8277,float64,289444,18067,0.0588,1922,0.9047,0.9167,0.0747,0.0,0.875,0.9459,1.0,0.0709,-3.2036,23.9572,11079,0.0383,highly_skewed,variable,0.0,non_normal
337,POS_NAME_CONTRACT_STATUS_Amortized debt_MEAN,289444,18067,5.8752,0.0,0.5672,0.5672,0.0,0.0,0.0026,166.5554,0.0,0.0,0.0,174.456,31634.4216,289433,0,0.0,0.0,0.0,0.0,0.0,11,0.0038,float64,289444,18067,0.0588,12,0.0,0.0,0.0026,0.0,0.0,0.0,0.5672,0.0,174.4569,31634.9681,0,0.0,highly_skewed,variable,0.0,non_normal
338,POS_NAME_CONTRACT_STATUS_Approved_MEAN,289444,18067,5.8752,0.0,1.0,1.0,0.0006,0.0,0.0075,12.5501,0.0,0.0,0.0,28.8341,1811.095,285514,0,0.0,0.0,0.0,0.0,0.0,3930,1.3578,float64,289444,18067,0.0588,224,0.0006,0.0,0.0075,0.0,0.0,0.0,1.0,0.0,28.8343,1811.1263,0,0.0,highly_skewed,variable,0.0,non_normal
339,POS_NAME_CONTRACT_STATUS_Canceled_MEAN,289444,18067,5.8752,0.0,0.3333,0.3333,0.0,0.0,0.0007,233.5691,0.0,0.0,0.0,361.1399,153096.6566,289432,0,0.0,0.0,0.0,0.0,0.0,12,0.0041,float64,289444,18067,0.0588,12,0.0,0.0,0.0007,0.0,0.0,0.0,0.3333,0.0,361.1417,153099.3013,0,0.0,highly_skewed,variable,0.0,non_normal
340,POS_NAME_CONTRACT_STATUS_Completed_MEAN,289444,18067,5.8752,0.0,1.0,1.0,0.083,0.0769,0.0638,0.7683,0.0476,0.1071,0.0595,3.5158,33.0287,32228,0,0.0476,0.1071,0.0595,-0.0417,0.1964,12370,4.2737,float64,289444,18067,0.0588,1560,0.083,0.0769,0.0638,0.0,0.0476,0.1071,1.0,0.0595,3.5159,33.0293,12370,0.0427,highly_skewed,variable,0.0,non_normal
341,POS_NAME_CONTRACT_STATUS_Demand_MEAN,289444,18067,5.8752,0.0,0.7931,0.7931,0.0003,0.0,0.0119,41.5454,0.0,0.0,0.0,48.7916,2530.6245,289132,0,0.0,0.0,0.0,0.0,0.0,312,0.1078,float64,289444,18067,0.0588,234,0.0003,0.0,0.0119,0.0,0.0,0.0,0.7931,0.0,48.7919,2530.6682,0,0.0,highly_skewed,variable,0.0,non_normal
342,POS_NAME_CONTRACT_STATUS_Returned to the store_MEAN,289444,18067,5.8752,0.0,1.0,1.0,0.0008,0.0,0.0102,12.6452,0.0,0.0,0.0,38.7539,2921.6941,285184,0,0.0,0.0,0.0,0.0,0.0,4260,1.4718,float64,289444,18067,0.0588,228,0.0008,0.0,0.0102,0.0,0.0,0.0,1.0,0.0,38.7541,2921.7446,0,0.0,highly_skewed,variable,0.0,non_normal
343,POS_NAME_CONTRACT_STATUS_Signed_MEAN,289444,18067,5.8752,0.0,1.0,1.0,0.0106,0.0,0.0326,3.081,0.0,0.0,0.0,8.2557,146.0588,231574,0,0.0,0.0,0.0,0.0,0.0,57870,19.9935,float64,289444,18067,0.0588,826,0.0106,0.0,0.0326,0.0,0.0,0.0,1.0,0.0,8.2557,146.0613,0,0.0,highly_skewed,variable,0.0,non_normal
344,POS_NAME_CONTRACT_STATUS_XNA_MEAN,289444,18067,5.8752,0.0,0.0063,0.0063,0.0,0.0,0.0,380.4392,0.0,0.0,0.0,380.4687,144766.9297,289442,0,0.0,0.0,0.0,0.0,0.0,2,0.0007,float64,289444,18067,0.0588,3,0.0,0.0,0.0,0.0,0.0,0.0,0.0062,0.0,380.4707,144769.4305,0,0.0,highly_skewed,variable,0.0,non_normal
345,POS_NAME_CONTRACT_STATUS_nan_MEAN,289444,18067,5.8752,0.0,0.0,0.0,0.0,0.0,0.0,,0.0,0.0,0.0,,,289444,0,0.0,0.0,0.0,0.0,0.0,0,0.0,float64,289444,18067,0.0588,1,0.0,0.0,0.0,0.0,0.0,0.0,0.0,0.0,0.0,0.0,0,0.0,approximately_symmetric,constant,,constant
346,POS_POS_LATE_FLAG_MEAN,289444,18067,5.8752,0.0,1.0,1.0,0.0216,0.0,0.0799,3.6932,0.0,0.0,0.0,6.5832,54.1034,234761,0,0.0,0.0,0.0,0.0,0.0,54683,18.8924,float64,289444,18067,0.0588,2499,0.0216,0.0,0.0799,0.0,0.0,0.0,1.0,0.0,6.5833,54.1044,0,0.0,highly_skewed,variable,0.0,non_normal
347,POS_POS_LATE_FLAG_SUM,289444,18067,5.8752,0.0,120.0,120.0,0.8952,0.0,4.8777,5.4488,0.0,0.0,0.0,12.8278,200.6823,234761,0,0.0,0.0,0.0,0.0,0.0,54683,18.8924,float64,289444,18067,0.0588,103,0.8952,0.0,4.8777,0.0,0.0,0.0,120.0,0.0,12.8278,200.6858,0,0.0,highly_skewed,variable,0.0,non_normal
348,POS_SK_DPD_DEF_MAX,289444,18067,5.8752,0.0,3373.0,3373.0,1.4688,0.0,30.6096,20.8394,0.0,0.0,0.0,86.7008,8092.2266,249554,0,0.0,0.0,0.0,0.0,0.0,39890,13.7816,float64,289444,18067,0.0588,200,1.4688,0.0,30.6096,0.0,0.0,0.0,3373.0,0.0,86.7012,8092.3664,0,0.0,highly_skewed,variable,0.0,non_normal
349,POS_SK_DPD_DEF_MEAN,289444,18067,5.8752,0.0,1740.5545,1740.5545,0.2149,0.0,12.9263,60.1606,0.0,0.0,0.0,102.1978,11181.6911,249554,0,0.0,0.0,0.0,0.0,0.0,39890,13.7816,float64,289444,18067,0.0588,4471,0.2149,0.0,12.9263,0.0,0.0,0.0,1740.5545,0.0,102.1983,11181.8843,0,0.0,highly_skewed,variable,0.0,non_normal
350,POS_SK_DPD_DEF_SUM,289444,18067,5.8752,0.0,184970.0,184970.0,17.2235,0.0,1384.5395,80.3867,0.0,0.0,0.0,104.6893,11596.1739,249554,0,0.0,0.0,0.0,0.0,0.0,39890,13.7816,float64,289444,18067,0.0588,373,17.2235,0.0,1384.5395,0.0,0.0,0.0,184970.0,0.0,104.6899,11596.3742,0,0.0,highly_skewed,variable,0.0,non_normal
351,POS_SK_DPD_MAX,289444,18067,5.8752,0.0,4231.0,4231.0,15.6976,0.0,153.1692,9.7575,0.0,0.0,0.0,14.7487,246.6058,234761,0,0.0,0.0,0.0,0.0,0.0,54683,18.8924,float64,289444,18067,0.0588,1919,15.6976,0.0,153.1692,0.0,0.0,0.0,4231.0,0.0,14.7487,246.6101,0,0.0,highly_skewed,variable,0.0,non_normal
352,POS_SK_DPD_MEAN,289444,18067,5.8752,0.0,2622.0784,2622.0784,4.4065,0.0,60.3884,13.7044,0.0,0.0,0.0,20.1256,479.3173,234761,0,0.0,0.0,0.0,0.0,0.0,54683,18.8924,float64,289444,18067,0.0588,10768,4.4065,0.0,60.3884,0.0,0.0,0.0,2622.0784,0.0,20.1257,479.3256,0,0.0,highly_skewed,variable,0.0,non_normal
353,POS_SK_DPD_SUM,289444,18067,5.8752,0.0,267452.0,267452.0,351.3861,0.0,5678.1364,16.1593,0.0,0.0,0.0,23.5169,650.38,234761,0,0.0,0.0,0.0,0.0,0.0,54683,18.8924,float64,289444,18067,0.0588,3708,351.3861,0.0,5678.1364,0.0,0.0,0.0,267452.0,0.0,23.517,650.3912,0,0.0,highly_skewed,variable,0.0,non_normal
354,POS_SK_ID_PREV_NUNIQUE,289444,18067,5.8752,1.0,26.0,25.0,2.7651,2.0,1.9631,0.7099,1.0,4.0,3.0,1.7786,4.9018,0,0,1.0,4.0,3.0,-3.5,8.5,5062,1.7489,float64,289444,18067,0.0588,25,2.7651,2.0,1.9631,1.0,1.0,4.0,26.0,3.0,1.7786,4.9019,5062,0.0175,highly_skewed,variable,0.0,non_normal
355,PREV_AMT_ANNUITY_MAX,290640,16871,5.4863,0.0,418058.145,418058.145,23722.7385,17907.75,19169.4927,0.8081,10389.78,31505.9287,21116.1488,2.2742,11.5191,1,0,10389.78,31505.9288,21116.1488,-21284.4431,63180.1519,11711,4.0294,float64,290640,16871,0.0549,145950,23722.7385,17907.75,19169.4927,0.0,10389.78,31505.9288,418058.145,21116.1488,2.2742,11.5193,11711,0.0403,highly_skewed,variable,0.0,non_normal
356,PREV_AMT_ANNUITY_MEAN,290640,16871,5.4863,0.0,300425.445,300425.445,14532.0528,11984.355,10007.4835,0.6886,7835.9672,18330.3135,10494.3463,2.5318,15.9802,1,0,7835.9672,18330.3135,10494.3463,-7905.5523,34071.833,13063,4.4946,float64,290640,16871,0.0549,267474,14532.0528,11984.355,10007.4835,0.0,7835.9672,18330.3135,300425.445,10494.3463,2.5319,15.9805,13063,0.0449,highly_skewed,variable,0.0,non_normal
357,PREV_AMT_APPLICATION_MAX,291057,16454,5.3507,0.0,5850000.0,5850000.0,374590.4658,202500.0,421995.135,1.1266,98311.5,454500.0,356188.5,2.1105,5.6869,1015,0,98311.5,454500.0,356188.5,-435971.25,988782.75,29349,10.0836,float64,291057,16454,0.0535,48662,374590.4658,202500.0,421995.135,0.0,98311.5,454500.0,5850000.0,356188.5,2.1105,5.687,29349,0.1008,highly_skewed,variable,0.0,non_normal
358,PREV_AMT_APPLICATION_MEAN,291057,16454,5.3507,0.0,4050000.0,4050000.0,154005.4864,106002.0,153287.8311,0.9953,61925.7375,191250.0,129324.2625,3.588,27.5094,1015,0,61925.7375,191250.0,129324.2625,-132060.6562,385236.3938,20369,6.9983,float64,291057,16454,0.0535,191746,154005.4864,106002.0,153287.8311,0.0,61925.7375,191250.0,4050000.0,129324.2625,3.588,27.5099,20369,0.07,highly_skewed,variable,0.0,non_normal
359,PREV_AMT_CREDIT_MAX,291057,16454,5.3507,0.0,4509688.5,4509688.5,413865.5665,225000.0,457538.3827,1.1055,104431.5,547344.0,442912.5,2.0005,5.0272,227,0,104431.5,547344.0,442912.5,-559937.25,1211712.75,23933,8.2228,float64,291057,16454,0.0535,58510,413865.5665,225000.0,457538.3827,0.0,104431.5,547344.0,4509688.5,442912.5,2.0005,5.0273,23933,0.0822,highly_skewed,variable,0.0,non_normal
360,PREV_AMT_CREDIT_MEAN,291057,16454,5.3507,0.0,4050000.0,4050000.0,170070.0188,117450.0,165737.1784,0.9745,66849.4286,216072.0,149222.5714,3.2939,23.1193,227,0,66849.4286,216072.0,149222.5714,-156984.4286,439905.8571,18673,6.4156,float64,291057,16454,0.0535,210626,170070.0188,117450.0,165737.1784,0.0,66849.4286,216072.0,4050000.0,149222.5714,3.2939,23.1197,18673,0.0642,highly_skewed,variable,0.0,non_normal
361,PREV_AMT_DOWN_PAYMENT_MAX,273605,33906,11.0259,0.0,3060045.0,3060045.0,11681.062,5850.0,28603.1658,2.4487,0.0,13500.0,13500.0,27.5283,1628.5436,76954,0,0.0,13500.0,13500.0,-20250.0,33750.0,19102,6.9816,float64,273605,33906,0.1103,21521,11681.062,5850.0,28603.1658,0.0,0.0,13500.0,3060045.0,13500.0,27.5284,1628.5734,19102,0.0698,highly_skewed,variable,0.0,non_normal
362,PREV_AMT_DOWN_PAYMENT_MEAN,273605,33906,11.0259,-0.225,2025000.0,2025000.225,7080.5033,3375.0,18421.7984,2.6018,0.0,8282.25,8282.25,31.4303,2190.3991,76953,1,0.0,8282.25,8282.25,-12423.375,20705.625,19318,7.0605,float64,273605,33906,0.1103,54046,7080.5033,3375.0,18421.7984,-0.225,0.0,8282.25,2025000.0,8282.25,31.4305,2190.4392,19318,0.0706,highly_skewed,variable,0.0,non_normal
363,PREV_AMT_GOODS_PRICE_MAX,290082,17429,5.6678,0.0,5850000.0,5850000.0,375879.7191,202617.45,422152.5547,1.1231,98991.0,454500.0,355509.0,2.1085,5.6752,40,0,98991.0,454500.0,355509.0,-434272.5,987763.5,29349,10.1175,float64,290082,17429,0.0567,48658,375879.7191,202617.45,422152.5547,0.0,98991.0,454500.0,5850000.0,355509.0,2.1085,5.6753,29349,0.1012,highly_skewed,variable,0.0,non_normal
364,PREV_AMT_GOODS_PRICE_MEAN,290082,17429,5.6678,0.0,4050000.0,4050000.0,193895.9097,128591.25,192576.057,0.9932,73557.0,244901.7869,171344.7869,2.9588,16.3513,40,0,73557.0,244901.7869,171344.7869,-183460.1803,501918.9672,19863,6.8474,float64,290082,17429,0.0567,185829,193895.9097,128591.25,192576.057,0.0,73557.0,244901.7869,4050000.0,171344.7869,2.9588,16.3516,19863,0.0685,highly_skewed,variable,0.0,non_normal
365,PREV_APP_CREDIT_PERC_MAX,290830,16681,5.4245,0.0,20.0,20.0,1.1137,1.0426,0.3076,0.2762,1.0,1.1318,0.1318,11.7702,383.417,788,0,1.0,1.1318,0.1318,0.8023,1.3296,30682,10.5498,float64,290830,16681,0.0542,141278,1.1137,1.0426,0.3076,0.0,1.0,1.1318,20.0,0.1318,11.7703,383.4236,30682,0.1055,highly_skewed,variable,0.0,non_normal
366,PREV_APP_CREDIT_PERC_MEAN,290830,16681,5.4245,0.0,5.4671,5.4671,0.9688,0.9715,0.1706,0.1761,0.9072,1.0266,0.1194,1.5097,29.1745,788,0,0.9072,1.0266,0.1194,0.7281,1.2056,29975,10.3067,float64,290830,16681,0.0542,247296,0.9688,0.9715,0.1706,0.0,0.9072,1.0266,5.4671,0.1194,1.5097,29.175,29975,0.1031,highly_skewed,variable,0.0,non_normal
367,PREV_APP_CREDIT_PERC_VAR,229461,78050,25.3812,0.0,63.7019,63.7019,0.0728,0.0099,0.347,4.7692,0.0035,0.0561,0.0526,75.772,9760.7989,6359,0,0.0035,0.0561,0.0526,-0.0754,0.135,39824,17.3555,float64,229461,78050,0.2538,211714,0.0728,0.0099,0.347,0.0,0.0035,0.0561,63.7019,0.0526,75.7725,9761.0116,39824,0.1736,highly_skewed,variable,0.0,non_normal
368,PREV_CHANNEL_TYPE_AP+ (Cash loan)_MEAN,291057,16454,5.3507,0.0,1.0,1.0,0.0298,0.0,0.124,4.1667,0.0,0.0,0.0,5.1199,28.8694,268183,0,0.0,0.0,0.0,0.0,0.0,22874,7.8589,float64,291057,16454,0.0535,261,0.0298,0.0,0.124,0.0,0.0,0.0,1.0,0.0,5.12,28.8699,0,0.0,highly_skewed,variable,0.0,non_normal
369,PREV_CHANNEL_TYPE_Car dealer_MEAN,291057,16454,5.3507,0.0,1.0,1.0,0.0003,0.0,0.0127,37.7168,0.0,0.0,0.0,52.0332,3291.5645,290739,0,0.0,0.0,0.0,0.0,0.0,318,0.1093,float64,291057,16454,0.0535,35,0.0003,0.0,0.0127,0.0,0.0,0.0,1.0,0.0,52.0334,3291.621,0,0.0,highly_skewed,variable,0.0,non_normal
370,PREV_CHANNEL_TYPE_Channel of corporate sales_MEAN,291057,16454,5.3507,0.0,1.0,1.0,0.0037,0.0,0.0507,13.6335,0.0,0.0,0.0,16.106,280.378,288869,0,0.0,0.0,0.0,0.0,0.0,2188,0.7517,float64,291057,16454,0.0535,129,0.0037,0.0,0.0507,0.0,0.0,0.0,1.0,0.0,16.1061,280.3828,0,0.0,highly_skewed,variable,0.0,non_normal
371,PREV_CHANNEL_TYPE_Contact center_MEAN,291057,16454,5.3507,0.0,1.0,1.0,0.0362,0.0,0.1106,3.0577,0.0,0.0,0.0,3.9375,18.6286,250987,0,0.0,0.0,0.0,0.0,0.0,40070,13.7671,float64,291057,16454,0.0535,222,0.0362,0.0,0.1106,0.0,0.0,0.0,1.0,0.0,3.9375,18.6289,0,0.0,highly_skewed,variable,0.0,non_normal
372,PREV_CHANNEL_TYPE_Country-wide_MEAN,291057,16454,5.3507,0.0,1.0,1.0,0.3697,0.2857,0.3594,0.9721,0.0,0.6,0.6,0.6183,-0.9617,89739,0,0.0,0.6,0.6,-0.9,1.5,0,0.0,float64,291057,16454,0.0535,348,0.3697,0.2857,0.3594,0.0,0.0,0.6,1.0,0.6,0.6183,-0.9617,0,0.0,moderately_skewed,variable,0.0,non_normal
373,PREV_CHANNEL_TYPE_Credit and cash offices_MEAN,291057,16454,5.3507,0.0,1.0,1.0,0.2955,0.1818,0.3302,1.1171,0.0,0.5714,0.5714,0.623,-1.0322,137916,0,0.0,0.5714,0.5714,-0.8571,1.4286,0,0.0,float64,291057,16454,0.0535,414,0.2955,0.1818,0.3302,0.0,0.0,0.5714,1.0,0.5714,0.623,-1.0322,0,0.0,moderately_skewed,variable,0.0,non_normal
374,PREV_CHANNEL_TYPE_Regional / Local_MEAN,291057,16454,5.3507,0.0,1.0,1.0,0.0899,0.0,0.2193,2.4409,0.0,0.0,0.0,2.9323,8.3401,226329,0,0.0,0.0,0.0,0.0,0.0,64728,22.2389,float64,291057,16454,0.0535,201,0.0899,0.0,0.2193,0.0,0.0,0.0,1.0,0.0,2.9323,8.3403,0,0.0,highly_skewed,variable,0.0,non_normal
375,PREV_CHANNEL_TYPE_Stone_MEAN,291057,16454,5.3507,0.0,1.0,1.0,0.1749,0.0,0.2881,1.6479,0.0,0.25,0.25,1.7872,2.2224,173654,0,0.0,0.25,0.25,-0.375,0.625,27168,9.3343,float64,291057,16454,0.0535,244,0.1749,0.0,0.2881,0.0,0.0,0.25,1.0,0.25,1.7872,2.2224,27168,0.0933,highly_skewed,variable,0.0,non_normal
376,PREV_CHANNEL_TYPE_nan_MEAN,291057,16454,5.3507,0.0,0.0,0.0,0.0,0.0,0.0,,0.0,0.0,0.0,,,291057,0,0.0,0.0,0.0,0.0,0.0,0,0.0,float64,291057,16454,0.0535,1,0.0,0.0,0.0,0.0,0.0,0.0,0.0,0.0,0.0,0.0,0,0.0,approximately_symmetric,constant,,constant
377,PREV_CNT_PAYMENT_MEAN,290642,16869,5.4857,0.0,72.0,72.0,14.5308,12.0,8.4199,0.5794,9.0,18.0,9.0,1.4327,2.7038,2076,0,9.0,18.0,9.0,-4.5,31.5,14457,4.9742,float64,290642,16869,0.0549,2838,14.5308,12.0,8.4199,0.0,9.0,18.0,72.0,9.0,1.4328,2.7039,14457,0.0497,highly_skewed,variable,0.0,non_normal
378,PREV_CNT_PAYMENT_SUM,291057,16454,5.3507,0.0,1788.0,1788.0,61.0234,36.0,74.3067,1.2177,18.0,78.0,60.0,3.8614,28.5782,2491,0,18.0,78.0,60.0,-72.0,168.0,19618,6.7403,float64,291057,16454,0.0535,727,61.0234,36.0,74.3067,0.0,18.0,78.0,1788.0,60.0,3.8614,28.5787,19618,0.0674,highly_skewed,variable,0.0,non_normal
379,PREV_CODE_REJECT_REASON_CLIENT_MEAN,291057,16454,5.3507,0.0,1.0,1.0,0.0151,0.0,0.0691,4.5734,0.0,0.0,0.0,6.0974,47.0951,272024,0,0.0,0.0,0.0,0.0,0.0,19033,6.5393,float64,291057,16454,0.0535,118,0.0151,0.0,0.0691,0.0,0.0,0.0,1.0,0.0,6.0974,47.096,0,0.0,highly_skewed,variable,0.0,non_normal
380,PREV_CODE_REJECT_REASON_HC_MEAN,291057,16454,5.3507,0.0,1.0,1.0,0.0597,0.0,0.1335,2.2363,0.0,0.0,0.0,2.6984,8.0957,225028,0,0.0,0.0,0.0,0.0,0.0,66029,22.6859,float64,291057,16454,0.0535,388,0.0597,0.0,0.1335,0.0,0.0,0.0,1.0,0.0,2.6984,8.0959,0,0.0,highly_skewed,variable,0.0,non_normal
381,PREV_CODE_REJECT_REASON_LIMIT_MEAN,291057,16454,5.3507,0.0,1.0,1.0,0.0251,0.0,0.0918,3.6617,0.0,0.0,0.0,4.5148,22.8924,262669,0,0.0,0.0,0.0,0.0,0.0,28388,9.7534,float64,291057,16454,0.0535,244,0.0251,0.0,0.0918,0.0,0.0,0.0,1.0,0.0,4.5148,22.8929,0,0.0,highly_skewed,variable,0.0,non_normal
382,PREV_CODE_REJECT_REASON_SCOFR_MEAN,291057,16454,5.3507,0.0,1.0,1.0,0.0056,0.0,0.0431,7.6756,0.0,0.0,0.0,9.6235,106.9741,284269,0,0.0,0.0,0.0,0.0,0.0,6788,2.3322,float64,291057,16454,0.0535,157,0.0056,0.0,0.0431,0.0,0.0,0.0,1.0,0.0,9.6236,106.9759,0,0.0,highly_skewed,variable,0.0,non_normal
383,PREV_CODE_REJECT_REASON_SCO_MEAN,291057,16454,5.3507,0.0,1.0,1.0,0.0166,0.0,0.0716,4.3058,0.0,0.0,0.0,5.7894,42.1246,269405,0,0.0,0.0,0.0,0.0,0.0,21652,7.4391,float64,291057,16454,0.0535,206,0.0166,0.0,0.0716,0.0,0.0,0.0,1.0,0.0,5.7895,42.1253,0,0.0,highly_skewed,variable,0.0,non_normal
384,PREV_CODE_REJECT_REASON_SYSTEM_MEAN,291057,16454,5.3507,0.0,1.0,1.0,0.0003,0.0,0.0096,28.5817,0.0,0.0,0.0,39.8516,2072.3304,290543,0,0.0,0.0,0.0,0.0,0.0,514,0.1766,float64,291057,16454,0.0535,57,0.0003,0.0,0.0096,0.0,0.0,0.0,1.0,0.0,39.8518,2072.366,0,0.0,highly_skewed,variable,0.0,non_normal
385,PREV_CODE_REJECT_REASON_VERIF_MEAN,291057,16454,5.3507,0.0,1.0,1.0,0.0015,0.0,0.0199,13.268,0.0,0.0,0.0,19.1265,482.7887,288538,0,0.0,0.0,0.0,0.0,0.0,2519,0.8655,float64,291057,16454,0.0535,83,0.0015,0.0,0.0199,0.0,0.0,0.0,1.0,0.0,19.1266,482.7971,0,0.0,highly_skewed,variable,0.0,non_normal
386,PREV_CODE_REJECT_REASON_XAP_MEAN,291057,16454,5.3507,0.0,1.0,1.0,0.874,1.0,0.1945,0.2226,0.75,1.0,0.25,-1.54,1.7456,607,0,0.75,1.0,0.25,0.375,1.375,8065,2.7709,float64,291057,16454,0.0535,394,0.874,1.0,0.1945,0.0,0.75,1.0,1.0,0.25,-1.54,1.7457,8065,0.0277,highly_skewed,variable,0.0,non_normal
387,PREV_CODE_REJECT_REASON_XNA_MEAN,291057,16454,5.3507,0.0,1.0,1.0,0.002,0.0,0.0218,10.6914,0.0,0.0,0.0,15.2971,323.0911,287401,0,0.0,0.0,0.0,0.0,0.0,3656,1.2561,float64,291057,16454,0.0535,104,0.002,0.0,0.0218,0.0,0.0,0.0,1.0,0.0,15.2972,323.0966,0,0.0,highly_skewed,variable,0.0,non_normal
388,PREV_CODE_REJECT_REASON_nan_MEAN,291057,16454,5.3507,0.0,0.0,0.0,0.0,0.0,0.0,,0.0,0.0,0.0,,,291057,0,0.0,0.0,0.0,0.0,0.0,0,0.0,float64,291057,16454,0.0535,1,0.0,0.0,0.0,0.0,0.0,0.0,0.0,0.0,0.0,0.0,0,0.0,approximately_symmetric,constant,,constant
389,PREV_CREDIT_TO_ANNUITY_RATIO_MAX,290639,16872,5.4866,2.7579,400.0,397.2421,17.9025,20.0,9.559,0.5339,9.8619,22.1729,12.311,3.7801,80.1032,0,0,9.8619,22.1729,12.311,-8.6046,40.6394,856,0.2945,float64,290639,16872,0.0549,132973,17.9025,20.0,9.559,2.7579,9.8619,22.1729,400.0,12.311,3.7801,80.1046,856,0.0029,highly_skewed,variable,0.0,non_normal
390,PREV_CREDIT_TO_ANNUITY_RATIO_MEAN,290639,16872,5.4866,2.7579,127.8576,125.0997,12.4349,11.5417,5.0656,0.4074,8.8319,15.3039,6.472,1.0518,4.0655,0,0,8.8319,15.3039,6.472,-0.8762,25.0119,5225,1.7978,float64,290639,16872,0.0549,277142,12.4349,11.5417,5.0656,2.7579,8.8319,15.3039,127.8576,6.472,1.0518,4.0656,5225,0.018,highly_skewed,variable,0.0,non_normal
391,PREV_DAYS_DECISION_MAX,291057,16454,5.3507,-2922.0,-1.0,2921.0,-480.8168,-299.0,540.1861,1.1235,-595.0,-147.0,448.0,-2.2244,5.1323,0,291057,-595.0,-147.0,448.0,-1267.0,525.0,23982,8.2396,float64,291057,16454,0.0535,2922,-480.8168,-299.0,540.1861,-2922.0,-595.0,-147.0,-1.0,448.0,-2.2244,5.1324,23982,0.0824,highly_skewed,variable,0.0,non_normal
392,PREV_DAYS_DECISION_MEAN,291057,16454,5.3507,-2922.0,-2.0,2920.0,-919.5742,-789.0,577.7659,0.6283,-1247.0,-466.8,780.2,-0.9894,0.5647,0,291057,-1247.0,-466.8,780.2,-2417.3,703.5,6868,2.3597,float64,291057,16454,0.0535,60029,-919.5742,-789.0,577.7659,-2922.0,-1247.0,-466.8,-2.0,780.2,-0.9894,0.5647,6868,0.0236,moderately_skewed,variable,0.0,non_normal
393,PREV_DAYS_DECISION_MIN,291057,16454,5.3507,-2922.0,-2.0,2920.0,-1539.8221,-1503.0,864.6643,0.5615,-2391.0,-725.0,1666.0,-0.0505,-1.4149,0,291057,-2391.0,-725.0,1666.0,-4890.0,1774.0,0,0.0,float64,291057,16454,0.0535,2921,-1539.8221,-1503.0,864.6643,-2922.0,-2391.0,-725.0,-2.0,1666.0,-0.0505,-1.4149,0,0.0,approximately_symmetric,variable,0.0,non_normal
394,PREV_DOWN_PAYMENT_TO_CREDIT_MAX,273605,33906,11.0259,0.0,11.2245,11.2245,0.1639,0.107,0.2444,1.4907,0.0,0.2175,0.2175,5.5633,82.2862,76954,0,0.0,0.2175,0.2175,-0.3263,0.5438,15910,5.815,float64,273605,33906,0.1103,118279,0.1639,0.107,0.2444,0.0,0.0,0.2175,11.2245,0.2175,5.5633,82.2878,15910,0.0581,highly_skewed,variable,0.0,non_normal
395,PREV_DOWN_PAYMENT_TO_CREDIT_MEAN,273605,33906,11.0259,-0.0,9.962,9.9621,0.0998,0.0685,0.1499,1.5023,0.0,0.113,0.113,7.1241,177.4545,76953,1,0.0,0.113,0.113,-0.1695,0.2824,17381,6.3526,float64,273605,33906,0.1103,165423,0.0998,0.0685,0.1499,-0.0,0.0,0.113,9.962,0.113,7.1242,177.4577,17381,0.0635,highly_skewed,variable,0.0,non_normal
396,PREV_FLAG_LAST_APPL_PER_CONTRACT_N_MEAN,291057,16454,5.3507,0.0,0.8889,0.8889,0.003,0.0,0.027,8.9713,0.0,0.0,0.0,12.0776,183.3705,286035,0,0.0,0.0,0.0,0.0,0.0,5022,1.7254,float64,291057,16454,0.0535,135,0.003,0.0,0.027,0.0,0.0,0.0,0.8889,0.0,12.0776,183.3737,0,0.0,highly_skewed,variable,0.0,non_normal
397,PREV_FLAG_LAST_APPL_PER_CONTRACT_Y_MEAN,291057,16454,5.3507,0.1111,1.0,0.8889,0.997,1.0,0.027,0.0271,1.0,1.0,0.0,-12.0776,183.3705,0,0,1.0,1.0,0.0,1.0,1.0,5022,1.7254,float64,291057,16454,0.0535,135,0.997,1.0,0.027,0.1111,1.0,1.0,1.0,0.0,-12.0776,183.3737,0,0.0,highly_skewed,variable,0.0,non_normal
398,PREV_FLAG_LAST_APPL_PER_CONTRACT_nan_MEAN,291057,16454,5.3507,0.0,0.0,0.0,0.0,0.0,0.0,,0.0,0.0,0.0,,,291057,0,0.0,0.0,0.0,0.0,0.0,0,0.0,float64,291057,16454,0.0535,1,0.0,0.0,0.0,0.0,0.0,0.0,0.0,0.0,0.0,0.0,0,0.0,approximately_symmetric,constant,,constant
399,PREV_GOODS_TO_CREDIT_RATIO_MAX,290073,17438,5.6707,0.0,20.0,20.0,1.1166,1.0437,0.3027,0.2711,1.0,1.1328,0.1328,12.5187,410.306,31,0,1.0,1.1328,0.1328,0.8008,1.332,29614,10.2092,float64,290073,17438,0.0567,141283,1.1166,1.0437,0.3027,0.0,1.0,1.1328,20.0,0.1328,12.5188,410.3131,29614,0.1021,highly_skewed,variable,0.0,non_normal
400,PREV_GOODS_TO_CREDIT_RATIO_MEAN,290073,17438,5.6707,0.0,5.4671,5.4671,1.003,0.9861,0.1366,0.1362,0.9339,1.0378,0.1039,4.5892,61.3141,31,0,0.9339,1.0378,0.1039,0.7781,1.1936,18661,6.4332,float64,290073,17438,0.0567,246133,1.003,0.9861,0.1366,0.0,0.9339,1.0378,5.4671,0.1039,4.5892,61.3152,18661,0.0643,highly_skewed,variable,0.0,non_normal
401,PREV_HOUR_APPR_PROCESS_START_MAX,291057,16454,5.3507,0.0,23.0,23.0,14.7683,15.0,3.1829,0.2155,13.0,17.0,4.0,-0.4531,-0.0738,5,0,13.0,17.0,4.0,7.0,23.0,2830,0.9723,float64,291057,16454,0.0535,24,14.7683,15.0,3.1829,0.0,13.0,17.0,23.0,4.0,-0.4531,-0.0738,2830,0.0097,approximately_symmetric,variable,0.0,non_normal
402,PREV_HOUR_APPR_PROCESS_START_MEAN,291057,16454,5.3507,0.0,23.0,23.0,12.6616,12.75,2.7756,0.2192,11.0,14.5,3.5,-0.1957,0.222,5,0,11.0,14.5,3.5,5.75,19.75,4639,1.5938,float64,291057,16454,0.0535,2558,12.6616,12.75,2.7756,0.0,11.0,14.5,23.0,3.5,-0.1957,0.222,4639,0.0159,approximately_symmetric,variable,0.0,non_normal
403,PREV_NAME_CASH_LOAN_PURPOSE_Building a house or an annex_MEAN,291057,16454,5.3507,0.0,1.0,1.0,0.0012,0.0,0.0219,18.2587,0.0,0.0,0.0,28.8698,1060.7699,289453,0,0.0,0.0,0.0,0.0,0.0,1604,0.5511,float64,291057,16454,0.0535,98,0.0012,0.0,0.0219,0.0,0.0,0.0,1.0,0.0,28.87,1060.7882,0,0.0,highly_skewed,variable,0.0,non_normal
404,PREV_NAME_CASH_LOAN_PURPOSE_Business development_MEAN,291057,16454,5.3507,0.0,1.0,1.0,0.0002,0.0,0.0091,45.2067,0.0,0.0,0.0,73.8302,6856.1528,290772,0,0.0,0.0,0.0,0.0,0.0,285,0.0979,float64,291057,16454,0.0535,48,0.0002,0.0,0.0091,0.0,0.0,0.0,1.0,0.0,73.8306,6856.2706,0,0.0,highly_skewed,variable,0.0,non_normal
405,PREV_NAME_CASH_LOAN_PURPOSE_Buying a garage_MEAN,291057,16454,5.3507,0.0,1.0,1.0,0.0001,0.0,0.0048,80.2131,0.0,0.0,0.0,122.0881,18960.5901,290972,0,0.0,0.0,0.0,0.0,0.0,85,0.0292,float64,291057,16454,0.0535,34,0.0001,0.0,0.0048,0.0,0.0,0.0,1.0,0.0,122.0887,18960.9158,0,0.0,highly_skewed,variable,0.0,non_normal
406,PREV_NAME_CASH_LOAN_PURPOSE_Buying a holiday home / land_MEAN,291057,16454,5.3507,0.0,1.0,1.0,0.0002,0.0,0.0101,40.5602,0.0,0.0,0.0,62.0494,4836.6985,290737,0,0.0,0.0,0.0,0.0,0.0,320,0.1099,float64,291057,16454,0.0535,52,0.0002,0.0,0.0101,0.0,0.0,0.0,1.0,0.0,62.0497,4836.7816,0,0.0,highly_skewed,variable,0.0,non_normal
407,PREV_NAME_CASH_LOAN_PURPOSE_Buying a home_MEAN,291057,16454,5.3507,0.0,1.0,1.0,0.0004,0.0,0.0119,32.2155,0.0,0.0,0.0,48.4582,3020.9249,290568,0,0.0,0.0,0.0,0.0,0.0,489,0.168,float64,291057,16454,0.0535,62,0.0004,0.0,0.0119,0.0,0.0,0.0,1.0,0.0,48.4585,3020.9768,0,0.0,highly_skewed,variable,0.0,non_normal
408,PREV_NAME_CASH_LOAN_PURPOSE_Buying a new car_MEAN,291057,16454,5.3507,0.0,1.0,1.0,0.0004,0.0,0.0133,30.5404,0.0,0.0,0.0,47.2777,2830.6345,290488,0,0.0,0.0,0.0,0.0,0.0,569,0.1955,float64,291057,16454,0.0535,71,0.0004,0.0,0.0133,0.0,0.0,0.0,1.0,0.0,47.2779,2830.6831,0,0.0,highly_skewed,variable,0.0,non_normal
409,PREV_NAME_CASH_LOAN_PURPOSE_Buying a used car_MEAN,291057,16454,5.3507,0.0,1.0,1.0,0.0013,0.0,0.0229,17.3181,0.0,0.0,0.0,26.9351,924.15,289328,0,0.0,0.0,0.0,0.0,0.0,1729,0.594,float64,291057,16454,0.0535,100,0.0013,0.0,0.0229,0.0,0.0,0.0,1.0,0.0,26.9352,924.1659,0,0.0,highly_skewed,variable,0.0,non_normal
410,PREV_NAME_CASH_LOAN_PURPOSE_Car repairs_MEAN,291057,16454,5.3507,0.0,1.0,1.0,0.0005,0.0,0.0147,31.8944,0.0,0.0,0.0,50.0601,3018.8634,290476,0,0.0,0.0,0.0,0.0,0.0,581,0.1996,float64,291057,16454,0.0535,53,0.0005,0.0,0.0147,0.0,0.0,0.0,1.0,0.0,50.0603,3018.9152,0,0.0,highly_skewed,variable,0.0,non_normal
411,PREV_NAME_CASH_LOAN_PURPOSE_Education_MEAN,291057,16454,5.3507,0.0,1.0,1.0,0.0008,0.0,0.0174,22.2329,0.0,0.0,0.0,34.8344,1568.7725,290011,0,0.0,0.0,0.0,0.0,0.0,1046,0.3594,float64,291057,16454,0.0535,67,0.0008,0.0,0.0174,0.0,0.0,0.0,1.0,0.0,34.8346,1568.7994,0,0.0,highly_skewed,variable,0.0,non_normal
412,PREV_NAME_CASH_LOAN_PURPOSE_Everyday expenses_MEAN,291057,16454,5.3507,0.0,1.0,1.0,0.0013,0.0,0.0224,17.5849,0.0,0.0,0.0,28.6104,1046.9045,289282,0,0.0,0.0,0.0,0.0,0.0,1775,0.6098,float64,291057,16454,0.0535,74,0.0013,0.0,0.0224,0.0,0.0,0.0,1.0,0.0,28.6106,1046.9225,0,0.0,highly_skewed,variable,0.0,non_normal
413,PREV_NAME_CASH_LOAN_PURPOSE_Furniture_MEAN,291057,16454,5.3507,0.0,1.0,1.0,0.0004,0.0,0.0141,31.4146,0.0,0.0,0.0,48.0377,2850.8255,290502,0,0.0,0.0,0.0,0.0,0.0,555,0.1907,float64,291057,16454,0.0535,56,0.0004,0.0,0.0141,0.0,0.0,0.0,1.0,0.0,48.038,2850.8745,0,0.0,highly_skewed,variable,0.0,non_normal
414,PREV_NAME_CASH_LOAN_PURPOSE_Gasification / water supply_MEAN,291057,16454,5.3507,0.0,1.0,1.0,0.0002,0.0,0.0083,51.8118,0.0,0.0,0.0,78.6506,7713.7698,290861,0,0.0,0.0,0.0,0.0,0.0,196,0.0673,float64,291057,16454,0.0535,42,0.0002,0.0,0.0083,0.0,0.0,0.0,1.0,0.0,78.651,7713.9023,0,0.0,highly_skewed,variable,0.0,non_normal
415,PREV_NAME_CASH_LOAN_PURPOSE_Hobby_MEAN,291057,16454,5.3507,0.0,0.5,0.5,0.0,0.0,0.0019,100.4813,0.0,0.0,0.0,143.0272,26278.8636,291015,0,0.0,0.0,0.0,0.0,0.0,42,0.0144,float64,291057,16454,0.0535,20,0.0,0.0,0.0019,0.0,0.0,0.0,0.5,0.0,143.0279,26279.315,0,0.0,highly_skewed,variable,0.0,non_normal
416,PREV_NAME_CASH_LOAN_PURPOSE_Journey_MEAN,291057,16454,5.3507,0.0,1.0,1.0,0.0006,0.0,0.0164,25.8055,0.0,0.0,0.0,40.6783,2073.0067,290232,0,0.0,0.0,0.0,0.0,0.0,825,0.2834,float64,291057,16454,0.0535,72,0.0006,0.0,0.0164,0.0,0.0,0.0,1.0,0.0,40.6786,2073.0423,0,0.0,highly_skewed,variable,0.0,non_normal
417,PREV_NAME_CASH_LOAN_PURPOSE_Medicine_MEAN,291057,16454,5.3507,0.0,1.0,1.0,0.0011,0.0,0.0225,19.9349,0.0,0.0,0.0,31.5336,1215.509,289601,0,0.0,0.0,0.0,0.0,0.0,1456,0.5002,float64,291057,16454,0.0535,82,0.0011,0.0,0.0225,0.0,0.0,0.0,1.0,0.0,31.5337,1215.5299,0,0.0,highly_skewed,variable,0.0,non_normal
418,PREV_NAME_CASH_LOAN_PURPOSE_Money for a third person_MEAN,291057,16454,5.3507,0.0,1.0,1.0,0.0,0.0,0.0029,185.2697,0.0,0.0,0.0,300.8239,101346.6686,291034,0,0.0,0.0,0.0,0.0,0.0,23,0.0079,float64,291057,16454,0.0535,15,0.0,0.0,0.0029,0.0,0.0,0.0,1.0,0.0,300.8254,101348.4097,0,0.0,highly_skewed,variable,0.0,non_normal
419,PREV_NAME_CASH_LOAN_PURPOSE_Other_MEAN,291057,16454,5.3507,0.0,1.0,1.0,0.0076,0.0,0.0553,7.3211,0.0,0.0,0.0,11.6187,170.135,281149,0,0.0,0.0,0.0,0.0,0.0,9908,3.4041,float64,291057,16454,0.0535,163,0.0076,0.0,0.0553,0.0,0.0,0.0,1.0,0.0,11.6187,170.1379,0,0.0,highly_skewed,variable,0.0,non_normal
420,PREV_NAME_CASH_LOAN_PURPOSE_Payments on other loans_MEAN,291057,16454,5.3507,0.0,1.0,1.0,0.0006,0.0,0.0122,20.2508,0.0,0.0,0.0,35.155,1870.3514,289853,0,0.0,0.0,0.0,0.0,0.0,1204,0.4137,float64,291057,16454,0.0535,85,0.0006,0.0,0.0122,0.0,0.0,0.0,1.0,0.0,35.1552,1870.3836,0,0.0,highly_skewed,variable,0.0,non_normal
421,PREV_NAME_CASH_LOAN_PURPOSE_Purchase of electronic equipment_MEAN,291057,16454,5.3507,0.0,1.0,1.0,0.0006,0.0,0.0164,26.1597,0.0,0.0,0.0,41.5252,2149.0087,290249,0,0.0,0.0,0.0,0.0,0.0,808,0.2776,float64,291057,16454,0.0535,57,0.0006,0.0,0.0164,0.0,0.0,0.0,1.0,0.0,41.5255,2149.0457,0,0.0,highly_skewed,variable,0.0,non_normal
422,PREV_NAME_CASH_LOAN_PURPOSE_Refusal to name the goal_MEAN,291057,16454,5.3507,0.0,1.0,1.0,0.0,0.0,0.0021,231.4343,0.0,0.0,0.0,375.1749,165498.764,291046,0,0.0,0.0,0.0,0.0,0.0,11,0.0038,float64,291057,16454,0.0535,7,0.0,0.0,0.0021,0.0,0.0,0.0,1.0,0.0,375.1768,165501.6072,0,0.0,highly_skewed,variable,0.0,non_normal
423,PREV_NAME_CASH_LOAN_PURPOSE_Repairs_MEAN,291057,16454,5.3507,0.0,1.0,1.0,0.0115,0.0,0.0702,6.0923,0.0,0.0,0.0,9.2893,106.2414,277205,0,0.0,0.0,0.0,0.0,0.0,13852,4.7592,float64,291057,16454,0.0535,185,0.0115,0.0,0.0702,0.0,0.0,0.0,1.0,0.0,9.2893,106.2432,0,0.0,highly_skewed,variable,0.0,non_normal
424,PREV_NAME_CASH_LOAN_PURPOSE_Urgent needs_MEAN,291057,16454,5.3507,0.0,1.0,1.0,0.0046,0.0,0.0452,9.8307,0.0,0.0,0.0,15.0749,278.3473,285462,0,0.0,0.0,0.0,0.0,0.0,5595,1.9223,float64,291057,16454,0.0535,126,0.0046,0.0,0.0452,0.0,0.0,0.0,1.0,0.0,15.075,278.3521,0,0.0,highly_skewed,variable,0.0,non_normal
425,PREV_NAME_CASH_LOAN_PURPOSE_Wedding / gift / holiday_MEAN,291057,16454,5.3507,0.0,1.0,1.0,0.0005,0.0,0.0148,29.5605,0.0,0.0,0.0,46.8937,2721.6524,290410,0,0.0,0.0,0.0,0.0,0.0,647,0.2223,float64,291057,16454,0.0535,57,0.0005,0.0,0.0148,0.0,0.0,0.0,1.0,0.0,46.8939,2721.6992,0,0.0,highly_skewed,variable,0.0,non_normal
426,PREV_NAME_CASH_LOAN_PURPOSE_XAP_MEAN,291057,16454,5.3507,0.0,1.0,1.0,0.6829,0.75,0.3201,0.4688,0.4286,1.0,0.5714,-0.5015,-1.0424,11403,0,0.4286,1.0,0.5714,-0.4286,1.8571,0,0.0,float64,291057,16454,0.0535,407,0.6829,0.75,0.3201,0.0,0.4286,1.0,1.0,0.5714,-0.5015,-1.0424,0,0.0,moderately_skewed,variable,0.0,non_normal
427,PREV_NAME_CASH_LOAN_PURPOSE_XNA_MEAN,291057,16454,5.3507,0.0,1.0,1.0,0.2829,0.25,0.2988,1.0563,0.0,0.5,0.5,0.5992,-0.8832,126662,0,0.0,0.5,0.5,-0.75,1.25,0,0.0,float64,291057,16454,0.0535,414,0.2829,0.25,0.2988,0.0,0.0,0.5,1.0,0.5,0.5992,-0.8832,0,0.0,moderately_skewed,variable,0.0,non_normal
428,PREV_NAME_CASH_LOAN_PURPOSE_nan_MEAN,291057,16454,5.3507,0.0,0.0,0.0,0.0,0.0,0.0,,0.0,0.0,0.0,,,291057,0,0.0,0.0,0.0,0.0,0.0,0,0.0,float64,291057,16454,0.0535,1,0.0,0.0,0.0,0.0,0.0,0.0,0.0,0.0,0.0,0.0,0,0.0,approximately_symmetric,constant,,constant
429,PREV_NAME_CLIENT_TYPE_New_MEAN,291057,16454,5.3507,0.0,1.0,1.0,0.3504,0.25,0.3417,0.9753,0.1,0.5,0.4,0.9641,-0.394,53953,0,0.1,0.5,0.4,-0.5,1.1,0,0.0,float64,291057,16454,0.0535,161,0.3504,0.25,0.3417,0.0,0.1,0.5,1.0,0.4,0.9641,-0.394,0,0.0,moderately_skewed,variable,0.0,non_normal
430,PREV_NAME_CLIENT_TYPE_Refreshed_MEAN,291057,16454,5.3507,0.0,1.0,1.0,0.1002,0.0,0.2116,2.1117,0.0,0.0909,0.0909,2.4732,5.9874,214352,0,0.0,0.0909,0.0909,-0.1364,0.2273,50864,17.4756,float64,291057,16454,0.0535,168,0.1002,0.0,0.2116,0.0,0.0,0.0909,1.0,0.0909,2.4732,5.9875,50864,0.1748,highly_skewed,variable,0.0,non_normal
431,PREV_NAME_CLIENT_TYPE_Repeater_MEAN,291057,16454,5.3507,0.0,1.0,1.0,0.5484,0.6667,0.354,0.6455,0.25,0.8333,0.5833,-0.532,-1.1728,70447,0,0.25,0.8333,0.5833,-0.625,1.7083,0,0.0,float64,291057,16454,0.0535,219,0.5484,0.6667,0.354,0.0,0.25,0.8333,1.0,0.5833,-0.532,-1.1728,0,0.0,moderately_skewed,variable,0.0,non_normal
432,PREV_NAME_CLIENT_TYPE_XNA_MEAN,291057,16454,5.3507,0.0,1.0,1.0,0.0009,0.0,0.0193,20.4968,0.0,0.0,0.0,28.6333,1027.6727,289968,0,0.0,0.0,0.0,0.0,0.0,1089,0.3742,float64,291057,16454,0.0535,77,0.0009,0.0,0.0193,0.0,0.0,0.0,1.0,0.0,28.6335,1027.6904,0,0.0,highly_skewed,variable,0.0,non_normal
433,PREV_NAME_CLIENT_TYPE_nan_MEAN,291057,16454,5.3507,0.0,0.0,0.0,0.0,0.0,0.0,,0.0,0.0,0.0,,,291057,0,0.0,0.0,0.0,0.0,0.0,0,0.0,float64,291057,16454,0.0535,1,0.0,0.0,0.0,0.0,0.0,0.0,0.0,0.0,0.0,0.0,0,0.0,approximately_symmetric,constant,,constant
434,PREV_NAME_CONTRACT_STATUS_Approved_MEAN,291057,16454,5.3507,0.0,1.0,1.0,0.7489,0.8,0.2623,0.3503,0.5,1.0,0.5,-0.5785,-0.8786,992,0,0.5,1.0,0.5,-0.25,1.75,0,0.0,float64,291057,16454,0.0535,362,0.7489,0.8,0.2623,0.0,0.5,1.0,1.0,0.5,-0.5785,-0.8786,0,0.0,moderately_skewed,variable,0.0,non_normal
435,PREV_NAME_CONTRACT_STATUS_Canceled_MEAN,291057,16454,5.3507,0.0,1.0,1.0,0.1251,0.0,0.187,1.4941,0.0,0.25,0.25,1.3383,0.8474,180331,0,0.0,0.25,0.25,-0.375,0.625,4716,1.6203,float64,291057,16454,0.0535,362,0.1251,0.0,0.187,0.0,0.0,0.25,1.0,0.25,1.3383,0.8475,4716,0.0162,highly_skewed,variable,0.0,non_normal
436,PREV_NAME_CONTRACT_STATUS_Refused_MEAN,291057,16454,5.3507,0.0,1.0,1.0,0.1109,0.0,0.1843,1.6623,0.0,0.2,0.2,1.7248,2.4479,190763,0,0.0,0.2,0.2,-0.3,0.5,11158,3.8336,float64,291057,16454,0.0535,397,0.1109,0.0,0.1843,0.0,0.0,0.2,1.0,0.2,1.7248,2.4479,11158,0.0383,highly_skewed,variable,0.0,non_normal
437,PREV_NAME_CONTRACT_STATUS_Unused offer_MEAN,291057,16454,5.3507,0.0,1.0,1.0,0.0151,0.0,0.0691,4.5734,0.0,0.0,0.0,6.0974,47.0951,272024,0,0.0,0.0,0.0,0.0,0.0,19033,6.5393,float64,291057,16454,0.0535,118,0.0151,0.0,0.0691,0.0,0.0,0.0,1.0,0.0,6.0974,47.096,0,0.0,highly_skewed,variable,0.0,non_normal
438,PREV_NAME_CONTRACT_STATUS_nan_MEAN,291057,16454,5.3507,0.0,0.0,0.0,0.0,0.0,0.0,,0.0,0.0,0.0,,,291057,0,0.0,0.0,0.0,0.0,0.0,0,0.0,float64,291057,16454,0.0535,1,0.0,0.0,0.0,0.0,0.0,0.0,0.0,0.0,0.0,0.0,0,0.0,approximately_symmetric,constant,,constant
439,PREV_NAME_CONTRACT_TYPE_Cash loans_MEAN,291057,16454,5.3507,0.0,1.0,1.0,0.3171,0.25,0.3201,1.0097,0.0,0.5714,0.5714,0.5015,-1.0424,119675,0,0.0,0.5714,0.5714,-0.8571,1.4286,0,0.0,float64,291057,16454,0.0535,407,0.3171,0.25,0.3201,0.0,0.0,0.5714,1.0,0.5714,0.5015,-1.0424,0,0.0,moderately_skewed,variable,0.0,non_normal
440,PREV_NAME_CONTRACT_TYPE_Consumer loans_MEAN,291057,16454,5.3507,0.0,1.0,1.0,0.5845,0.5,0.3505,0.5997,0.2857,1.0,0.7143,-0.1099,-1.3841,22034,0,0.2857,1.0,0.7143,-0.7857,2.0714,0,0.0,float64,291057,16454,0.0535,377,0.5845,0.5,0.3505,0.0,0.2857,1.0,1.0,0.7143,-0.1099,-1.3841,0,0.0,approximately_symmetric,variable,0.0,non_normal
441,PREV_NAME_CONTRACT_TYPE_Revolving loans_MEAN,291057,16454,5.3507,0.0,1.0,1.0,0.0983,0.0,0.1697,1.7269,0.0,0.1667,0.1667,2.1552,5.3549,186998,0,0.0,0.1667,0.1667,-0.25,0.4167,19076,6.554,float64,291057,16454,0.0535,278,0.0983,0.0,0.1697,0.0,0.0,0.1667,1.0,0.1667,2.1552,5.355,19076,0.0655,highly_skewed,variable,0.0,non_normal
442,PREV_NAME_CONTRACT_TYPE_XNA_MEAN,291057,16454,5.3507,0.0,0.6667,0.6667,0.0002,0.0,0.007,39.2123,0.0,0.0,0.0,52.2272,3266.0429,290773,0,0.0,0.0,0.0,0.0,0.0,284,0.0976,float64,291057,16454,0.0535,40,0.0002,0.0,0.007,0.0,0.0,0.0,0.6667,0.0,52.2275,3266.0991,0,0.0,highly_skewed,variable,0.0,non_normal
443,PREV_NAME_CONTRACT_TYPE_nan_MEAN,291057,16454,5.3507,0.0,0.0,0.0,0.0,0.0,0.0,,0.0,0.0,0.0,,,291057,0,0.0,0.0,0.0,0.0,0.0,0,0.0,float64,291057,16454,0.0535,1,0.0,0.0,0.0,0.0,0.0,0.0,0.0,0.0,0.0,0.0,0,0.0,approximately_symmetric,constant,,constant
444,PREV_NAME_GOODS_CATEGORY_Additional Service_MEAN,291057,16454,5.3507,0.0,1.0,1.0,0.0001,0.0,0.0073,70.0421,0.0,0.0,0.0,100.1177,11935.5333,290957,0,0.0,0.0,0.0,0.0,0.0,100,0.0344,float64,291057,16454,0.0535,21,0.0001,0.0,0.0073,0.0,0.0,0.0,1.0,0.0,100.1183,11935.7383,0,0.0,highly_skewed,variable,0.0,non_normal
445,PREV_NAME_GOODS_CATEGORY_Animals_MEAN,291057,16454,5.3507,0.0,0.3333,0.3333,0.0,0.0,0.0006,539.497,0.0,0.0,0.0,539.4942,291052.0,291056,0,0.0,0.0,0.0,0.0,0.0,1,0.0003,float64,291057,16454,0.0535,2,0.0,0.0,0.0006,0.0,0.0,0.0,0.3333,0.0,539.497,291057.0,0,0.0,highly_skewed,variable,0.0,non_normal
446,PREV_NAME_GOODS_CATEGORY_Audio/Video_MEAN,291057,16454,5.3507,0.0,1.0,1.0,0.0786,0.0,0.1912,2.4337,0.0,0.0,0.0,3.2367,11.2544,222680,0,0.0,0.0,0.0,0.0,0.0,68377,23.4926,float64,291057,16454,0.0535,182,0.0786,0.0,0.1912,0.0,0.0,0.0,1.0,0.0,3.2368,11.2546,0,0.0,highly_skewed,variable,0.0,non_normal
447,PREV_NAME_GOODS_CATEGORY_Auto Accessories_MEAN,291057,16454,5.3507,0.0,1.0,1.0,0.006,0.0,0.0575,9.5557,0.0,0.0,0.0,13.0405,195.9136,285728,0,0.0,0.0,0.0,0.0,0.0,5329,1.8309,float64,291057,16454,0.0535,84,0.006,0.0,0.0575,0.0,0.0,0.0,1.0,0.0,13.0406,195.917,0,0.0,highly_skewed,variable,0.0,non_normal
448,PREV_NAME_GOODS_CATEGORY_Clothing and Accessories_MEAN,291057,16454,5.3507,0.0,1.0,1.0,0.0214,0.0,0.1125,5.2681,0.0,0.0,0.0,6.8328,51.2972,274365,0,0.0,0.0,0.0,0.0,0.0,16692,5.735,float64,291057,16454,0.0535,126,0.0214,0.0,0.1125,0.0,0.0,0.0,1.0,0.0,6.8328,51.2981,0,0.0,highly_skewed,variable,0.0,non_normal
449,PREV_NAME_GOODS_CATEGORY_Computers_MEAN,291057,16454,5.3507,0.0,1.0,1.0,0.0852,0.0,0.203,2.3818,0.0,0.0,0.0,3.0664,9.7446,220947,0,0.0,0.0,0.0,0.0,0.0,70110,24.0881,float64,291057,16454,0.0535,193,0.0852,0.0,0.203,0.0,0.0,0.0,1.0,0.0,3.0664,9.7448,0,0.0,highly_skewed,variable,0.0,non_normal
450,PREV_NAME_GOODS_CATEGORY_Construction Materials_MEAN,291057,16454,5.3507,0.0,1.0,1.0,0.0218,0.0,0.1117,5.126,0.0,0.0,0.0,6.7661,50.7702,273199,0,0.0,0.0,0.0,0.0,0.0,17858,6.1356,float64,291057,16454,0.0535,117,0.0218,0.0,0.1117,0.0,0.0,0.0,1.0,0.0,6.7661,50.7711,0,0.0,highly_skewed,variable,0.0,non_normal
451,PREV_NAME_GOODS_CATEGORY_Consumer Electronics_MEAN,291057,16454,5.3507,0.0,1.0,1.0,0.0973,0.0,0.2135,2.1944,0.0,0.1,0.1,2.8134,8.0686,210886,0,0.0,0.1,0.1,-0.15,0.25,37422,12.8573,float64,291057,16454,0.0535,183,0.0973,0.0,0.2135,0.0,0.0,0.1,1.0,0.1,2.8135,8.0687,37422,0.1286,highly_skewed,variable,0.0,non_normal
452,PREV_NAME_GOODS_CATEGORY_Direct Sales_MEAN,291057,16454,5.3507,0.0,1.0,1.0,0.0004,0.0,0.0158,40.5559,0.0,0.0,0.0,52.3915,3055.2893,290765,0,0.0,0.0,0.0,0.0,0.0,292,0.1003,float64,291057,16454,0.0535,29,0.0004,0.0,0.0158,0.0,0.0,0.0,1.0,0.0,52.3918,3055.3418,0,0.0,highly_skewed,variable,0.0,non_normal
453,PREV_NAME_GOODS_CATEGORY_Education_MEAN,291057,16454,5.3507,0.0,1.0,1.0,0.0002,0.0,0.011,73.2579,0.0,0.0,0.0,83.5059,7303.8027,290978,0,0.0,0.0,0.0,0.0,0.0,79,0.0271,float64,291057,16454,0.0535,20,0.0002,0.0,0.011,0.0,0.0,0.0,1.0,0.0,83.5064,7303.9281,0,0.0,highly_skewed,variable,0.0,non_normal
454,PREV_NAME_GOODS_CATEGORY_Fitness_MEAN,291057,16454,5.3507,0.0,1.0,1.0,0.0003,0.0,0.0145,52.353,0.0,0.0,0.0,61.0281,3971.8511,290905,0,0.0,0.0,0.0,0.0,0.0,152,0.0522,float64,291057,16454,0.0535,23,0.0003,0.0,0.0145,0.0,0.0,0.0,1.0,0.0,61.0284,3971.9194,0,0.0,highly_skewed,variable,0.0,non_normal
455,PREV_NAME_GOODS_CATEGORY_Furniture_MEAN,291057,16454,5.3507,0.0,1.0,1.0,0.0463,0.0,0.1594,3.4443,0.0,0.0,0.0,4.4582,21.3769,254036,0,0.0,0.0,0.0,0.0,0.0,37021,12.7195,float64,291057,16454,0.0535,130,0.0463,0.0,0.1594,0.0,0.0,0.0,1.0,0.0,4.4582,21.3773,0,0.0,highly_skewed,variable,0.0,non_normal
456,PREV_NAME_GOODS_CATEGORY_Gardening_MEAN,291057,16454,5.3507,0.0,1.0,1.0,0.0024,0.0,0.0376,15.3753,0.0,0.0,0.0,20.9027,497.9204,288948,0,0.0,0.0,0.0,0.0,0.0,2109,0.7246,float64,291057,16454,0.0535,53,0.0024,0.0,0.0376,0.0,0.0,0.0,1.0,0.0,20.9028,497.9289,0,0.0,highly_skewed,variable,0.0,non_normal
457,PREV_NAME_GOODS_CATEGORY_Homewares_MEAN,291057,16454,5.3507,0.0,1.0,1.0,0.0049,0.0,0.0558,11.3363,0.0,0.0,0.0,14.7454,240.3458,287195,0,0.0,0.0,0.0,0.0,0.0,3862,1.3269,float64,291057,16454,0.0535,68,0.0049,0.0,0.0558,0.0,0.0,0.0,1.0,0.0,14.7455,240.35,0,0.0,highly_skewed,variable,0.0,non_normal
458,PREV_NAME_GOODS_CATEGORY_House Construction_MEAN,291057,16454,5.3507,0.0,0.0,0.0,0.0,0.0,0.0,,0.0,0.0,0.0,,,291057,0,0.0,0.0,0.0,0.0,0.0,0,0.0,float64,291057,16454,0.0535,1,0.0,0.0,0.0,0.0,0.0,0.0,0.0,0.0,0.0,0.0,0,0.0,approximately_symmetric,constant,,constant
459,PREV_NAME_GOODS_CATEGORY_Insurance_MEAN,291057,16454,5.3507,0.0,1.0,1.0,0.0,0.0,0.0045,110.3021,0.0,0.0,0.0,175.1699,36428.3549,291009,0,0.0,0.0,0.0,0.0,0.0,48,0.0165,float64,291057,16454,0.0535,20,0.0,0.0,0.0045,0.0,0.0,0.0,1.0,0.0,175.1708,36428.9807,0,0.0,highly_skewed,variable,0.0,non_normal
460,PREV_NAME_GOODS_CATEGORY_Jewelry_MEAN,291057,16454,5.3507,0.0,1.0,1.0,0.005,0.0,0.0529,10.6162,0.0,0.0,0.0,14.4633,239.6313,286642,0,0.0,0.0,0.0,0.0,0.0,4415,1.5169,float64,291057,16454,0.0535,81,0.005,0.0,0.0529,0.0,0.0,0.0,1.0,0.0,14.4634,239.6355,0,0.0,highly_skewed,variable,0.0,non_normal
461,PREV_NAME_GOODS_CATEGORY_Medical Supplies_MEAN,291057,16454,5.3507,0.0,1.0,1.0,0.0044,0.0,0.0549,12.594,0.0,0.0,0.0,15.4926,259.967,288192,0,0.0,0.0,0.0,0.0,0.0,2865,0.9843,float64,291057,16454,0.0535,62,0.0044,0.0,0.0549,0.0,0.0,0.0,1.0,0.0,15.4927,259.9715,0,0.0,highly_skewed,variable,0.0,non_normal
462,PREV_NAME_GOODS_CATEGORY_Medicine_MEAN,291057,16454,5.3507,0.0,1.0,1.0,0.0018,0.0,0.0354,19.5879,0.0,0.0,0.0,24.2417,637.966,289858,0,0.0,0.0,0.0,0.0,0.0,1199,0.4119,float64,291057,16454,0.0535,37,0.0018,0.0,0.0354,0.0,0.0,0.0,1.0,0.0,24.2418,637.977,0,0.0,highly_skewed,variable,0.0,non_normal
463,PREV_NAME_GOODS_CATEGORY_Mobile_MEAN,291057,16454,5.3507,0.0,1.0,1.0,0.1741,0.0,0.2763,1.5867,0.0,0.25,0.25,1.7779,2.3807,167106,0,0.0,0.25,0.25,-0.375,0.625,24380,8.3764,float64,291057,16454,0.0535,232,0.1741,0.0,0.2763,0.0,0.0,0.25,1.0,0.25,1.7779,2.3808,24380,0.0838,highly_skewed,variable,0.0,non_normal
464,PREV_NAME_GOODS_CATEGORY_Office Appliances_MEAN,291057,16454,5.3507,0.0,1.0,1.0,0.0017,0.0,0.0284,16.6025,0.0,0.0,0.0,24.5201,731.4362,289208,0,0.0,0.0,0.0,0.0,0.0,1849,0.6353,float64,291057,16454,0.0535,55,0.0017,0.0,0.0284,0.0,0.0,0.0,1.0,0.0,24.5202,731.4487,0,0.0,highly_skewed,variable,0.0,non_normal
465,PREV_NAME_GOODS_CATEGORY_Other_MEAN,291057,16454,5.3507,0.0,1.0,1.0,0.0019,0.0,0.0277,14.9348,0.0,0.0,0.0,22.9703,671.8958,288832,0,0.0,0.0,0.0,0.0,0.0,2225,0.7645,float64,291057,16454,0.0535,47,0.0019,0.0,0.0277,0.0,0.0,0.0,1.0,0.0,22.9704,671.9074,0,0.0,highly_skewed,variable,0.0,non_normal
466,PREV_NAME_GOODS_CATEGORY_Photo / Cinema Equipment_MEAN,291057,16454,5.3507,0.0,1.0,1.0,0.0186,0.0,0.0923,4.9635,0.0,0.0,0.0,7.2248,62.7806,271729,0,0.0,0.0,0.0,0.0,0.0,19328,6.6406,float64,291057,16454,0.0535,108,0.0186,0.0,0.0923,0.0,0.0,0.0,1.0,0.0,7.2248,62.7817,0,0.0,highly_skewed,variable,0.0,non_normal
467,PREV_NAME_GOODS_CATEGORY_Sport and Leisure_MEAN,291057,16454,5.3507,0.0,1.0,1.0,0.0025,0.0,0.0373,14.7349,0.0,0.0,0.0,20.616,491.3279,288681,0,0.0,0.0,0.0,0.0,0.0,2376,0.8163,float64,291057,16454,0.0535,54,0.0025,0.0,0.0373,0.0,0.0,0.0,1.0,0.0,20.6161,491.3363,0,0.0,highly_skewed,variable,0.0,non_normal
468,PREV_NAME_GOODS_CATEGORY_Tourism_MEAN,291057,16454,5.3507,0.0,1.0,1.0,0.0016,0.0,0.0336,20.9218,0.0,0.0,0.0,25.4923,703.2594,290027,0,0.0,0.0,0.0,0.0,0.0,1030,0.3539,float64,291057,16454,0.0535,55,0.0016,0.0,0.0336,0.0,0.0,0.0,1.0,0.0,25.4925,703.2715,0,0.0,highly_skewed,variable,0.0,non_normal
469,PREV_NAME_GOODS_CATEGORY_Vehicles_MEAN,291057,16454,5.3507,0.0,1.0,1.0,0.0031,0.0,0.0431,13.7289,0.0,0.0,0.0,18.3697,382.282,288471,0,0.0,0.0,0.0,0.0,0.0,2586,0.8885,float64,291057,16454,0.0535,54,0.0031,0.0,0.0431,0.0,0.0,0.0,1.0,0.0,18.3698,382.2886,0,0.0,highly_skewed,variable,0.0,non_normal
470,PREV_NAME_GOODS_CATEGORY_Weapon_MEAN,291057,16454,5.3507,0.0,1.0,1.0,0.0001,0.0,0.0061,92.6069,0.0,0.0,0.0,125.5929,18132.2638,290999,0,0.0,0.0,0.0,0.0,0.0,58,0.0199,float64,291057,16454,0.0535,20,0.0001,0.0,0.0061,0.0,0.0,0.0,1.0,0.0,125.5936,18132.5753,0,0.0,highly_skewed,variable,0.0,non_normal
471,PREV_NAME_GOODS_CATEGORY_XNA_MEAN,291057,16454,5.3507,0.0,1.0,1.0,0.4203,0.5,0.351,0.8351,0.0,0.7273,0.7273,0.0896,-1.3877,94441,0,0.0,0.7273,0.7273,-1.0909,1.8182,0,0.0,float64,291057,16454,0.0535,374,0.4203,0.5,0.351,0.0,0.0,0.7273,1.0,0.7273,0.0896,-1.3877,0,0.0,approximately_symmetric,variable,0.0,non_normal
472,PREV_NAME_GOODS_CATEGORY_nan_MEAN,291057,16454,5.3507,0.0,0.0,0.0,0.0,0.0,0.0,,0.0,0.0,0.0,,,291057,0,0.0,0.0,0.0,0.0,0.0,0,0.0,float64,291057,16454,0.0535,1,0.0,0.0,0.0,0.0,0.0,0.0,0.0,0.0,0.0,0.0,0,0.0,approximately_symmetric,constant,,constant
473,PREV_NAME_PAYMENT_TYPE_Cash through the bank_MEAN,291057,16454,5.3507,0.0,1.0,1.0,0.6815,0.7,0.3015,0.4425,0.5,1.0,0.5,-0.5979,-0.5805,16970,0,0.5,1.0,0.5,-0.25,1.75,0,0.0,float64,291057,16454,0.0535,423,0.6815,0.7,0.3015,0.0,0.5,1.0,1.0,0.5,-0.5979,-0.5805,0,0.0,moderately_skewed,variable,0.0,non_normal
474,PREV_NAME_PAYMENT_TYPE_Cashless from the account of the employer_MEAN,291057,16454,5.3507,0.0,1.0,1.0,0.0007,0.0,0.0177,25.1395,0.0,0.0,0.0,38.9964,1876.2316,290200,0,0.0,0.0,0.0,0.0,0.0,857,0.2944,float64,291057,16454,0.0535,52,0.0007,0.0,0.0177,0.0,0.0,0.0,1.0,0.0,38.9966,1876.2639,0,0.0,highly_skewed,variable,0.0,non_normal
475,PREV_NAME_PAYMENT_TYPE_Non-cash from your account_MEAN,291057,16454,5.3507,0.0,1.0,1.0,0.0061,0.0,0.0565,9.2506,0.0,0.0,0.0,12.8692,193.6457,285333,0,0.0,0.0,0.0,0.0,0.0,5724,1.9666,float64,291057,16454,0.0535,98,0.0061,0.0,0.0565,0.0,0.0,0.0,1.0,0.0,12.8693,193.649,0,0.0,highly_skewed,variable,0.0,non_normal
476,PREV_NAME_PAYMENT_TYPE_XNA_MEAN,291057,16454,5.3507,0.0,1.0,1.0,0.3117,0.2857,0.2987,0.9583,0.0,0.5,0.5,0.6203,-0.5402,102726,0,0.0,0.5,0.5,-0.75,1.25,0,0.0,float64,291057,16454,0.0535,412,0.3117,0.2857,0.2987,0.0,0.0,0.5,1.0,0.5,0.6203,-0.5402,0,0.0,moderately_skewed,variable,0.0,non_normal
477,PREV_NAME_PAYMENT_TYPE_nan_MEAN,291057,16454,5.3507,0.0,0.0,0.0,0.0,0.0,0.0,,0.0,0.0,0.0,,,291057,0,0.0,0.0,0.0,0.0,0.0,0,0.0,float64,291057,16454,0.0535,1,0.0,0.0,0.0,0.0,0.0,0.0,0.0,0.0,0.0,0.0,0,0.0,approximately_symmetric,constant,,constant
478,PREV_NAME_PORTFOLIO_Cards_MEAN,291057,16454,5.3507,0.0,1.0,1.0,0.0783,0.0,0.1428,1.824,0.0,0.125,0.125,2.5756,9.159,193341,0,0.0,0.125,0.125,-0.1875,0.3125,24614,8.4568,float64,291057,16454,0.0535,226,0.0783,0.0,0.1428,0.0,0.0,0.125,1.0,0.125,2.5756,9.1591,24614,0.0846,highly_skewed,variable,0.0,non_normal
479,PREV_NAME_PORTFOLIO_Cars_MEAN,291057,16454,5.3507,0.0,1.0,1.0,0.0003,0.0,0.0124,39.015,0.0,0.0,0.0,53.4943,3466.1274,290760,0,0.0,0.0,0.0,0.0,0.0,297,0.102,float64,291057,16454,0.0535,34,0.0003,0.0,0.0124,0.0,0.0,0.0,1.0,0.0,53.4946,3466.1869,0,0.0,highly_skewed,variable,0.0,non_normal
480,PREV_NAME_PORTFOLIO_Cash_MEAN,291057,16454,5.3507,0.0,1.0,1.0,0.2073,0.1111,0.255,1.2305,0.0,0.3333,0.3333,1.1401,0.627,141856,0,0.0,0.3333,0.3333,-0.5,0.8333,8298,2.851,float64,291057,16454,0.0535,414,0.2073,0.1111,0.255,0.0,0.0,0.3333,1.0,0.3333,1.1401,0.627,8298,0.0285,highly_skewed,variable,0.0,non_normal
481,PREV_NAME_PORTFOLIO_POS_MEAN,291057,16454,5.3507,0.0,1.0,1.0,0.5637,0.5,0.3484,0.6181,0.25,1.0,0.75,-0.0172,-1.3674,23107,0,0.25,1.0,0.75,-0.875,2.125,0,0.0,float64,291057,16454,0.0535,364,0.5637,0.5,0.3484,0.0,0.25,1.0,1.0,0.75,-0.0172,-1.3674,0,0.0,approximately_symmetric,variable,0.0,non_normal
482,PREV_NAME_PORTFOLIO_XNA_MEAN,291057,16454,5.3507,0.0,1.0,1.0,0.1505,0.0,0.2009,1.3351,0.0,0.2941,0.2941,1.1063,0.2552,163434,0,0.0,0.2941,0.2941,-0.4412,0.7353,2043,0.7019,float64,291057,16454,0.0535,390,0.1505,0.0,0.2009,0.0,0.0,0.2941,1.0,0.2941,1.1063,0.2552,2043,0.007,highly_skewed,variable,0.0,non_normal
483,PREV_NAME_PORTFOLIO_nan_MEAN,291057,16454,5.3507,0.0,0.0,0.0,0.0,0.0,0.0,,0.0,0.0,0.0,,,291057,0,0.0,0.0,0.0,0.0,0.0,0,0.0,float64,291057,16454,0.0535,1,0.0,0.0,0.0,0.0,0.0,0.0,0.0,0.0,0.0,0.0,0,0.0,approximately_symmetric,constant,,constant
484,PREV_NAME_PRODUCT_TYPE_XNA_MEAN,291057,16454,5.3507,0.0,1.0,1.0,0.7145,0.75,0.2866,0.4011,0.5,1.0,0.5,-0.6877,-0.4296,10834,0,0.5,1.0,0.5,-0.25,1.75,0,0.0,float64,291057,16454,0.0535,421,0.7145,0.75,0.2866,0.0,0.5,1.0,1.0,0.5,-0.6877,-0.4296,0,0.0,moderately_skewed,variable,0.0,non_normal
485,PREV_NAME_PRODUCT_TYPE_nan_MEAN,291057,16454,5.3507,0.0,0.0,0.0,0.0,0.0,0.0,,0.0,0.0,0.0,,,291057,0,0.0,0.0,0.0,0.0,0.0,0,0.0,float64,291057,16454,0.0535,1,0.0,0.0,0.0,0.0,0.0,0.0,0.0,0.0,0.0,0.0,0,0.0,approximately_symmetric,constant,,constant
486,PREV_NAME_PRODUCT_TYPE_walk-in_MEAN,291057,16454,5.3507,0.0,1.0,1.0,0.0806,0.0,0.1834,2.2773,0.0,0.0,0.0,2.9836,9.8057,218394,0,0.0,0.0,0.0,0.0,0.0,72663,24.9652,float64,291057,16454,0.0535,333,0.0806,0.0,0.1834,0.0,0.0,0.0,1.0,0.0,2.9836,9.8059,0,0.0,highly_skewed,variable,0.0,non_normal
487,PREV_NAME_PRODUCT_TYPE_x-sell_MEAN,291057,16454,5.3507,0.0,1.0,1.0,0.205,0.125,0.2435,1.188,0.0,0.3636,0.3636,1.0021,0.2455,139770,0,0.0,0.3636,0.3636,-0.5455,0.9091,3674,1.2623,float64,291057,16454,0.0535,394,0.205,0.125,0.2435,0.0,0.0,0.3636,1.0,0.3636,1.0021,0.2456,3674,0.0126,highly_skewed,variable,0.0,non_normal
488,PREV_NAME_SELLER_INDUSTRY_Auto technology_MEAN,291057,16454,5.3507,0.0,1.0,1.0,0.0046,0.0,0.0528,11.5565,0.0,0.0,0.0,15.0801,254.8859,287504,0,0.0,0.0,0.0,0.0,0.0,3553,1.2207,float64,291057,16454,0.0535,68,0.0046,0.0,0.0528,0.0,0.0,0.0,1.0,0.0,15.0802,254.8903,0,0.0,highly_skewed,variable,0.0,non_normal
489,PREV_NAME_SELLER_INDUSTRY_Clothing_MEAN,291057,16454,5.3507,0.0,1.0,1.0,0.0215,0.0,0.113,5.268,0.0,0.0,0.0,6.8108,50.8743,274407,0,0.0,0.0,0.0,0.0,0.0,16650,5.7205,float64,291057,16454,0.0535,125,0.0215,0.0,0.113,0.0,0.0,0.0,1.0,0.0,6.8109,50.8752,0,0.0,highly_skewed,variable,0.0,non_normal
490,PREV_NAME_SELLER_INDUSTRY_Connectivity_MEAN,291057,16454,5.3507,0.0,1.0,1.0,0.209,0.0,0.3038,1.4532,0.0,0.3333,0.3333,1.4784,1.1275,155523,0,0.0,0.3333,0.3333,-0.5,0.8333,23616,8.1139,float64,291057,16454,0.0535,285,0.209,0.0,0.3038,0.0,0.0,0.3333,1.0,0.3333,1.4785,1.1275,23616,0.0811,highly_skewed,variable,0.0,non_normal
491,PREV_NAME_SELLER_INDUSTRY_Construction_MEAN,291057,16454,5.3507,0.0,1.0,1.0,0.0262,0.0,0.1236,4.7133,0.0,0.0,0.0,6.1198,40.9835,270324,0,0.0,0.0,0.0,0.0,0.0,20733,7.1233,float64,291057,16454,0.0535,117,0.0262,0.0,0.1236,0.0,0.0,0.0,1.0,0.0,6.1199,40.9842,0,0.0,highly_skewed,variable,0.0,non_normal
492,PREV_NAME_SELLER_INDUSTRY_Consumer electronics_MEAN,291057,16454,5.3507,0.0,1.0,1.0,0.302,0.2,0.3374,1.1172,0.0,0.5,0.5,0.9354,-0.3448,110341,0,0.0,0.5,0.5,-0.75,1.25,0,0.0,float64,291057,16454,0.0535,326,0.302,0.2,0.3374,0.0,0.0,0.5,1.0,0.5,0.9354,-0.3448,0,0.0,moderately_skewed,variable,0.0,non_normal
493,PREV_NAME_SELLER_INDUSTRY_Furniture_MEAN,291057,16454,5.3507,0.0,1.0,1.0,0.0495,0.0,0.1659,3.3489,0.0,0.0,0.0,4.2782,19.4553,252385,0,0.0,0.0,0.0,0.0,0.0,38672,13.2867,float64,291057,16454,0.0535,142,0.0495,0.0,0.1659,0.0,0.0,0.0,1.0,0.0,4.2782,19.4557,0,0.0,highly_skewed,variable,0.0,non_normal
494,PREV_NAME_SELLER_INDUSTRY_Industry_MEAN,291057,16454,5.3507,0.0,1.0,1.0,0.0174,0.0,0.1013,5.8121,0.0,0.0,0.0,7.6688,65.1045,276824,0,0.0,0.0,0.0,0.0,0.0,14233,4.8901,float64,291057,16454,0.0535,110,0.0174,0.0,0.1013,0.0,0.0,0.0,1.0,0.0,7.6688,65.1056,0,0.0,highly_skewed,variable,0.0,non_normal
495,PREV_NAME_SELLER_INDUSTRY_Jewelry_MEAN,291057,16454,5.3507,0.0,1.0,1.0,0.0022,0.0,0.0351,16.0594,0.0,0.0,0.0,21.7267,543.5033,289168,0,0.0,0.0,0.0,0.0,0.0,1889,0.649,float64,291057,16454,0.0535,50,0.0022,0.0,0.0351,0.0,0.0,0.0,1.0,0.0,21.7268,543.5127,0,0.0,highly_skewed,variable,0.0,non_normal
496,PREV_NAME_SELLER_INDUSTRY_MLM partners_MEAN,291057,16454,5.3507,0.0,1.0,1.0,0.001,0.0,0.0247,25.8521,0.0,0.0,0.0,32.6033,1184.0897,290379,0,0.0,0.0,0.0,0.0,0.0,678,0.2329,float64,291057,16454,0.0535,60,0.001,0.0,0.0247,0.0,0.0,0.0,1.0,0.0,32.6035,1184.1101,0,0.0,highly_skewed,variable,0.0,non_normal
497,PREV_NAME_SELLER_INDUSTRY_Tourism_MEAN,291057,16454,5.3507,0.0,1.0,1.0,0.0004,0.0,0.0162,37.2731,0.0,0.0,0.0,48.8733,2709.534,290719,0,0.0,0.0,0.0,0.0,0.0,338,0.1161,float64,291057,16454,0.0535,30,0.0004,0.0,0.0162,0.0,0.0,0.0,1.0,0.0,48.8735,2709.5806,0,0.0,highly_skewed,variable,0.0,non_normal
498,PREV_NAME_SELLER_INDUSTRY_XNA_MEAN,291057,16454,5.3507,0.0,1.0,1.0,0.3662,0.3333,0.347,0.9476,0.0,0.6667,0.6667,0.3091,-1.3351,112927,0,0.0,0.6667,0.6667,-1.0,1.6667,0,0.0,float64,291057,16454,0.0535,385,0.3662,0.3333,0.347,0.0,0.0,0.6667,1.0,0.6667,0.3091,-1.3351,0,0.0,approximately_symmetric,variable,0.0,non_normal
499,PREV_NAME_SELLER_INDUSTRY_nan_MEAN,291057,16454,5.3507,0.0,0.0,0.0,0.0,0.0,0.0,,0.0,0.0,0.0,,,291057,0,0.0,0.0,0.0,0.0,0.0,0,0.0,float64,291057,16454,0.0535,1,0.0,0.0,0.0,0.0,0.0,0.0,0.0,0.0,0.0,0.0,0,0.0,approximately_symmetric,constant,,constant
500,PREV_NAME_TYPE_SUITE_Children_MEAN,291057,16454,5.3507,0.0,1.0,1.0,0.0214,0.0,0.0994,4.6409,0.0,0.0,0.0,6.6814,53.2368,269136,0,0.0,0.0,0.0,0.0,0.0,21921,7.5315,float64,291057,16454,0.0535,126,0.0214,0.0,0.0994,0.0,0.0,0.0,1.0,0.0,6.6814,53.2377,0,0.0,highly_skewed,variable,0.0,non_normal
501,PREV_NAME_TYPE_SUITE_Family_MEAN,291057,16454,5.3507,0.0,1.0,1.0,0.1468,0.0,0.2487,1.6937,0.0,0.2222,0.2222,2.0307,3.7284,177332,0,0.0,0.2222,0.2222,-0.3333,0.5556,19338,6.6441,float64,291057,16454,0.0535,280,0.1468,0.0,0.2487,0.0,0.0,0.2222,1.0,0.2222,2.0307,3.7285,19338,0.0664,highly_skewed,variable,0.0,non_normal
502,PREV_NAME_TYPE_SUITE_Group of people_MEAN,291057,16454,5.3507,0.0,1.0,1.0,0.0016,0.0,0.027,17.1349,0.0,0.0,0.0,25.8598,815.9501,289261,0,0.0,0.0,0.0,0.0,0.0,1796,0.6171,float64,291057,16454,0.0535,51,0.0016,0.0,0.027,0.0,0.0,0.0,1.0,0.0,25.86,815.9642,0,0.0,highly_skewed,variable,0.0,non_normal
503,PREV_NAME_TYPE_SUITE_Other_A_MEAN,291057,16454,5.3507,0.0,1.0,1.0,0.0066,0.0,0.0562,8.501,0.0,0.0,0.0,12.3483,183.528,284202,0,0.0,0.0,0.0,0.0,0.0,6855,2.3552,float64,291057,16454,0.0535,73,0.0066,0.0,0.0562,0.0,0.0,0.0,1.0,0.0,12.3483,183.5311,0,0.0,highly_skewed,variable,0.0,non_normal
504,PREV_NAME_TYPE_SUITE_Other_B_MEAN,291057,16454,5.3507,0.0,1.0,1.0,0.0126,0.0,0.0766,6.0928,0.0,0.0,0.0,8.7859,92.9305,278153,0,0.0,0.0,0.0,0.0,0.0,12904,4.4335,float64,291057,16454,0.0535,104,0.0126,0.0,0.0766,0.0,0.0,0.0,1.0,0.0,8.7859,92.9321,0,0.0,highly_skewed,variable,0.0,non_normal
505,"PREV_NAME_TYPE_SUITE_Spouse, partner_MEAN",291057,16454,5.3507,0.0,1.0,1.0,0.0471,0.0,0.1483,3.1506,0.0,0.0,0.0,4.2722,20.7996,248352,0,0.0,0.0,0.0,0.0,0.0,42705,14.6724,float64,291057,16454,0.0535,166,0.0471,0.0,0.1483,0.0,0.0,0.0,1.0,0.0,4.2723,20.8,0,0.0,highly_skewed,variable,0.0,non_normal
506,PREV_NAME_TYPE_SUITE_Unaccompanied_MEAN,291057,16454,5.3507,0.0,1.0,1.0,0.2845,0.25,0.2967,1.043,0.0,0.5,0.5,0.9126,0.0345,107808,0,0.0,0.5,0.5,-0.75,1.25,0,0.0,float64,291057,16454,0.0535,389,0.2845,0.25,0.2967,0.0,0.0,0.5,1.0,0.5,0.9126,0.0345,0,0.0,moderately_skewed,variable,0.0,non_normal
507,PREV_NAME_TYPE_SUITE_nan_MEAN,291057,16454,5.3507,0.0,1.0,1.0,0.4794,0.5,0.3297,0.6876,0.25,0.7,0.45,0.048,-1.0183,56752,0,0.25,0.7,0.45,-0.425,1.375,0,0.0,float64,291057,16454,0.0535,403,0.4794,0.5,0.3297,0.0,0.25,0.7,1.0,0.45,0.048,-1.0183,0,0.0,approximately_symmetric,variable,0.0,non_normal
508,PREV_NAME_YIELD_GROUP_XNA_MEAN,291057,16454,5.3507,0.0,1.0,1.0,0.2288,0.2,0.2437,1.0654,0.0,0.4,0.4,0.724,-0.3923,125426,0,0.0,0.4,0.4,-0.6,1.0,0,0.0,float64,291057,16454,0.0535,411,0.2288,0.2,0.2437,0.0,0.0,0.4,1.0,0.4,0.724,-0.3923,0,0.0,moderately_skewed,variable,0.0,non_normal
509,PREV_NAME_YIELD_GROUP_high_MEAN,291057,16454,5.3507,0.0,1.0,1.0,0.2378,0.1429,0.2928,1.2315,0.0,0.3889,0.3889,1.2662,0.789,127221,0,0.0,0.3889,0.3889,-0.5833,0.9722,20414,7.0137,float64,291057,16454,0.0535,341,0.2378,0.1429,0.2928,0.0,0.0,0.3889,1.0,0.3889,1.2663,0.789,20414,0.0701,highly_skewed,variable,0.0,non_normal
510,PREV_NAME_YIELD_GROUP_low_action_MEAN,291057,16454,5.3507,0.0,1.0,1.0,0.0685,0.0,0.1842,2.6887,0.0,0.0,0.0,3.5206,13.225,233541,0,0.0,0.0,0.0,0.0,0.0,57516,19.7611,float64,291057,16454,0.0535,230,0.0685,0.0,0.1842,0.0,0.0,0.0,1.0,0.0,3.5206,13.2252,0,0.0,highly_skewed,variable,0.0,non_normal
511,PREV_NAME_YIELD_GROUP_low_normal_MEAN,291057,16454,5.3507,0.0,1.0,1.0,0.21,0.1111,0.2756,1.312,0.0,0.3333,0.3333,1.4994,1.6633,135269,0,0.0,0.3333,0.3333,-0.5,0.8333,17904,6.1514,float64,291057,16454,0.0535,326,0.21,0.1111,0.2756,0.0,0.0,0.3333,1.0,0.3333,1.4994,1.6633,17904,0.0615,highly_skewed,variable,0.0,non_normal
512,PREV_NAME_YIELD_GROUP_middle_MEAN,291057,16454,5.3507,0.0,1.0,1.0,0.2549,0.1818,0.2939,1.153,0.0,0.4,0.4,1.1964,0.6665,114556,0,0.0,0.4,0.4,-0.6,1.0,0,0.0,float64,291057,16454,0.0535,329,0.2549,0.1818,0.2939,0.0,0.0,0.4,1.0,0.4,1.1964,0.6665,0,0.0,highly_skewed,variable,0.0,non_normal
513,PREV_NAME_YIELD_GROUP_nan_MEAN,291057,16454,5.3507,0.0,0.0,0.0,0.0,0.0,0.0,,0.0,0.0,0.0,,,291057,0,0.0,0.0,0.0,0.0,0.0,0,0.0,float64,291057,16454,0.0535,1,0.0,0.0,0.0,0.0,0.0,0.0,0.0,0.0,0.0,0.0,0,0.0,approximately_symmetric,constant,,constant
514,PREV_PRODUCT_COMBINATION_Card Street_MEAN,291057,16454,5.3507,0.0,1.0,1.0,0.0593,0.0,0.14,2.3605,0.0,0.0,0.0,3.2005,12.7439,225601,0,0.0,0.0,0.0,0.0,0.0,65456,22.4891,float64,291057,16454,0.0535,248,0.0593,0.0,0.14,0.0,0.0,0.0,1.0,0.0,3.2005,12.7442,0,0.0,highly_skewed,variable,0.0,non_normal
515,PREV_PRODUCT_COMBINATION_Card X-Sell_MEAN,291057,16454,5.3507,0.0,1.0,1.0,0.0389,0.0,0.0934,2.3983,0.0,0.0,0.0,3.0005,11.3373,233273,0,0.0,0.0,0.0,0.0,0.0,57784,19.8532,float64,291057,16454,0.0535,181,0.0389,0.0,0.0934,0.0,0.0,0.0,1.0,0.0,3.0005,11.3375,0,0.0,highly_skewed,variable,0.0,non_normal
516,PREV_PRODUCT_COMBINATION_Cash Street: high_MEAN,291057,16454,5.3507,0.0,1.0,1.0,0.0322,0.0,0.1193,3.6994,0.0,0.0,0.0,5.2762,33.0526,257872,0,0.0,0.0,0.0,0.0,0.0,33185,11.4015,float64,291057,16454,0.0535,247,0.0322,0.0,0.1193,0.0,0.0,0.0,1.0,0.0,5.2762,33.0532,0,0.0,highly_skewed,variable,0.0,non_normal
517,PREV_PRODUCT_COMBINATION_Cash Street: low_MEAN,291057,16454,5.3507,0.0,1.0,1.0,0.0141,0.0,0.0754,5.3467,0.0,0.0,0.0,7.874,77.2034,274439,0,0.0,0.0,0.0,0.0,0.0,16618,5.7095,float64,291057,16454,0.0535,237,0.0141,0.0,0.0754,0.0,0.0,0.0,1.0,0.0,7.8741,77.2047,0,0.0,highly_skewed,variable,0.0,non_normal
518,PREV_PRODUCT_COMBINATION_Cash Street: middle_MEAN,291057,16454,5.3507,0.0,1.0,1.0,0.0176,0.0,0.0857,4.8746,0.0,0.0,0.0,7.3389,66.4312,270466,0,0.0,0.0,0.0,0.0,0.0,20591,7.0746,float64,291057,16454,0.0535,210,0.0176,0.0,0.0857,0.0,0.0,0.0,1.0,0.0,7.3389,66.4323,0,0.0,highly_skewed,variable,0.0,non_normal
519,PREV_PRODUCT_COMBINATION_Cash X-Sell: high_MEAN,291057,16454,5.3507,0.0,1.0,1.0,0.0276,0.0,0.0893,3.2284,0.0,0.0,0.0,4.0988,20.031,255461,0,0.0,0.0,0.0,0.0,0.0,35596,12.2299,float64,291057,16454,0.0535,205,0.0276,0.0,0.0893,0.0,0.0,0.0,1.0,0.0,4.0988,20.0314,0,0.0,highly_skewed,variable,0.0,non_normal
520,PREV_PRODUCT_COMBINATION_Cash X-Sell: low_MEAN,291057,16454,5.3507,0.0,1.0,1.0,0.0531,0.0,0.1179,2.2183,0.0,0.0,0.0,2.7679,9.5817,225263,0,0.0,0.0,0.0,0.0,0.0,65794,22.6052,float64,291057,16454,0.0535,284,0.0531,0.0,0.1179,0.0,0.0,0.0,1.0,0.0,2.7679,9.5819,0,0.0,highly_skewed,variable,0.0,non_normal
521,PREV_PRODUCT_COMBINATION_Cash X-Sell: middle_MEAN,291057,16454,5.3507,0.0,1.0,1.0,0.0626,0.0,0.1339,2.1398,0.0,0.0,0.0,2.6257,8.0946,219802,0,0.0,0.0,0.0,0.0,0.0,71255,24.4815,float64,291057,16454,0.0535,263,0.0626,0.0,0.1339,0.0,0.0,0.0,1.0,0.0,2.6257,8.0947,0,0.0,highly_skewed,variable,0.0,non_normal
522,PREV_PRODUCT_COMBINATION_Cash_MEAN,291057,16454,5.3507,0.0,1.0,1.0,0.1098,0.0,0.1748,1.5919,0.0,0.2,0.2,1.5244,1.56,188356,0,0.0,0.2,0.2,-0.3,0.5,7673,2.6363,float64,291057,16454,0.0535,375,0.1098,0.0,0.1748,0.0,0.0,0.2,1.0,0.2,1.5244,1.5601,7673,0.0264,highly_skewed,variable,0.0,non_normal
523,PREV_PRODUCT_COMBINATION_POS household with interest_MEAN,291057,16454,5.3507,0.0,1.0,1.0,0.2069,0.0,0.2933,1.4177,0.0,0.3333,0.3333,1.5212,1.4124,148052,0,0.0,0.3333,0.3333,-0.5,0.8333,21679,7.4484,float64,291057,16454,0.0535,273,0.2069,0.0,0.2933,0.0,0.0,0.3333,1.0,0.3333,1.5212,1.4124,21679,0.0745,highly_skewed,variable,0.0,non_normal
524,PREV_PRODUCT_COMBINATION_POS household without interest_MEAN,291057,16454,5.3507,0.0,1.0,1.0,0.0662,0.0,0.1809,2.7333,0.0,0.0,0.0,3.5733,13.7009,235571,0,0.0,0.0,0.0,0.0,0.0,55486,19.0636,float64,291057,16454,0.0535,171,0.0662,0.0,0.1809,0.0,0.0,0.0,1.0,0.0,3.5733,13.7012,0,0.0,highly_skewed,variable,0.0,non_normal
525,PREV_PRODUCT_COMBINATION_POS industry with interest_MEAN,291057,16454,5.3507,0.0,1.0,1.0,0.0866,0.0,0.2158,2.4919,0.0,0.0,0.0,3.0547,9.1749,226841,0,0.0,0.0,0.0,0.0,0.0,64216,22.063,float64,291057,16454,0.0535,179,0.0866,0.0,0.2158,0.0,0.0,0.0,1.0,0.0,3.0548,9.1751,0,0.0,highly_skewed,variable,0.0,non_normal
526,PREV_PRODUCT_COMBINATION_POS industry without interest_MEAN,291057,16454,5.3507,0.0,1.0,1.0,0.0114,0.0,0.0813,7.1287,0.0,0.0,0.0,9.5175,101.8723,281560,0,0.0,0.0,0.0,0.0,0.0,9497,3.2629,float64,291057,16454,0.0535,80,0.0114,0.0,0.0813,0.0,0.0,0.0,1.0,0.0,9.5176,101.8741,0,0.0,highly_skewed,variable,0.0,non_normal
527,PREV_PRODUCT_COMBINATION_POS mobile with interest_MEAN,291057,16454,5.3507,0.0,1.0,1.0,0.1687,0.0,0.2738,1.6232,0.0,0.25,0.25,1.8136,2.5145,171753,0,0.0,0.25,0.25,-0.375,0.625,23844,8.1922,float64,291057,16454,0.0535,244,0.1687,0.0,0.2738,0.0,0.0,0.25,1.0,0.25,1.8137,2.5146,23844,0.0819,highly_skewed,variable,0.0,non_normal
528,PREV_PRODUCT_COMBINATION_POS mobile without interest_MEAN,291057,16454,5.3507,0.0,1.0,1.0,0.0211,0.0,0.1091,5.1599,0.0,0.0,0.0,6.863,52.6601,273503,0,0.0,0.0,0.0,0.0,0.0,17554,6.0311,float64,291057,16454,0.0535,102,0.0211,0.0,0.1091,0.0,0.0,0.0,1.0,0.0,6.863,52.6611,0,0.0,highly_skewed,variable,0.0,non_normal
529,PREV_PRODUCT_COMBINATION_POS other with interest_MEAN,291057,16454,5.3507,0.0,1.0,1.0,0.0212,0.0,0.112,5.2858,0.0,0.0,0.0,6.8831,52.0041,274213,0,0.0,0.0,0.0,0.0,0.0,16844,5.7872,float64,291057,16454,0.0535,118,0.0212,0.0,0.112,0.0,0.0,0.0,1.0,0.0,6.8831,52.0051,0,0.0,highly_skewed,variable,0.0,non_normal
530,PREV_PRODUCT_COMBINATION_POS others without interest_MEAN,291057,16454,5.3507,0.0,1.0,1.0,0.0024,0.0,0.0387,15.9454,0.0,0.0,0.0,20.8353,486.7274,289167,0,0.0,0.0,0.0,0.0,0.0,1890,0.6494,float64,291057,16454,0.0535,50,0.0024,0.0,0.0387,0.0,0.0,0.0,1.0,0.0,20.8354,486.7358,0,0.0,highly_skewed,variable,0.0,non_normal
531,PREV_PRODUCT_COMBINATION_nan_MEAN,291057,16454,5.3507,0.0,0.6667,0.6667,0.0002,0.0,0.007,39.2123,0.0,0.0,0.0,52.2272,3266.0429,290773,0,0.0,0.0,0.0,0.0,0.0,284,0.0976,float64,291057,16454,0.0535,40,0.0002,0.0,0.007,0.0,0.0,0.0,0.6667,0.0,52.2275,3266.0991,0,0.0,highly_skewed,variable,0.0,non_normal
532,PREV_RATE_DOWN_PAYMENT_MAX,273605,33906,11.0259,0.0,1.0,1.0,0.128,0.1053,0.1311,1.0243,0.0,0.1946,0.1946,1.581,3.149,76954,0,0.0,0.1946,0.1946,-0.2919,0.4864,8271,3.023,float64,273605,33906,0.1103,118254,0.128,0.1053,0.1311,0.0,0.0,0.1946,1.0,0.1946,1.581,3.1491,8271,0.0302,highly_skewed,variable,0.0,non_normal
533,PREV_RATE_DOWN_PAYMENT_MEAN,273605,33906,11.0259,-0.0,0.9897,0.9897,0.0819,0.0663,0.0895,1.0927,0.0,0.1089,0.1089,2.0455,6.955,76953,1,0.0,0.1089,0.1089,-0.1634,0.2723,10536,3.8508,float64,273605,33906,0.1103,165733,0.0819,0.0663,0.0895,-0.0,0.0,0.1089,0.9897,0.1089,2.0455,6.9551,10536,0.0385,highly_skewed,variable,0.0,non_normal
534,PREV_SK_ID_PREV_NUNIQUE,291057,16454,5.3507,1.0,73.0,72.0,4.8571,4.0,4.147,0.8538,2.0,6.0,4.0,2.3122,10.475,0,0,2.0,6.0,4.0,-4.0,12.0,15426,5.3,float64,291057,16454,0.0535,65,4.8571,4.0,4.147,1.0,2.0,6.0,73.0,4.0,2.3122,10.4752,15426,0.053,highly_skewed,variable,0.0,non_normal
535,PREV_WEEKDAY_APPR_PROCESS_START_FRIDAY_MEAN,291057,16454,5.3507,0.0,1.0,1.0,0.1473,0.0,0.2369,1.6083,0.0,0.25,0.25,1.9548,3.6539,171263,0,0.0,0.25,0.25,-0.375,0.625,15226,5.2313,float64,291057,16454,0.0535,313,0.1473,0.0,0.2369,0.0,0.0,0.25,1.0,0.25,1.9548,3.654,15226,0.0523,highly_skewed,variable,0.0,non_normal
536,PREV_WEEKDAY_APPR_PROCESS_START_MONDAY_MEAN,291057,16454,5.3507,0.0,1.0,1.0,0.1455,0.0,0.2361,1.6225,0.0,0.25,0.25,1.9623,3.6738,173227,0,0.0,0.25,0.25,-0.375,0.625,15251,5.2399,float64,291057,16454,0.0535,304,0.1455,0.0,0.2361,0.0,0.0,0.25,1.0,0.25,1.9623,3.6739,15251,0.0524,highly_skewed,variable,0.0,non_normal
537,PREV_WEEKDAY_APPR_PROCESS_START_SATURDAY_MEAN,291057,16454,5.3507,0.0,1.0,1.0,0.1541,0.0,0.2507,1.6276,0.0,0.25,0.25,1.933,3.3217,171760,0,0.0,0.25,0.25,-0.375,0.625,18252,6.2709,float64,291057,16454,0.0535,301,0.1541,0.0,0.2507,0.0,0.0,0.25,1.0,0.25,1.933,3.3218,18252,0.0627,highly_skewed,variable,0.0,non_normal
538,PREV_WEEKDAY_APPR_PROCESS_START_SUNDAY_MEAN,291057,16454,5.3507,0.0,1.0,1.0,0.1133,0.0,0.2247,1.9821,0.0,0.1429,0.1429,2.4865,6.1305,198955,0,0.0,0.1429,0.1429,-0.2143,0.3571,30972,10.6412,float64,291057,16454,0.0535,259,0.1133,0.0,0.2247,0.0,0.0,0.1429,1.0,0.1429,2.4865,6.1306,30972,0.1064,highly_skewed,variable,0.0,non_normal
539,PREV_WEEKDAY_APPR_PROCESS_START_THURSDAY_MEAN,291057,16454,5.3507,0.0,1.0,1.0,0.1451,0.0,0.2359,1.6251,0.0,0.25,0.25,1.983,3.7786,172752,0,0.0,0.25,0.25,-0.375,0.625,15116,5.1935,float64,291057,16454,0.0535,319,0.1451,0.0,0.2359,0.0,0.0,0.25,1.0,0.25,1.983,3.7786,15116,0.0519,highly_skewed,variable,0.0,non_normal
540,PREV_WEEKDAY_APPR_PROCESS_START_TUESDAY_MEAN,291057,16454,5.3507,0.0,1.0,1.0,0.147,0.0,0.2362,1.6068,0.0,0.25,0.25,1.9502,3.6405,171462,0,0.0,0.25,0.25,-0.375,0.625,15201,5.2227,float64,291057,16454,0.0535,316,0.147,0.0,0.2362,0.0,0.0,0.25,1.0,0.25,1.9502,3.6405,15201,0.0522,highly_skewed,variable,0.0,non_normal
541,PREV_WEEKDAY_APPR_PROCESS_START_WEDNESDAY_MEAN,291057,16454,5.3507,0.0,1.0,1.0,0.1476,0.0,0.2372,1.6066,0.0,0.25,0.25,1.9488,3.6167,171167,0,0.0,0.25,0.25,-0.375,0.625,15478,5.3179,float64,291057,16454,0.0535,316,0.1476,0.0,0.2372,0.0,0.0,0.25,1.0,0.25,1.9488,3.6168,15478,0.0532,highly_skewed,variable,0.0,non_normal
542,PREV_WEEKDAY_APPR_PROCESS_START_nan_MEAN,291057,16454,5.3507,0.0,0.0,0.0,0.0,0.0,0.0,,0.0,0.0,0.0,,,291057,0,0.0,0.0,0.0,0.0,0.0,0,0.0,float64,291057,16454,0.0535,1,0.0,0.0,0.0,0.0,0.0,0.0,0.0,0.0,0.0,0.0,0,0.0,approximately_symmetric,constant,,constant
543,REFUSED_AMT_APPLICATION_MAX,100294,207217,67.3852,0.0,4455000.0,4455000.0,388414.356,202500.0,481614.6854,1.24,67500.0,494988.75,427488.75,2.1275,5.5392,8154,0,67500.0,494988.75,427488.75,-573733.125,1136221.875,8447,8.4222,float64,100294,207217,0.6739,17300,388414.356,202500.0,481614.6854,0.0,67500.0,494988.75,4455000.0,427488.75,2.1275,5.5396,8447,0.0842,highly_skewed,variable,0.0,non_normal
544,REFUSED_AMT_APPLICATION_MEAN,100294,207217,67.3852,0.0,4455000.0,4455000.0,295893.0026,157354.3125,373811.0293,1.2633,58447.125,382500.0,324052.875,2.4505,8.0139,8154,0,58447.125,382500.0,324052.875,-427632.1875,868579.3125,8630,8.6047,float64,100294,207217,0.6739,32297,295893.0026,157354.3125,373811.0293,0.0,58447.125,382500.0,4455000.0,324052.875,2.4506,8.0143,8630,0.086,highly_skewed,variable,0.0,non_normal
545,REFUSED_AMT_CREDIT_MAX,100294,207217,67.3852,0.0,4104351.0,4104351.0,434790.9588,225000.0,523043.1537,1.203,85037.625,585000.0,499962.375,2.0575,5.1295,4930,0,85037.625,585000.0,499962.375,-664905.9375,1334943.5625,7773,7.7502,float64,100294,207217,0.6739,24804,434790.9588,225000.0,523043.1537,0.0,85037.625,585000.0,4104351.0,499962.375,2.0575,5.1298,7773,0.0775,highly_skewed,variable,0.0,non_normal
546,REFUSED_AMT_CREDIT_MEAN,100294,207217,67.3852,0.0,4085550.0,4085550.0,331421.6774,180000.0,404992.1972,1.222,70864.125,443160.0,372295.875,2.3748,7.4352,4930,0,70864.125,443160.0,372295.875,-487579.6875,1001603.8125,7515,7.493,float64,100294,207217,0.6739,53226,331421.6774,180000.0,404992.1972,0.0,70864.125,443160.0,4085550.0,372295.875,2.3748,7.4356,7515,0.0749,highly_skewed,variable,0.0,non_normal
547,REFUSED_APP_CREDIT_PERC_MAX,95364,212147,68.9884,0.0,17.0,17.0,0.9725,1.0,0.2974,0.3058,0.9132,1.0,0.0868,8.9381,341.1312,3224,0,0.9132,1.0,0.0868,0.783,1.1302,12310,12.9084,float64,95364,212147,0.6899,22656,0.9725,1.0,0.2974,0.0,0.9132,1.0,17.0,0.0868,8.9382,341.1492,12310,0.1291,highly_skewed,variable,0.0,non_normal
548,REFUSED_APP_CREDIT_PERC_MEAN,95364,212147,68.9884,0.0,8.5,8.5,0.922,0.9603,0.2431,0.2637,0.8794,1.0,0.1206,0.4881,50.053,3224,0,0.8794,1.0,0.1206,0.6985,1.1809,9923,10.4054,float64,95364,212147,0.6899,43000,0.922,0.9603,0.2431,0.0,0.8794,1.0,8.5,0.1206,0.4881,50.0557,9923,0.1041,approximately_symmetric,variable,0.0,non_normal
549,REFUSED_DAYS_DECISION_MEAN,100294,207217,67.3852,-2922.0,-2.0,2920.0,-847.7527,-548.8452,744.5077,0.8782,-1218.0,-286.0,932.0,-1.1391,0.1965,0,100294,-1218.0,-286.0,932.0,-2616.0,1112.0,2981,2.9723,float64,100294,207217,0.6739,17440,-847.7527,-548.8452,744.5077,-2922.0,-1218.0,-286.0,-2.0,932.0,-1.1392,0.1966,2981,0.0297,highly_skewed,variable,0.0,non_normal
550,REFUSED_DAYS_DECISION_MIN,100294,207217,67.3852,-2922.0,-2.0,2920.0,-983.9491,-642.0,832.5195,0.8461,-1532.0,-316.0,1216.0,-0.8651,-0.5905,0,100294,-1532.0,-316.0,1216.0,-3356.0,1508.0,0,0.0,float64,100294,207217,0.6739,2921,-983.9491,-642.0,832.5195,-2922.0,-1532.0,-316.0,-2.0,1216.0,-0.8651,-0.5904,0,0.0,moderately_skewed,variable,0.0,non_normal
551,REFUSED_SK_ID_PREV_NUNIQUE,100294,207217,67.3852,1.0,68.0,67.0,2.4467,2.0,2.3716,0.9693,1.0,3.0,2.0,4.0792,36.4159,0,0,1.0,3.0,2.0,-2.0,6.0,5530,5.5138,float64,100294,207217,0.6739,45,2.4467,2.0,2.3716,1.0,1.0,3.0,68.0,2.0,4.0793,36.4178,5530,0.0551,highly_skewed,variable,0.0,non_normal
552,REGION_POPULATION_RELATIVE,307511,0,0.0,0.0003,0.0725,0.0722,0.0209,0.0188,0.0138,0.6628,0.01,0.0287,0.0187,1.488,3.26,0,0,0.01,0.0287,0.0187,-0.018,0.0566,8412,2.7355,float64,307511,0,0.0,81,0.0209,0.0188,0.0138,0.0003,0.01,0.0287,0.0725,0.0187,1.488,3.2601,8412,0.0274,highly_skewed,variable,0.0,non_normal
553,REGION_RATING_CLIENT,307511,0,0.0,1.0,3.0,2.0,2.0525,2.0,0.509,0.248,2.0,2.0,0.0,0.0875,0.8004,0,0,2.0,2.0,0.0,2.0,2.0,80527,26.1867,int64,307511,0,0.0,3,2.0525,2.0,0.509,1.0,2.0,2.0,3.0,0.0,0.0875,0.8004,0,0.0,approximately_symmetric,variable,0.0,non_normal
554,REGION_RATING_CLIENT_W_CITY,307511,0,0.0,1.0,3.0,2.0,2.0315,2.0,0.5027,0.2475,2.0,2.0,0.0,0.0597,0.9335,0,0,2.0,2.0,0.0,2.0,2.0,78027,25.3737,int64,307511,0,0.0,3,2.0315,2.0,0.5027,1.0,2.0,2.0,3.0,0.0,0.0597,0.9336,0,0.0,approximately_symmetric,variable,0.0,non_normal
555,REG_CITY_NOT_LIVE_CITY,307511,0,0.0,0.0,1.0,1.0,0.0782,0.0,0.2684,3.434,0.0,0.0,0.0,3.1428,7.877,283472,0,0.0,0.0,0.0,0.0,0.0,24039,7.8173,int64,307511,0,0.0,2,0.0782,0.0,0.2684,0.0,0.0,0.0,1.0,0.0,3.1428,7.8771,0,0.0,highly_skewed,variable,0.0,non_normal
556,REG_CITY_NOT_WORK_CITY,307511,0,0.0,0.0,1.0,1.0,0.2305,0.0,0.4211,1.8274,0.0,0.0,0.0,1.2801,-0.3613,236644,0,0.0,0.0,0.0,0.0,0.0,70867,23.0454,int64,307511,0,0.0,2,0.2305,0.0,0.4211,0.0,0.0,0.0,1.0,0.0,1.2801,-0.3613,0,0.0,highly_skewed,variable,0.0,non_normal
557,REG_REGION_NOT_LIVE_REGION,307511,0,0.0,0.0,1.0,1.0,0.0151,0.0,0.1221,8.0643,0.0,0.0,0.0,7.9402,61.0474,302854,0,0.0,0.0,0.0,0.0,0.0,4657,1.5144,int64,307511,0,0.0,2,0.0151,0.0,0.1221,0.0,0.0,0.0,1.0,0.0,7.9403,61.0484,0,0.0,highly_skewed,variable,0.0,non_normal
558,REG_REGION_NOT_WORK_REGION,307511,0,0.0,0.0,1.0,1.0,0.0508,0.0,0.2195,4.324,0.0,0.0,0.0,4.0927,14.7506,291899,0,0.0,0.0,0.0,0.0,0.0,15612,5.0769,int64,307511,0,0.0,2,0.0508,0.0,0.2195,0.0,0.0,0.0,1.0,0.0,4.0928,14.7508,0,0.0,highly_skewed,variable,0.0,non_normal
559,SK_ID_CURR,307511,0,0.0,100002.0,456255.0,356253.0,278180.5186,278202.0,102790.1753,0.3695,189145.5,367142.5,177997.0,-0.0012,-1.199,0,0,189145.5,367142.5,177997.0,-77850.0,634138.0,0,0.0,int64,307511,0,0.0,307511,278180.5186,278202.0,102790.1753,100002.0,189145.5,367142.5,456255.0,177997.0,-0.0012,-1.199,0,0.0,approximately_symmetric,variable,0.0,non_normal
560,TARGET,307511,0,0.0,0.0,1.0,1.0,0.0807,0.0,0.2724,3.3745,0.0,0.0,0.0,3.0781,7.475,282686,0,0.0,0.0,0.0,0.0,0.0,24825,8.0729,int64,307511,0,0.0,2,0.0807,0.0,0.2724,0.0,0.0,0.0,1.0,0.0,3.0782,7.4751,0,0.0,highly_skewed,variable,0.0,non_normal
561,TOTALAREA_MODE,159080,148431,48.2685,0.0,1.0,1.0,0.1025,0.0688,0.1075,1.0479,0.0412,0.1276,0.0864,2.7975,12.1671,582,0,0.0412,0.1276,0.0864,-0.0884,0.2572,12091,7.6006,float64,159080,148431,0.4827,5116,0.1025,0.0688,0.1075,0.0,0.0412,0.1276,1.0,0.0864,2.7976,12.1675,12091,0.076,highly_skewed,variable,0.0,non_normal
562,YEARS_BEGINEXPLUATATION_AVG,157504,150007,48.781,0.0,1.0,1.0,0.9777,0.9816,0.0592,0.0606,0.9767,0.9866,0.0099,-15.5151,248.1684,514,0,0.9767,0.9866,0.0099,0.9618,1.0015,4784,3.0374,float64,157504,150007,0.4878,285,0.9777,0.9816,0.0592,0.0,0.9767,0.9866,1.0,0.0099,-15.5153,248.1763,4784,0.0304,highly_skewed,variable,0.0,non_normal
563,YEARS_BEGINEXPLUATATION_MEDI,157504,150007,48.781,0.0,1.0,1.0,0.9778,0.9816,0.0599,0.0613,0.9767,0.9866,0.0099,-15.573,248.3886,548,0,0.9767,0.9866,0.0099,0.9618,1.0015,4762,3.0234,float64,157504,150007,0.4878,245,0.9778,0.9816,0.0599,0.0,0.9767,0.9866,1.0,0.0099,-15.5731,248.3965,4762,0.0302,highly_skewed,variable,0.0,non_normal
564,YEARS_BEGINEXPLUATATION_MODE,157504,150007,48.781,0.0,1.0,1.0,0.9771,0.9816,0.0646,0.0661,0.9767,0.9866,0.0099,-14.7552,219.9557,142,0,0.9767,0.9866,0.0099,0.9618,1.0015,5074,3.2215,float64,157504,150007,0.4878,221,0.9771,0.9816,0.0646,0.0,0.9767,0.9866,1.0,0.0099,-14.7553,219.9628,5074,0.0322,highly_skewed,variable,0.0,non_normal
565,YEARS_BUILD_AVG,103023,204488,66.4978,0.0,1.0,1.0,0.7525,0.7552,0.1133,0.1505,0.6872,0.8232,0.136,-0.9625,4.3995,102,0,0.6872,0.8232,0.136,0.4832,1.0272,2154,2.0908,float64,103023,204488,0.665,149,0.7525,0.7552,0.1133,0.0,0.6872,0.8232,1.0,0.136,-0.9625,4.3998,2154,0.0209,moderately_skewed,variable,0.0,non_normal
566,YEARS_BUILD_MEDI,103023,204488,66.4978,0.0,1.0,1.0,0.7557,0.7585,0.1121,0.1483,0.6914,0.8256,0.1342,-0.9628,4.4685,101,0,0.6914,0.8256,0.1342,0.4901,1.0269,2274,2.2073,float64,103023,204488,0.665,151,0.7557,0.7585,0.1121,0.0,0.6914,0.8256,1.0,0.1342,-0.9628,4.4688,2274,0.0221,moderately_skewed,variable,0.0,non_normal
567,YEARS_BUILD_MODE,103023,204488,66.4978,0.0,1.0,1.0,0.7596,0.7648,0.1101,0.145,0.6994,0.8236,0.1242,-1.0023,4.7642,103,0,0.6994,0.8236,0.1242,0.5131,1.0099,2537,2.4626,float64,103023,204488,0.665,154,0.7596,0.7648,0.1101,0.0,0.6994,0.8236,1.0,0.1242,-1.0023,4.7645,2537,0.0246,highly_skewed,variable,0.0,non_normal
