,column,count,missing_count,iqr_q1,iqr_q3,iqr_value,iqr_lower_bound,iqr_upper_bound,iqr_lower_count,iqr_upper_count,iqr_total_count,iqr_total_pct,extreme_iqr_count,extreme_iqr_pct,zscore_lower_bound,zscore_upper_bound,zscore_lower_count,zscore_upper_count,zscore_total_count,zscore_total_pct,mod_zscore_mad,mod_zscore_count,mod_zscore_pct,pctl_lower_bound,pctl_upper_bound,pctl_count,pctl_pct,skewness_x,kurtosis,distribution_type_x,is_heavy_tailed,is_skewed,heavy_tail_flag,has_outliers,outlier_severity,suggested_treatment,winsorize_lower,winsorize_upper,distribution_type_y,transformation_recommendation,scaling_needed,clipping_recommendation,winsorization_recommendation,is_numeric,is_discrete,is_near_constant,zero_inflation_flag,binning_opportunity,structure_score,recommended_action,reason,zero_ratio,unique_count,skewness_y,outlier_percentage
0,AMT_ANNUITY,307499,12,16524.0,34596.0,18072.0,-10584.0,61704.0,0,7504,7504,2.44,1024,0.33,-16372.64,70589.79,0,2959,2959,0.96,8815.5,2948,0.96,6182.91,70006.5,6145,2.0,1.58,7.71,right_skewed,True,True,True,True,moderate,log_transform_or_winsorize,-10584.0,61704.0,heavy_tailed,log1p_or_quantile_transform,True,False,True,True,True,False,False,True,0.5,treat_as_categorical,"high_skew, discrete",0.0,13672,1.5798,2.44
1,AMT_CREDIT,307511,0,270000.0,808650.0,538650.0,-537975.0,1616625.0,0,6562,6562,2.13,444,0.14,-608446.33,1806498.33,0,3255,3255,1.06,251469.0,3215,1.05,76410.0,1854000.0,5811,1.89,1.23,1.93,right_skewed,True,True,True,True,moderate,log_transform_or_winsorize,-537975.0,1616625.0,right_skewed,log1p,True,False,True,True,True,False,False,True,0.5,treat_as_categorical,"high_skew, discrete",0.0,5603,1.2348,2.13
2,AMT_GOODS_PRICE,307233,278,238500.0,679500.0,441000.0,-423000.0,1341000.0,0,14728,14728,4.79,1090,0.35,-569943.17,1646735.59,0,4173,4173,1.36,225000.0,4339,1.41,67500.0,1800000.0,3493,1.14,1.35,2.43,right_skewed,True,True,True,True,moderate,log_transform_or_winsorize,-423000.0,1341000.0,right_skewed,log1p,True,False,True,True,True,True,False,True,0.8,drop_or_encode,near_constant,0.0,1002,1.349,4.79
3,AMT_INCOME_TOTAL,307511,0,112500.0,202500.0,90000.0,-22500.0,337500.0,0,14035,14035,4.56,3014,0.98,-542571.52,880167.36,0,454,454,0.15,43650.0,9331,3.03,45000.0,472500.0,4522,1.47,391.56,191783.44,right_skewed,True,True,True,True,moderate,log_transform_or_winsorize,-22500.0,337500.0,heavy_tailed,log1p_or_quantile_transform,True,False,True,True,True,True,False,True,0.8,drop_or_encode,near_constant,0.0,2548,391.5597,4.56
4,AMT_REQ_CREDIT_BUREAU_DAY,265992,41519,0.0,0.0,0.0,0.0,0.0,0,1489,1489,0.56,1489,0.56,-0.33,0.34,0,1489,1489,0.56,0.07,1489,0.56,0.0,0.0,1489,0.56,27.04,1151.85,right_skewed,True,True,True,True,low,investigate_individually,0.0,0.0,zero_inflated,log1p_or_tweedie,True,False,False,True,True,True,True,False,0.5,drop_or_encode,near_constant,0.9944,9,27.0435,0.0
5,AMT_REQ_CREDIT_BUREAU_HOUR,265992,41519,0.0,0.0,0.0,0.0,0.0,0,1626,1626,0.61,1626,0.61,-0.25,0.26,0,1626,1626,0.61,0.06,1626,0.61,0.0,0.0,1626,0.61,14.53,254.24,right_skewed,True,True,True,True,low,investigate_individually,0.0,0.0,zero_inflated,log1p_or_tweedie,True,False,False,True,True,True,True,False,0.5,drop_or_encode,near_constant,0.9939,5,14.5341,0.0
6,AMT_REQ_CREDIT_BUREAU_MON,265992,41519,0.0,0.0,0.0,0.0,0.0,0,43759,43759,16.45,43759,16.45,-2.48,3.02,0,3235,3235,1.22,0.62,3235,1.22,0.0,4.0,2159,0.81,7.8,90.43,right_skewed,True,True,True,True,severe,consider_log_transform,0.0,0.0,zero_inflated,log1p_or_tweedie,True,True,False,True,True,True,True,True,0.7,drop_or_encode,near_constant,0.8355,24,7.8048,0.0
7,AMT_REQ_CREDIT_BUREAU_QRT,265992,41519,0.0,0.0,0.0,0.0,0.0,0,50575,50575,19.01,50575,19.01,-2.12,2.65,0,2301,2301,0.87,0.54,2301,0.87,0.0,2.0,2301,0.87,134.37,43706.64,right_skewed,True,True,True,True,severe,consider_log_transform,0.0,0.0,zero_inflated,log1p_or_tweedie,True,True,False,True,True,True,True,True,0.5,drop_or_encode,near_constant,0.8099,11,134.3658,0.0
8,AMT_REQ_CREDIT_BUREAU_WEEK,265992,41519,0.0,0.0,0.0,0.0,0.0,0,8536,8536,3.21,8536,3.21,-0.58,0.65,0,8536,8536,3.21,0.14,8536,3.21,0.0,1.0,328,0.12,9.29,166.75,right_skewed,True,True,True,True,moderate,log_transform_or_winsorize,0.0,0.0,zero_inflated,log1p_or_tweedie,True,False,True,True,True,True,True,False,0.5,drop_or_encode,near_constant,0.9679,9,9.2936,0.0
9,AMT_REQ_CREDIT_BUREAU_YEAR,265992,41519,0.0,3.0,3.0,-4.5,7.5,0,3364,3364,1.26,58,0.02,-3.71,7.51,0,3364,3364,1.26,1.0,7233,2.72,0.0,8.0,1237,0.47,1.24,1.97,right_skewed,True,True,True,True,moderate,log_transform_or_winsorize,-4.5,7.5,right_skewed,log1p,True,False,False,True,True,True,False,True,0.5,drop_or_encode,near_constant,0.2699,25,1.2436,1.26
10,APARTMENTS_AVG,151450,156061,0.06,0.15,0.09,-0.08,0.28,0,10655,10655,7.04,3359,2.22,-0.21,0.44,0,2982,2982,1.97,0.04,8282,5.47,0.0,0.54,2471,1.63,2.64,11.39,right_skewed,True,True,True,True,high,robust_scaling_or_transform,-0.08,0.28,heavy_tailed,log1p_or_quantile_transform,True,True,False,True,True,False,False,True,0.8,treat_as_categorical,"high_skew, high_outliers, discrete",0.005,2339,2.6418,7.04
11,APARTMENTS_MEDI,151450,156061,0.06,0.15,0.09,-0.08,0.28,0,10728,10728,7.08,3461,2.29,-0.21,0.45,0,3035,3035,2.0,0.04,8300,5.48,0.0,0.55,2491,1.64,2.64,11.24,right_skewed,True,True,True,True,high,robust_scaling_or_transform,-0.08,0.28,heavy_tailed,log1p_or_quantile_transform,True,True,False,True,True,True,False,True,0.8,drop_or_encode,near_constant,0.0051,1148,2.6393,7.08
12,APARTMENTS_MODE,151450,156061,0.05,0.14,0.09,-0.08,0.28,0,10397,10397,6.86,3371,2.23,-0.21,0.44,0,3010,3010,1.99,0.04,8676,5.73,0.0,0.54,2774,1.83,2.7,11.75,right_skewed,True,True,True,True,high,robust_scaling_or_transform,-0.08,0.28,heavy_tailed,log1p_or_quantile_transform,True,True,False,True,True,True,False,True,0.8,drop_or_encode,near_constant,0.0064,760,2.7031,6.86
13,APPROVED_AMT_APPLICATION_MAX,290065,17446,90000.0,427500.0,337500.0,-416250.0,933750.0,0,20463,20463,7.05,3146,1.08,-742535.51,1364480.22,0,3560,3560,1.23,101686.5,35052,12.08,18895.5,1552500.0,5791,2.0,2.2,6.09,right_skewed,True,True,True,True,high,robust_scaling_or_transform,-416250.0,933750.0,heavy_tailed,log1p_or_quantile_transform,True,True,False,True,False,False,False,True,0.8,bin,"high_skew, high_outliers",0.0035,50746,2.196,7.05
14,APPROVED_AMT_APPLICATION_MEAN,290065,17446,66242.06,206955.0,140712.94,-144827.35,418024.41,0,20703,20703,7.14,6379,2.2,-325915.5,657665.62,0,5588,5588,1.93,58218.75,21027,7.25,16875.0,765000.0,5780,1.99,3.49,26.52,right_skewed,True,True,True,True,high,robust_scaling_or_transform,-144827.35,418024.41,heavy_tailed,log1p_or_quantile_transform,True,True,False,True,False,False,False,True,0.8,bin,"high_skew, high_outliers",0.0035,168391,3.4891,7.14
15,APPROVED_AMT_CREDIT_MAX,290065,17446,93240.0,450000.0,356760.0,-441900.0,985140.0,0,22919,22919,7.9,3943,1.36,-796569.69,1483451.78,0,4576,4576,1.58,117427.5,34498,11.89,19786.5,1620000.0,5795,2.0,2.04,4.96,right_skewed,True,True,True,True,high,robust_scaling_or_transform,-441900.0,985140.0,heavy_tailed,log1p_or_quantile_transform,True,True,False,True,False,False,False,True,0.8,bin,"high_skew, high_outliers",0.0,58928,2.0383,7.9
16,APPROVED_AMT_CREDIT_MEAN,290065,17446,71014.5,234893.25,163878.75,-174803.62,480711.38,0,18393,18393,6.34,4912,1.69,-348093.84,714543.47,0,5291,5291,1.82,67191.0,19074,6.58,19314.0,818915.76,5798,2.0,3.15,21.53,right_skewed,True,True,True,True,high,robust_scaling_or_transform,-174803.62,480711.38,heavy_tailed,log1p_or_quantile_transform,True,True,False,True,False,False,False,True,0.8,bin,"high_skew, high_outliers",0.0,185460,3.1491,6.34
17,APPROVED_APP_CREDIT_PERC_MAX,290056,17455,1.0,1.12,0.12,0.82,1.3,3659,28527,32186,11.1,16785,5.79,0.23,1.97,1012,4161,5173,1.78,0.08,18653,6.43,0.8,2.04,5802,2.0,10.82,370.68,right_skewed,True,True,True,True,severe,consider_log_transform,0.82,1.3,heavy_tailed,log1p_or_quantile_transform,True,True,False,True,False,False,False,True,0.8,bin,"high_skew, high_outliers",0.0035,145549,10.8179,11.1
18,APPROVED_APP_CREDIT_PERC_MEAN,290056,17455,0.91,1.03,0.12,0.72,1.22,17177,14420,31597,10.89,9395,3.24,0.43,1.51,1550,2921,4471,1.54,0.06,17842,6.15,0.5,1.52,5732,1.98,1.71,34.28,right_skewed,True,True,True,True,severe,consider_log_transform,0.72,1.22,heavy_tailed,log1p_or_quantile_transform,True,True,False,True,False,False,False,True,0.8,bin,"high_skew, high_outliers",0.0035,239493,1.7129,10.89
19,APPROVED_CNT_PAYMENT_MEAN,290065,17446,9.0,17.14,8.14,-3.21,29.36,0,12394,12394,4.27,2057,0.71,-9.04,36.22,0,2903,2903,1.0,4.0,7923,2.73,2.0,36.26,5550,1.91,1.57,4.06,right_skewed,True,True,True,True,moderate,log_transform_or_winsorize,-3.21,29.36,heavy_tailed,log1p_or_quantile_transform,True,False,True,True,True,True,False,True,0.8,drop_or_encode,near_constant,0.0091,1342,1.5715,4.27
20,APPROVED_CNT_PAYMENT_SUM,290065,17446,12.0,60.0,48.0,-60.0,132.0,0,11793,11793,4.07,1995,0.69,-78.73,165.19,0,5526,5526,1.91,18.0,15265,5.26,4.0,192.0,5431,1.87,2.07,6.29,right_skewed,True,True,True,True,moderate,log_transform_or_winsorize,-60.0,132.0,heavy_tailed,log1p_or_quantile_transform,True,False,True,True,True,True,False,True,0.8,drop_or_encode,near_constant,0.0091,345,2.0656,4.07
21,APPROVED_DAYS_DECISION_MEAN,290065,17446,-1396.17,-557.0,839.17,-2654.92,701.75,3480,0,3480,1.2,0,0.0,-2802.6,738.97,1186,0,1186,0.41,412.5,0,0.0,-2685.68,-162.0,5774,1.99,-0.77,0.14,moderate_deviation,False,True,False,True,moderate,winsorize_lower_or_clip,-2654.92,701.75,approximately_normal,none_or_standard_scaler,True,False,False,True,False,False,False,False,0.5,keep_continuous,no_strong_signal,0.0,34247,0.7661,1.2
22,APPROVED_DAYS_DECISION_MIN,290065,17446,-2379.0,-720.0,1659.0,-4867.5,1768.5,0,0,0,0.0,0,0.0,-4119.18,1058.03,0,0,0,0.0,820.0,0,0.0,-2901.0,-172.0,5678,1.96,-0.06,-1.41,light_tailed,False,False,False,False,none,none_needed,-4867.5,1768.5,approximately_normal,none_or_standard_scaler,True,False,False,True,True,False,False,True,0.2,treat_as_categorical,discrete,0.0,2921,0.0645,0.0
23,APPROVED_SK_ID_PREV_NUNIQUE,290065,17446,1.0,4.0,3.0,-3.5,8.5,0,7052,7052,2.43,482,0.17,-3.31,9.42,0,4107,4107,1.42,1.0,7052,2.43,1.0,10.0,2362,0.81,1.59,3.9,right_skewed,True,True,True,True,moderate,log_transform_or_winsorize,-3.5,8.5,heavy_tailed,log1p_or_quantile_transform,True,False,True,True,True,True,False,True,0.5,drop_or_encode,near_constant,0.0,25,1.5934,2.43
24,APP_ADDRESS_MISMATCH_COUNT,307511,0,0.0,2.0,2.0,-3.0,5.0,0,329,329,0.11,0,0.0,-2.66,3.85,0,10742,10742,3.49,0.73,10742,3.49,0.0,4.0,1198,0.39,1.72,2.33,right_skewed,True,True,True,True,low,investigate_individually,-3.0,5.0,zero_inflated,log1p_or_tweedie,True,False,False,True,True,True,True,False,0.5,drop_or_encode,near_constant,0.7426,7,1.7179,0.11
25,APP_ANNUITY_INCOME_RATIO,307499,12,0.11,0.23,0.11,-0.06,0.4,0,7878,7878,2.56,1246,0.41,-0.1,0.46,0,3792,3792,1.23,0.06,4453,1.45,0.04,0.48,6150,2.0,1.51,5.45,right_skewed,True,True,True,True,moderate,log_transform_or_winsorize,-0.06,0.4,heavy_tailed,log1p_or_quantile_transform,True,False,True,True,False,False,False,True,0.5,bin,high_skew,0.0,88811,1.512,2.56
26,APP_CAR_BIRTH_RATIO,104582,202929,-0.0,-0.0,0.0,-0.0,0.0,5265,0,5265,5.03,3075,2.94,-0.0,0.0,2710,0,2710,2.59,0.0,4254,4.07,-0.01,0.0,1046,1.0,-3.61,17.56,left_skewed,True,True,True,True,high,robust_scaling_or_transform,-0.0,0.0,heavy_tailed,quantile_transform_or_robust_scaler,True,True,False,True,False,False,False,True,0.8,bin,"high_skew, high_outliers",0.0204,78396,3.6124,5.03
27,APP_CONTACT_COUNT,307511,0,3.0,4.0,1.0,1.5,5.5,27,1992,2019,0.66,0,0.0,0.76,5.95,0,1992,1992,0.65,0.58,0,0.0,2.0,5.0,2019,0.66,0.56,-0.09,moderate_deviation,False,True,False,True,low,investigate_individually,1.5,5.5,approximately_normal,none_or_standard_scaler,False,False,False,True,True,True,False,False,0.3,drop_or_encode,near_constant,0.0,6,0.5557,0.66
28,APP_CREDIT_ANNUITY_RATIO,307499,12,15.61,27.1,11.49,-1.61,44.33,0,17,17,0.01,0,0.0,-1.86,45.08,0,11,11,0.0,5.27,0,0.0,8.71,37.79,6149,2.0,0.3,-0.78,approximately_normal,False,False,False,True,low,investigate_individually,-1.61,44.33,approximately_normal,none_or_standard_scaler,False,False,False,True,False,False,False,False,0.2,keep_continuous,no_strong_signal,0.0,39539,0.3047,0.01
29,APP_CREDIT_INCOME_RATIO,307511,0,2.02,5.16,3.14,-2.69,9.87,0,11510,11510,3.74,1626,0.53,-4.11,12.03,0,4340,4340,1.41,1.45,7801,2.54,0.6,13.03,6152,2.0,1.84,8.37,right_skewed,True,True,True,True,moderate,log_transform_or_winsorize,-2.69,9.87,heavy_tailed,log1p_or_quantile_transform,True,False,True,True,False,False,False,True,0.8,bin,high_skew,0.0,48697,1.836,3.74
30,APP_DOCUMENT_COUNT,307511,0,1.0,1.0,0.0,1.0,1.0,29549,7906,37455,12.18,37455,12.18,-0.1,1.96,0,7906,7906,2.57,0.23,164,0.05,0.0,2.0,164,0.05,-1.01,5.18,left_skewed,True,True,True,True,severe,consider_log_transform,1.0,1.0,heavy_tailed,quantile_transform_or_robust_scaler,True,True,False,True,True,True,False,False,0.3,drop_or_encode,near_constant,0.0961,5,1.0146,0.0
31,APP_EMPLOYED_BIRTH_RATIO,252137,55374,0.06,0.22,0.16,-0.19,0.46,0,10760,10760,4.27,19,0.01,-0.24,0.56,0,4240,4240,1.68,0.07,7922,3.14,0.01,0.59,5044,2.0,1.35,1.59,right_skewed,True,True,True,True,moderate,log_transform_or_winsorize,-0.19,0.46,right_skewed,log1p,True,False,True,True,False,False,False,True,0.8,bin,high_skew,0.0,249434,1.3474,4.27
32,APP_EXT_SOURCE_MAX,307339,172,0.54,0.73,0.18,0.26,1.0,11713,0,11713,3.81,0,0.0,0.15,1.08,3675,0,3675,1.2,0.09,6092,1.98,0.13,0.87,6145,2.0,-1.07,1.17,left_skewed,True,True,True,True,moderate,winsorize_lower_or_clip,0.26,1.0,left_skewed,yeo_johnson_or_square_transform,True,False,True,True,False,False,False,True,0.8,bin,high_skew,0.0,121113,1.0659,3.81
33,APP_EXT_SOURCE_MEAN,307339,172,0.41,0.62,0.21,0.1,0.94,2652,0,2652,0.86,0,0.0,0.06,0.96,1261,0,1261,0.41,0.1,0,0.0,0.11,0.77,6148,2.0,-0.53,-0.06,moderate_deviation,False,True,False,True,low,investigate_individually,0.1,0.94,approximately_normal,none_or_standard_scaler,False,False,False,True,False,False,False,False,0.5,keep_continuous,no_strong_signal,0.0,300347,0.5295,0.86
34,APP_EXT_SOURCE_MIN,307339,172,0.25,0.55,0.3,-0.19,1.0,0,0,0,0.0,0,0.0,-0.16,0.96,0,0,0,0.0,0.15,0,0.0,0.02,0.75,6148,2.0,-0.08,-0.93,approximately_normal,False,False,False,False,none,none_needed,-0.19,1.0,approximately_normal,none_or_standard_scaler,False,False,False,True,False,False,False,False,0.2,keep_continuous,no_strong_signal,0.0,139146,0.0838,0.0
35,APP_EXT_SOURCE_STD,270602,36909,0.07,0.21,0.14,-0.14,0.43,0,2770,2770,1.02,1,0.0,-0.15,0.45,0,1682,1682,0.62,0.07,515,0.19,0.0,0.43,5414,2.0,0.74,0.2,moderate_deviation,False,True,False,True,moderate,winsorize_upper_or_clip,-0.14,0.43,approximately_normal,none_or_standard_scaler,False,False,False,True,False,False,False,False,0.5,keep_continuous,no_strong_signal,0.0,269867,0.7364,1.02
36,APP_GOODS_CREDIT_RATIO,307233,278,0.83,1.0,0.17,0.59,1.25,30,214,244,0.08,176,0.06,0.61,1.19,113,228,341,0.11,0.09,198,0.06,0.68,1.0,2973,0.97,2.67,120.16,right_skewed,True,True,True,True,low,investigate_individually,0.59,1.25,heavy_tailed,log1p_or_quantile_transform,True,False,False,True,True,True,False,True,0.5,drop_or_encode,near_constant,0.0,3066,2.6669,0.08
37,APP_INCOME_PER_PERSON,307509,2,47250.0,112500.0,65250.0,-50625.0,210375.0,0,17410,17410,5.66,4969,1.62,-211014.21,397225.97,0,1825,1825,0.59,30000.0,10734,3.49,18000.0,337500.0,6057,1.97,187.37,70683.02,right_skewed,True,True,True,True,high,robust_scaling_or_transform,-50625.0,210375.0,heavy_tailed,log1p_or_quantile_transform,True,True,False,True,True,True,False,True,0.8,drop_or_encode,near_constant,0.0,3064,187.3673,5.66
38,APP_MISSING_COUNT,307511,0,7.0,50.0,43.0,-57.5,114.5,0,0,0,0.0,0,0.0,-32.04,94.21,0,0,0,0.0,16.0,0,0.0,0.0,60.0,2631,0.86,-0.24,-1.63,light_tailed,False,False,False,False,none,none_needed,-57.5,114.5,approximately_normal,none_or_standard_scaler,False,False,False,True,True,True,False,True,0.2,drop_or_encode,near_constant,0.028,67,0.2432,0.0
39,APP_MISSING_RATIO,307511,0,0.05,0.36,0.31,-0.41,0.82,0,0,0,0.0,0,0.0,-0.23,0.67,0,0,0,0.0,0.11,0,0.0,0.0,0.43,2631,0.86,-0.24,-1.63,light_tailed,False,False,False,False,none,none_needed,-0.41,0.82,approximately_normal,none_or_standard_scaler,False,False,False,True,True,True,False,True,0.2,drop_or_encode,near_constant,0.028,67,0.2432,0.0
40,APP_PHONE_BIRTH_RATIO,307510,1,0.02,0.1,0.08,-0.1,0.22,0,3620,3620,1.18,1,0.0,-0.1,0.23,0,2405,2405,0.78,0.04,1020,0.33,0.0,0.22,3076,1.0,0.93,0.44,moderate_deviation,False,True,False,True,moderate,winsorize_upper_or_clip,-0.1,0.22,approximately_normal,none_or_standard_scaler,False,False,False,True,False,False,False,True,0.5,bin,high_skew,0.1225,264924,0.9255,1.18
41,APP_PHONE_EMPLOYED_RATIO,252134,55377,0.13,0.92,0.79,-1.05,2.1,0,28891,28891,11.46,17905,7.1,-13.78,15.98,0,1190,1190,0.47,0.36,25930,10.28,0.0,11.61,2522,1.0,206.22,68343.94,right_skewed,True,True,True,True,severe,consider_log_transform,-1.05,2.1,heavy_tailed,log1p_or_quantile_transform,True,True,False,True,False,False,False,True,0.8,bin,"high_skew, high_outliers",0.1146,205138,206.2223,11.46
42,BASEMENTAREA_AVG,127568,179943,0.04,0.11,0.07,-0.06,0.21,0,7190,7190,5.64,2434,1.91,-0.16,0.34,0,1973,1973,1.55,0.03,4629,3.63,0.0,0.39,1276,1.0,3.57,25.93,right_skewed,True,True,True,True,high,robust_scaling_or_transform,-0.06,0.21,heavy_tailed,log1p_or_quantile_transform,True,True,False,True,True,False,False,True,0.8,treat_as_categorical,"high_skew, high_outliers, discrete",0.1156,3780,3.5663,5.64
43,BASEMENTAREA_MEDI,127568,179943,0.04,0.11,0.07,-0.06,0.21,0,7188,7188,5.63,2441,1.91,-0.16,0.33,0,1991,1991,1.56,0.03,4619,3.62,0.0,0.38,1273,1.0,3.55,25.83,right_skewed,True,True,True,True,high,robust_scaling_or_transform,-0.06,0.21,heavy_tailed,log1p_or_quantile_transform,True,True,False,True,True,False,False,True,0.8,treat_as_categorical,"high_skew, high_outliers, discrete",0.1175,3772,3.553,5.63
44,BASEMENTAREA_MODE,127568,179943,0.04,0.11,0.07,-0.07,0.22,0,6910,6910,5.42,2360,1.85,-0.17,0.34,0,2063,2063,1.62,0.04,4487,3.52,0.0,0.4,1271,1.0,3.48,24.43,right_skewed,True,True,True,True,high,robust_scaling_or_transform,-0.07,0.22,heavy_tailed,log1p_or_quantile_transform,True,True,False,True,True,False,False,True,0.8,treat_as_categorical,"high_skew, high_outliers, discrete",0.1301,3841,3.4815,5.42
45,BUREAU_ACTIVE_AMT_CREDIT_SUM_DEBT_MEAN,206514,100997,48129.75,359028.56,310898.81,-418218.47,825376.78,9,20360,20369,9.86,11466,5.55,-2443030.65,3197345.68,0,3084,3084,1.49,123597.0,21472,10.4,0.0,4106033.22,3157,1.53,15.22,637.62,right_skewed,True,True,True,True,high,robust_scaling_or_transform,-418218.47,825376.78,heavy_tailed,quantile_transform_or_robust_scaler,True,True,False,True,False,False,False,True,0.8,bin,"high_skew, high_outliers",0.1049,158599,15.2183,9.86
46,BUREAU_ACTIVE_AMT_CREDIT_SUM_DEBT_SUM,217150,90361,55712.14,816669.56,760957.43,-1085724.0,1958105.7,8,20073,20081,9.25,10342,4.76,-4495411.58,6025604.66,1,3555,3556,1.64,274418.55,24129,11.11,0.0,7577112.6,3263,1.5,37.81,6137.77,right_skewed,True,True,True,True,high,robust_scaling_or_transform,-1085724.0,1958105.7,heavy_tailed,quantile_transform_or_robust_scaler,True,True,False,True,False,False,False,True,0.8,bin,"high_skew, high_outliers",0.1487,153496,37.8124,9.25
47,BUREAU_ACTIVE_AMT_CREDIT_SUM_MEAN,217149,90362,136125.0,575354.25,439229.25,-522718.88,1234198.12,0,20980,20980,9.66,11159,5.14,-2773447.96,3901594.18,0,3407,3407,1.57,173407.5,22332,10.28,0.0,4924594.86,2172,1.0,14.62,605.07,right_skewed,True,True,True,True,high,robust_scaling_or_transform,-522718.88,1234198.12,heavy_tailed,log1p_or_quantile_transform,True,True,False,True,False,False,False,True,0.8,bin,"high_skew, high_outliers",0.0142,99483,14.6242,9.66
48,BUREAU_ACTIVE_AMT_CREDIT_SUM_OVERDUE_MEAN,217150,90361,0.0,0.0,0.0,0.0,0.0,0,3180,3180,1.46,3180,1.46,-32955.31,33163.25,0,66,66,0.03,7432.83,59,0.03,0.0,27.0,2156,0.99,231.3,65667.91,right_skewed,True,True,True,True,moderate,log_transform_or_winsorize,0.0,0.0,zero_inflated,log1p_or_tweedie,True,False,False,True,True,True,True,True,0.7,drop_or_encode,near_constant,0.9854,1557,231.2985,0.0
49,BUREAU_ACTIVE_AMT_CREDIT_SUM_OVERDUE_SUM,217150,90361,0.0,0.0,0.0,0.0,0.0,0,3180,3180,1.46,3180,1.46,-49584.12,50057.57,0,142,142,0.07,11201.39,125,0.06,0.0,76.5,2158,0.99,152.81,28608.93,right_skewed,True,True,True,True,moderate,log_transform_or_winsorize,0.0,0.0,zero_inflated,log1p_or_tweedie,True,False,False,True,True,True,True,True,0.7,drop_or_encode,near_constant,0.9854,1197,152.8089,0.0
50,BUREAU_ACTIVE_AMT_CREDIT_SUM_SUM,217150,90361,234000.0,1525499.46,1291499.46,-1703249.19,3462748.65,0,17751,17751,8.17,8673,3.99,-5786521.55,8408983.56,0,3464,3464,1.6,493128.9,20014,9.22,0.0,10069423.43,2172,1.0,27.12,2810.46,right_skewed,True,True,True,True,high,robust_scaling_or_transform,-1703249.19,3462748.65,heavy_tailed,log1p_or_quantile_transform,True,True,False,True,False,False,False,True,0.8,bin,"high_skew, high_outliers",0.0142,95921,27.1163,8.17
51,BUREAU_ACTIVE_DAYS_CREDIT_MAX,217150,90361,-514.0,-126.0,388.0,-1096.0,456.0,17347,0,17347,7.99,6236,2.87,-1830.13,996.27,5247,0,5247,2.42,160.0,17649,8.13,-2563.0,-13.0,4054,1.87,-2.53,7.73,left_skewed,True,True,True,True,high,robust_scaling_or_transform,-1096.0,456.0,heavy_tailed,quantile_transform_or_robust_scaler,True,True,False,True,True,False,False,True,0.8,treat_as_categorical,"high_skew, high_outliers, discrete",0.0,2907,2.5276,7.99
52,BUREAU_ACTIVE_DAYS_CREDIT_MEAN,217150,90361,-871.5,-294.42,577.08,-1737.11,571.19,7758,0,7758,3.57,1980,0.91,-2138.0,836.42,4581,0,4581,2.11,275.31,5484,2.53,-2572.0,-33.0,4264,1.96,-1.58,3.36,left_skewed,True,True,True,True,moderate,winsorize_lower_or_clip,-1737.11,571.19,heavy_tailed,quantile_transform_or_robust_scaler,True,False,True,True,False,False,False,True,0.8,bin,high_skew,0.0,20978,1.5833,3.57
53,BUREAU_ACTIVE_DAYS_CREDIT_MIN,217150,90361,-1313.0,-366.0,947.0,-2733.5,1054.5,5570,0,5570,2.57,0,0.0,-3105.95,1229.52,0,0,0,0.0,447.0,0,0.0,-2848.0,-34.0,4307,1.98,-1.0,0.28,left_skewed,False,True,False,True,moderate,winsorize_lower_or_clip,-2733.5,1054.5,left_skewed,yeo_johnson_or_square_transform,True,False,True,True,True,False,False,True,0.5,treat_as_categorical,"high_skew, discrete",0.0,2922,1.0038,2.57
54,BUREAU_AMT_ANNUITY_MAX,80009,227502,450.0,27004.5,26554.5,-39381.75,66836.25,0,4882,4882,6.1,2136,2.67,-1509145.38,1578822.27,0,133,133,0.17,12491.19,3588,4.48,0.0,263417.4,801,1.0,87.23,8815.37,right_skewed,True,True,True,True,high,robust_scaling_or_transform,-39381.75,66836.25,heavy_tailed,log1p_or_quantile_transform,True,True,False,True,False,False,False,True,0.8,bin,"high_skew, high_outliers",0.2467,23582,87.2272,6.1
55,BUREAU_AMT_ANNUITY_MEAN,80009,227502,242.76,15150.01,14907.25,-22118.11,37510.89,0,5331,5331,6.66,2281,2.85,-495452.44,527556.94,0,128,128,0.16,6494.16,4759,5.95,0.0,110523.06,801,1.0,104.92,14183.73,right_skewed,True,True,True,True,high,robust_scaling_or_transform,-22118.11,37510.89,heavy_tailed,log1p_or_quantile_transform,True,True,False,True,False,False,False,True,0.8,bin,"high_skew, high_outliers",0.2467,40563,104.9256,6.66
56,BUREAU_AMT_CREDIT_MAX_OVERDUE_MAX,183886,123625,0.0,5928.76,5928.76,-8893.14,14821.9,0,20126,20126,10.94,10802,5.87,-1094494.5,1113286.95,0,101,101,0.05,248191.43,87,0.05,0.0,75627.0,1838,1.0,265.92,77719.08,right_skewed,True,True,True,True,severe,consider_log_transform,-8893.14,14821.9,zero_inflated,log1p_or_tweedie,True,True,False,True,False,False,True,True,1.0,bin,"high_skew, high_outliers, zero_inflated",0.6169,44798,265.9265,10.94
57,BUREAU_AMT_CREDIT_MAX_OVERDUE_MEAN,183886,123625,0.0,2124.0,2124.0,-3186.0,5310.0,0,25423,25423,13.83,15608,8.49,-913982.32,924467.17,0,73,73,0.04,206672.36,65,0.04,0.0,41269.5,1838,1.0,318.28,114889.98,right_skewed,True,True,True,True,severe,consider_log_transform,-3186.0,5310.0,zero_inflated,log1p_or_tweedie,True,True,False,True,False,False,True,True,1.0,bin,"high_skew, high_outliers, zero_inflated",0.6169,55265,318.2799,13.83
58,BUREAU_AMT_CREDIT_SUM_DEBT_MAX,256131,51380,0.0,495000.0,495000.0,-742500.0,1237500.0,0,25756,25756,10.06,14110,5.51,-3508045.82,4551300.81,0,4459,4459,1.74,149458.5,35449,13.84,0.0,6277685.4,2647,1.03,16.16,1147.39,right_skewed,True,True,True,True,severe,consider_log_transform,-742500.0,1237500.0,heavy_tailed,quantile_transform_or_robust_scaler,True,True,False,True,False,False,False,True,0.8,bin,"high_skew, high_outliers",0.2766,138943,16.1593,10.06
59,BUREAU_AMT_CREDIT_SUM_DEBT_MEAN,256131,51380,0.0,142136.25,142136.25,-213204.38,355340.62,9,25074,25083,9.79,14018,5.47,-1419560.16,1740340.31,0,2987,2987,1.17,44208.04,33604,13.12,0.0,1935000.0,3856,1.51,19.61,852.65,right_skewed,True,True,True,True,high,robust_scaling_or_transform,-213204.38,355340.62,heavy_tailed,quantile_transform_or_robust_scaler,True,True,False,True,False,False,False,True,0.8,bin,"high_skew, high_outliers",0.2721,169324,19.6092,9.79
60,BUREAU_AMT_CREDIT_SUM_DEBT_SUM,263491,44020,0.0,660062.11,660062.11,-990093.17,1650155.29,8,25396,25404,9.64,13305,5.05,-4261232.54,5542533.05,1,4293,4294,1.63,169020.0,43504,16.51,0.0,6999643.35,3931,1.49,38.91,6723.52,right_skewed,True,True,True,True,high,robust_scaling_or_transform,-990093.17,1650155.29,heavy_tailed,quantile_transform_or_robust_scaler,True,True,False,True,False,False,False,True,0.8,bin,"high_skew, high_outliers",0.2924,154999,38.9057,9.64
61,BUREAU_AMT_CREDIT_SUM_LIMIT_MAX,242442,65069,0.0,0.0,0.0,0.0,0.0,1,48792,48793,20.13,48793,20.13,-233503.17,278064.45,0,5231,5231,2.16,57508.73,4704,1.94,0.0,424286.96,2426,1.0,9.53,229.74,right_skewed,True,True,True,True,severe,consider_log_transform,0.0,0.0,zero_inflated,yeo_johnson_power_transform,True,True,False,True,False,False,True,True,0.7,bin,"high_skew, zero_inflated",0.7987,34311,9.5329,0.0
62,BUREAU_AMT_CREDIT_SUM_LIMIT_MEAN,242442,65069,0.0,0.0,0.0,0.0,0.0,127,48725,48852,20.15,48852,20.15,-84373.49,96176.44,1,3252,3253,1.34,20296.82,2817,1.16,0.0,112811.07,2552,1.05,28.01,2554.77,right_skewed,True,True,True,True,severe,consider_log_transform,0.0,0.0,zero_inflated,yeo_johnson_power_transform,True,True,False,True,False,False,True,True,0.7,bin,"high_skew, zero_inflated",0.7985,38928,28.0111,0.0
63,BUREAU_AMT_CREDIT_SUM_LIMIT_SUM,263491,44020,0.0,0.0,0.0,0.0,0.0,127,48725,48852,18.54,48852,18.54,-276837.36,323964.31,3,5323,5326,2.02,67540.12,4695,1.78,0.0,455037.54,2762,1.05,11.91,400.07,right_skewed,True,True,True,True,severe,consider_log_transform,0.0,0.0,zero_inflated,yeo_johnson_power_transform,True,True,False,True,False,False,True,True,0.7,bin,"high_skew, zero_inflated",0.8146,37278,11.9082,0.0
64,BUREAU_AMT_CREDIT_SUM_MAX,263490,44021,180000.0,1043914.5,863914.5,-1115871.75,2339786.25,0,23469,23469,8.91,12390,4.7,-5286693.57,7238701.86,0,3795,3795,1.44,317700.0,28495,10.81,19350.0,8550000.0,5263,2.0,39.5,5517.29,right_skewed,True,True,True,True,high,robust_scaling_or_transform,-1115871.75,2339786.25,heavy_tailed,log1p_or_quantile_transform,True,True,False,True,False,False,False,True,0.8,bin,"high_skew, high_outliers",0.0041,65160,39.5003,8.91
65,BUREAU_AMT_CREDIT_SUM_MEAN,263490,44021,103500.0,394116.22,290616.22,-332424.33,830040.55,0,24086,24086,9.14,12466,4.73,-2296939.15,3053099.55,0,2516,2516,0.95,114551.59,25835,9.8,17432.01,2973525.9,5270,2.0,67.62,12028.75,right_skewed,True,True,True,True,high,robust_scaling_or_transform,-332424.33,830040.55,heavy_tailed,log1p_or_quantile_transform,True,True,False,True,False,False,False,True,0.8,bin,"high_skew, high_outliers",0.0041,209581,67.6234,9.14
66,BUREAU_AMT_CREDIT_SUM_OVERDUE_MAX,263491,44020,0.0,0.0,0.0,0.0,0.0,0,3334,3334,1.27,3334,1.27,-42979.75,43349.69,0,144,144,0.05,9704.87,124,0.05,0.0,31.5,2603,0.99,178.42,39601.71,right_skewed,True,True,True,True,moderate,log_transform_or_winsorize,0.0,0.0,zero_inflated,log1p_or_tweedie,True,False,False,True,True,True,True,True,0.7,drop_or_encode,near_constant,0.9873,1203,178.4196,0.0
67,BUREAU_AMT_CREDIT_SUM_OVERDUE_MEAN,263491,44020,0.0,0.0,0.0,0.0,0.0,0,3334,3334,1.27,3334,1.27,-15825.65,15924.75,0,78,78,0.03,3569.27,72,0.03,0.0,4.5,2627,1.0,218.35,55996.24,right_skewed,True,True,True,True,moderate,log_transform_or_winsorize,0.0,0.0,zero_inflated,log1p_or_tweedie,True,False,False,True,True,True,True,True,0.7,drop_or_encode,near_constant,0.9873,1872,218.3509,0.0
68,BUREAU_AMT_CREDIT_SUM_OVERDUE_SUM,263491,44020,0.0,0.0,0.0,0.0,0.0,0,3334,3334,1.27,3334,1.27,-49268.55,49714.61,0,154,154,0.06,11127.36,135,0.05,0.0,31.5,2608,0.99,152.58,28188.96,right_skewed,True,True,True,True,moderate,log_transform_or_winsorize,0.0,0.0,zero_inflated,log1p_or_tweedie,True,False,False,True,True,True,True,True,0.7,drop_or_encode,near_constant,0.9873,1218,152.5798,0.0
69,BUREAU_AMT_CREDIT_SUM_SUM,263491,44020,343377.27,2297720.7,1954343.43,-2588137.88,5229235.85,0,21991,21991,8.35,9719,3.69,-10349376.76,14260989.93,0,2561,2561,0.97,747981.0,24893,9.45,20790.0,14113076.85,5268,2.0,75.89,15688.33,right_skewed,True,True,True,True,high,robust_scaling_or_transform,-2588137.88,5229235.85,heavy_tailed,log1p_or_quantile_transform,True,True,False,True,False,False,False,True,0.8,bin,"high_skew, high_outliers",0.0041,205630,75.8869,8.35
70,BUREAU_BB_MONTHS_BALANCE_MAX_MEAN,92231,215280,-12.0,0.0,12.0,-30.0,18.0,3696,0,3696,4.01,806,0.87,-39.02,23.53,1678,0,1678,1.82,4.0,6172,6.69,-46.48,0.0,923,1.0,-2.23,7.39,left_skewed,True,True,True,True,moderate,winsorize_lower_or_clip,-30.0,18.0,heavy_tailed,quantile_transform_or_robust_scaler,True,False,True,True,True,False,False,True,1.0,treat_as_categorical,"high_skew, discrete",0.3638,3958,2.2256,4.01
71,BUREAU_BB_MONTHS_BALANCE_MIN_MEAN,92231,215280,-45.22,-21.0,24.22,-81.56,15.33,1447,0,1447,1.57,0,0.0,-87.67,19.22,652,0,652,0.71,12.0,3,0.0,-86.0,-2.5,1727,1.87,-0.54,0.24,moderate_deviation,False,True,False,True,moderate,winsorize_lower_or_clip,-81.56,15.33,approximately_normal,none_or_standard_scaler,False,False,False,True,False,False,False,False,0.5,keep_continuous,no_strong_signal,0.002,5715,0.5379,1.57
72,BUREAU_BB_MONTHS_BALANCE_SIZE_MEAN,92231,215280,15.0,37.0,22.0,-18.0,70.0,0,2130,2130,2.31,0,0.0,-23.01,77.96,0,1349,1349,1.46,10.75,1087,1.18,2.4,82.0,1824,1.98,1.0,1.17,moderate_deviation,True,True,True,True,moderate,winsorize_upper_or_clip,-18.0,70.0,approximately_normal,none_or_standard_scaler,False,False,True,True,False,False,False,True,0.5,bin,high_skew,0.0,5673,0.9974,2.31
73,BUREAU_BB_STATUS_0_MEAN_MEAN,92231,215280,0.26,0.63,0.37,-0.29,1.19,0,0,0,0.0,0,0.0,-0.31,1.23,0,0,0,0.0,0.18,0,0.0,0.0,1.0,0,0.0,0.29,-0.65,approximately_normal,False,False,False,False,none,none_needed,-0.29,1.19,approximately_normal,none_or_standard_scaler,False,False,False,True,False,False,False,False,0.2,keep_continuous,no_strong_signal,0.0264,60195,0.2931,0.0
74,BUREAU_BB_STATUS_1_MEAN_MEAN,92231,215280,0.0,0.01,0.01,-0.01,0.02,0,15466,15466,16.77,11050,11.98,-0.11,0.14,0,1934,1934,2.1,0.03,1760,1.91,0.0,0.2,888,0.96,6.23,58.33,right_skewed,True,True,True,True,severe,consider_log_transform,-0.01,0.02,zero_inflated,log1p_or_tweedie,True,True,False,True,False,False,True,True,1.0,bin,"high_skew, high_outliers, zero_inflated",0.6738,13162,6.2331,16.77
75,BUREAU_BB_STATUS_2_MEAN_MEAN,92231,215280,0.0,0.0,0.0,0.0,0.0,0,5726,5726,6.21,5726,6.21,-0.02,0.02,0,1277,1277,1.38,0.0,1135,1.23,0.0,0.03,911,0.99,13.25,252.66,right_skewed,True,True,True,True,high,robust_scaling_or_transform,0.0,0.0,zero_inflated,log1p_or_tweedie,True,True,False,True,True,False,True,True,0.7,treat_as_categorical,"high_skew, zero_inflated, discrete",0.9379,2759,13.2461,0.0
76,BUREAU_BB_STATUS_3_MEAN_MEAN,92231,215280,0.0,0.0,0.0,0.0,0.0,0,2745,2745,2.98,2745,2.98,-0.01,0.01,0,1004,1004,1.09,0.0,851,0.92,0.0,0.01,913,0.99,27.42,1783.31,right_skewed,True,True,True,True,moderate,log_transform_or_winsorize,0.0,0.0,zero_inflated,log1p_or_tweedie,True,False,True,True,True,True,True,True,0.7,drop_or_encode,near_constant,0.9702,1455,27.4238,0.0
77,BUREAU_BB_STATUS_4_MEAN_MEAN,92231,215280,0.0,0.0,0.0,0.0,0.0,0,2027,2027,2.2,2027,2.2,-0.01,0.01,0,893,893,0.97,0.0,815,0.88,0.0,0.01,923,1.0,20.58,667.66,right_skewed,True,True,True,True,moderate,log_transform_or_winsorize,0.0,0.0,zero_inflated,log1p_or_tweedie,True,False,True,True,True,True,True,True,0.7,drop_or_encode,near_constant,0.978,1122,20.5798,0.0
78,BUREAU_BB_STATUS_5_MEAN_MEAN,92231,215280,0.0,0.0,0.0,0.0,0.0,0,2206,2206,2.39,2206,2.39,-0.08,0.08,0,701,701,0.76,0.02,633,0.69,0.0,0.05,922,1.0,19.03,452.12,right_skewed,True,True,True,True,moderate,log_transform_or_winsorize,0.0,0.0,zero_inflated,log1p_or_tweedie,True,False,True,True,True,True,True,True,0.7,drop_or_encode,near_constant,0.9761,1632,19.0348,0.0
79,BUREAU_BB_STATUS_BAD_FLAG_MEAN_MEAN,92231,215280,0.0,0.01,0.01,-0.02,0.03,0,15222,15222,16.5,11077,12.01,-0.15,0.18,0,1848,1848,2.0,0.04,1700,1.84,0.0,0.26,923,1.0,6.6,63.79,right_skewed,True,True,True,True,severe,consider_log_transform,-0.02,0.03,zero_inflated,log1p_or_tweedie,True,True,False,True,False,False,True,True,1.0,bin,"high_skew, high_outliers, zero_inflated",0.6633,14129,6.5996,16.5
80,BUREAU_BB_STATUS_BAD_FLAG_SUM_MEAN,92231,215280,0.0,0.27,0.27,-0.41,0.68,0,14093,14093,15.28,9034,9.79,-5.62,6.61,0,1096,1096,1.19,1.37,958,1.04,0.0,7.43,922,1.0,14.13,323.13,right_skewed,True,True,True,True,severe,consider_log_transform,-0.41,0.68,zero_inflated,log1p_or_tweedie,True,True,False,True,True,True,True,True,1.0,drop_or_encode,near_constant,0.6633,907,14.1295,15.28
81,BUREAU_BB_STATUS_C_FLAG_MEAN_MEAN,92231,215280,0.09,0.52,0.43,-0.55,1.16,0,0,0,0.0,0,0.0,-0.46,1.12,0,0,0,0.0,0.21,0,0.0,0.0,0.91,921,1.0,0.39,-0.85,approximately_normal,False,False,False,False,none,none_needed,-0.55,1.16,approximately_normal,none_or_standard_scaler,False,False,False,True,False,False,False,False,0.2,keep_continuous,no_strong_signal,0.2015,50576,0.3908,0.0
82,BUREAU_BB_STATUS_C_MEAN_MEAN,92231,215280,0.09,0.52,0.43,-0.55,1.16,0,0,0,0.0,0,0.0,-0.46,1.12,0,0,0,0.0,0.21,0,0.0,0.0,0.91,921,1.0,0.39,-0.85,approximately_normal,False,False,False,False,none,none_needed,-0.55,1.16,approximately_normal,none_or_standard_scaler,False,False,False,True,False,False,False,False,0.2,keep_continuous,no_strong_signal,0.2015,50576,0.3908,0.0
83,BUREAU_BB_STATUS_X_FLAG_MEAN_MEAN,92231,215280,0.02,0.29,0.28,-0.4,0.7,0,4277,4277,4.64,0,0.0,-0.49,0.88,0,2102,2102,2.28,0.11,4526,4.91,0.0,1.0,0,0.0,1.57,2.15,right_skewed,True,True,True,True,moderate,log_transform_or_winsorize,-0.4,0.7,right_skewed,log1p,True,False,True,True,False,False,False,True,0.8,bin,high_skew,0.2034,40979,1.5661,4.64
84,BUREAU_BB_STATUS_X_MEAN_MEAN,92231,215280,0.02,0.29,0.28,-0.4,0.7,0,4277,4277,4.64,0,0.0,-0.49,0.88,0,2102,2102,2.28,0.11,4526,4.91,0.0,1.0,0,0.0,1.57,2.15,right_skewed,True,True,True,True,moderate,log_transform_or_winsorize,-0.4,0.7,right_skewed,log1p,True,False,True,True,False,False,False,True,0.8,bin,high_skew,0.2034,40979,1.5661,4.64
85,BUREAU_BB_STATUS_ZERO_FLAG_MEAN_MEAN,92231,215280,0.26,0.63,0.37,-0.29,1.19,0,0,0,0.0,0,0.0,-0.31,1.23,0,0,0,0.0,0.18,0,0.0,0.0,1.0,0,0.0,0.29,-0.65,approximately_normal,False,False,False,False,none,none_needed,-0.29,1.19,approximately_normal,none_or_standard_scaler,False,False,False,True,False,False,False,False,0.2,keep_continuous,no_strong_signal,0.0264,60195,0.2931,0.0
86,BUREAU_BB_STATUS_nan_MEAN_MEAN,92231,215280,0.0,0.0,0.0,0.0,0.0,0,0,0,0.0,0,0.0,,,0,0,0,0.0,,0,0.0,0.0,0.0,0,0.0,,,moderate_deviation,False,False,False,False,none,none_needed,0.0,0.0,constant_or_near_constant,drop_column,True,False,False,True,True,True,True,False,0.2,drop_or_encode,near_constant,1.0,1,0.0,0.0
87,BUREAU_BUREAU_DEBT_CREDIT_RATIO_RAW_MAX,254877,52634,0.0,0.95,0.95,-1.43,2.38,1,1138,1139,0.45,708,0.28,-1194.26,1199.8,0,33,33,0.01,0.24,1399,0.55,0.0,1.42,2613,1.03,308.93,102266.55,right_skewed,True,True,True,True,low,investigate_individually,-1.43,2.38,heavy_tailed,quantile_transform_or_robust_scaler,True,False,False,True,False,False,False,True,0.5,bin,high_skew,0.2738,150668,308.9273,0.45
88,BUREAU_BUREAU_DEBT_CREDIT_RATIO_RAW_MEAN,254877,52634,0.0,0.38,0.38,-0.56,0.94,44,6724,6768,2.66,472,0.19,-76.96,77.82,1,49,50,0.02,0.19,698,0.27,0.0,1.0,2993,1.17,232.31,59868.45,right_skewed,True,True,True,True,moderate,winsorize_both_tails,-0.56,0.94,heavy_tailed,quantile_transform_or_robust_scaler,True,False,True,True,False,False,False,True,0.5,bin,high_skew,0.2706,179453,232.3108,2.66
89,BUREAU_BUREAU_OVERDUE_DEBT_RATIO_RAW_MAX,186442,121069,0.0,0.0,0.0,0.0,0.0,0,2386,2386,1.28,2386,1.28,-4.48,4.49,0,20,20,0.01,1.01,19,0.01,0.0,0.0,1865,1.0,377.85,153933.57,right_skewed,True,True,True,True,moderate,log_transform_or_winsorize,0.0,0.0,zero_inflated,log1p_or_tweedie,True,False,False,True,True,True,True,True,0.7,drop_or_encode,near_constant,0.9872,2197,377.8558,0.0
90,BUREAU_BUREAU_OVERDUE_DEBT_RATIO_RAW_MEAN,186442,121069,0.0,0.0,0.0,0.0,0.0,0,2386,2386,1.28,2386,1.28,-1.66,1.67,0,22,22,0.01,0.37,21,0.01,0.0,0.0,1865,1.0,301.62,104577.97,right_skewed,True,True,True,True,moderate,log_transform_or_winsorize,0.0,0.0,zero_inflated,log1p_or_tweedie,True,False,False,True,True,True,True,True,0.7,drop_or_encode,near_constant,0.9872,2224,301.6203,0.0
91,BUREAU_CLOSED_AMT_CREDIT_SUM_MEAN,230165,77346,68689.38,253340.36,184650.98,-208287.09,530316.82,0,22856,22856,9.93,12323,5.35,-2156203.95,2671504.94,0,1417,1417,0.62,71145.0,25146,10.93,4556.16,2093068.66,4604,2.0,104.24,21076.67,right_skewed,True,True,True,True,high,robust_scaling_or_transform,-208287.09,530316.82,heavy_tailed,log1p_or_quantile_transform,True,True,False,True,False,False,False,True,0.8,bin,"high_skew, high_outliers",0.0083,171533,104.2441,9.93
92,BUREAU_CLOSED_AMT_CREDIT_SUM_SUM,230165,77346,157455.0,1063836.72,906381.72,-1202117.58,2423409.3,0,20834,20834,9.05,9912,4.31,-8517529.96,10469006.43,0,1234,1234,0.54,328239.0,25302,10.99,6750.0,7917203.52,4591,1.99,163.46,47997.37,right_skewed,True,True,True,True,high,robust_scaling_or_transform,-1202117.58,2423409.3,heavy_tailed,log1p_or_quantile_transform,True,True,False,True,False,False,False,True,0.8,bin,"high_skew, high_outliers",0.0083,168797,163.4644,9.05
93,BUREAU_CLOSED_DAYS_CREDIT_MAX,230165,77346,-1198.0,-437.0,761.0,-2339.5,704.5,12598,0,12598,5.47,0,0.0,-2831.41,1016.52,1437,0,1437,0.62,345.0,7741,3.36,-2779.0,-54.0,4558,1.98,-1.19,0.86,left_skewed,False,True,True,True,high,winsorize_lower_or_clip,-2339.5,704.5,left_skewed,yeo_johnson_or_square_transform,True,True,False,True,True,False,False,True,0.8,treat_as_categorical,"high_skew, high_outliers, discrete",0.0,2921,1.1911,5.47
94,BUREAU_CLOSED_DAYS_CREDIT_MEAN,230165,77346,-1778.0,-939.0,839.0,-3036.5,319.5,0,0,0,0.0,0,0.0,-3184.97,416.65,0,0,0,0.0,419.45,0,0.0,-2788.0,-217.0,4584,1.99,-0.23,-0.45,approximately_normal,False,False,False,False,none,none_needed,-3036.5,319.5,approximately_normal,none_or_standard_scaler,True,False,False,True,False,False,False,False,0.2,keep_continuous,no_strong_signal,0.0,44873,0.2338,0.0
95,BUREAU_CLOSED_DAYS_CREDIT_MIN,230165,77346,-2609.0,-1210.0,1399.0,-4707.5,888.5,0,0,0,0.0,0,0.0,-4261.91,510.31,0,0,0,0.0,665.0,0,0.0,-2912.0,-234.0,4477,1.95,0.4,-1.13,light_tailed,False,False,False,False,none,none_needed,-4707.5,888.5,approximately_normal,none_or_standard_scaler,True,False,False,True,True,False,False,True,0.2,treat_as_categorical,discrete,0.0,2912,0.3955,0.0
96,BUREAU_CNT_CREDIT_PROLONG_MEAN,263491,44020,0.0,0.0,0.0,0.0,0.0,0,8508,8508,3.23,8508,3.23,-0.19,0.21,0,2946,2946,1.12,0.04,2840,1.08,0.0,0.25,2088,0.79,20.23,804.02,right_skewed,True,True,True,True,moderate,log_transform_or_winsorize,0.0,0.0,zero_inflated,log1p_or_tweedie,True,False,True,True,True,True,True,True,0.7,drop_or_encode,near_constant,0.9677,111,20.2305,0.0
97,BUREAU_CNT_CREDIT_PROLONG_SUM,263491,44020,0.0,0.0,0.0,0.0,0.0,0,8508,8508,3.23,8508,3.23,-0.7,0.78,0,8508,8508,3.23,0.17,8508,3.23,0.0,1.0,1639,0.62,8.4,103.75,right_skewed,True,True,True,True,moderate,log_transform_or_winsorize,0.0,0.0,zero_inflated,log1p_or_tweedie,True,False,True,True,True,True,True,True,0.5,drop_or_encode,near_constant,0.9677,10,8.3994,0.0
98,BUREAU_CREDIT_ACTIVE_Active_MEAN,263491,44020,0.2,0.6,0.4,-0.4,1.2,0,0,0,0.0,0,0.0,-0.51,1.34,0,0,0,0.0,0.2,0,0.0,0.0,1.0,0,0.0,0.48,-0.62,approximately_normal,False,False,False,False,none,none_needed,-0.4,1.2,approximately_normal,none_or_standard_scaler,False,False,False,True,True,True,False,True,0.2,drop_or_encode,near_constant,0.1759,296,0.4772,0.0
99,BUREAU_CREDIT_ACTIVE_Bad debt_MEAN,263491,44020,0.0,0.0,0.0,0.0,0.0,0,20,20,0.01,20,0.01,-0.0,0.0,0,20,20,0.01,0.0,20,0.01,0.0,0.0,20,0.01,189.15,44263.54,right_skewed,True,True,True,True,low,investigate_individually,0.0,0.0,zero_inflated,log1p_or_tweedie,True,False,False,True,True,True,True,True,0.5,drop_or_encode,near_constant,0.9999,15,189.1494,0.0
100,BUREAU_CREDIT_ACTIVE_Closed_MEAN,263491,44020,0.4,0.8,0.4,-0.2,1.4,0,0,0,0.0,0,0.0,-0.34,1.51,0,0,0,0.0,0.2,0,0.0,0.0,1.0,0,0.0,-0.46,-0.63,approximately_normal,False,False,False,False,none,none_needed,-0.2,1.4,approximately_normal,none_or_standard_scaler,False,False,False,True,True,True,False,True,0.2,drop_or_encode,near_constant,0.1265,304,0.461,0.0
101,BUREAU_CREDIT_ACTIVE_Sold_MEAN,263491,44020,0.0,0.0,0.0,0.0,0.0,0,5226,5226,1.98,5226,1.98,-0.11,0.12,0,2972,2972,1.13,0.03,2603,0.99,0.0,0.12,2620,0.99,16.49,351.19,right_skewed,True,True,True,True,moderate,log_transform_or_winsorize,0.0,0.0,zero_inflated,log1p_or_tweedie,True,False,False,True,True,True,True,True,0.7,drop_or_encode,near_constant,0.9802,70,16.4926,0.0
102,BUREAU_CREDIT_ACTIVE_nan_MEAN,263491,44020,0.0,0.0,0.0,0.0,0.0,0,0,0,0.0,0,0.0,,,0,0,0,0.0,,0,0.0,0.0,0.0,0,0.0,,,moderate_deviation,False,False,False,False,none,none_needed,0.0,0.0,constant_or_near_constant,drop_column,True,False,False,True,True,True,True,False,0.2,drop_or_encode,near_constant,1.0,1,0.0,0.0
103,BUREAU_CREDIT_CURRENCY_currency 1_MEAN,263491,44020,1.0,1.0,0.0,1.0,1.0,968,0,968,0.37,968,0.37,0.95,1.05,931,0,931,0.35,0.01,890,0.34,1.0,1.0,968,0.37,-34.76,1540.22,left_skewed,True,True,True,True,low,investigate_individually,1.0,1.0,heavy_tailed,quantile_transform_or_robust_scaler,True,False,False,True,True,True,False,True,0.5,drop_or_encode,near_constant,0.0001,57,34.7581,0.0
104,BUREAU_CREDIT_CURRENCY_currency 2_MEAN,263491,44020,0.0,0.0,0.0,0.0,0.0,0,846,846,0.32,846,0.32,-0.05,0.05,0,814,814,0.31,0.01,794,0.3,0.0,0.0,846,0.32,36.8,1708.1,right_skewed,True,True,True,True,low,investigate_individually,0.0,0.0,zero_inflated,log1p_or_tweedie,True,False,False,True,True,True,True,True,0.7,drop_or_encode,near_constant,0.9968,55,36.7989,0.0
105,BUREAU_CREDIT_CURRENCY_currency 3_MEAN,263491,44020,0.0,0.0,0.0,0.0,0.0,0,135,135,0.05,135,0.05,-0.01,0.01,0,135,135,0.05,0.0,135,0.05,0.0,0.0,135,0.05,101.71,15882.6,right_skewed,True,True,True,True,low,investigate_individually,0.0,0.0,zero_inflated,log1p_or_tweedie,True,False,False,True,True,True,True,True,0.7,drop_or_encode,near_constant,0.9995,33,101.7098,0.0
106,BUREAU_CREDIT_CURRENCY_currency 4_MEAN,263491,44020,0.0,0.0,0.0,0.0,0.0,0,9,9,0.0,9,0.0,-0.0,0.0,0,9,9,0.0,0.0,9,0.0,0.0,0.0,9,0.0,255.85,76625.47,right_skewed,True,True,True,True,low,investigate_individually,0.0,0.0,zero_inflated,log1p_or_tweedie,True,False,False,True,True,True,True,False,0.5,drop_or_encode,near_constant,1.0,7,255.8499,0.0
107,BUREAU_CREDIT_CURRENCY_nan_MEAN,263491,44020,0.0,0.0,0.0,0.0,0.0,0,0,0,0.0,0,0.0,,,0,0,0,0.0,,0,0.0,0.0,0.0,0,0.0,,,moderate_deviation,False,False,False,False,none,none_needed,0.0,0.0,constant_or_near_constant,drop_column,True,False,False,True,True,True,True,False,0.2,drop_or_encode,near_constant,1.0,1,0.0,0.0
108,BUREAU_CREDIT_DAY_OVERDUE_MAX,263491,44020,0.0,0.0,0.0,0.0,0.0,0,3397,3397,1.29,3397,1.29,-262.65,272.2,0,808,808,0.31,60.13,788,0.3,0.0,17.0,2581,0.98,23.04,570.08,right_skewed,True,True,True,True,moderate,log_transform_or_winsorize,0.0,0.0,zero_inflated,log1p_or_tweedie,True,False,False,True,True,True,True,True,0.7,drop_or_encode,near_constant,0.9871,868,23.0395,0.0
109,BUREAU_CREDIT_DAY_OVERDUE_MEAN,263491,44020,0.0,0.0,0.0,0.0,0.0,0,3397,3397,1.29,3397,1.29,-76.44,78.51,0,697,697,0.26,17.42,653,0.25,0.0,2.5,2619,0.99,52.96,4026.83,right_skewed,True,True,True,True,moderate,log_transform_or_winsorize,0.0,0.0,zero_inflated,log1p_or_tweedie,True,False,False,True,True,True,True,True,0.7,drop_or_encode,near_constant,0.9871,1541,52.9637,0.0
110,BUREAU_CREDIT_DAY_OVERDUE_SUM,263491,44020,0.0,0.0,0.0,0.0,0.0,0,3397,3397,1.29,3397,1.29,-272.6,282.48,0,808,808,0.31,62.4,796,0.3,0.0,17.0,2607,0.99,23.6,622.33,right_skewed,True,True,True,True,moderate,log_transform_or_winsorize,0.0,0.0,zero_inflated,log1p_or_tweedie,True,False,False,True,True,True,True,True,0.7,drop_or_encode,near_constant,0.9871,879,23.602,0.0
111,BUREAU_CREDIT_TYPE_Another type of loan_MEAN,263491,44020,0.0,0.0,0.0,0.0,0.0,0,813,813,0.31,813,0.31,-0.05,0.05,0,789,789,0.3,0.01,752,0.29,0.0,0.0,813,0.31,38.62,1852.74,right_skewed,True,True,True,True,low,investigate_individually,0.0,0.0,zero_inflated,log1p_or_tweedie,True,False,False,True,True,True,True,True,0.7,drop_or_encode,near_constant,0.9969,38,38.6176,0.0
112,BUREAU_CREDIT_TYPE_Car loan_MEAN,263491,44020,0.0,0.0,0.0,0.0,0.0,0,19575,19575,7.43,19575,7.43,-0.26,0.3,0,5718,5718,2.17,0.06,5708,2.17,0.0,0.5,1526,0.58,7.01,59.18,right_skewed,True,True,True,True,high,robust_scaling_or_transform,0.0,0.0,zero_inflated,log1p_or_tweedie,True,True,False,True,True,True,True,True,0.7,drop_or_encode,near_constant,0.9257,102,7.0113,0.0
113,BUREAU_CREDIT_TYPE_Cash loan (non-earmarked)_MEAN,263491,44020,0.0,0.0,0.0,0.0,0.0,0,20,20,0.01,20,0.01,-0.0,0.0,0,20,20,0.01,0.0,20,0.01,0.0,0.0,20,0.01,178.79,37053.89,right_skewed,True,True,True,True,low,investigate_individually,0.0,0.0,zero_inflated,log1p_or_tweedie,True,False,False,True,True,True,True,True,0.7,drop_or_encode,near_constant,0.9999,16,178.7864,0.0
114,BUREAU_CREDIT_TYPE_Consumer credit_MEAN,263491,44020,0.57,1.0,0.43,-0.07,1.64,0,0,0,0.0,0,0.0,-0.11,1.55,0,0,0,0.0,0.25,0,0.0,0.0,1.0,0,0.0,-1.04,0.57,left_skewed,False,True,False,False,none,none_needed,-0.07,1.64,left_skewed,yeo_johnson_or_square_transform,True,False,False,True,True,True,False,True,0.5,drop_or_encode,near_constant,0.0632,329,1.0401,0.0
115,BUREAU_CREDIT_TYPE_Credit card_MEAN,263491,44020,0.0,0.33,0.33,-0.5,0.83,0,12679,12679,4.81,0,0.0,-0.53,1.01,0,0,0,0.0,0.2,0,0.0,0.0,1.0,0,0.0,1.26,1.36,right_skewed,True,True,True,True,moderate,log_transform_or_winsorize,-0.5,0.83,right_skewed,log1p,True,False,True,True,True,True,False,True,1.0,drop_or_encode,near_constant,0.3471,295,1.2603,4.81
116,BUREAU_CREDIT_TYPE_Interbank credit_MEAN,263491,44020,0.0,0.0,0.0,0.0,0.0,0,1,1,0.0,1,0.0,-0.0,0.0,0,1,1,0.0,0.0,1,0.0,0.0,0.0,1,0.0,513.31,263486.0,right_skewed,True,True,True,True,low,investigate_individually,0.0,0.0,zero_inflated,log1p_or_tweedie,True,False,False,True,True,True,True,False,0.5,drop_or_encode,near_constant,1.0,2,513.3137,0.0
117,BUREAU_CREDIT_TYPE_Loan for business development_MEAN,263491,44020,0.0,0.0,0.0,0.0,0.0,0,1391,1391,0.53,1391,0.53,-0.06,0.07,0,1282,1282,0.49,0.01,1214,0.46,0.0,0.0,1391,0.53,27.94,1003.29,right_skewed,True,True,True,True,low,investigate_individually,0.0,0.0,zero_inflated,log1p_or_tweedie,True,False,False,True,True,True,True,True,0.7,drop_or_encode,near_constant,0.9947,57,27.9419,0.0
118,BUREAU_CREDIT_TYPE_Loan for purchase of shares (margin lending)_MEAN,263491,44020,0.0,0.0,0.0,0.0,0.0,0,4,4,0.0,4,0.0,-0.0,0.0,0,4,4,0.0,0.0,4,0.0,0.0,0.0,4,0.0,353.02,126500.74,right_skewed,True,True,True,True,low,investigate_individually,0.0,0.0,zero_inflated,log1p_or_tweedie,True,False,False,True,True,True,True,False,0.5,drop_or_encode,near_constant,1.0,4,353.026,0.0
119,BUREAU_CREDIT_TYPE_Loan for the purchase of equipment_MEAN,263491,44020,0.0,0.0,0.0,0.0,0.0,0,16,16,0.01,16,0.01,-0.01,0.01,0,16,16,0.01,0.0,16,0.01,0.0,0.0,16,0.01,303.0,99763.1,right_skewed,True,True,True,True,low,investigate_individually,0.0,0.0,zero_inflated,log1p_or_tweedie,True,False,False,True,True,True,True,True,0.5,drop_or_encode,near_constant,0.9999,14,303.0063,0.0
120,BUREAU_CREDIT_TYPE_Loan for working capital replenishment_MEAN,263491,44020,0.0,0.0,0.0,0.0,0.0,0,329,329,0.12,329,0.12,-0.03,0.03,0,328,328,0.12,0.01,328,0.12,0.0,0.0,329,0.12,66.73,6075.23,right_skewed,True,True,True,True,low,investigate_individually,0.0,0.0,zero_inflated,log1p_or_tweedie,True,False,False,True,True,True,True,True,0.7,drop_or_encode,near_constant,0.9988,43,66.7324,0.0
121,BUREAU_CREDIT_TYPE_Microloan_MEAN,263491,44020,0.0,0.0,0.0,0.0,0.0,0,3499,3499,1.33,3499,1.33,-0.13,0.14,0,2410,2410,0.91,0.03,2375,0.9,0.0,0.12,2597,0.99,14.6,248.27,right_skewed,True,True,True,True,moderate,log_transform_or_winsorize,0.0,0.0,zero_inflated,log1p_or_tweedie,True,False,False,True,True,True,True,True,0.7,drop_or_encode,near_constant,0.9867,194,14.5971,0.0
122,BUREAU_CREDIT_TYPE_Mobile operator loan_MEAN,263491,44020,0.0,0.0,0.0,0.0,0.0,0,1,1,0.0,1,0.0,-0.0,0.0,0,1,1,0.0,0.0,1,0.0,0.0,0.0,1,0.0,513.31,263486.0,right_skewed,True,True,True,True,low,investigate_individually,0.0,0.0,zero_inflated,log1p_or_tweedie,True,False,False,True,True,True,True,False,0.5,drop_or_encode,near_constant,1.0,2,513.3137,0.0
123,BUREAU_CREDIT_TYPE_Mortgage_MEAN,263491,44020,0.0,0.0,0.0,0.0,0.0,0,14305,14305,5.43,14305,5.43,-0.23,0.26,0,4102,4102,1.56,0.05,4097,1.55,0.0,0.33,2488,0.94,8.52,87.12,right_skewed,True,True,True,True,high,robust_scaling_or_transform,0.0,0.0,zero_inflated,log1p_or_tweedie,True,True,False,True,True,True,True,True,0.7,drop_or_encode,near_constant,0.9457,75,8.5185,0.0
124,BUREAU_CREDIT_TYPE_Real estate loan_MEAN,263491,44020,0.0,0.0,0.0,0.0,0.0,0,23,23,0.01,23,0.01,-0.01,0.01,0,23,23,0.01,0.0,23,0.01,0.0,0.0,23,0.01,254.36,80336.42,right_skewed,True,True,True,True,low,investigate_individually,0.0,0.0,zero_inflated,log1p_or_tweedie,True,False,False,True,True,True,True,True,0.5,drop_or_encode,near_constant,0.9999,12,254.36,0.0
125,BUREAU_CREDIT_TYPE_Unknown type of loan_MEAN,263491,44020,0.0,0.0,0.0,0.0,0.0,0,424,424,0.16,424,0.16,-0.03,0.03,0,424,424,0.16,0.01,423,0.16,0.0,0.0,424,0.16,54.87,4263.97,right_skewed,True,True,True,True,low,investigate_individually,0.0,0.0,zero_inflated,log1p_or_tweedie,True,False,False,True,True,True,True,True,0.7,drop_or_encode,near_constant,0.9984,42,54.8673,0.0
126,BUREAU_CREDIT_TYPE_nan_MEAN,263491,44020,0.0,0.0,0.0,0.0,0.0,0,0,0,0.0,0,0.0,,,0,0,0,0.0,,0,0.0,0.0,0.0,0,0.0,,,moderate_deviation,False,False,False,False,none,none_needed,0.0,0.0,constant_or_near_constant,drop_column,True,False,False,True,True,True,True,False,0.2,drop_or_encode,near_constant,1.0,1,0.0,0.0
127,BUREAU_DAYS_CREDIT_ENDDATE_MAX,261242,46269,125.0,1683.0,1558.0,-2212.0,4020.0,2230,49615,51845,19.85,44810,17.15,-23619.79,32485.87,3,0,3,0.0,779.0,47235,18.08,-2162.0,31171.0,5213,2.0,2.24,3.47,right_skewed,True,True,True,True,severe,consider_log_transform,-2212.0,4020.0,heavy_tailed,quantile_transform_or_robust_scaler,True,True,False,True,True,False,False,True,0.8,treat_as_categorical,"high_skew, high_outliers, discrete",0.0005,13030,2.2439,19.85
128,BUREAU_DAYS_CREDIT_ENDDATE_MEAN,261242,46269,-703.5,602.5,1306.0,-2662.5,2561.5,231,29339,29570,11.32,18382,7.04,-9193.34,10496.96,31,5040,5071,1.94,628.52,25607,9.8,-2233.3,15265.5,5225,2.0,4.89,33.93,right_skewed,True,True,True,True,severe,consider_log_transform,-2662.5,2561.5,heavy_tailed,quantile_transform_or_robust_scaler,True,True,False,True,False,False,False,True,0.8,bin,"high_skew, high_outliers",0.0002,97903,4.8893,11.32
129,BUREAU_DAYS_CREDIT_ENDDATE_MIN,261242,46269,-2132.0,-449.0,1683.0,-4656.5,2075.5,131,3142,3273,1.25,2641,1.01,-8950.59,6891.44,129,2121,2250,0.86,845.0,2934,1.12,-2701.0,3704.67,5178,1.98,6.38,114.31,right_skewed,True,True,True,True,moderate,winsorize_both_tails,-4656.5,2075.5,heavy_tailed,quantile_transform_or_robust_scaler,True,False,False,True,True,False,False,True,0.5,treat_as_categorical,"high_skew, discrete",0.0003,6828,6.3824,1.25
130,BUREAU_DAYS_CREDIT_MAX,263491,44020,-620.0,-143.0,477.0,-1335.5,572.5,20536,0,20536,7.79,8793,3.34,-2102.02,1123.42,8464,0,8464,3.21,192.0,21691,8.23,-2605.1,-14.0,4924,1.87,-2.14,4.86,left_skewed,True,True,True,True,high,robust_scaling_or_transform,-1335.5,572.5,heavy_tailed,quantile_transform_or_robust_scaler,True,True,False,True,True,False,False,True,0.8,treat_as_categorical,"high_skew, high_outliers, discrete",0.0,2923,2.1412,7.79
131,BUREAU_DAYS_CREDIT_MEAN,263491,44020,-1434.0,-663.76,770.24,-2589.35,491.59,3508,0,3508,1.33,0,0.0,-2773.03,606.93,1222,0,1222,0.46,385.07,0,0.0,-2648.0,-83.0,5262,2.0,-0.51,0.09,moderate_deviation,False,True,False,True,moderate,winsorize_lower_or_clip,-2589.35,491.59,approximately_normal,none_or_standard_scaler,True,False,False,True,False,False,False,False,0.5,keep_continuous,no_strong_signal,0.0,64556,0.5053,1.33
132,BUREAU_DAYS_CREDIT_MIN,263491,44020,-2583.0,-1035.0,1548.0,-4905.0,1287.0,0,0,0,0.0,0,0.0,-4353.96,829.21,0,0,0,0.0,768.0,0,0.0,-2912.0,-88.0,5086,1.93,0.3,-1.23,light_tailed,False,False,False,False,none,none_needed,-4905.0,1287.0,approximately_normal,none_or_standard_scaler,True,False,False,True,True,False,False,True,0.2,treat_as_categorical,discrete,0.0,2922,0.3048,0.0
133,BUREAU_DAYS_CREDIT_UPDATE_MAX,263491,44020,-50.0,-9.0,41.0,-111.5,52.5,50658,1,50659,19.23,44363,16.84,-1187.46,905.48,6411,0,6411,2.43,12.0,55145,20.93,-1883.1,-1.0,2997,1.14,-10.08,794.17,left_skewed,True,True,True,True,severe,consider_log_transform,-111.5,52.5,heavy_tailed,quantile_transform_or_robust_scaler,True,True,False,True,True,False,False,True,0.8,treat_as_categorical,"high_skew, high_outliers, discrete",0.0013,2663,10.0767,19.23
134,BUREAU_DAYS_CREDIT_UPDATE_MEAN,263491,44020,-779.0,-208.4,570.6,-1634.9,647.5,6042,0,6042,2.29,445,0.17,-1907.88,814.61,3466,0,3466,1.32,283.94,3131,1.19,-2030.55,-7.0,5014,1.9,-5.34,308.89,left_skewed,True,True,True,True,moderate,winsorize_lower_or_clip,-1634.9,647.5,heavy_tailed,quantile_transform_or_robust_scaler,True,False,True,True,False,False,False,True,0.5,bin,high_skew,0.0001,55038,5.3397,2.29
135,BUREAU_DAYS_CREDIT_UPDATE_MIN,263491,44020,-1902.0,-474.0,1428.0,-4044.0,1668.0,90,0,90,0.03,90,0.03,-4535.81,2173.09,90,0,90,0.03,671.0,90,0.03,-2709.0,-7.0,4775,1.81,-16.57,597.86,left_skewed,True,True,True,True,low,investigate_individually,-4044.0,1668.0,heavy_tailed,quantile_transform_or_robust_scaler,True,False,False,True,True,False,False,True,0.5,treat_as_categorical,"high_skew, discrete",0.0001,2969,16.5743,0.03
136,BUREAU_DAYS_CREDIT_VAR,227419,80092,124895.47,722153.98,597258.51,-770992.3,1618041.75,0,5989,5989,2.63,1241,0.55,-911182.75,1892213.13,0,3436,3436,1.51,286434.27,3580,1.57,0.5,2131917.98,4274,1.88,1.81,5.76,right_skewed,True,True,True,True,moderate,log_transform_or_winsorize,-770992.3,1618041.75,heavy_tailed,log1p_or_quantile_transform,True,False,True,True,False,False,False,True,0.5,bin,high_skew,0.0086,190248,1.8149,2.63
137,BUREAU_SK_ID_BUREAU_NUNIQUE,263491,44020,2.0,8.0,6.0,-7.0,17.0,0,5448,5448,2.07,592,0.22,-7.57,18.69,0,4168,4168,1.58,2.0,11643,4.42,1.0,20.0,2469,0.94,1.82,7.44,right_skewed,True,True,True,True,moderate,log_transform_or_winsorize,-7.0,17.0,heavy_tailed,log1p_or_quantile_transform,True,False,True,True,True,True,False,True,0.5,drop_or_encode,near_constant,0.0,60,1.8238,2.07
138,BUREAU_TOTAL_DEBT_CREDIT_RATIO,262408,45103,0.0,0.48,0.48,-0.72,1.21,8,332,340,0.13,81,0.03,-1.07,1.64,8,137,145,0.06,0.21,271,0.1,0.0,0.99,3890,1.48,-224.03,87256.07,left_skewed,True,True,True,True,low,investigate_individually,-0.72,1.21,heavy_tailed,quantile_transform_or_robust_scaler,True,False,False,True,False,False,False,True,0.5,bin,high_skew,0.2897,184777,224.0271,0.13
139,BUREAU_TOTAL_OVERDUE_DEBT_RATIO,186442,121069,0.0,0.0,0.0,0.0,0.0,4,3040,3044,1.63,3044,1.63,-0.72,0.72,0,92,92,0.05,0.16,82,0.04,0.0,0.0,1869,1.0,314.42,113520.83,right_skewed,True,True,True,True,moderate,winsorize_both_tails,0.0,0.0,zero_inflated,yeo_johnson_power_transform,True,False,False,True,True,True,True,True,0.7,drop_or_encode,near_constant,0.9837,2995,314.422,0.0
140,CC_AMT_BALANCE_MAX,86905,220606,0.0,195182.46,195182.46,-292773.69,487956.15,0,3338,3338,3.84,1158,1.33,-373925.63,662928.24,0,2002,2002,2.3,97424.32,2436,2.8,0.0,798230.24,870,1.0,1.81,3.9,right_skewed,True,True,True,True,moderate,log_transform_or_winsorize,-292773.69,487956.15,heavy_tailed,log1p_or_quantile_transform,True,False,True,True,False,False,False,True,1.0,bin,high_skew,0.3145,56722,1.8132,3.84
141,CC_AMT_BALANCE_MEAN,86905,220606,0.0,98610.5,98610.5,-147915.75,246526.26,0,6144,6144,7.07,2101,2.42,-255709.63,398629.48,0,2016,2016,2.32,26793.61,11899,13.69,0.0,514866.23,898,1.03,2.6,8.73,right_skewed,True,True,True,True,high,robust_scaling_or_transform,-147915.75,246526.26,heavy_tailed,quantile_transform_or_robust_scaler,True,True,False,True,False,False,False,True,1.0,bin,"high_skew, high_outliers",0.3142,59467,2.596,7.07
142,CC_AMT_BALANCE_SUM,86905,220606,0.0,3075180.35,3075180.35,-4612770.52,7687950.86,0,6905,6905,7.95,1814,2.09,-7606793.1,11995185.25,0,2008,2008,2.31,738575.28,15099,17.37,0.0,14319718.65,898,1.03,2.11,4.92,right_skewed,True,True,True,True,high,robust_scaling_or_transform,-4612770.52,7687950.86,heavy_tailed,quantile_transform_or_robust_scaler,True,True,False,True,False,False,False,True,1.0,bin,"high_skew, high_outliers",0.3142,58810,2.1098,7.95
143,CC_AMT_CREDIT_LIMIT_ACTUAL_MAX,86905,220606,112500.0,315000.0,202500.0,-191250.0,618750.0,0,6357,6357,7.31,29,0.03,-356769.6,856187.84,0,2174,2174,2.5,90000.0,6148,7.07,4500.0,900000.0,898,1.03,1.56,2.09,right_skewed,True,True,True,True,high,robust_scaling_or_transform,-191250.0,618750.0,right_skewed,log1p,True,True,False,True,True,True,False,True,0.8,drop_or_encode,near_constant,0.01,54,1.5577,7.31
144,CC_AMT_CREDIT_LIMIT_ACTUAL_MEAN,86905,220606,82840.91,268783.78,185942.87,-196073.4,547698.1,0,5927,5927,6.82,1627,1.87,-366329.21,782850.37,0,1771,1771,2.04,77727.27,5900,6.79,3000.0,900000.0,893,1.03,1.81,3.22,right_skewed,True,True,True,True,high,robust_scaling_or_transform,-196073.4,547698.1,heavy_tailed,log1p_or_quantile_transform,True,True,False,True,False,False,False,True,0.8,bin,"high_skew, high_outliers",0.01,11313,1.8069,6.82
145,CC_AMT_DRAWINGS_ATM_CURRENT_MAX,61140,246371,31500.0,139500.0,108000.0,-130500.0,301500.0,0,3010,3010,4.92,622,1.02,-216367.53,428656.65,0,1176,1176,1.92,56250.0,1814,2.97,0.0,469372.5,612,1.0,2.47,13.43,right_skewed,True,True,True,True,moderate,log_transform_or_winsorize,-130500.0,301500.0,heavy_tailed,log1p_or_quantile_transform,True,False,True,True,True,False,False,True,0.8,treat_as_categorical,"high_skew, discrete",0.1611,1305,2.4744,4.92
146,CC_AMT_DRAWINGS_ATM_CURRENT_MEAN,61140,246371,1137.47,15653.19,14515.73,-20636.13,37426.78,0,4855,4855,7.94,1860,3.04,-53048.79,77631.96,0,980,980,1.6,4560.81,7554,12.36,0.0,92335.78,612,1.0,7.92,157.86,right_skewed,True,True,True,True,high,robust_scaling_or_transform,-20636.13,37426.78,heavy_tailed,log1p_or_quantile_transform,True,True,False,True,False,False,False,True,0.8,bin,"high_skew, high_outliers",0.1611,22420,7.9208,7.94
147,CC_AMT_DRAWINGS_ATM_CURRENT_SUM,86905,220606,0.0,247500.0,247500.0,-371250.0,618750.0,0,6364,6364,7.32,1977,2.27,-704027.79,1067572.15,0,1583,1583,1.82,67500.0,12216,14.06,0.0,1292832.0,870,1.0,4.18,44.73,right_skewed,True,True,True,True,high,robust_scaling_or_transform,-371250.0,618750.0,heavy_tailed,log1p_or_quantile_transform,True,True,False,True,False,False,False,True,1.0,bin,"high_skew, high_outliers",0.4098,5016,4.1759,7.32
148,CC_AMT_DRAWINGS_CURRENT_MAX,86905,220606,0.0,140004.45,140004.45,-210006.68,350011.12,0,3875,3875,4.46,820,0.94,-267236.45,466936.43,0,1307,1307,1.5,69611.31,2279,2.62,0.0,540000.0,867,1.0,2.64,13.77,right_skewed,True,True,True,True,moderate,log_transform_or_winsorize,-210006.68,350011.12,heavy_tailed,log1p_or_quantile_transform,True,False,True,True,False,False,False,True,1.0,bin,high_skew,0.3138,24117,2.6359,4.46
149,CC_AMT_DRAWINGS_CURRENT_MEAN,86905,220606,0.0,18334.0,18334.0,-27501.0,45834.99,0,6418,6418,7.39,2537,2.92,-65918.27,93745.22,0,1410,1410,1.62,3473.67,18753,21.58,0.0,112561.26,870,1.0,7.17,128.27,right_skewed,True,True,True,True,high,robust_scaling_or_transform,-27501.0,45834.99,heavy_tailed,log1p_or_quantile_transform,True,True,False,True,False,False,False,True,1.0,bin,"high_skew, high_outliers",0.3138,49079,7.1674,7.39
150,CC_AMT_DRAWINGS_CURRENT_SUM,86905,220606,0.0,367370.78,367370.78,-551056.16,918426.94,0,5685,5685,6.54,1725,1.98,-1056681.31,1613395.86,0,1359,1359,1.56,146978.51,5811,6.69,0.0,1893229.15,870,1.0,6.54,123.39,right_skewed,True,True,True,True,high,robust_scaling_or_transform,-551056.16,918426.94,heavy_tailed,log1p_or_quantile_transform,True,True,False,True,False,False,False,True,1.0,bin,"high_skew, high_outliers",0.3138,40377,6.5403,6.54
151,CC_AMT_DRAWINGS_POS_CURRENT_MAX,61140,246371,0.0,56967.33,56967.33,-85451.0,142418.33,0,4905,4905,8.02,1899,3.11,-204836.04,291796.02,0,1114,1114,1.82,6560.32,19466,31.84,0.0,379820.14,612,1.0,4.93,47.1,right_skewed,True,True,True,True,high,robust_scaling_or_transform,-85451.0,142418.33,heavy_tailed,log1p_or_quantile_transform,True,True,False,True,False,False,False,True,1.0,bin,"high_skew, high_outliers",0.4407,28865,4.9348,8.02
152,CC_AMT_DRAWINGS_POS_CURRENT_MEAN,61140,246371,0.0,8320.57,8320.57,-12480.86,20801.43,0,7314,7314,11.96,3852,6.3,-59058.25,75666.28,0,829,829,1.36,309.38,24444,39.98,0.0,87107.81,612,1.0,10.88,231.94,right_skewed,True,True,True,True,severe,consider_log_transform,-12480.86,20801.43,heavy_tailed,log1p_or_quantile_transform,True,True,False,True,False,False,False,True,1.0,bin,"high_skew, high_outliers",0.4407,33409,10.876,11.96
153,CC_AMT_DRAWINGS_POS_CURRENT_SUM,86905,220606,0.0,59821.96,59821.96,-89732.95,149554.91,0,13477,13477,15.51,8833,10.16,-804537.14,978585.94,0,1128,1128,1.3,200452.75,1006,1.16,0.0,1123825.51,870,1.0,16.15,574.54,right_skewed,True,True,True,True,severe,consider_log_transform,-89732.95,149554.91,zero_inflated,log1p_or_tweedie,True,True,False,True,False,False,True,True,1.0,bin,"high_skew, high_outliers, zero_inflated",0.6065,31661,16.1547,15.51
154,CC_AMT_INST_MIN_REGULARITY_MAX,86905,220606,0.0,9600.75,9600.75,-14401.12,24001.88,0,3511,3511,4.04,1303,1.5,-18704.7,33194.76,0,1942,1942,2.23,4917.06,2323,2.67,0.0,39652.42,870,1.0,2.08,9.61,right_skewed,True,True,True,True,moderate,log_transform_or_winsorize,-14401.12,24001.88,heavy_tailed,log1p_or_quantile_transform,True,False,True,True,False,False,False,True,1.0,bin,high_skew,0.3179,32000,2.0778,4.04
155,CC_AMT_INST_MIN_REGULARITY_MEAN,86905,220606,0.0,5085.87,5085.87,-7628.81,12714.68,0,5505,5505,6.33,1591,1.83,-11831.03,19044.32,0,2079,2079,2.39,1698.94,7736,8.9,0.0,23511.36,870,1.0,2.41,7.5,right_skewed,True,True,True,True,high,robust_scaling_or_transform,-7628.81,12714.68,heavy_tailed,log1p_or_quantile_transform,True,True,False,True,False,False,False,True,1.0,bin,"high_skew, high_outliers",0.3179,57384,2.4084,6.33
156,CC_AMT_PAYMENT_CURRENT_MAX,61060,246451,22500.0,156600.0,134100.0,-178650.0,357750.0,0,4669,4669,7.65,1107,1.81,-329796.58,567355.65,0,1084,1084,1.78,50850.0,5124,8.39,1045.68,747851.91,1222,2.0,3.09,22.21,right_skewed,True,True,True,True,high,robust_scaling_or_transform,-178650.0,357750.0,heavy_tailed,log1p_or_quantile_transform,True,True,False,True,False,False,False,True,0.8,bin,"high_skew, high_outliers",0.0021,25753,3.0937,7.65
157,CC_AMT_PAYMENT_CURRENT_MEAN,61060,246451,4670.16,21395.91,16725.75,-20418.47,46484.54,0,4666,4666,7.64,2058,3.37,-66853.7,102911.05,0,905,905,1.48,6444.67,5389,8.83,251.85,121334.84,1222,2.0,8.73,166.79,right_skewed,True,True,True,True,high,robust_scaling_or_transform,-20418.47,46484.54,heavy_tailed,log1p_or_quantile_transform,True,True,False,True,False,False,False,True,0.8,bin,"high_skew, high_outliers",0.0021,56763,8.7253,7.64
158,CC_AMT_PAYMENT_CURRENT_SUM,86905,220606,0.0,441567.9,441567.9,-662351.85,1103919.75,0,4484,4484,5.16,1175,1.35,-1101141.1,1715628.01,0,1282,1282,1.48,145804.5,7139,8.21,0.0,1955564.59,870,1.0,5.67,98.77,right_skewed,True,True,True,True,high,robust_scaling_or_transform,-662351.85,1103919.75,heavy_tailed,log1p_or_quantile_transform,True,True,False,True,False,False,False,True,0.8,bin,"high_skew, high_outliers",0.2989,54228,5.6714,5.16
159,CC_AMT_PAYMENT_TOTAL_CURRENT_MAX,86905,220606,0.0,108900.0,108900.0,-163350.0,272250.0,0,6561,6561,7.55,3289,3.78,-323594.42,487347.14,0,1513,1513,1.74,24355.71,15579,17.93,0.0,627639.57,869,1.0,3.47,26.34,right_skewed,True,True,True,True,high,robust_scaling_or_transform,-163350.0,272250.0,heavy_tailed,log1p_or_quantile_transform,True,True,False,True,False,False,False,True,1.0,bin,"high_skew, high_outliers",0.3017,30350,3.4662,7.55
160,CC_AMT_PAYMENT_TOTAL_CURRENT_MEAN,86905,220606,0.0,12003.03,12003.03,-18004.55,30007.58,0,7410,7410,8.53,3197,3.68,-54840.42,75695.49,0,1259,1259,1.45,4093.97,9481,10.91,0.0,89282.48,870,1.0,10.56,263.9,right_skewed,True,True,True,True,high,robust_scaling_or_transform,-18004.55,30007.58,heavy_tailed,log1p_or_quantile_transform,True,True,False,True,False,False,False,True,1.0,bin,"high_skew, high_outliers",0.3017,57831,10.5578,8.53
161,CC_AMT_PAYMENT_TOTAL_CURRENT_SUM,86905,220606,0.0,399150.0,399150.0,-598725.0,997875.0,0,5074,5074,5.84,1387,1.6,-1069248.23,1636317.37,0,1292,1292,1.49,123576.75,8819,10.15,0.0,1881810.05,870,1.0,5.97,108.52,right_skewed,True,True,True,True,high,robust_scaling_or_transform,-598725.0,997875.0,heavy_tailed,log1p_or_quantile_transform,True,True,False,True,False,False,False,True,1.0,bin,"high_skew, high_outliers",0.3017,52944,5.9707,5.84
162,CC_AMT_RECEIVABLE_PRINCIPAL_MAX,86905,220606,0.0,180000.0,180000.0,-270000.0,450000.0,0,3387,3387,3.9,1440,1.66,-360306.84,636202.34,0,2021,2021,2.33,90000.0,2620,3.01,0.0,764544.92,870,1.0,1.84,4.03,right_skewed,True,True,True,True,moderate,log_transform_or_winsorize,-270000.0,450000.0,heavy_tailed,log1p_or_quantile_transform,True,False,True,True,False,False,False,True,1.0,bin,high_skew,0.3224,46271,1.84,3.9
163,CC_AMT_RECEIVABLE_PRINCIPAL_MEAN,86905,220606,0.0,94436.13,94436.13,-141654.19,236090.32,0,6216,6216,7.15,2157,2.48,-247177.93,384675.87,0,2032,2032,2.34,25546.99,12058,13.87,0.0,498531.27,904,1.04,2.61,8.85,right_skewed,True,True,True,True,high,robust_scaling_or_transform,-141654.19,236090.32,heavy_tailed,quantile_transform_or_robust_scaler,True,True,False,True,False,False,False,True,1.0,bin,"high_skew, high_outliers",0.3221,58549,2.6125,7.15
164,CC_AMT_RECEIVABLE_PRINCIPAL_SUM,86905,220606,0.0,2946160.67,2946160.67,-4419241.0,7365401.66,0,6934,6934,7.98,1853,2.13,-7311213.57,11523311.44,0,2005,2005,2.31,706354.78,15148,17.43,0.0,13778055.25,904,1.04,2.11,4.87,right_skewed,True,True,True,True,high,robust_scaling_or_transform,-4419241.0,7365401.66,heavy_tailed,quantile_transform_or_robust_scaler,True,True,False,True,False,False,False,True,1.0,bin,"high_skew, high_outliers",0.3221,57768,2.1082,7.98
165,CC_AMT_TOTAL_RECEIVABLE_MAX,86905,220606,0.0,194503.32,194503.32,-291754.98,486258.3,0,3296,3296,3.79,1130,1.3,-371535.89,658512.86,0,2006,2006,2.31,96866.37,2419,2.78,0.0,791724.82,870,1.0,1.81,3.91,right_skewed,True,True,True,True,moderate,log_transform_or_winsorize,-291754.98,486258.3,heavy_tailed,log1p_or_quantile_transform,True,False,True,True,False,False,False,True,1.0,bin,high_skew,0.3168,56422,1.8148,3.79
166,CC_AMT_TOTAL_RECEIVABLE_MEAN,86905,220606,0.0,97909.02,97909.02,-146863.54,244772.56,0,6153,6153,7.08,2124,2.44,-254341.51,396313.09,0,2033,2033,2.34,26559.8,11922,13.72,0.0,511745.39,1326,1.53,2.6,8.75,right_skewed,True,True,True,True,high,robust_scaling_or_transform,-146863.54,244772.56,heavy_tailed,quantile_transform_or_robust_scaler,True,True,False,True,False,False,False,True,1.0,bin,"high_skew, high_outliers",0.3122,59521,2.5991,7.08
167,CC_AMT_TOTAL_RECEIVABLE_SUM,86905,220606,0.0,3061620.85,3061620.85,-4592431.28,7654052.14,0,6935,6935,7.98,1840,2.12,-7602637.9,11976118.02,0,2008,2008,2.31,729873.22,15248,17.55,0.0,14302254.85,1326,1.53,2.12,4.97,right_skewed,True,True,True,True,high,robust_scaling_or_transform,-4592431.28,7654052.14,heavy_tailed,quantile_transform_or_robust_scaler,True,True,False,True,False,False,False,True,1.0,bin,"high_skew, high_outliers",0.3122,58867,2.1168,7.98
168,CC_BALANCE_LIMIT_RATIO_MAX,86036,221475,0.0,1.04,1.04,-1.57,2.61,0,15,15,0.02,2,0.0,-0.82,2.08,0,27,27,0.03,0.14,30157,35.05,0.0,1.15,861,1.0,-0.24,1.79,moderate_deviation,True,False,True,True,low,investigate_individually,-1.57,2.61,approximately_normal,none_or_standard_scaler,False,False,False,True,False,False,False,False,0.4,keep_continuous,no_strong_signal,0.3092,56087,0.235,0.02
169,CC_BALANCE_LIMIT_RATIO_MEAN,86036,221475,0.0,0.59,0.59,-0.89,1.48,0,3,3,0.0,0,0.0,-0.65,1.3,0,4,4,0.0,0.25,2,0.0,0.0,1.01,889,1.03,0.56,-1.03,light_tailed,False,True,False,True,low,investigate_individually,-0.89,1.48,approximately_normal,none_or_standard_scaler,False,False,False,True,False,False,False,False,0.7,keep_continuous,no_strong_signal,0.3089,59104,0.5574,0.0
170,CC_CC_LATE_FLAG_MEAN,86905,220606,0.0,0.0,0.0,0.0,0.0,0,17882,17882,20.58,17882,20.58,-0.21,0.25,0,1668,1668,1.92,0.05,1548,1.78,0.0,0.44,869,1.0,6.43,49.39,right_skewed,True,True,True,True,severe,consider_log_transform,0.0,0.0,zero_inflated,log1p_or_tweedie,True,True,False,True,True,False,True,True,0.7,treat_as_categorical,"high_skew, zero_inflated, discrete",0.7942,1422,6.4252,0.0
171,CC_CC_LATE_FLAG_SUM,86905,220606,0.0,0.0,0.0,0.0,0.0,0,17882,17882,20.58,17882,20.58,-17.17,20.26,0,1565,1565,1.8,4.21,1482,1.71,0.0,35.0,850,0.98,6.98,58.06,right_skewed,True,True,True,True,severe,consider_log_transform,0.0,0.0,zero_inflated,log1p_or_tweedie,True,True,False,True,True,True,True,True,0.7,drop_or_encode,near_constant,0.7942,91,6.9817,0.0
172,CC_CNT_DRAWINGS_ATM_CURRENT_MAX,61140,246371,2.0,6.0,4.0,-4.0,12.0,0,1856,1856,3.04,399,0.65,-6.92,14.91,0,1093,1093,1.79,2.0,1429,2.34,0.0,17.0,516,0.84,1.96,7.85,right_skewed,True,True,True,True,moderate,log_transform_or_winsorize,-4.0,12.0,heavy_tailed,log1p_or_quantile_transform,True,False,True,True,True,True,False,True,0.8,drop_or_encode,near_constant,0.1611,44,1.9599,3.04
173,CC_CNT_DRAWINGS_ATM_CURRENT_MEAN,61140,246371,0.06,0.73,0.67,-0.94,1.73,0,4499,4499,7.36,1688,2.76,-2.07,3.21,0,1051,1051,1.72,0.26,5190,8.49,0.0,3.84,612,1.0,6.24,114.67,right_skewed,True,True,True,True,high,robust_scaling_or_transform,-0.94,1.73,heavy_tailed,log1p_or_quantile_transform,True,True,False,True,False,False,False,True,0.8,bin,"high_skew, high_outliers",0.1611,3385,6.2358,7.36
174,CC_CNT_DRAWINGS_ATM_CURRENT_SUM,86905,220606,0.0,13.0,13.0,-19.5,32.5,0,6470,6470,7.44,2080,2.39,-36.01,55.02,0,1755,1755,2.02,3.0,15485,17.82,0.0,69.0,846,0.97,3.14,19.58,right_skewed,True,True,True,True,high,robust_scaling_or_transform,-19.5,32.5,heavy_tailed,log1p_or_quantile_transform,True,True,False,True,True,True,False,True,1.0,drop_or_encode,near_constant,0.4098,163,3.1447,7.44
175,CC_CNT_DRAWINGS_CURRENT_MAX,86905,220606,0.0,8.0,8.0,-12.0,20.0,0,7280,7280,8.38,3101,3.57,-24.91,38.52,0,2036,2036,2.34,3.0,8467,9.74,0.0,51.0,833,0.96,3.35,17.28,right_skewed,True,True,True,True,high,robust_scaling_or_transform,-12.0,20.0,heavy_tailed,log1p_or_quantile_transform,True,True,False,True,True,True,False,True,1.0,drop_or_encode,near_constant,0.3191,119,3.3521,8.38
176,CC_CNT_DRAWINGS_CURRENT_MEAN,86905,220606,0.0,1.32,1.32,-1.99,3.31,0,11343,11343,13.05,7051,8.11,-9.54,12.62,0,1859,1859,2.14,0.22,21500,24.74,0.0,17.67,866,1.0,5.99,65.08,right_skewed,True,True,True,True,severe,consider_log_transform,-1.99,3.31,heavy_tailed,log1p_or_quantile_transform,True,True,False,True,False,False,False,True,1.0,bin,"high_skew, high_outliers",0.3191,6584,5.9898,13.05
177,CC_CNT_DRAWINGS_CURRENT_SUM,86905,220606,0.0,30.0,30.0,-45.0,75.0,0,7572,7572,8.71,3568,4.11,-130.31,182.4,0,1567,1567,1.8,9.0,11469,13.2,0.0,238.0,865,1.0,7.22,122.78,right_skewed,True,True,True,True,high,robust_scaling_or_transform,-45.0,75.0,heavy_tailed,log1p_or_quantile_transform,True,True,False,True,True,True,False,True,1.0,drop_or_encode,near_constant,0.3191,548,7.2164,8.71
178,CC_CNT_DRAWINGS_POS_CURRENT_MAX,61140,246371,0.0,8.0,8.0,-12.0,20.0,0,5978,5978,9.78,2673,4.37,-28.67,41.48,0,1455,1455,2.38,1.0,17052,27.89,0.0,54.0,609,1.0,3.19,14.75,right_skewed,True,True,True,True,high,robust_scaling_or_transform,-12.0,20.0,heavy_tailed,log1p_or_quantile_transform,True,True,False,True,True,True,False,True,1.0,drop_or_encode,near_constant,0.4407,123,3.1902,9.78
179,CC_CNT_DRAWINGS_POS_CURRENT_MEAN,61140,246371,0.0,1.43,1.43,-2.14,3.57,0,9000,9000,14.72,5761,9.42,-11.07,14.57,0,1347,1347,2.2,0.05,23927,39.13,0.0,20.28,612,1.0,5.35,50.26,right_skewed,True,True,True,True,severe,consider_log_transform,-2.14,3.57,heavy_tailed,log1p_or_quantile_transform,True,True,False,True,False,False,False,True,1.0,bin,"high_skew, high_outliers",0.4407,5024,5.348,14.72
180,CC_CNT_DRAWINGS_POS_CURRENT_SUM,86905,220606,0.0,9.0,9.0,-13.5,22.5,0,15072,15072,17.34,11166,12.85,-130.53,163.3,0,1660,1660,1.91,33.03,1503,1.73,0.0,224.0,864,0.99,8.46,156.8,right_skewed,True,True,True,True,severe,consider_log_transform,-13.5,22.5,zero_inflated,log1p_or_tweedie,True,True,False,True,True,True,True,True,1.0,drop_or_encode,near_constant,0.6065,532,8.4642,17.34
181,CC_CNT_INSTALMENT_MATURE_CUM_MAX,86905,220606,0.0,23.0,23.0,-34.5,57.5,0,6271,6271,7.22,755,0.87,-48.67,81.24,0,1868,1868,2.15,8.0,8346,9.6,0.0,91.0,845,0.97,1.76,2.67,right_skewed,True,True,True,True,high,robust_scaling_or_transform,-34.5,57.5,right_skewed,log1p,True,True,False,True,True,True,False,True,1.0,drop_or_encode,near_constant,0.3152,120,1.757,7.22
182,CC_CNT_INSTALMENT_MATURE_CUM_MEAN,86905,220606,0.0,15.37,15.37,-23.05,38.42,0,5629,5629,6.48,56,0.06,-30.42,50.82,0,732,732,0.84,3.89,14629,16.83,0.0,50.11,868,1.0,1.46,1.13,right_skewed,True,True,True,True,high,robust_scaling_or_transform,-23.05,38.42,right_skewed,log1p,True,True,False,True,False,False,False,True,1.0,bin,"high_skew, high_outliers",0.3152,13923,1.459,6.48
183,CC_DRAWING_LIMIT_RATIO_MAX,86036,221475,0.0,0.92,0.92,-1.38,2.29,0,99,99,0.12,34,0.04,-0.83,1.8,0,321,321,0.37,0.5,50,0.06,0.0,1.33,861,1.0,1.28,17.6,right_skewed,True,True,True,True,low,investigate_individually,-1.38,2.29,heavy_tailed,log1p_or_quantile_transform,True,False,False,True,False,False,False,True,0.7,bin,high_skew,0.3165,24356,1.2754,0.12
184,CC_DRAWING_LIMIT_RATIO_MEAN,86036,221475,0.0,0.09,0.09,-0.13,0.22,0,4680,4680,5.44,1550,1.8,-0.23,0.36,0,1507,1507,1.75,0.03,6350,7.38,0.0,0.46,861,1.0,4.51,50.3,right_skewed,True,True,True,True,high,robust_scaling_or_transform,-0.13,0.22,heavy_tailed,log1p_or_quantile_transform,True,True,False,True,False,False,False,True,1.0,bin,"high_skew, high_outliers",0.3165,48938,4.5126,5.44
185,CC_MONTHS_BALANCE_MAX,86905,220606,-2.0,-1.0,1.0,-3.5,0.5,1588,0,1588,1.83,0,0.0,-3.58,0.58,1588,0,1588,1.83,0.47,1588,1.83,-4.0,-1.0,1,0.0,-1.37,1.69,left_skewed,True,True,True,True,moderate,winsorize_lower_or_clip,-3.5,0.5,left_skewed,yeo_johnson_or_square_transform,True,False,False,True,True,True,False,False,0.3,drop_or_encode,near_constant,0.0,5,1.375,1.83
186,CC_MONTHS_BALANCE_MIN,86905,220606,-76.0,-10.0,66.0,-175.0,89.0,0,0,0,0.0,0,0.0,-138.39,63.22,0,0,0,0.0,14.0,10178,11.71,-96.0,-2.0,380,0.44,-0.77,-1.07,light_tailed,False,True,False,False,none,none_needed,-175.0,89.0,approximately_normal,none_or_standard_scaler,False,False,False,True,True,True,False,True,0.5,drop_or_encode,near_constant,0.0,96,0.7672,0.0
187,CC_MONTHS_BALANCE_SIZE,86905,220606,10.0,75.0,65.0,-87.5,172.5,0,2,2,0.0,0,0.0,-63.95,138.24,0,2,2,0.0,15.0,210,0.24,2.0,96.0,879,1.01,0.77,-1.05,light_tailed,False,True,False,True,low,investigate_individually,-87.5,172.5,approximately_normal,none_or_standard_scaler,True,False,False,True,True,True,False,True,0.5,drop_or_encode,near_constant,0.0,128,0.7733,0.0
188,CC_NAME_CONTRACT_STATUS_Active_MEAN,86905,220606,1.0,1.0,0.0,1.0,1.0,14687,0,14687,16.9,14687,16.9,0.65,1.29,2020,0,2020,2.32,0.07,1847,2.13,0.44,1.0,859,0.99,-4.42,23.38,left_skewed,True,True,True,True,severe,consider_log_transform,1.0,1.0,heavy_tailed,quantile_transform_or_robust_scaler,True,True,False,True,True,False,False,True,0.5,treat_as_categorical,"high_skew, discrete",0.0008,1004,4.4189,0.0
189,CC_NAME_CONTRACT_STATUS_Approved_MEAN,86905,220606,0.0,0.0,0.0,0.0,0.0,0,5,5,0.01,5,0.01,-0.0,0.0,0,5,5,0.01,0.0,5,0.01,0.0,0.0,5,0.01,132.26,17528.99,right_skewed,True,True,True,True,low,investigate_individually,0.0,0.0,zero_inflated,log1p_or_tweedie,True,False,False,True,True,True,True,False,0.5,drop_or_encode,near_constant,0.9999,6,132.2578,0.0
190,CC_NAME_CONTRACT_STATUS_Completed_MEAN,86905,220606,0.0,0.0,0.0,0.0,0.0,0,10608,10608,12.21,10608,12.21,-0.27,0.33,0,2172,2172,2.5,0.07,1827,2.1,0.0,0.52,870,1.0,4.53,24.26,right_skewed,True,True,True,True,severe,consider_log_transform,0.0,0.0,zero_inflated,log1p_or_tweedie,True,True,False,True,True,False,True,True,0.7,treat_as_categorical,"high_skew, zero_inflated, discrete",0.8779,925,4.5342,0.0
191,CC_NAME_CONTRACT_STATUS_Demand_MEAN,86905,220606,0.0,0.0,0.0,0.0,0.0,0,15,15,0.02,15,0.02,-0.03,0.03,0,15,15,0.02,0.01,14,0.02,0.0,0.0,15,0.02,86.66,7747.54,right_skewed,True,True,True,True,low,investigate_individually,0.0,0.0,zero_inflated,log1p_or_tweedie,True,False,False,True,True,True,True,True,0.7,drop_or_encode,near_constant,0.9998,16,86.6612,0.0
192,CC_NAME_CONTRACT_STATUS_Refused_MEAN,86905,220606,0.0,0.0,0.0,0.0,0.0,0,14,14,0.02,14,0.02,-0.0,0.0,0,14,14,0.02,0.0,14,0.02,0.0,0.0,14,0.02,79.36,6328.22,right_skewed,True,True,True,True,low,investigate_individually,0.0,0.0,zero_inflated,log1p_or_tweedie,True,False,False,True,True,True,True,True,0.5,drop_or_encode,near_constant,0.9998,14,79.3643,0.0
193,CC_NAME_CONTRACT_STATUS_Sent proposal_MEAN,86905,220606,0.0,0.0,0.0,0.0,0.0,0,460,460,0.53,460,0.53,-0.0,0.0,0,460,460,0.53,0.0,460,0.53,0.0,0.0,460,0.53,14.03,201.35,right_skewed,True,True,True,True,low,investigate_individually,0.0,0.0,zero_inflated,log1p_or_tweedie,True,False,False,True,True,True,True,True,0.7,drop_or_encode,near_constant,0.9947,34,14.0324,0.0
194,CC_NAME_CONTRACT_STATUS_Signed_MEAN,86905,220606,0.0,0.0,0.0,0.0,0.0,0,4291,4291,4.94,4291,4.94,-0.09,0.1,0,938,938,1.08,0.02,683,0.79,0.0,0.1,811,0.93,18.68,463.45,right_skewed,True,True,True,True,moderate,log_transform_or_winsorize,0.0,0.0,zero_inflated,log1p_or_tweedie,True,False,True,True,True,True,True,True,0.7,drop_or_encode,near_constant,0.9506,252,18.6822,0.0
195,CC_NAME_CONTRACT_STATUS_nan_MEAN,86905,220606,0.0,0.0,0.0,0.0,0.0,0,0,0,0.0,0,0.0,,,0,0,0,0.0,,0,0.0,0.0,0.0,0,0.0,,,moderate_deviation,False,False,False,False,none,none_needed,0.0,0.0,constant_or_near_constant,drop_column,True,False,False,True,True,True,True,False,0.2,drop_or_encode,near_constant,1.0,1,0.0,0.0
196,CC_PAYMENT_MIN_RATIO_MAX,59269,248242,4.07,21.83,17.76,-22.58,48.48,0,7224,7224,12.19,5106,8.61,-40557.29,40932.38,0,19,19,0.03,10.72,5233,8.83,1.0,995.78,1101,1.86,189.45,39731.68,right_skewed,True,True,True,True,severe,consider_log_transform,-22.58,48.48,heavy_tailed,log1p_or_quantile_transform,True,True,False,True,False,False,False,True,0.8,bin,"high_skew, high_outliers",0.002,47187,189.4533,12.19
197,CC_PAYMENT_MIN_RATIO_MEAN,59269,248242,1.41,4.96,3.55,-3.92,10.29,0,6962,6962,11.75,4377,7.38,-6122.34,6162.45,0,11,11,0.02,1.19,8413,14.19,0.76,98.43,1185,2.0,240.05,58141.63,right_skewed,True,True,True,True,severe,consider_log_transform,-3.92,10.29,heavy_tailed,log1p_or_quantile_transform,True,True,False,True,False,False,False,True,0.8,bin,"high_skew, high_outliers",0.002,58279,240.0565,11.75
198,CC_PAYMENT_TOTAL_RATIO_MAX,59775,247736,0.11,5.93,5.82,-8.63,14.67,1,12245,12246,20.49,10933,18.29,-43533.21,44029.42,0,33,33,0.06,0.55,17040,28.51,0.0,1349.56,624,1.04,142.24,22176.89,right_skewed,True,True,True,True,severe,consider_log_transform,-8.63,14.67,heavy_tailed,quantile_transform_or_robust_scaler,True,True,False,True,False,False,False,True,0.8,bin,"high_skew, high_outliers",0.0317,56912,142.2423,20.49
199,CC_PAYMENT_TOTAL_RATIO_MEAN,59775,247736,0.05,0.59,0.54,-0.76,1.4,2015,11159,13174,22.04,11233,18.79,-5669.31,5710.66,6,23,29,0.05,0.08,17938,30.01,-16.37,107.19,1196,2.0,176.39,37277.6,right_skewed,True,True,True,True,severe,consider_log_transform,-0.76,1.4,heavy_tailed,quantile_transform_or_robust_scaler,True,True,False,True,False,False,False,True,0.8,bin,"high_skew, high_outliers",0.0316,57349,176.391,22.04
200,CC_RECEIVABLE_LIMIT_RATIO_MAX,86036,221475,0.0,1.04,1.04,-1.55,2.59,0,14,14,0.02,2,0.0,-0.81,2.06,0,28,28,0.03,0.14,30130,35.02,0.0,1.14,861,1.0,-0.25,1.21,moderate_deviation,True,False,True,True,low,investigate_individually,-1.55,2.59,approximately_normal,none_or_standard_scaler,False,False,False,True,False,False,False,False,0.4,keep_continuous,no_strong_signal,0.311,55701,0.2532,0.02
201,CC_RECEIVABLE_LIMIT_RATIO_MEAN,86036,221475,0.0,0.59,0.59,-0.88,1.47,0,4,4,0.0,0,0.0,-0.64,1.29,0,5,5,0.01,0.25,4,0.0,0.0,1.0,932,1.08,0.56,-1.03,light_tailed,False,True,False,True,low,investigate_individually,-0.88,1.47,approximately_normal,none_or_standard_scaler,False,False,False,True,False,False,False,False,0.7,keep_continuous,no_strong_signal,0.3105,58877,0.5559,0.0
202,CC_SK_DPD_DEF_MAX,86905,220606,0.0,0.0,0.0,0.0,0.0,0,14842,14842,17.08,14842,17.08,-70.66,72.22,0,25,25,0.03,16.06,23,0.03,0.0,8.0,774,0.89,98.42,10193.43,right_skewed,True,True,True,True,severe,consider_log_transform,0.0,0.0,zero_inflated,log1p_or_tweedie,True,True,False,True,True,True,True,True,0.7,drop_or_encode,near_constant,0.8292,52,98.4203,0.0
203,CC_SK_DPD_DEF_MEAN,86905,220606,0.0,0.0,0.0,0.0,0.0,0,14842,14842,17.08,14842,17.08,-29.98,30.23,0,13,13,0.01,6.77,13,0.01,0.0,0.58,862,0.99,111.87,13040.98,right_skewed,True,True,True,True,severe,consider_log_transform,0.0,0.0,zero_inflated,log1p_or_tweedie,True,True,False,True,True,False,True,True,0.7,treat_as_categorical,"high_skew, zero_inflated, discrete",0.8292,1548,111.8747,0.0
204,CC_SK_DPD_DEF_SUM,86905,220606,0.0,0.0,0.0,0.0,0.0,0,14842,14842,17.08,14842,17.08,-2752.43,2773.65,0,12,12,0.01,621.22,12,0.01,0.0,27.0,866,1.0,111.69,12965.87,right_skewed,True,True,True,True,severe,consider_log_transform,0.0,0.0,zero_inflated,log1p_or_tweedie,True,True,False,True,True,True,True,True,0.7,drop_or_encode,near_constant,0.8292,217,111.6882,0.0
205,CC_SK_DPD_MAX,86905,220606,0.0,0.0,0.0,0.0,0.0,0,17882,17882,20.58,17882,20.58,-413.75,447.65,0,1008,1008,1.16,96.84,963,1.11,0.0,669.0,869,1.0,10.51,118.87,right_skewed,True,True,True,True,severe,consider_log_transform,0.0,0.0,zero_inflated,log1p_or_tweedie,True,True,False,True,True,True,True,True,0.7,drop_or_encode,near_constant,0.7942,409,10.5142,0.0
206,CC_SK_DPD_MEAN,86905,220606,0.0,0.0,0.0,0.0,0.0,0,17882,17882,20.58,17882,20.58,-129.6,138.02,0,798,798,0.92,30.08,763,0.88,0.0,100.72,870,1.0,13.85,233.47,right_skewed,True,True,True,True,severe,consider_log_transform,0.0,0.0,zero_inflated,log1p_or_tweedie,True,True,False,True,True,False,True,True,0.7,treat_as_categorical,"high_skew, zero_inflated, discrete",0.7942,3606,13.854,0.0
207,CC_SK_DPD_SUM,86905,220606,0.0,0.0,0.0,0.0,0.0,0,17882,17882,20.58,17882,20.58,-11209.79,11915.13,0,770,770,0.89,2599.63,733,0.84,0.0,7700.88,870,1.0,14.46,263.43,right_skewed,True,True,True,True,severe,consider_log_transform,0.0,0.0,zero_inflated,log1p_or_tweedie,True,True,False,True,True,False,True,True,0.7,treat_as_categorical,"high_skew, zero_inflated, discrete",0.7942,1464,14.4631,0.0
208,CC_SK_ID_PREV_NUNIQUE,86905,220606,1.0,1.0,0.0,1.0,1.0,0,542,542,0.62,542,0.62,0.77,1.25,0,542,542,0.62,0.05,542,0.62,1.0,1.0,542,0.62,13.02,180.67,right_skewed,True,True,True,True,low,investigate_individually,1.0,1.0,heavy_tailed,log1p_or_quantile_transform,True,False,False,True,True,True,False,False,0.3,drop_or_encode,near_constant,0.0,4,13.0236,0.0
209,CNT_CHILDREN,307511,0,0.0,1.0,1.0,-1.5,2.5,0,4272,4272,1.39,126,0.04,-1.75,2.58,0,4272,4272,1.39,0.49,4272,1.39,0.0,3.0,555,0.18,1.97,7.9,right_skewed,True,True,True,True,moderate,log_transform_or_winsorize,-1.5,2.5,zero_inflated,log1p_or_tweedie,True,False,False,True,True,True,True,True,0.5,drop_or_encode,near_constant,0.7004,15,1.9746,1.39
210,CNT_FAM_MEMBERS,307509,2,2.0,3.0,1.0,0.5,4.5,0,4007,4007,1.3,121,0.04,-0.58,4.88,0,4007,4007,1.3,0.61,529,0.17,1.0,5.0,529,0.17,0.99,2.8,moderate_deviation,True,True,True,True,moderate,winsorize_upper_or_clip,0.5,4.5,approximately_normal,none_or_standard_scaler,False,False,False,True,True,True,False,True,0.5,drop_or_encode,near_constant,0.0,17,0.9875,1.3
211,COMMONAREA_AVG,92646,214865,0.01,0.05,0.04,-0.06,0.12,0,7942,7942,8.57,3696,3.99,-0.18,0.27,0,1705,1705,1.84,0.02,8580,9.26,0.0,0.38,927,1.0,5.46,45.99,right_skewed,True,True,True,True,high,robust_scaling_or_transform,-0.06,0.12,heavy_tailed,log1p_or_quantile_transform,True,True,False,True,True,False,False,True,0.8,treat_as_categorical,"high_skew, high_outliers, discrete",0.0911,3181,5.4573,8.57
212,COMMONAREA_MEDI,92646,214865,0.01,0.05,0.04,-0.06,0.12,0,8004,8004,8.64,3780,4.08,-0.18,0.27,0,1723,1723,1.86,0.02,8662,9.35,0.0,0.38,927,1.0,5.42,45.26,right_skewed,True,True,True,True,high,robust_scaling_or_transform,-0.06,0.12,heavy_tailed,log1p_or_quantile_transform,True,True,False,True,True,False,False,True,0.8,treat_as_categorical,"high_skew, high_outliers, discrete",0.0938,3202,5.4192,8.64
213,COMMONAREA_MODE,92646,214865,0.01,0.05,0.04,-0.06,0.11,0,7938,7938,8.57,3763,4.06,-0.18,0.27,0,1693,1693,1.83,0.02,8790,9.49,0.0,0.37,927,1.0,5.62,48.86,right_skewed,True,True,True,True,high,robust_scaling_or_transform,-0.06,0.11,heavy_tailed,log1p_or_quantile_transform,True,True,False,True,True,False,False,True,0.8,treat_as_categorical,"high_skew, high_outliers, discrete",0.1046,3128,5.6206,8.57
214,DAYS_BIRTH,307511,0,-19682.0,-12413.0,7269.0,-30585.5,-1509.5,0,0,0,0.0,0,0.0,-29128.96,-2945.03,0,0,0,0.0,3630.0,0,0.0,-24419.0,-8263.0,6149,2.0,-0.12,-1.05,light_tailed,False,False,False,False,none,none_needed,-30585.5,-1509.5,approximately_normal,none_or_standard_scaler,True,False,False,True,False,False,False,False,0.2,keep_continuous,no_strong_signal,0.0,17460,0.1157,0.0
215,DAYS_EMPLOYED,252137,55374,-3175.0,-767.0,2408.0,-6787.0,2845.0,15149,0,15149,6.01,3832,1.52,-9399.25,4630.91,5644,0,5644,2.24,1066.0,13162,5.22,-11338.28,-111.0,5033,2.0,-1.97,4.75,left_skewed,True,True,True,True,high,robust_scaling_or_transform,-6787.0,2845.0,heavy_tailed,quantile_transform_or_robust_scaler,True,True,False,True,True,False,False,True,0.8,treat_as_categorical,"high_skew, high_outliers, discrete",0.0,12573,1.9683,6.01
216,DAYS_EMPLOYED_ANOM,307511,0,0.0,0.0,0.0,0.0,0.0,0,55374,55374,18.01,55374,18.01,-0.97,1.33,0,0,0,0.0,0.26,0,0.0,0.0,1.0,0,0.0,1.67,0.77,right_skewed,False,True,True,True,severe,review_data_source,0.0,0.0,zero_inflated,log1p_or_tweedie,True,True,False,True,True,True,True,False,0.5,drop_or_encode,near_constant,0.8199,2,1.6652,0.0
217,DAYS_ID_PUBLISH,307511,0,-4299.0,-1720.0,2579.0,-8167.5,2148.5,0,0,0,0.0,0,0.0,-7522.55,1534.15,0,0,0,0.0,1186.0,0,0.0,-5447.0,-61.0,6128,1.99,0.35,-1.11,light_tailed,False,False,False,False,none,none_needed,-8167.5,2148.5,approximately_normal,none_or_standard_scaler,True,False,False,True,True,False,False,True,0.2,treat_as_categorical,discrete,0.0001,6168,0.3493,0.0
218,DAYS_LAST_PHONE_CHANGE,307510,1,-1570.0,-274.0,1296.0,-3514.0,1670.0,435,0,435,0.14,0,0.0,-3443.28,1517.57,640,0,640,0.21,627.0,30,0.01,-3149.0,0.0,3067,1.0,-0.71,-0.31,moderate_deviation,False,True,False,True,low,investigate_individually,-3514.0,1670.0,approximately_normal,none_or_standard_scaler,True,False,False,True,True,False,False,True,0.5,treat_as_categorical,discrete,0.1225,3773,0.7136,0.14
219,DAYS_REGISTRATION,307511,0,-7479.5,-2010.0,5469.5,-15683.75,6194.25,659,0,659,0.21,1,0.0,-15554.78,5582.54,749,0,749,0.24,2699.0,67,0.02,-13879.0,-50.0,6126,1.99,-0.59,-0.32,moderate_deviation,False,True,False,True,low,investigate_individually,-15683.75,6194.25,approximately_normal,none_or_standard_scaler,True,False,False,True,False,False,False,False,0.5,keep_continuous,no_strong_signal,0.0003,15688,0.5909,0.21
220,DEF_30_CNT_SOCIAL_CIRCLE,306490,1021,0.0,0.0,0.0,0.0,0.0,0,35166,35166,11.47,35166,11.47,-1.2,1.48,0,6838,6838,2.23,0.3,6838,2.23,0.0,2.0,1515,0.49,5.18,126.31,right_skewed,True,True,True,True,severe,consider_log_transform,0.0,0.0,zero_inflated,log1p_or_tweedie,True,True,False,True,True,True,True,True,0.5,drop_or_encode,near_constant,0.8853,10,5.1835,0.0
221,DEF_60_CNT_SOCIAL_CIRCLE,306490,1021,0.0,0.0,0.0,0.0,0.0,0,25769,25769,8.41,25769,8.41,-0.99,1.19,0,3928,3928,1.28,0.24,3928,1.28,0.0,2.0,758,0.25,5.28,86.56,right_skewed,True,True,True,True,high,robust_scaling_or_transform,0.0,0.0,zero_inflated,log1p_or_tweedie,True,True,False,True,True,True,True,False,0.5,drop_or_encode,near_constant,0.9159,9,5.2779,0.0
222,ELEVATORS_AVG,143620,163891,0.0,0.12,0.12,-0.18,0.3,0,10420,10420,7.26,2440,1.7,-0.32,0.48,0,2440,2440,1.7,0.09,3509,2.44,0.0,0.6,1357,0.94,2.44,7.87,right_skewed,True,True,True,True,high,robust_scaling_or_transform,-0.18,0.3,heavy_tailed,log1p_or_quantile_transform,True,True,False,True,True,True,False,True,1.0,drop_or_encode,near_constant,0.5968,257,2.4394,7.26
223,ELEVATORS_MEDI,143620,163891,0.0,0.12,0.12,-0.18,0.3,0,10383,10383,7.23,2429,1.69,-0.33,0.48,0,2429,2429,1.69,0.09,3525,2.45,0.0,0.6,1366,0.95,2.46,7.96,right_skewed,True,True,True,True,high,robust_scaling_or_transform,-0.18,0.3,zero_inflated,log1p_or_tweedie,True,True,False,True,True,True,True,True,1.0,drop_or_encode,near_constant,0.6059,46,2.4578,7.23
224,ELEVATORS_MODE,143620,163891,0.0,0.12,0.12,-0.18,0.3,0,9732,9732,6.78,3355,2.34,-0.32,0.47,0,3355,3355,2.34,0.09,3355,2.34,0.0,0.6,1291,0.9,2.55,8.6,right_skewed,True,True,True,True,high,robust_scaling_or_transform,-0.18,0.3,zero_inflated,log1p_or_tweedie,True,True,False,True,True,True,True,True,1.0,drop_or_encode,near_constant,0.6232,26,2.5523,6.78
225,ENTRANCES_AVG,152683,154828,0.07,0.21,0.14,-0.14,0.41,0,3882,3882,2.54,863,0.57,-0.15,0.45,0,2214,2214,1.45,0.07,1706,1.12,0.03,0.52,1744,1.14,2.4,11.59,right_skewed,True,True,True,True,moderate,log_transform_or_winsorize,-0.14,0.41,heavy_tailed,log1p_or_quantile_transform,True,False,True,True,True,True,False,True,0.5,drop_or_encode,near_constant,0.0021,285,2.3997,2.54
226,ENTRANCES_MEDI,152683,154828,0.07,0.21,0.14,-0.14,0.41,0,3893,3893,2.55,863,0.57,-0.15,0.45,0,2226,2226,1.46,0.07,1711,1.12,0.03,0.52,1742,1.14,2.39,11.47,right_skewed,True,True,True,True,moderate,log_transform_or_winsorize,-0.14,0.41,heavy_tailed,log1p_or_quantile_transform,True,False,True,True,True,True,False,True,0.5,drop_or_encode,near_constant,0.0022,46,2.3877,2.55
227,ENTRANCES_MODE,152683,154828,0.07,0.21,0.14,-0.14,0.41,0,3840,3840,2.52,859,0.56,-0.16,0.45,0,2628,2628,1.72,0.07,1697,1.11,0.03,0.52,1783,1.17,2.39,11.42,right_skewed,True,True,True,True,moderate,log_transform_or_winsorize,-0.14,0.41,heavy_tailed,log1p_or_quantile_transform,True,False,True,True,True,True,False,True,0.5,drop_or_encode,near_constant,0.0025,30,2.3923,2.52
228,EXT_SOURCE_1,134133,173378,0.33,0.68,0.34,-0.18,1.19,0,0,0,0.0,0,0.0,-0.13,1.14,0,0,0,0.0,0.17,0,0.0,0.08,0.89,2684,2.0,-0.07,-0.97,approximately_normal,False,False,False,False,none,none_needed,-0.18,1.19,approximately_normal,none_or_standard_scaler,False,False,False,True,False,False,False,False,0.2,keep_continuous,no_strong_signal,0.0,114584,0.0688,0.0
229,EXT_SOURCE_2,306851,660,0.39,0.66,0.27,-0.01,1.07,0,0,0,0.0,0,0.0,-0.06,1.09,0,0,0,0.0,0.12,0,0.0,0.03,0.78,6137,2.0,-0.79,-0.27,moderate_deviation,False,True,False,False,none,none_needed,-0.01,1.07,approximately_normal,none_or_standard_scaler,False,False,False,True,False,False,False,False,0.5,keep_continuous,no_strong_signal,0.0,119831,0.7936,0.0
230,EXT_SOURCE_3,246546,60965,0.37,0.67,0.3,-0.08,1.12,0,0,0,0.0,0,0.0,-0.07,1.1,0,0,0,0.0,0.15,0,0.0,0.06,0.83,4904,1.99,-0.41,-0.66,approximately_normal,False,False,False,False,none,none_needed,-0.08,1.12,approximately_normal,none_or_standard_scaler,False,False,False,True,True,True,False,True,0.2,drop_or_encode,near_constant,0.0,814,0.4094,0.0
231,FLAG_CONT_MOBILE,307511,0,1.0,1.0,0.0,1.0,1.0,574,0,574,0.19,574,0.19,0.87,1.13,574,0,574,0.19,0.03,574,0.19,1.0,1.0,574,0.19,-23.08,530.74,left_skewed,True,True,True,True,low,investigate_individually,1.0,1.0,heavy_tailed,quantile_transform_or_robust_scaler,True,False,False,True,True,True,False,False,0.3,drop_or_encode,near_constant,0.0019,2,23.0812,0.0
232,FLAG_DOCUMENT_10,307511,0,0.0,0.0,0.0,0.0,0.0,0,7,7,0.0,7,0.0,-0.01,0.01,0,7,7,0.0,0.0,7,0.0,0.0,0.0,7,0.0,209.59,43925.14,right_skewed,True,True,True,True,low,investigate_individually,0.0,0.0,zero_inflated,log1p_or_tweedie,True,False,False,True,True,True,True,False,0.5,drop_or_encode,near_constant,1.0,2,209.5891,0.0
233,FLAG_DOCUMENT_11,307511,0,0.0,0.0,0.0,0.0,0.0,0,1203,1203,0.39,1203,0.39,-0.18,0.19,0,1203,1203,0.39,0.04,1203,0.39,0.0,0.0,1203,0.39,15.89,250.62,right_skewed,True,True,True,True,low,investigate_individually,0.0,0.0,zero_inflated,log1p_or_tweedie,True,False,False,True,True,True,True,False,0.5,drop_or_encode,near_constant,0.9961,2,15.8942,0.0
234,FLAG_DOCUMENT_12,307511,0,0.0,0.0,0.0,0.0,0.0,0,2,2,0.0,2,0.0,-0.01,0.01,0,2,2,0.0,0.0,2,0.0,0.0,0.0,2,0.0,392.11,153750.5,right_skewed,True,True,True,True,low,investigate_individually,0.0,0.0,zero_inflated,log1p_or_tweedie,True,False,False,True,True,True,True,False,0.5,drop_or_encode,near_constant,1.0,2,392.1148,0.0
235,FLAG_DOCUMENT_13,307511,0,0.0,0.0,0.0,0.0,0.0,0,1084,1084,0.35,1084,0.35,-0.17,0.18,0,1084,1084,0.35,0.04,1084,0.35,0.0,0.0,1084,0.35,16.75,278.69,right_skewed,True,True,True,True,low,investigate_individually,0.0,0.0,zero_inflated,log1p_or_tweedie,True,False,False,True,True,True,True,False,0.5,drop_or_encode,near_constant,0.9965,2,16.7537,0.0
236,FLAG_DOCUMENT_14,307511,0,0.0,0.0,0.0,0.0,0.0,0,903,903,0.29,903,0.29,-0.16,0.17,0,903,903,0.29,0.04,903,0.29,0.0,0.0,903,0.29,18.37,335.55,right_skewed,True,True,True,True,low,investigate_individually,0.0,0.0,zero_inflated,log1p_or_tweedie,True,False,False,True,True,True,True,False,0.5,drop_or_encode,near_constant,0.9971,2,18.3725,0.0
237,FLAG_DOCUMENT_15,307511,0,0.0,0.0,0.0,0.0,0.0,0,372,372,0.12,372,0.12,-0.1,0.11,0,372,372,0.12,0.02,372,0.12,0.0,0.0,372,0.12,28.7,821.64,right_skewed,True,True,True,True,low,investigate_individually,0.0,0.0,zero_inflated,log1p_or_tweedie,True,False,False,True,True,True,True,False,0.5,drop_or_encode,near_constant,0.9988,2,28.6993,0.0
238,FLAG_DOCUMENT_16,307511,0,0.0,0.0,0.0,0.0,0.0,0,3053,3053,0.99,3053,0.99,-0.29,0.31,0,3053,3053,0.99,0.07,3053,0.99,0.0,0.0,3053,0.99,9.89,95.73,right_skewed,True,True,True,True,low,investigate_individually,0.0,0.0,zero_inflated,log1p_or_tweedie,True,False,False,True,True,True,True,False,0.5,drop_or_encode,near_constant,0.9901,2,9.8861,0.0
239,FLAG_DOCUMENT_17,307511,0,0.0,0.0,0.0,0.0,0.0,0,82,82,0.03,82,0.03,-0.05,0.05,0,82,82,0.03,0.01,82,0.03,0.0,0.0,82,0.03,61.21,3745.13,right_skewed,True,True,True,True,low,investigate_individually,0.0,0.0,zero_inflated,log1p_or_tweedie,True,False,False,True,True,True,True,False,0.5,drop_or_encode,near_constant,0.9997,2,61.2141,0.0
240,FLAG_DOCUMENT_18,307511,0,0.0,0.0,0.0,0.0,0.0,0,2500,2500,0.81,2500,0.81,-0.26,0.28,0,2500,2500,0.81,0.06,2500,0.81,0.0,0.0,2500,0.81,10.96,118.01,right_skewed,True,True,True,True,low,investigate_individually,0.0,0.0,zero_inflated,log1p_or_tweedie,True,False,False,True,True,True,True,False,0.5,drop_or_encode,near_constant,0.9919,2,10.9551,0.0
241,FLAG_DOCUMENT_19,307511,0,0.0,0.0,0.0,0.0,0.0,0,183,183,0.06,183,0.06,-0.07,0.07,0,183,183,0.06,0.02,183,0.06,0.0,0.0,183,0.06,40.96,1675.39,right_skewed,True,True,True,True,low,investigate_individually,0.0,0.0,zero_inflated,log1p_or_tweedie,True,False,False,True,True,True,True,False,0.5,drop_or_encode,near_constant,0.9994,2,40.9561,0.0
242,FLAG_DOCUMENT_2,307511,0,0.0,0.0,0.0,0.0,0.0,0,13,13,0.0,13,0.0,-0.02,0.02,0,13,13,0.0,0.0,13,0.0,0.0,0.0,13,0.0,153.79,23649.69,right_skewed,True,True,True,True,low,investigate_individually,0.0,0.0,zero_inflated,log1p_or_tweedie,True,False,False,True,True,True,True,False,0.5,drop_or_encode,near_constant,1.0,2,153.7918,0.0
243,FLAG_DOCUMENT_20,307511,0,0.0,0.0,0.0,0.0,0.0,0,156,156,0.05,156,0.05,-0.07,0.07,0,156,156,0.05,0.02,156,0.05,0.0,0.0,156,0.05,44.36,1966.22,right_skewed,True,True,True,True,low,investigate_individually,0.0,0.0,zero_inflated,log1p_or_tweedie,True,False,False,True,True,True,True,False,0.5,drop_or_encode,near_constant,0.9995,2,44.3649,0.0
244,FLAG_DOCUMENT_21,307511,0,0.0,0.0,0.0,0.0,0.0,0,103,103,0.03,103,0.03,-0.05,0.06,0,103,103,0.03,0.01,103,0.03,0.0,0.0,103,0.03,54.61,2980.54,right_skewed,True,True,True,True,low,investigate_individually,0.0,0.0,zero_inflated,log1p_or_tweedie,True,False,False,True,True,True,True,False,0.5,drop_or_encode,near_constant,0.9997,2,54.6129,0.0
245,FLAG_DOCUMENT_3,307511,0,0.0,1.0,1.0,-1.5,2.5,0,0,0,0.0,0,0.0,-0.65,2.07,0,0,0,0.0,0.31,0,0.0,0.0,1.0,0,0.0,-0.93,-1.14,light_tailed,False,True,False,False,none,none_needed,-1.5,2.5,approximately_normal,none_or_standard_scaler,False,False,False,True,True,True,False,False,0.3,drop_or_encode,near_constant,0.29,2,0.9257,0.0
246,FLAG_DOCUMENT_4,307511,0,0.0,0.0,0.0,0.0,0.0,0,25,25,0.01,25,0.01,-0.03,0.03,0,25,25,0.01,0.01,25,0.01,0.0,0.0,25,0.01,110.89,12295.44,right_skewed,True,True,True,True,low,investigate_individually,0.0,0.0,zero_inflated,log1p_or_tweedie,True,False,False,True,True,True,True,False,0.5,drop_or_encode,near_constant,0.9999,2,110.8944,0.0
247,FLAG_DOCUMENT_5,307511,0,0.0,0.0,0.0,0.0,0.0,0,4648,4648,1.51,4648,1.51,-0.35,0.38,0,4648,4648,1.51,0.08,4648,1.51,0.0,1.0,0,0.0,7.95,61.18,right_skewed,True,True,True,True,moderate,log_transform_or_winsorize,0.0,0.0,zero_inflated,log1p_or_tweedie,True,False,False,True,True,True,True,False,0.5,drop_or_encode,near_constant,0.9849,2,7.9483,0.0
248,FLAG_DOCUMENT_6,307511,0,0.0,0.0,0.0,0.0,0.0,0,27078,27078,8.81,27078,8.81,-0.76,0.94,0,27078,27078,8.81,0.19,27078,8.81,0.0,1.0,0,0.0,2.91,6.45,right_skewed,True,True,True,True,high,robust_scaling_or_transform,0.0,0.0,zero_inflated,log1p_or_tweedie,True,True,False,True,True,True,True,False,0.5,drop_or_encode,near_constant,0.9119,2,2.9074,0.0
249,FLAG_DOCUMENT_7,307511,0,0.0,0.0,0.0,0.0,0.0,0,59,59,0.02,59,0.02,-0.04,0.04,0,59,59,0.02,0.01,59,0.02,0.0,0.0,59,0.02,72.17,5207.05,right_skewed,True,True,True,True,low,investigate_individually,0.0,0.0,zero_inflated,log1p_or_tweedie,True,False,False,True,True,True,True,False,0.5,drop_or_encode,near_constant,0.9998,2,72.1741,0.0
250,FLAG_DOCUMENT_8,307511,0,0.0,0.0,0.0,0.0,0.0,0,25024,25024,8.14,25024,8.14,-0.74,0.9,0,25024,25024,8.14,0.18,25024,8.14,0.0,1.0,0,0.0,3.06,7.38,right_skewed,True,True,True,True,high,robust_scaling_or_transform,0.0,0.0,zero_inflated,log1p_or_tweedie,True,True,False,True,True,True,True,False,0.5,drop_or_encode,near_constant,0.9186,2,3.0622,0.0
251,FLAG_DOCUMENT_9,307511,0,0.0,0.0,0.0,0.0,0.0,0,1198,1198,0.39,1198,0.39,-0.18,0.19,0,1198,1198,0.39,0.04,1198,0.39,0.0,0.0,1198,0.39,15.93,251.69,right_skewed,True,True,True,True,low,investigate_individually,0.0,0.0,zero_inflated,log1p_or_tweedie,True,False,False,True,True,True,True,False,0.5,drop_or_encode,near_constant,0.9961,2,15.9278,0.0
252,FLAG_EMAIL,307511,0,0.0,0.0,0.0,0.0,0.0,0,17442,17442,5.67,17442,5.67,-0.64,0.75,0,17442,17442,5.67,0.16,17442,5.67,0.0,1.0,0,0.0,3.83,12.69,right_skewed,True,True,True,True,high,robust_scaling_or_transform,0.0,0.0,zero_inflated,log1p_or_tweedie,True,True,False,True,True,True,True,False,0.5,drop_or_encode,near_constant,0.9433,2,3.8329,0.0
253,FLAG_EMP_PHONE,307511,0,1.0,1.0,0.0,1.0,1.0,55386,0,55386,18.01,55386,18.01,-0.33,1.97,0,0,0,0.0,0.26,0,0.0,0.0,1.0,0,0.0,-1.66,0.77,left_skewed,False,True,True,True,severe,review_data_source,1.0,1.0,left_skewed,yeo_johnson_or_square_transform,True,True,False,True,True,True,False,False,0.3,drop_or_encode,near_constant,0.1801,2,1.6649,0.0
254,FLAG_MOBIL,307511,0,1.0,1.0,0.0,1.0,1.0,1,0,1,0.0,1,0.0,0.99,1.01,1,0,1,0.0,0.0,1,0.0,1.0,1.0,1,0.0,-554.53,307506.0,left_skewed,True,True,True,True,low,investigate_individually,1.0,1.0,heavy_tailed,quantile_transform_or_robust_scaler,True,False,False,True,True,True,False,False,0.3,drop_or_encode,near_constant,0.0,2,554.5367,0.0
255,FLAG_PHONE,307511,0,0.0,1.0,1.0,-1.5,2.5,0,0,0,0.0,0,0.0,-1.07,1.63,0,0,0,0.0,0.3,0,0.0,0.0,1.0,0,0.0,0.97,-1.05,light_tailed,False,True,False,False,none,none_needed,-1.5,2.5,zero_inflated,log1p_or_tweedie,True,False,False,True,True,True,True,False,0.5,drop_or_encode,near_constant,0.7189,2,0.9741,0.0
256,FLAG_WORK_PHONE,307511,0,0.0,0.0,0.0,0.0,0.0,0,61308,61308,19.94,61308,19.94,-1.0,1.4,0,0,0,0.0,0.27,0,0.0,0.0,1.0,0,0.0,1.5,0.26,right_skewed,False,True,True,True,severe,review_data_source,0.0,0.0,zero_inflated,log1p_or_tweedie,True,True,False,True,True,True,True,False,0.5,drop_or_encode,near_constant,0.8006,2,1.5049,0.0
257,FLOORSMAX_AVG,154491,153020,0.17,0.33,0.17,-0.08,0.58,0,5215,5215,3.38,557,0.36,-0.21,0.66,0,2611,2611,1.69,0.08,4764,3.08,0.0,0.67,1112,0.72,1.23,2.43,right_skewed,True,True,True,True,moderate,log_transform_or_winsorize,-0.08,0.58,right_skewed,log1p,True,False,True,True,True,True,False,True,0.8,drop_or_encode,near_constant,0.019,403,1.2265,3.38
258,FLOORSMAX_MEDI,154491,153020,0.17,0.33,0.17,-0.08,0.58,0,5360,5360,3.47,574,0.37,-0.21,0.66,0,2734,2734,1.77,0.08,4921,3.19,0.0,0.67,1059,0.69,1.24,2.47,right_skewed,True,True,True,True,moderate,log_transform_or_winsorize,-0.08,0.58,right_skewed,log1p,True,False,True,True,True,True,False,True,0.8,drop_or_encode,near_constant,0.0194,49,1.2402,3.47
259,FLOORSMAX_MODE,154491,153020,0.17,0.33,0.17,-0.08,0.58,0,5104,5104,3.3,547,0.35,-0.21,0.65,0,2638,2638,1.71,0.08,4713,3.05,0.0,0.67,928,0.6,1.24,2.54,right_skewed,True,True,True,True,moderate,log_transform_or_winsorize,-0.08,0.58,right_skewed,log1p,True,False,True,True,True,True,False,True,0.8,drop_or_encode,near_constant,0.0221,25,1.2443,3.3
260,FLOORSMIN_AVG,98869,208642,0.08,0.38,0.29,-0.35,0.81,0,343,343,0.35,0,0.0,-0.25,0.72,0,591,591,0.6,0.15,0,0.0,0.0,0.71,591,0.6,0.95,1.34,moderate_deviation,True,True,True,True,low,investigate_individually,-0.35,0.81,approximately_normal,none_or_standard_scaler,False,False,False,True,True,True,False,True,0.5,drop_or_encode,near_constant,0.0235,305,0.9542,0.35
261,FLOORSMIN_MEDI,98869,208642,0.08,0.38,0.29,-0.35,0.81,0,344,344,0.35,0,0.0,-0.25,0.72,0,553,553,0.56,0.17,0,0.0,0.0,0.71,553,0.56,0.96,1.35,moderate_deviation,True,True,True,True,low,investigate_individually,-0.35,0.81,approximately_normal,none_or_standard_scaler,False,False,False,True,True,True,False,True,0.5,drop_or_encode,near_constant,0.0238,47,0.9602,0.35
262,FLOORSMIN_MODE,98869,208642,0.08,0.38,0.29,-0.35,0.81,0,320,320,0.32,0,0.0,-0.26,0.71,0,480,480,0.49,0.17,0,0.0,0.0,0.71,480,0.49,0.96,1.35,moderate_deviation,True,True,True,True,low,investigate_individually,-0.35,0.81,approximately_normal,none_or_standard_scaler,False,False,False,True,True,True,False,True,0.5,drop_or_encode,near_constant,0.0255,25,0.9638,0.32
263,HOUR_APPR_PROCESS_START,307511,0,10.0,14.0,4.0,4.0,20.0,1661,596,2257,0.73,0,0.0,2.27,21.86,431,191,622,0.2,2.0,167,0.05,4.0,19.0,3453,1.12,-0.03,-0.19,approximately_normal,False,False,False,True,low,investigate_individually,4.0,20.0,approximately_normal,none_or_standard_scaler,False,False,False,True,True,True,False,True,0.2,drop_or_encode,near_constant,0.0001,24,0.028,0.73
264,INS_AMT_INSTALMENT_MAX,291643,15868,14012.48,130235.02,116222.53,-160321.32,304568.82,0,39076,39076,13.4,23767,8.15,-600093.68,872771.27,0,8034,8034,2.75,26653.95,60228,20.65,3225.58,1184490.8,5834,2.0,3.33,14.56,right_skewed,True,True,True,True,severe,consider_log_transform,-160321.32,304568.82,heavy_tailed,log1p_or_quantile_transform,True,True,False,True,False,False,False,True,0.8,bin,"high_skew, high_outliers",0.0,236626,3.3346,13.4
265,INS_AMT_INSTALMENT_MEAN,291643,15868,7799.51,21376.14,13576.62,-12565.42,41741.07,0,22250,22250,7.63,8934,3.06,-51621.31,88406.53,0,3627,3627,1.24,5810.98,21181,7.26,2426.05,95971.22,5834,2.0,18.64,1117.09,right_skewed,True,True,True,True,high,robust_scaling_or_transform,-12565.42,41741.07,heavy_tailed,log1p_or_quantile_transform,True,True,False,True,False,False,False,True,0.8,bin,"high_skew, high_outliers",0.0,288020,18.638,7.63
266,INS_AMT_INSTALMENT_SUM,291643,15868,134672.76,843257.0,708584.24,-928203.6,1906133.37,0,25351,25351,8.69,9360,3.21,-1967857.37,3312689.09,0,6680,6680,2.29,240411.82,34793,11.93,22030.81,4165655.36,5834,2.0,2.81,12.64,right_skewed,True,True,True,True,high,robust_scaling_or_transform,-928203.6,1906133.37,heavy_tailed,log1p_or_quantile_transform,True,True,False,True,False,False,False,True,0.8,bin,"high_skew, high_outliers",0.0,287801,2.8096,8.69
267,INS_AMT_PAYMENT_MAX,291635,15876,14097.17,132987.53,118890.36,-164238.37,311323.07,0,38985,38985,13.37,23535,8.07,-605184.96,881543.31,0,8282,8282,2.84,27276.93,60149,20.62,3224.87,1190779.36,5834,2.0,3.3,14.23,right_skewed,True,True,True,True,severe,consider_log_transform,-164238.37,311323.07,heavy_tailed,log1p_or_quantile_transform,True,True,False,True,False,False,False,True,0.8,bin,"high_skew, high_outliers",0.0,229572,3.3028,13.37
268,INS_AMT_PAYMENT_MEAN,291635,15876,7478.37,21352.86,13874.49,-13333.37,42164.61,0,24082,24082,8.26,10508,3.6,-56561.76,94070.38,0,4040,4040,1.39,5822.93,23787,8.16,2258.78,106922.85,5834,2.0,16.1,850.05,right_skewed,True,True,True,True,high,robust_scaling_or_transform,-13333.37,42164.61,heavy_tailed,log1p_or_quantile_transform,True,True,False,True,False,False,False,True,0.8,bin,"high_skew, high_outliers",0.0,288396,16.0985,8.26
269,INS_AMT_PAYMENT_MIN,291635,15876,40.99,7105.75,7064.75,-10556.13,17702.88,0,15683,15683,5.38,5433,1.86,-38075.42,48471.69,0,1482,1482,0.51,2309.67,24359,8.35,0.14,37339.15,5727,1.96,59.79,7117.1,right_skewed,True,True,True,True,high,robust_scaling_or_transform,-10556.13,17702.88,heavy_tailed,log1p_or_quantile_transform,True,True,False,True,False,False,False,True,0.8,bin,"high_skew, high_outliers",0.0033,134230,59.794,5.38
270,INS_AMT_PAYMENT_SUM,291643,15868,130826.99,833093.93,702266.94,-922573.42,1886494.34,0,26982,26982,9.25,10593,3.63,-2069918.85,3427089.57,0,6780,6780,2.32,234072.63,36838,12.63,21409.9,4347412.58,5834,2.0,2.92,13.82,right_skewed,True,True,True,True,high,robust_scaling_or_transform,-922573.42,1886494.34,heavy_tailed,log1p_or_quantile_transform,True,True,False,True,False,False,False,True,0.8,bin,"high_skew, high_outliers",0.0,287364,2.9215,9.25
271,INS_DAYS_ENTRY_PAYMENT_MAX,291635,15876,-384.0,-26.0,358.0,-921.0,511.0,31308,0,31308,10.74,18383,6.3,-1938.39,1282.82,9769,0,9769,3.35,56.0,77340,26.52,-2455.66,-4.0,5104,1.75,-2.44,5.82,left_skewed,True,True,True,True,severe,consider_log_transform,-921.0,511.0,heavy_tailed,quantile_transform_or_robust_scaler,True,True,False,True,True,False,False,True,0.8,treat_as_categorical,"high_skew, high_outliers, discrete",0.0,2937,2.4372,10.74
272,INS_DAYS_ENTRY_PAYMENT_MEAN,291635,15876,-1311.84,-431.61,880.23,-2632.19,888.74,2488,0,2488,0.85,0,0.0,-2712.04,870.11,1788,0,1788,0.61,424.5,1,0.0,-2592.5,-99.15,5832,2.0,-0.79,0.11,moderate_deviation,False,True,False,True,low,investigate_individually,-2632.19,888.74,approximately_normal,none_or_standard_scaler,True,False,False,True,False,False,False,False,0.5,keep_continuous,no_strong_signal,0.0,212229,0.7895,0.85
273,INS_DAYS_ENTRY_PAYMENT_MIN,291635,15876,-2483.0,-727.0,1756.0,-5117.0,1907.0,0,0,0,0.0,0,0.0,-4333.74,1139.83,1,0,1,0.0,874.0,0,0.0,-2936.0,-162.0,5685,1.95,-0.04,-1.44,light_tailed,False,False,False,False,none,none_needed,-5117.0,1907.0,approximately_normal,none_or_standard_scaler,True,False,False,True,True,False,False,True,0.2,treat_as_categorical,discrete,0.0,3035,0.0354,0.0
274,INS_DAYS_INSTALMENT_MAX,291643,15868,-373.0,-18.0,355.0,-905.5,514.5,31681,0,31681,10.86,18856,6.47,-1938.59,1299.32,9818,0,9818,3.37,43.0,90199,30.93,-2451.0,-3.0,3458,1.19,-2.44,5.8,left_skewed,True,True,True,True,severe,consider_log_transform,-905.5,514.5,heavy_tailed,quantile_transform_or_robust_scaler,True,True,False,True,True,False,False,True,0.8,treat_as_categorical,"high_skew, high_outliers, discrete",0.0,2918,2.441,10.86
275,INS_DAYS_INSTALMENT_MEAN,291643,15868,-1301.96,-419.0,882.96,-2626.4,905.44,2515,0,2515,0.86,0,0.0,-2705.05,885.72,1846,0,1846,0.63,425.69,0,0.0,-2588.0,-86.0,5772,1.98,-0.79,0.11,moderate_deviation,False,True,False,True,low,investigate_individually,-2626.4,905.44,approximately_normal,none_or_standard_scaler,True,False,False,True,False,False,False,False,0.5,keep_continuous,no_strong_signal,0.0,183580,0.7899,0.86
276,INS_DAYS_INSTALMENT_MIN,291643,15868,-2471.0,-713.0,1758.0,-5108.0,1924.0,0,0,0,0.0,0,0.0,-4326.07,1156.17,0,0,0,0.0,875.0,0,0.0,-2920.0,-149.0,5086,1.74,-0.04,-1.44,light_tailed,False,False,False,False,none,none_needed,-5108.0,1924.0,approximately_normal,none_or_standard_scaler,True,False,False,True,True,False,False,True,0.2,treat_as_categorical,discrete,0.0,2920,0.0378,0.0
277,INS_DBD_MAX,291635,15876,23.0,43.0,20.0,-7.0,73.0,0,21729,21729,7.45,8432,2.89,-49.05,124.75,0,4921,4921,1.69,10.0,16173,5.55,6.0,148.0,5408,1.85,10.32,634.91,right_skewed,True,True,True,True,high,robust_scaling_or_transform,-7.0,73.0,heavy_tailed,log1p_or_quantile_transform,True,True,False,True,True,True,False,True,0.8,drop_or_encode,near_constant,0.0028,422,10.3242,7.45
278,INS_DBD_MEAN,291635,15876,6.68,15.14,8.47,-6.03,27.84,0,15151,15151,5.2,4401,1.51,-15.16,39.7,0,4735,4735,1.62,3.98,11017,3.78,1.47,45.55,5834,2.0,3.64,35.63,right_skewed,True,True,True,True,high,robust_scaling_or_transform,-6.03,27.84,heavy_tailed,log1p_or_quantile_transform,True,True,False,True,False,False,False,True,0.8,bin,"high_skew, high_outliers",0.0028,57205,3.6384,5.2
279,INS_DBD_SUM,291643,15868,133.0,507.0,374.0,-428.0,1068.0,0,17787,17787,6.1,5155,1.77,-824.85,1606.15,0,5419,5419,1.86,160.0,16632,5.7,15.0,1899.0,5751,1.97,3.25,22.62,right_skewed,True,True,True,True,high,robust_scaling_or_transform,-428.0,1068.0,heavy_tailed,log1p_or_quantile_transform,True,True,False,True,True,False,False,True,0.8,treat_as_categorical,"high_skew, high_outliers, discrete",0.0028,3224,3.2453,6.1
280,INS_DPD_MAX,291635,15876,0.0,9.0,9.0,-13.5,22.5,0,34695,34695,11.9,12931,4.43,-313.58,350.34,0,2971,2971,1.02,1.0,87669,30.06,0.0,357.0,2911,1.0,13.21,210.16,right_skewed,True,True,True,True,severe,consider_log_transform,-13.5,22.5,heavy_tailed,log1p_or_quantile_transform,True,True,False,True,True,True,False,True,1.0,drop_or_encode,near_constant,0.4685,1642,13.2121,11.9
281,INS_DPD_MEAN,291635,15876,0.0,0.52,0.52,-0.78,1.3,0,39297,39297,13.47,25939,8.89,-26.25,28.38,0,1388,1388,0.48,0.04,102290,35.07,0.0,14.27,2917,1.0,80.32,11768.9,right_skewed,True,True,True,True,severe,consider_log_transform,-0.78,1.3,heavy_tailed,log1p_or_quantile_transform,True,True,False,True,False,False,False,True,1.0,bin,"high_skew, high_outliers",0.4685,23566,80.3208,13.47
282,INS_DPD_SUM,291643,15868,0.0,21.0,21.0,-31.5,52.5,0,41570,41570,14.25,28572,9.8,-968.6,1053.86,0,1580,1580,0.54,1.0,111815,38.34,0.0,611.0,2916,1.0,102.05,18333.84,right_skewed,True,True,True,True,severe,consider_log_transform,-31.5,52.5,heavy_tailed,log1p_or_quantile_transform,True,True,False,True,True,True,False,True,1.0,drop_or_encode,near_constant,0.4685,2077,102.0467,14.25
283,INS_LAST365_AMT_PAYMENT_MEAN,217478,90033,8315.08,29124.68,20809.59,-22899.31,60339.07,0,22102,22102,10.16,12655,5.82,-178093.59,240772.99,0,3055,3055,1.4,8248.78,23510,10.81,115.67,292175.14,4350,2.0,10.89,193.89,right_skewed,True,True,True,True,severe,consider_log_transform,-22899.31,60339.07,heavy_tailed,log1p_or_quantile_transform,True,True,False,True,False,False,False,True,0.8,bin,"high_skew, high_outliers",0.0,205538,10.8889,10.16
284,INS_LAST365_AMT_PAYMENT_SUM,217508,90003,71550.0,393081.63,321531.63,-410747.44,875379.07,0,19308,19308,8.88,8454,3.89,-1019564.37,1672946.36,0,4881,4881,2.24,116998.36,23537,10.82,1120.0,2191405.35,4352,2.0,3.64,26.36,right_skewed,True,True,True,True,high,robust_scaling_or_transform,-410747.44,875379.07,heavy_tailed,log1p_or_quantile_transform,True,True,False,True,False,False,False,True,0.8,bin,"high_skew, high_outliers",0.0001,205801,3.6406,8.88
285,INS_LAST365_DPD_MAX,217478,90033,0.0,1.0,1.0,-1.5,2.5,0,39939,39939,18.36,25530,11.74,-18.23,21.8,0,3055,3055,1.4,4.5,2716,1.25,0.0,27.0,2041,0.94,15.77,435.89,right_skewed,True,True,True,True,severe,consider_log_transform,-1.5,2.5,zero_inflated,log1p_or_tweedie,True,True,False,True,True,True,True,True,1.0,drop_or_encode,near_constant,0.7141,192,15.7696,18.36
286,INS_LAST365_DPD_MEAN,217478,90033,0.0,0.08,0.08,-0.12,0.21,0,41890,41890,19.26,33886,15.58,-3.54,4.02,0,1666,1666,0.77,0.85,1463,0.67,0.0,3.45,2175,1.0,42.36,3859.13,right_skewed,True,True,True,True,severe,consider_log_transform,-0.12,0.21,zero_inflated,log1p_or_tweedie,True,True,False,True,True,False,True,True,1.0,treat_as_categorical,"high_skew, high_outliers, zero_inflated, discrete",0.7141,2884,42.3604,19.26
287,INS_LAST365_DPD_SUM,217508,90003,0.0,1.0,1.0,-1.5,2.5,0,45655,45655,20.99,35833,16.47,-92.13,100.26,0,807,807,0.37,21.63,674,0.31,0.0,55.0,2166,1.0,118.11,25945.15,right_skewed,True,True,True,True,severe,consider_log_transform,-1.5,2.5,zero_inflated,log1p_or_tweedie,True,True,False,True,True,True,True,True,1.0,drop_or_encode,near_constant,0.7141,410,118.1147,20.99
288,INS_LAST365_LATE_PAYMENT_FLAG_MEAN,217508,90003,0.0,0.05,0.05,-0.07,0.12,0,34845,34845,16.02,22851,10.51,-0.29,0.39,0,6409,6409,2.95,0.08,6382,2.93,0.0,0.5,1479,0.68,2.8,9.21,right_skewed,True,True,True,True,severe,consider_log_transform,-0.07,0.12,zero_inflated,log1p_or_tweedie,True,True,False,True,True,True,True,True,1.0,drop_or_encode,near_constant,0.7141,659,2.8007,16.02
289,INS_LAST365_LATE_PAYMENT_FLAG_SUM,217508,90003,0.0,1.0,1.0,-1.5,2.5,0,25059,25059,11.52,12353,5.68,-5.41,7.13,0,4395,4395,2.02,1.41,4395,2.02,0.0,10.0,1598,0.73,5.28,66.88,right_skewed,True,True,True,True,severe,consider_log_transform,-1.5,2.5,zero_inflated,log1p_or_tweedie,True,True,False,True,True,True,True,True,1.0,drop_or_encode,near_constant,0.7141,54,5.2818,11.52
290,INS_LAST365_PAY_DIFF_MEAN,217478,90033,0.0,0.0,0.0,0.0,0.0,20997,43604,64601,29.7,64601,29.7,-32960.23,30605.69,3334,87,3421,1.57,7145.87,2912,1.34,-45000.0,10054.46,4328,1.99,-11.12,200.58,left_skewed,True,True,True,True,severe,consider_log_transform,0.0,0.0,zero_inflated,yeo_johnson_power_transform,True,True,False,True,False,False,True,True,0.7,bin,"high_skew, zero_inflated",0.703,57326,11.116,0.0
291,INS_LAST365_PAY_DIFF_SUM,217508,90003,0.0,0.0,0.0,0.0,0.0,20997,43604,64601,29.7,64601,29.7,-389817.93,363354.2,4343,433,4776,2.2,84669.1,4112,1.89,-642890.69,176480.15,4352,2.0,-6.54,68.81,left_skewed,True,True,True,True,severe,consider_log_transform,0.0,0.0,zero_inflated,yeo_johnson_power_transform,True,True,False,True,False,False,True,True,0.7,bin,"high_skew, zero_inflated",0.703,51840,6.5443,0.0
292,INS_LAST365_PAY_PERC_MAX,217478,90033,1.0,1.0,0.0,1.0,1.0,563,21598,22161,10.19,22161,10.19,-1676.35,1689.47,0,69,69,0.03,378.37,64,0.03,1.0,18.95,2736,1.26,252.79,76025.89,right_skewed,True,True,True,True,severe,consider_log_transform,1.0,1.0,heavy_tailed,log1p_or_quantile_transform,True,True,False,True,False,False,False,True,0.5,bin,high_skew,0.0,21543,252.7932,0.0
293,INS_LAST365_PAY_PERC_MEAN,217478,90033,1.0,1.0,0.0,1.0,1.0,43329,21272,64601,29.7,64601,29.7,-199.08,202.18,0,59,59,0.03,45.11,51,0.02,0.62,2.95,4350,2.0,264.58,77662.38,right_skewed,True,True,True,True,severe,consider_log_transform,1.0,1.0,heavy_tailed,log1p_or_quantile_transform,True,True,False,True,False,False,False,True,0.5,bin,high_skew,0.0,23437,264.5814,0.0
294,INS_LATE_PAYMENT_FLAG_MEAN,291643,15868,0.0,0.11,0.11,-0.17,0.28,0,21423,21423,7.35,4652,1.6,-0.27,0.42,0,5920,5920,2.03,0.02,71214,24.42,0.0,0.5,2244,0.77,2.17,5.96,right_skewed,True,True,True,True,high,robust_scaling_or_transform,-0.17,0.28,heavy_tailed,log1p_or_quantile_transform,True,True,False,True,True,False,False,True,1.0,treat_as_categorical,"high_skew, high_outliers, discrete",0.4685,4972,2.1673,7.35
295,INS_LATE_PAYMENT_FLAG_SUM,291643,15868,0.0,4.0,4.0,-6.0,10.0,0,28078,28078,9.63,13118,4.5,-15.78,22.6,0,6611,6611,2.27,1.0,50039,17.16,0.0,30.0,2861,0.98,3.81,23.95,right_skewed,True,True,True,True,high,robust_scaling_or_transform,-6.0,10.0,heavy_tailed,log1p_or_quantile_transform,True,True,False,True,True,True,False,True,1.0,drop_or_encode,near_constant,0.4685,102,3.8125,9.63
296,INS_NUM_INSTALMENT_VERSION_NUNIQUE,291643,15868,1.0,3.0,2.0,-2.0,6.0,0,6879,6879,2.36,2936,1.01,-3.17,7.72,0,4938,4938,1.69,1.0,4938,1.69,1.0,10.0,2362,0.81,6.11,71.09,right_skewed,True,True,True,True,moderate,log_transform_or_winsorize,-2.0,6.0,heavy_tailed,log1p_or_quantile_transform,True,False,True,True,True,True,False,True,0.5,drop_or_encode,near_constant,0.0,49,6.1112,2.36
297,INS_PAY_DIFF_MAX,291635,15876,0.0,9047.63,9047.63,-13571.45,22619.08,1,25741,25742,8.83,10423,3.57,-38801.7,52250.34,1,3751,3752,1.29,10235.77,3505,1.2,0.0,55781.7,2936,1.01,28.69,3169.16,right_skewed,True,True,True,True,high,robust_scaling_or_transform,-13571.45,22619.08,heavy_tailed,quantile_transform_or_robust_scaler,True,True,False,True,False,False,False,True,1.0,bin,"high_skew, high_outliers",0.5708,103609,28.6942,8.83
298,INS_PAY_DIFF_MEAN,291635,15876,0.0,446.76,446.76,-670.14,1116.9,28600,41661,70261,24.09,51167,17.54,-15996.76,15269.05,4505,257,4762,1.63,3514.8,3903,1.34,-21386.05,6443.83,5834,2.0,-12.2,352.82,left_skewed,True,True,True,True,severe,consider_log_transform,-670.14,1116.9,heavy_tailed,quantile_transform_or_robust_scaler,True,True,False,True,False,False,False,True,1.0,bin,"high_skew, high_outliers",0.5051,137929,12.1974,24.09
299,INS_PAY_DIFF_SUM,291643,15868,0.0,15896.97,15896.97,-23845.46,39742.43,28545,44347,72892,24.99,54999,18.86,-531247.71,518626.83,5674,1429,7103,2.44,118023.4,5694,1.95,-810000.0,372321.3,5828,2.0,-4.17,50.14,left_skewed,True,True,True,True,severe,consider_log_transform,-23845.46,39742.43,heavy_tailed,quantile_transform_or_robust_scaler,True,True,False,True,False,False,False,True,1.0,bin,"high_skew, high_outliers",0.5052,127986,4.1691,24.99
300,INS_PAY_DIFF_VAR,290947,16564,0.0,11242174.05,11242174.05,-16863261.08,28105435.13,0,49961,49961,17.17,40402,13.89,-10139739078.84,10825890707.13,0,2192,2192,0.75,2356886215.11,1928,0.66,0.0,8152651431.75,2910,1.0,37.83,2651.85,right_skewed,True,True,True,True,severe,consider_log_transform,-16863261.08,28105435.13,heavy_tailed,log1p_or_quantile_transform,True,True,False,True,False,False,False,True,1.0,bin,"high_skew, high_outliers",0.504,144095,37.8344,17.17
301,INS_PAY_PERC_MAX,291632,15879,1.0,1.0,0.0,1.0,1.0,80,37218,37298,12.79,37298,12.79,-2648.81,2676.09,0,150,150,0.05,598.61,135,0.05,1.0,21.97,2997,1.03,153.96,28680.82,right_skewed,True,True,True,True,severe,consider_log_transform,1.0,1.0,heavy_tailed,log1p_or_quantile_transform,True,True,False,True,False,False,False,True,0.5,bin,high_skew,0.0,36091,153.957,0.0
302,INS_PAY_PERC_MEAN,291632,15879,0.95,1.0,0.05,0.88,1.07,36476,26379,62855,21.55,39147,13.42,-89.15,91.92,0,149,149,0.05,20.36,132,0.05,0.67,2.07,5727,1.96,159.91,32788.35,right_skewed,True,True,True,True,severe,consider_log_transform,0.88,1.07,heavy_tailed,log1p_or_quantile_transform,True,True,False,True,False,False,False,True,0.8,bin,"high_skew, high_outliers",0.0,42700,159.9077,21.55
303,INS_PAY_PERC_VAR,290944,16567,0.0,0.08,0.08,-0.13,0.21,0,32746,32746,11.26,25781,8.86,-9980376.99,10021915.29,0,37,37,0.01,2248591.02,34,0.01,0.0,13.99,2910,1.0,231.41,59242.95,right_skewed,True,True,True,True,severe,consider_log_transform,-0.13,0.21,heavy_tailed,log1p_or_quantile_transform,True,True,False,True,False,False,False,True,1.0,bin,"high_skew, high_outliers",0.504,143641,231.4113,11.26
304,INS_SK_ID_PREV_NUNIQUE,291643,15868,1.0,4.0,3.0,-3.5,8.5,0,5980,5980,2.05,404,0.14,-3.2,9.05,0,3429,3429,1.18,1.0,10400,3.57,1.0,10.0,2018,0.69,1.65,4.22,right_skewed,True,True,True,True,moderate,log_transform_or_winsorize,-3.5,8.5,heavy_tailed,log1p_or_quantile_transform,True,False,True,True,True,True,False,True,0.5,drop_or_encode,near_constant,0.0,25,1.655,2.05
305,INS_UNDERPAY_FLAG_MEAN,291643,15868,0.0,0.11,0.11,-0.16,0.27,0,32171,32171,11.03,13476,4.62,-0.37,0.53,0,7552,7552,2.59,0.1,8065,2.77,0.0,0.67,2708,0.93,2.38,6.11,right_skewed,True,True,True,True,severe,consider_log_transform,-0.16,0.27,heavy_tailed,log1p_or_quantile_transform,True,True,False,True,True,False,False,True,1.0,treat_as_categorical,"high_skew, high_outliers, discrete",0.5709,4892,2.3848,11.03
306,INS_UNDERPAY_FLAG_SUM,291643,15868,0.0,4.0,4.0,-6.0,10.0,0,32824,32824,11.25,18151,6.22,-20.21,27.89,0,7233,7233,2.48,5.41,6293,2.16,0.0,38.0,2872,0.98,4.0,24.57,right_skewed,True,True,True,True,severe,consider_log_transform,-6.0,10.0,heavy_tailed,log1p_or_quantile_transform,True,True,False,True,True,True,False,True,1.0,drop_or_encode,near_constant,0.5709,126,4.0009,11.25
307,LANDAREA_AVG,124921,182590,0.02,0.09,0.07,-0.08,0.19,0,6888,6888,5.51,2550,2.04,-0.18,0.31,0,2089,2089,1.67,0.03,4990,3.99,0.0,0.37,1249,1.0,4.46,34.74,right_skewed,True,True,True,True,high,robust_scaling_or_transform,-0.08,0.19,heavy_tailed,log1p_or_quantile_transform,True,True,False,True,True,False,False,True,0.8,treat_as_categorical,"high_skew, high_outliers, discrete",0.1249,3527,4.4587,5.51
308,LANDAREA_MEDI,124921,182590,0.02,0.09,0.07,-0.08,0.19,0,6873,6873,5.5,2548,2.04,-0.18,0.31,0,2133,2133,1.71,0.03,4993,4.0,0.0,0.38,1250,1.0,4.37,33.24,right_skewed,True,True,True,True,high,robust_scaling_or_transform,-0.08,0.19,heavy_tailed,log1p_or_quantile_transform,True,True,False,True,True,False,False,True,0.8,treat_as_categorical,"high_skew, high_outliers, discrete",0.1274,3560,4.3683,5.5
309,LANDAREA_MODE,124921,182590,0.02,0.08,0.07,-0.08,0.19,0,7033,7033,5.63,2591,2.07,-0.18,0.31,0,2140,2140,1.71,0.03,5196,4.16,0.0,0.38,1250,1.0,4.38,33.27,right_skewed,True,True,True,True,high,robust_scaling_or_transform,-0.08,0.19,heavy_tailed,log1p_or_quantile_transform,True,True,False,True,True,False,False,True,0.8,treat_as_categorical,"high_skew, high_outliers, discrete",0.1397,3563,4.377,5.63
310,LIVE_CITY_NOT_WORK_CITY,307511,0,0.0,0.0,0.0,0.0,0.0,0,55215,55215,17.96,55215,17.96,-0.97,1.33,0,0,0,0.0,0.26,0,0.0,0.0,1.0,0,0.0,1.67,0.79,right_skewed,False,True,True,True,severe,review_data_source,0.0,0.0,zero_inflated,log1p_or_tweedie,True,True,False,True,True,True,True,False,0.5,drop_or_encode,near_constant,0.8204,2,1.6698,0.0
311,LIVE_REGION_NOT_WORK_REGION,307511,0,0.0,0.0,0.0,0.0,0.0,0,12503,12503,4.07,12503,4.07,-0.55,0.63,0,12503,12503,4.07,0.13,12503,4.07,0.0,1.0,0,0.0,4.65,19.64,right_skewed,True,True,True,True,moderate,log_transform_or_winsorize,0.0,0.0,zero_inflated,log1p_or_tweedie,True,False,True,True,True,True,True,False,0.5,drop_or_encode,near_constant,0.9593,2,4.6516,0.0
312,LIVINGAPARTMENTS_AVG,97312,210199,0.05,0.12,0.07,-0.06,0.23,0,7881,7881,8.1,2656,2.73,-0.18,0.38,0,1746,1746,1.79,0.03,6275,6.45,0.0,0.45,1897,1.95,3.04,16.49,right_skewed,True,True,True,True,high,robust_scaling_or_transform,-0.06,0.23,heavy_tailed,log1p_or_quantile_transform,True,True,False,True,True,False,False,True,0.8,treat_as_categorical,"high_skew, high_outliers, discrete",0.0043,1868,3.0422,8.1
313,LIVINGAPARTMENTS_MEDI,97312,210199,0.05,0.12,0.07,-0.06,0.23,0,7927,7927,8.15,2653,2.73,-0.18,0.38,0,1769,1769,1.82,0.03,6259,6.43,0.0,0.46,1914,1.97,2.99,15.7,right_skewed,True,True,True,True,high,robust_scaling_or_transform,-0.06,0.23,heavy_tailed,log1p_or_quantile_transform,True,True,False,True,True,False,False,True,0.8,treat_as_categorical,"high_skew, high_outliers, discrete",0.0044,1097,2.9883,8.15
314,LIVINGAPARTMENTS_MODE,97312,210199,0.05,0.13,0.08,-0.06,0.25,0,7469,7469,7.68,2526,2.6,-0.19,0.4,0,1807,1807,1.86,0.03,7137,7.33,0.0,0.49,1932,1.99,2.9,14.22,right_skewed,True,True,True,True,high,robust_scaling_or_transform,-0.06,0.25,heavy_tailed,log1p_or_quantile_transform,True,True,False,True,True,True,False,True,0.8,drop_or_encode,near_constant,0.0053,736,2.9027,7.68
315,LIVINGAREA_AVG,153161,154350,0.05,0.13,0.08,-0.08,0.26,0,12517,12517,8.17,4750,3.1,-0.22,0.44,0,3191,3191,2.08,0.04,10681,6.97,0.0,0.55,2983,1.95,2.85,12.33,right_skewed,True,True,True,True,high,robust_scaling_or_transform,-0.08,0.26,heavy_tailed,log1p_or_quantile_transform,True,True,False,True,True,False,False,True,0.8,treat_as_categorical,"high_skew, high_outliers, discrete",0.0019,5199,2.8547,8.17
316,LIVINGAREA_MEDI,153161,154350,0.05,0.13,0.08,-0.08,0.26,0,12907,12907,8.43,5015,3.27,-0.23,0.45,0,3225,3225,2.11,0.04,10819,7.06,0.0,0.56,2979,1.95,2.85,12.14,right_skewed,True,True,True,True,high,robust_scaling_or_transform,-0.08,0.26,heavy_tailed,log1p_or_quantile_transform,True,True,False,True,True,False,False,True,0.8,treat_as_categorical,"high_skew, high_outliers, discrete",0.002,5281,2.8489,8.43
317,LIVINGAREA_MODE,153161,154350,0.04,0.13,0.08,-0.08,0.25,0,13105,13105,8.56,5279,3.45,-0.23,0.44,0,3344,3344,2.18,0.04,10819,7.06,0.0,0.56,2984,1.95,2.9,12.46,right_skewed,True,True,True,True,high,robust_scaling_or_transform,-0.08,0.25,heavy_tailed,log1p_or_quantile_transform,True,True,False,True,True,False,False,True,0.8,treat_as_categorical,"high_skew, high_outliers, discrete",0.0029,5301,2.9025,8.56
318,NONLIVINGAPARTMENTS_AVG,93997,213514,0.0,0.0,0.0,-0.01,0.01,0,15580,15580,16.57,8942,9.51,-0.13,0.15,0,722,722,0.77,0.03,654,0.7,0.0,0.11,918,0.98,15.54,284.72,right_skewed,True,True,True,True,severe,consider_log_transform,-0.01,0.01,heavy_tailed,log1p_or_quantile_transform,True,True,False,True,True,True,False,True,1.0,drop_or_encode,near_constant,0.5803,386,15.5412,16.57
319,NONLIVINGAPARTMENTS_MEDI,93997,213514,0.0,0.0,0.0,-0.01,0.01,0,15215,15215,16.19,8720,9.28,-0.13,0.15,0,720,720,0.77,0.03,659,0.7,0.0,0.1,933,0.99,15.67,289.48,right_skewed,True,True,True,True,severe,consider_log_transform,-0.01,0.01,heavy_tailed,log1p_or_quantile_transform,True,True,False,True,True,True,False,True,1.0,drop_or_encode,near_constant,0.5968,214,15.672,16.19
320,NONLIVINGAPARTMENTS_MODE,93997,213514,0.0,0.0,0.0,-0.01,0.01,0,14224,14224,15.13,8057,8.57,-0.13,0.15,0,678,678,0.72,0.03,616,0.66,0.0,0.1,917,0.98,16.25,309.71,right_skewed,True,True,True,True,severe,consider_log_transform,-0.01,0.01,zero_inflated,log1p_or_tweedie,True,True,False,True,True,True,True,True,1.0,drop_or_encode,near_constant,0.6304,167,16.2518,15.13
321,NONLIVINGAREA_AVG,137829,169682,0.0,0.03,0.03,-0.04,0.07,0,16546,16546,12.0,8625,6.26,-0.18,0.24,0,2412,2412,1.75,0.0,38593,28.0,0.0,0.32,1378,1.0,6.56,64.91,right_skewed,True,True,True,True,severe,consider_log_transform,-0.04,0.07,heavy_tailed,log1p_or_quantile_transform,True,True,False,True,True,False,False,True,1.0,treat_as_categorical,"high_skew, high_outliers, discrete",0.4261,3290,6.559,12.0
322,NONLIVINGAREA_MEDI,137829,169682,0.0,0.03,0.03,-0.04,0.07,0,17254,17254,12.52,9389,6.81,-0.18,0.24,0,2432,2432,1.76,0.0,40518,29.4,0.0,0.32,1379,1.0,6.51,63.65,right_skewed,True,True,True,True,severe,consider_log_transform,-0.04,0.07,heavy_tailed,log1p_or_quantile_transform,True,True,False,True,True,False,False,True,1.0,treat_as_categorical,"high_skew, high_outliers, discrete",0.4422,3323,6.5088,12.52
323,NONLIVINGAREA_MODE,137829,169682,0.0,0.02,0.02,-0.03,0.06,0,18817,18817,13.65,11328,8.22,-0.18,0.24,0,2462,2462,1.79,0.0,53064,38.5,0.0,0.32,1378,1.0,6.52,63.35,right_skewed,True,True,True,True,severe,consider_log_transform,-0.03,0.06,heavy_tailed,log1p_or_quantile_transform,True,True,False,True,True,False,False,True,1.0,treat_as_categorical,"high_skew, high_outliers, discrete",0.487,3327,6.5225,13.65
324,OBS_30_CNT_SOCIAL_CIRCLE,306490,1021,0.0,2.0,2.0,-3.0,5.0,0,19971,19971,6.52,6161,2.01,-5.78,8.63,0,6161,6161,2.01,1.62,6161,2.01,0.0,10.0,2782,0.91,12.14,1424.79,right_skewed,True,True,True,True,high,robust_scaling_or_transform,-3.0,5.0,heavy_tailed,log1p_or_quantile_transform,True,True,False,True,True,True,False,True,1.0,drop_or_encode,near_constant,0.5348,33,12.1396,6.52
325,OBS_60_CNT_SOCIAL_CIRCLE,306490,1021,0.0,2.0,2.0,-3.0,5.0,0,19564,19564,6.38,5985,1.95,-5.73,8.54,0,5985,5985,1.95,1.61,5985,1.95,0.0,10.0,2691,0.88,12.07,1409.68,right_skewed,True,True,True,True,high,robust_scaling_or_transform,-3.0,5.0,heavy_tailed,log1p_or_quantile_transform,True,True,False,True,True,True,False,True,1.0,drop_or_encode,near_constant,0.5373,33,12.0708,6.38
326,OWN_CAR_AGE,104582,202929,5.0,15.0,10.0,-10.0,30.0,0,4932,4932,4.72,3375,3.23,-23.77,47.9,0,3369,3369,3.22,5.0,4142,3.96,0.0,64.0,894,0.85,2.75,9.21,right_skewed,True,True,True,True,moderate,log_transform_or_winsorize,-10.0,30.0,heavy_tailed,log1p_or_quantile_transform,True,False,True,True,True,True,False,True,0.8,drop_or_encode,near_constant,0.0204,62,2.7454,4.72
327,POS_CNT_INSTALMENT_FUTURE_MAX,289420,18091,12.0,24.0,12.0,-6.0,42.0,0,27660,27660,9.56,50,0.02,-21.69,62.31,0,35,35,0.01,6.0,27655,9.56,4.0,60.0,1574,0.54,1.29,0.94,right_skewed,False,True,True,True,high,log_transform_or_winsorize,-6.0,42.0,right_skewed,log1p,True,True,False,True,True,True,False,True,0.8,drop_or_encode,near_constant,0.0017,62,1.2912,9.56
328,POS_CNT_INSTALMENT_FUTURE_MEAN,289420,18091,5.0,11.67,6.67,-5.01,21.69,0,16223,16223,5.61,3135,1.08,-10.42,28.78,0,5325,5325,1.84,2.69,18164,6.28,1.39,32.24,5790,2.0,1.92,5.17,right_skewed,True,True,True,True,high,robust_scaling_or_transform,-5.01,21.69,heavy_tailed,log1p_or_quantile_transform,True,True,False,True,False,False,False,True,0.8,bin,"high_skew, high_outliers",0.0017,39840,1.9206,5.61
329,POS_CNT_INSTALMENT_FUTURE_SUM,289444,18067,72.0,393.0,321.0,-409.5,874.5,0,23391,23391,8.08,7978,2.76,-832.58,1448.96,0,6448,6448,2.23,115.0,29995,10.36,10.0,1809.0,5217,1.8,2.62,9.62,right_skewed,True,True,True,True,high,robust_scaling_or_transform,-409.5,874.5,heavy_tailed,log1p_or_quantile_transform,True,True,False,True,True,True,False,True,0.8,drop_or_encode,near_constant,0.0018,2892,2.6175,8.08
330,POS_CNT_INSTALMENT_MAX,289420,18091,12.0,24.0,12.0,-6.0,42.0,0,27794,27794,9.6,199,0.07,-21.42,62.27,0,41,41,0.01,6.0,27703,9.57,4.0,60.0,527,0.18,1.3,0.96,right_skewed,False,True,True,True,high,log_transform_or_winsorize,-6.0,42.0,right_skewed,log1p,True,True,False,True,True,True,False,True,0.8,drop_or_encode,near_constant,0.0,61,1.3049,9.6
331,POS_CNT_INSTALMENT_MEAN,289420,18091,9.62,18.56,8.93,-3.77,31.95,0,11725,11725,4.05,1589,0.55,-9.26,38.54,0,3917,3917,1.35,3.88,11529,3.98,4.0,40.88,4087,1.41,1.5,3.04,right_skewed,True,True,True,True,moderate,log_transform_or_winsorize,-3.77,31.95,heavy_tailed,log1p_or_quantile_transform,True,False,True,True,False,False,False,True,0.8,bin,high_skew,0.0,41222,1.4995,4.05
332,POS_CNT_INSTALMENT_SUM,289444,18067,126.0,660.0,534.0,-675.0,1461.0,0,19889,19889,6.87,6113,2.11,-1253.99,2256.95,0,6167,6167,2.13,200.0,24676,8.53,20.0,2784.0,4971,1.72,2.6,10.02,right_skewed,True,True,True,True,high,robust_scaling_or_transform,-675.0,1461.0,heavy_tailed,log1p_or_quantile_transform,True,True,False,True,True,False,False,True,0.8,treat_as_categorical,"high_skew, high_outliers, discrete",0.0001,4194,2.6046,6.87
333,POS_MONTHS_BALANCE_MAX,289444,18067,-15.0,-2.0,13.0,-34.5,17.5,31619,0,31619,10.92,17064,5.9,-68.55,43.43,9931,0,9931,3.43,3.0,55946,19.33,-84.0,-1.0,2858,0.99,-2.29,4.93,left_skewed,True,True,True,True,severe,consider_log_transform,-34.5,17.5,heavy_tailed,quantile_transform_or_robust_scaler,True,True,False,True,True,True,False,True,0.8,drop_or_encode,near_constant,0.0,96,2.2933,10.92
334,POS_MONTHS_BALANCE_MIN,289444,18067,-81.0,-25.0,56.0,-165.0,59.0,0,0,0,0.0,0,0.0,-141.53,36.13,0,0,0,0.0,28.0,0,0.0,-96.0,-6.0,2176,0.75,-0.04,-1.43,light_tailed,False,False,False,False,none,none_needed,-165.0,59.0,approximately_normal,none_or_standard_scaler,False,False,False,True,True,True,False,True,0.2,drop_or_encode,near_constant,0.0,96,0.0417,0.0
335,POS_MONTHS_BALANCE_SIZE,289444,18067,12.0,39.0,27.0,-28.5,79.5,0,14121,14121,4.88,2312,0.8,-43.4,102.43,0,5106,5106,1.76,12.0,11460,3.96,4.0,115.0,4796,1.66,1.83,4.64,right_skewed,True,True,True,True,moderate,log_transform_or_winsorize,-28.5,79.5,heavy_tailed,log1p_or_quantile_transform,True,False,True,True,True,True,False,True,0.8,drop_or_encode,near_constant,0.0,227,1.8332,4.88
336,POS_NAME_CONTRACT_STATUS_Active_MEAN,289444,18067,0.88,0.95,0.07,0.77,1.05,11079,0,11079,3.83,2840,0.98,0.68,1.13,4510,0,4510,1.56,0.03,6559,2.27,0.67,1.0,2842,0.98,-3.2,23.96,left_skewed,True,True,True,True,moderate,winsorize_lower_or_clip,0.77,1.05,heavy_tailed,quantile_transform_or_robust_scaler,True,False,True,True,True,True,False,True,0.8,drop_or_encode,near_constant,0.0007,1922,3.2036,3.83
337,POS_NAME_CONTRACT_STATUS_Amortized debt_MEAN,289444,18067,0.0,0.0,0.0,0.0,0.0,0,11,11,0.0,11,0.0,-0.01,0.01,0,11,11,0.0,0.0,11,0.0,0.0,0.0,11,0.0,174.46,31634.42,right_skewed,True,True,True,True,low,investigate_individually,0.0,0.0,zero_inflated,log1p_or_tweedie,True,False,False,True,True,True,True,True,0.5,drop_or_encode,near_constant,1.0,12,174.4569,0.0
338,POS_NAME_CONTRACT_STATUS_Approved_MEAN,289444,18067,0.0,0.0,0.0,0.0,0.0,0,3930,3930,1.36,3930,1.36,-0.02,0.02,0,2396,2396,0.83,0.01,2148,0.74,0.0,0.02,2885,1.0,28.83,1811.09,right_skewed,True,True,True,True,moderate,log_transform_or_winsorize,0.0,0.0,zero_inflated,log1p_or_tweedie,True,False,False,True,True,True,True,True,0.7,drop_or_encode,near_constant,0.9864,224,28.8343,0.0
339,POS_NAME_CONTRACT_STATUS_Canceled_MEAN,289444,18067,0.0,0.0,0.0,0.0,0.0,0,12,12,0.0,12,0.0,-0.0,0.0,0,12,12,0.0,0.0,12,0.0,0.0,0.0,12,0.0,361.14,153096.66,right_skewed,True,True,True,True,low,investigate_individually,0.0,0.0,zero_inflated,log1p_or_tweedie,True,False,False,True,True,True,True,True,0.5,drop_or_encode,near_constant,1.0,12,361.1417,0.0
340,POS_NAME_CONTRACT_STATUS_Completed_MEAN,289444,18067,0.05,0.11,0.06,-0.04,0.2,0,12370,12370,4.27,2730,0.94,-0.11,0.27,0,2735,2735,0.94,0.03,5550,1.92,0.0,0.25,2828,0.98,3.52,33.03,right_skewed,True,True,True,True,moderate,log_transform_or_winsorize,-0.04,0.2,heavy_tailed,log1p_or_quantile_transform,True,False,True,True,True,True,False,True,0.8,drop_or_encode,near_constant,0.1113,1560,3.5159,4.27
341,POS_NAME_CONTRACT_STATUS_Demand_MEAN,289444,18067,0.0,0.0,0.0,0.0,0.0,0,312,312,0.11,312,0.11,-0.04,0.04,0,250,250,0.09,0.01,239,0.08,0.0,0.0,312,0.11,48.79,2530.62,right_skewed,True,True,True,True,low,investigate_individually,0.0,0.0,zero_inflated,log1p_or_tweedie,True,False,False,True,True,True,True,True,0.7,drop_or_encode,near_constant,0.9989,234,48.7919,0.0
342,POS_NAME_CONTRACT_STATUS_Returned to the store_MEAN,289444,18067,0.0,0.0,0.0,0.0,0.0,0,4260,4260,1.47,4260,1.47,-0.03,0.03,0,2445,2445,0.84,0.01,2268,0.78,0.0,0.03,2870,0.99,38.75,2921.69,right_skewed,True,True,True,True,moderate,log_transform_or_winsorize,0.0,0.0,zero_inflated,log1p_or_tweedie,True,False,False,True,True,True,True,True,0.7,drop_or_encode,near_constant,0.9853,228,38.7541,0.0
343,POS_NAME_CONTRACT_STATUS_Signed_MEAN,289444,18067,0.0,0.0,0.0,0.0,0.0,0,57870,57870,19.99,57870,19.99,-0.09,0.11,0,5993,5993,2.07,0.02,5149,1.78,0.0,0.14,2499,0.86,8.26,146.06,right_skewed,True,True,True,True,severe,consider_log_transform,0.0,0.0,zero_inflated,log1p_or_tweedie,True,True,False,True,True,True,True,True,0.7,drop_or_encode,near_constant,0.8001,826,8.2557,0.0
344,POS_NAME_CONTRACT_STATUS_XNA_MEAN,289444,18067,0.0,0.0,0.0,0.0,0.0,0,2,2,0.0,2,0.0,-0.0,0.0,0,2,2,0.0,0.0,2,0.0,0.0,0.0,2,0.0,380.47,144766.93,right_skewed,True,True,True,True,low,investigate_individually,0.0,0.0,zero_inflated,log1p_or_tweedie,True,False,False,True,True,True,True,False,0.5,drop_or_encode,near_constant,1.0,3,380.4707,0.0
345,POS_NAME_CONTRACT_STATUS_nan_MEAN,289444,18067,0.0,0.0,0.0,0.0,0.0,0,0,0,0.0,0,0.0,,,0,0,0,0.0,,0,0.0,0.0,0.0,0,0.0,,,moderate_deviation,False,False,False,False,none,none_needed,0.0,0.0,constant_or_near_constant,drop_column,True,False,False,True,True,True,True,False,0.2,drop_or_encode,near_constant,1.0,1,0.0,0.0
346,POS_POS_LATE_FLAG_MEAN,289444,18067,0.0,0.0,0.0,0.0,0.0,0,54683,54683,18.89,54683,18.89,-0.22,0.26,0,5643,5643,1.95,0.05,5175,1.79,0.0,0.42,2873,0.99,6.58,54.1,right_skewed,True,True,True,True,severe,consider_log_transform,0.0,0.0,zero_inflated,log1p_or_tweedie,True,True,False,True,True,True,True,True,0.7,drop_or_encode,near_constant,0.8111,2499,6.5833,0.0
347,POS_POS_LATE_FLAG_SUM,289444,18067,0.0,0.0,0.0,0.0,0.0,0,54683,54683,18.89,54683,18.89,-13.74,15.53,0,2578,2578,0.89,3.29,2331,0.81,0.0,14.0,2775,0.96,12.83,200.68,right_skewed,True,True,True,True,severe,consider_log_transform,0.0,0.0,zero_inflated,log1p_or_tweedie,True,True,False,True,True,True,True,True,0.7,drop_or_encode,near_constant,0.8111,103,12.8278,0.0
348,POS_SK_DPD_DEF_MAX,289444,18067,0.0,0.0,0.0,0.0,0.0,0,39890,39890,13.78,39890,13.78,-90.36,93.3,0,123,123,0.04,20.65,109,0.04,0.0,19.0,2859,0.99,86.7,8092.23,right_skewed,True,True,True,True,severe,consider_log_transform,0.0,0.0,zero_inflated,log1p_or_tweedie,True,True,False,True,True,True,True,True,0.7,drop_or_encode,near_constant,0.8622,200,86.7012,0.0
349,POS_SK_DPD_DEF_MEAN,289444,18067,0.0,0.0,0.0,0.0,0.0,0,39890,39890,13.78,39890,13.78,-38.56,38.99,0,64,64,0.02,8.72,63,0.02,0.0,1.46,2886,1.0,102.2,11181.69,right_skewed,True,True,True,True,severe,consider_log_transform,0.0,0.0,zero_inflated,log1p_or_tweedie,True,True,False,True,True,False,True,True,0.7,treat_as_categorical,"high_skew, zero_inflated, discrete",0.8622,4471,102.1983,0.0
350,POS_SK_DPD_DEF_SUM,289444,18067,0.0,0.0,0.0,0.0,0.0,0,39890,39890,13.78,39890,13.78,-4136.39,4170.84,0,53,53,0.02,933.87,53,0.02,0.0,42.0,2880,1.0,104.69,11596.17,right_skewed,True,True,True,True,severe,consider_log_transform,0.0,0.0,zero_inflated,log1p_or_tweedie,True,True,False,True,True,True,True,True,0.7,drop_or_encode,near_constant,0.8622,373,104.6899,0.0
351,POS_SK_DPD_MAX,289444,18067,0.0,0.0,0.0,0.0,0.0,0,54683,54683,18.89,54683,18.89,-443.81,475.21,0,2302,2302,0.8,103.31,2152,0.74,0.0,314.0,2890,1.0,14.75,246.61,right_skewed,True,True,True,True,severe,consider_log_transform,0.0,0.0,zero_inflated,log1p_or_tweedie,True,True,False,True,True,True,True,True,0.7,drop_or_encode,near_constant,0.8111,1919,14.7487,0.0
352,POS_SK_DPD_MEAN,289444,18067,0.0,0.0,0.0,0.0,0.0,0,54683,54683,18.89,54683,18.89,-176.76,185.57,0,1607,1607,0.56,40.73,1479,0.51,0.0,41.93,2895,1.0,20.13,479.32,right_skewed,True,True,True,True,severe,consider_log_transform,0.0,0.0,zero_inflated,log1p_or_tweedie,True,True,False,True,True,False,True,True,0.7,treat_as_categorical,"high_skew, zero_inflated, discrete",0.8111,10768,20.1257,0.0
353,POS_SK_DPD_SUM,289444,18067,0.0,0.0,0.0,0.0,0.0,0,54683,54683,18.89,54683,18.89,-16683.02,17385.8,0,1268,1268,0.44,3829.9,1185,0.41,0.0,1745.0,2893,1.0,23.52,650.38,right_skewed,True,True,True,True,severe,consider_log_transform,0.0,0.0,zero_inflated,log1p_or_tweedie,True,True,False,True,True,False,True,True,0.7,treat_as_categorical,"high_skew, zero_inflated, discrete",0.8111,3708,23.517,0.0
354,POS_SK_ID_PREV_NUNIQUE,289444,18067,1.0,4.0,3.0,-3.5,8.5,0,5062,5062,1.75,348,0.12,-3.12,8.65,0,5062,5062,1.75,1.0,8735,3.02,1.0,10.0,1720,0.59,1.78,4.9,right_skewed,True,True,True,True,moderate,log_transform_or_winsorize,-3.5,8.5,heavy_tailed,log1p_or_quantile_transform,True,False,False,True,True,True,False,True,0.5,drop_or_encode,near_constant,0.0,25,1.7786,1.75
355,PREV_AMT_ANNUITY_MAX,290640,16871,10389.78,31505.93,21116.15,-21284.44,63180.15,0,11711,11711,4.03,2304,0.79,-33785.74,81231.22,0,4478,4478,1.54,9096.5,10539,3.63,2826.96,90224.19,5800,2.0,2.27,11.52,right_skewed,True,True,True,True,moderate,log_transform_or_winsorize,-21284.44,63180.15,heavy_tailed,log1p_or_quantile_transform,True,False,True,True,False,False,False,True,0.8,bin,high_skew,0.0,145950,2.2742,4.03
356,PREV_AMT_ANNUITY_MEAN,290640,16871,7835.97,18330.31,10494.35,-7905.55,34071.83,0,13063,13063,4.49,2968,1.02,-15490.4,44554.5,0,4785,4785,1.65,4862.7,9579,3.3,2700.37,50074.55,5814,2.0,2.53,15.98,right_skewed,True,True,True,True,moderate,log_transform_or_winsorize,-7905.55,34071.83,heavy_tailed,log1p_or_quantile_transform,True,False,True,True,False,False,False,True,0.8,bin,high_skew,0.0,267474,2.5319,4.49
357,PREV_AMT_APPLICATION_MAX,291057,16454,98311.5,454500.0,356188.5,-435971.25,988782.75,0,29349,29349,10.08,6586,2.26,-891394.94,1640575.87,0,5099,5099,1.75,135000.0,31387,10.78,19935.0,1935000.0,5812,2.0,2.11,5.69,right_skewed,True,True,True,True,severe,consider_log_transform,-435971.25,988782.75,heavy_tailed,log1p_or_quantile_transform,True,True,False,True,False,False,False,True,0.8,bin,"high_skew, high_outliers",0.0035,48662,2.1105,10.08
358,PREV_AMT_APPLICATION_MEAN,291057,16454,61925.74,191250.0,129324.26,-132060.66,385236.39,0,20369,20369,7.0,6560,2.25,-305858.01,613868.98,0,5493,5493,1.89,54235.5,20113,6.91,14263.02,732384.05,5822,2.0,3.59,27.51,right_skewed,True,True,True,True,high,robust_scaling_or_transform,-132060.66,385236.39,heavy_tailed,log1p_or_quantile_transform,True,True,False,True,False,False,False,True,0.8,bin,"high_skew, high_outliers",0.0035,191746,3.588,7.0
359,PREV_AMT_CREDIT_MAX,291057,16454,104431.5,547344.0,442912.5,-559937.25,1211712.75,0,23933,23933,8.22,4429,1.52,-958749.58,1786480.71,0,5175,5175,1.78,156307.5,30938,10.63,20520.0,2076157.08,5821,2.0,2.0,5.03,right_skewed,True,True,True,True,high,robust_scaling_or_transform,-559937.25,1211712.75,heavy_tailed,log1p_or_quantile_transform,True,True,False,True,False,False,False,True,0.8,bin,"high_skew, high_outliers",0.0008,58510,2.0005,8.22
360,PREV_AMT_CREDIT_MEAN,291057,16454,66849.43,216072.0,149222.57,-156984.43,439905.86,0,18673,18673,6.42,5456,1.87,-327141.52,667281.55,0,5374,5374,1.85,62325.0,18576,6.38,16811.34,787620.96,5822,2.0,3.29,23.12,right_skewed,True,True,True,True,high,robust_scaling_or_transform,-156984.43,439905.86,heavy_tailed,log1p_or_quantile_transform,True,True,False,True,False,False,False,True,0.8,bin,"high_skew, high_outliers",0.0008,210626,3.2939,6.42
361,PREV_AMT_DOWN_PAYMENT_MAX,273605,33906,0.0,13500.0,13500.0,-20250.0,33750.0,0,19102,19102,6.98,7445,2.72,-74128.44,97490.56,0,2295,2295,0.84,5850.0,17000,6.21,0.0,90000.0,2561,0.94,27.53,1628.54,right_skewed,True,True,True,True,high,robust_scaling_or_transform,-20250.0,33750.0,heavy_tailed,log1p_or_quantile_transform,True,True,False,True,False,False,False,True,0.8,bin,"high_skew, high_outliers",0.2813,21521,27.5284,6.98
362,PREV_AMT_DOWN_PAYMENT_MEAN,273605,33906,0.0,8282.25,8282.25,-12423.38,20705.62,0,19318,19318,7.06,8180,2.99,-48184.89,62345.9,0,2374,2374,0.87,3375.0,19114,6.99,0.0,57375.0,2737,1.0,31.43,2190.4,right_skewed,True,True,True,True,high,robust_scaling_or_transform,-12423.38,20705.62,heavy_tailed,quantile_transform_or_robust_scaler,True,True,False,True,False,False,False,True,0.8,bin,"high_skew, high_outliers",0.2813,54046,31.4305,7.06
363,PREV_AMT_GOODS_PRICE_MAX,290082,17429,98991.0,454500.0,355509.0,-434272.5,987763.5,0,29349,29349,10.12,6586,2.27,-890577.95,1642337.38,0,5099,5099,1.76,134757.45,31388,10.82,21910.5,1939500.0,5798,2.0,2.11,5.68,right_skewed,True,True,True,True,severe,consider_log_transform,-434272.5,987763.5,heavy_tailed,log1p_or_quantile_transform,True,True,False,True,False,False,False,True,0.8,bin,"high_skew, high_outliers",0.0001,48658,2.1085,10.12
364,PREV_AMT_GOODS_PRICE_MEAN,290082,17429,73557.0,244901.79,171344.79,-183460.18,501918.97,0,19863,19863,6.85,5880,2.03,-383832.26,771624.08,0,5534,5534,1.91,68546.73,21753,7.5,21125.98,914618.49,5802,2.0,2.96,16.35,right_skewed,True,True,True,True,high,robust_scaling_or_transform,-183460.18,501918.97,heavy_tailed,log1p_or_quantile_transform,True,True,False,True,False,False,False,True,0.8,bin,"high_skew, high_outliers",0.0001,185829,2.9588,6.85
365,PREV_APP_CREDIT_PERC_MAX,290830,16681,1.0,1.13,0.13,0.8,1.33,2315,28367,30682,10.55,16161,5.56,0.19,2.04,788,3259,4047,1.39,0.07,23270,8.0,0.82,2.1,5812,2.0,11.77,383.42,right_skewed,True,True,True,True,severe,consider_log_transform,0.8,1.33,heavy_tailed,log1p_or_quantile_transform,True,True,False,True,False,False,False,True,0.8,bin,"high_skew, high_outliers",0.0027,141278,11.7703,10.55
366,PREV_APP_CREDIT_PERC_MEAN,290830,16681,0.91,1.03,0.12,0.73,1.21,16185,13790,29975,10.31,8796,3.02,0.46,1.48,1952,2917,4869,1.67,0.06,17123,5.89,0.5,1.48,5557,1.91,1.51,29.17,right_skewed,True,True,True,True,severe,consider_log_transform,0.73,1.21,heavy_tailed,log1p_or_quantile_transform,True,True,False,True,False,False,False,True,0.8,bin,"high_skew, high_outliers",0.0027,247296,1.5097,10.31
367,PREV_APP_CREDIT_PERC_VAR,229461,78050,0.0,0.06,0.05,-0.08,0.13,0,39824,39824,17.36,23918,10.42,-0.97,1.11,0,719,719,0.31,0.01,57855,25.21,0.0,0.62,2276,0.99,75.77,9760.8,right_skewed,True,True,True,True,severe,consider_log_transform,-0.08,0.13,heavy_tailed,log1p_or_quantile_transform,True,True,False,True,False,False,False,True,0.8,bin,"high_skew, high_outliers",0.0277,211714,75.7725,17.36
368,PREV_CHANNEL_TYPE_AP+ (Cash loan)_MEAN,291057,16454,0.0,0.0,0.0,0.0,0.0,0,22874,22874,7.86,22874,7.86,-0.34,0.4,0,8256,8256,2.84,0.08,7911,2.72,0.0,0.67,2698,0.93,5.12,28.87,right_skewed,True,True,True,True,high,robust_scaling_or_transform,0.0,0.0,zero_inflated,log1p_or_tweedie,True,True,False,True,True,True,True,True,0.7,drop_or_encode,near_constant,0.9214,261,5.12,0.0
369,PREV_CHANNEL_TYPE_Car dealer_MEAN,291057,16454,0.0,0.0,0.0,0.0,0.0,0,318,318,0.11,318,0.11,-0.04,0.04,0,317,317,0.11,0.01,315,0.11,0.0,0.0,318,0.11,52.03,3291.56,right_skewed,True,True,True,True,low,investigate_individually,0.0,0.0,zero_inflated,log1p_or_tweedie,True,False,False,True,True,True,True,True,0.7,drop_or_encode,near_constant,0.9989,35,52.0334,0.0
370,PREV_CHANNEL_TYPE_Channel of corporate sales_MEAN,291057,16454,0.0,0.0,0.0,0.0,0.0,0,2188,2188,0.75,2188,0.75,-0.15,0.16,0,1898,1898,0.65,0.03,1803,0.62,0.0,0.0,2188,0.75,16.11,280.38,right_skewed,True,True,True,True,low,investigate_individually,0.0,0.0,zero_inflated,log1p_or_tweedie,True,False,False,True,True,True,True,True,0.7,drop_or_encode,near_constant,0.9925,129,16.1061,0.0
371,PREV_CHANNEL_TYPE_Contact center_MEAN,291057,16454,0.0,0.0,0.0,0.0,0.0,0,40070,40070,13.77,40070,13.77,-0.3,0.37,0,8114,8114,2.79,0.07,7838,2.69,0.0,0.5,1980,0.68,3.94,18.63,right_skewed,True,True,True,True,severe,consider_log_transform,0.0,0.0,zero_inflated,log1p_or_tweedie,True,True,False,True,True,True,True,True,0.7,drop_or_encode,near_constant,0.8623,222,3.9375,0.0
372,PREV_CHANNEL_TYPE_Country-wide_MEAN,291057,16454,0.0,0.6,0.6,-0.9,1.5,0,0,0,0.0,0,0.0,-0.71,1.45,0,0,0,0.0,0.29,0,0.0,0.0,1.0,0,0.0,0.62,-0.96,moderate_deviation,False,True,False,False,none,none_needed,-0.9,1.5,approximately_normal,none_or_standard_scaler,False,False,False,True,True,True,False,True,0.7,drop_or_encode,near_constant,0.3083,348,0.6183,0.0
373,PREV_CHANNEL_TYPE_Credit and cash offices_MEAN,291057,16454,0.0,0.57,0.57,-0.86,1.43,0,0,0,0.0,0,0.0,-0.69,1.29,0,0,0,0.0,0.18,0,0.0,0.0,1.0,0,0.0,0.62,-1.03,light_tailed,False,True,False,False,none,none_needed,-0.86,1.43,approximately_normal,none_or_standard_scaler,True,False,False,True,True,True,False,True,0.7,drop_or_encode,near_constant,0.4738,414,0.623,0.0
374,PREV_CHANNEL_TYPE_Regional / Local_MEAN,291057,16454,0.0,0.0,0.0,0.0,0.0,0,64728,64728,22.24,64728,22.24,-0.57,0.75,0,10820,10820,3.72,0.15,10242,3.52,0.0,1.0,0,0.0,2.93,8.34,right_skewed,True,True,True,True,severe,consider_log_transform,0.0,0.0,zero_inflated,log1p_or_tweedie,True,True,False,True,True,True,True,True,0.7,drop_or_encode,near_constant,0.7776,201,2.9323,0.0
375,PREV_CHANNEL_TYPE_Stone_MEAN,291057,16454,0.0,0.25,0.25,-0.38,0.62,0,27168,27168,9.33,0,0.0,-0.69,1.04,0,0,0,0.0,0.19,0,0.0,0.0,1.0,0,0.0,1.79,2.22,right_skewed,True,True,True,True,high,robust_scaling_or_transform,-0.38,0.62,right_skewed,log1p,True,True,False,True,True,True,False,True,1.0,drop_or_encode,near_constant,0.5966,244,1.7872,9.33
376,PREV_CHANNEL_TYPE_nan_MEAN,291057,16454,0.0,0.0,0.0,0.0,0.0,0,0,0,0.0,0,0.0,,,0,0,0,0.0,,0,0.0,0.0,0.0,0,0.0,,,moderate_deviation,False,False,False,False,none,none_needed,0.0,0.0,constant_or_near_constant,drop_column,True,False,False,True,True,True,True,False,0.2,drop_or_encode,near_constant,1.0,1,0.0,0.0
377,PREV_CNT_PAYMENT_MEAN,290642,16869,9.0,18.0,9.0,-4.5,31.5,0,14457,14457,4.97,1873,0.64,-10.73,39.79,0,4176,4176,1.44,4.0,12860,4.42,3.0,42.0,5472,1.88,1.43,2.7,right_skewed,True,True,True,True,moderate,log_transform_or_winsorize,-4.5,31.5,right_skewed,log1p,True,False,True,True,True,True,False,True,0.8,drop_or_encode,near_constant,0.0071,2838,1.4328,4.97
378,PREV_CNT_PAYMENT_SUM,291057,16454,18.0,78.0,60.0,-72.0,168.0,0,19618,19618,6.74,7343,2.52,-161.9,283.94,0,5790,5790,1.99,24.0,22064,7.58,4.0,360.0,5413,1.86,3.86,28.58,right_skewed,True,True,True,True,high,robust_scaling_or_transform,-72.0,168.0,heavy_tailed,log1p_or_quantile_transform,True,True,False,True,True,True,False,True,0.8,drop_or_encode,near_constant,0.0086,727,3.8614,6.74
379,PREV_CODE_REJECT_REASON_CLIENT_MEAN,291057,16454,0.0,0.0,0.0,0.0,0.0,0,19033,19033,6.54,19033,6.54,-0.19,0.22,0,7752,7752,2.66,0.05,7732,2.66,0.0,0.33,2713,0.93,6.1,47.1,right_skewed,True,True,True,True,high,robust_scaling_or_transform,0.0,0.0,zero_inflated,log1p_or_tweedie,True,True,False,True,True,True,True,True,0.7,drop_or_encode,near_constant,0.9346,118,6.0974,0.0
380,PREV_CODE_REJECT_REASON_HC_MEAN,291057,16454,0.0,0.0,0.0,0.0,0.0,0,66029,66029,22.69,66029,22.69,-0.34,0.46,0,8623,8623,2.96,0.09,8424,2.89,0.0,0.6,2533,0.87,2.7,8.1,right_skewed,True,True,True,True,severe,consider_log_transform,0.0,0.0,zero_inflated,log1p_or_tweedie,True,True,False,True,True,True,True,True,0.7,drop_or_encode,near_constant,0.7731,388,2.6984,0.0
381,PREV_CODE_REJECT_REASON_LIMIT_MEAN,291057,16454,0.0,0.0,0.0,0.0,0.0,0,28388,28388,9.75,28388,9.75,-0.25,0.3,0,9230,9230,3.17,0.06,9137,3.14,0.0,0.5,1550,0.53,4.51,22.89,right_skewed,True,True,True,True,high,robust_scaling_or_transform,0.0,0.0,zero_inflated,log1p_or_tweedie,True,True,False,True,True,True,True,True,0.7,drop_or_encode,near_constant,0.9025,244,4.5148,0.0
382,PREV_CODE_REJECT_REASON_SCOFR_MEAN,291057,16454,0.0,0.0,0.0,0.0,0.0,0,6788,6788,2.33,6788,2.33,-0.12,0.14,0,4864,4864,1.67,0.03,4446,1.53,0.0,0.25,2220,0.76,9.62,106.97,right_skewed,True,True,True,True,moderate,log_transform_or_winsorize,0.0,0.0,zero_inflated,log1p_or_tweedie,True,False,True,True,True,True,True,True,0.7,drop_or_encode,near_constant,0.9767,157,9.6236,0.0
383,PREV_CODE_REJECT_REASON_SCO_MEAN,291057,16454,0.0,0.0,0.0,0.0,0.0,0,21652,21652,7.44,21652,7.44,-0.2,0.23,0,8074,8074,2.77,0.05,5832,2.0,0.0,0.38,2861,0.98,5.79,42.12,right_skewed,True,True,True,True,high,robust_scaling_or_transform,0.0,0.0,zero_inflated,log1p_or_tweedie,True,True,False,True,True,True,True,True,0.7,drop_or_encode,near_constant,0.9256,206,5.7895,0.0
384,PREV_CODE_REJECT_REASON_SYSTEM_MEAN,291057,16454,0.0,0.0,0.0,0.0,0.0,0,514,514,0.18,514,0.18,-0.03,0.03,0,514,514,0.18,0.01,511,0.18,0.0,0.0,514,0.18,39.85,2072.33,right_skewed,True,True,True,True,low,investigate_individually,0.0,0.0,zero_inflated,log1p_or_tweedie,True,False,False,True,True,True,True,True,0.7,drop_or_encode,near_constant,0.9982,57,39.8518,0.0
385,PREV_CODE_REJECT_REASON_VERIF_MEAN,291057,16454,0.0,0.0,0.0,0.0,0.0,0,2519,2519,0.87,2519,0.87,-0.06,0.06,0,2276,2276,0.78,0.01,2160,0.74,0.0,0.0,2519,0.87,19.13,482.79,right_skewed,True,True,True,True,low,investigate_individually,0.0,0.0,zero_inflated,log1p_or_tweedie,True,False,False,True,True,True,True,True,0.7,drop_or_encode,near_constant,0.9913,83,19.1266,0.0
386,PREV_CODE_REJECT_REASON_XAP_MEAN,291057,16454,0.75,1.0,0.25,0.38,1.38,8065,0,8065,2.77,0,0.0,0.29,1.46,3861,0,3861,1.33,0.13,4198,1.44,0.25,1.0,2114,0.73,-1.54,1.75,left_skewed,True,True,True,True,moderate,winsorize_lower_or_clip,0.38,1.38,left_skewed,yeo_johnson_or_square_transform,True,False,True,True,True,True,False,True,0.5,drop_or_encode,near_constant,0.0021,394,1.54,2.77
387,PREV_CODE_REJECT_REASON_XNA_MEAN,291057,16454,0.0,0.0,0.0,0.0,0.0,0,3656,3656,1.26,3656,1.26,-0.06,0.07,0,3203,3203,1.1,0.01,3084,1.06,0.0,0.08,2819,0.97,15.3,323.09,right_skewed,True,True,True,True,moderate,log_transform_or_winsorize,0.0,0.0,zero_inflated,log1p_or_tweedie,True,False,False,True,True,True,True,True,0.7,drop_or_encode,near_constant,0.9874,104,15.2972,0.0
388,PREV_CODE_REJECT_REASON_nan_MEAN,291057,16454,0.0,0.0,0.0,0.0,0.0,0,0,0,0.0,0,0.0,,,0,0,0,0.0,,0,0.0,0.0,0.0,0,0.0,,,moderate_deviation,False,False,False,False,none,none_needed,0.0,0.0,constant_or_near_constant,drop_column,True,False,False,True,True,True,True,False,0.2,drop_or_encode,near_constant,1.0,1,0.0,0.0
389,PREV_CREDIT_TO_ANNUITY_RATIO_MAX,290639,16872,9.86,22.17,12.31,-8.6,40.64,0,856,856,0.29,533,0.18,-10.77,46.58,0,734,734,0.25,7.36,533,0.18,4.82,37.91,5577,1.92,3.78,80.1,right_skewed,True,True,True,True,low,investigate_individually,-8.6,40.64,heavy_tailed,log1p_or_quantile_transform,True,False,False,True,False,False,False,True,0.5,bin,high_skew,0.0,132973,3.7801,0.29
390,PREV_CREDIT_TO_ANNUITY_RATIO_MEAN,290639,16872,8.83,15.3,6.47,-0.88,25.01,0,5225,5225,1.8,339,0.12,-2.76,27.63,0,2188,2188,0.75,3.15,1971,0.68,4.55,26.62,5813,2.0,1.05,4.07,right_skewed,True,True,True,True,moderate,log_transform_or_winsorize,-0.88,25.01,heavy_tailed,log1p_or_quantile_transform,True,False,False,True,False,False,False,True,0.5,bin,high_skew,0.0,277142,1.0518,1.8
391,PREV_DAYS_DECISION_MAX,291057,16454,-595.0,-147.0,448.0,-1267.0,525.0,23982,0,23982,8.24,12081,4.15,-2101.38,1139.74,9981,0,9981,3.43,190.0,23635,8.12,-2590.0,-5.0,5185,1.78,-2.22,5.13,left_skewed,True,True,True,True,high,robust_scaling_or_transform,-1267.0,525.0,heavy_tailed,quantile_transform_or_robust_scaler,True,True,False,True,True,False,False,True,0.8,treat_as_categorical,"high_skew, high_outliers, discrete",0.0,2922,2.2244,8.24
392,PREV_DAYS_DECISION_MEAN,291057,16454,-1247.0,-466.8,780.2,-2417.3,703.5,6868,0,6868,2.36,0,0.0,-2652.87,813.72,2649,0,2649,0.91,367.62,2046,0.7,-2635.0,-139.0,5775,1.98,-0.99,0.56,moderate_deviation,False,True,False,True,moderate,winsorize_lower_or_clip,-2417.3,703.5,approximately_normal,none_or_standard_scaler,True,False,True,True,False,False,False,True,0.5,bin,high_skew,0.0,60029,0.9894,2.36
393,PREV_DAYS_DECISION_MIN,291057,16454,-2391.0,-725.0,1666.0,-4890.0,1774.0,0,0,0,0.0,0,0.0,-4133.81,1054.17,0,0,0,0.0,825.0,0,0.0,-2902.0,-172.0,5801,1.99,-0.05,-1.41,light_tailed,False,False,False,False,none,none_needed,-4890.0,1774.0,approximately_normal,none_or_standard_scaler,True,False,False,True,True,False,False,True,0.2,treat_as_categorical,discrete,0.0,2921,0.0505,0.0
394,PREV_DOWN_PAYMENT_TO_CREDIT_MAX,273605,33906,0.0,0.22,0.22,-0.33,0.54,0,15910,15910,5.81,7203,2.63,-0.57,0.9,0,6785,6785,2.48,0.11,11499,4.2,0.0,1.08,2737,1.0,5.56,82.29,right_skewed,True,True,True,True,high,robust_scaling_or_transform,-0.33,0.54,heavy_tailed,log1p_or_quantile_transform,True,True,False,True,False,False,False,True,0.8,bin,"high_skew, high_outliers",0.2813,118279,5.5633,5.81
395,PREV_DOWN_PAYMENT_TO_CREDIT_MEAN,273605,33906,0.0,0.11,0.11,-0.17,0.28,0,17381,17381,6.35,7325,2.68,-0.35,0.55,0,4834,4834,1.77,0.06,10581,3.87,0.0,0.69,2738,1.0,7.12,177.45,right_skewed,True,True,True,True,high,robust_scaling_or_transform,-0.17,0.28,heavy_tailed,quantile_transform_or_robust_scaler,True,True,False,True,False,False,False,True,0.8,bin,"high_skew, high_outliers",0.2813,165423,7.1242,6.35
396,PREV_FLAG_LAST_APPL_PER_CONTRACT_N_MEAN,291057,16454,0.0,0.0,0.0,0.0,0.0,0,5022,5022,1.73,5022,1.73,-0.08,0.08,0,4099,4099,1.41,0.02,3839,1.32,0.0,0.12,2767,0.95,12.08,183.37,right_skewed,True,True,True,True,moderate,log_transform_or_winsorize,0.0,0.0,zero_inflated,log1p_or_tweedie,True,False,False,True,True,True,True,True,0.7,drop_or_encode,near_constant,0.9827,135,12.0776,0.0
397,PREV_FLAG_LAST_APPL_PER_CONTRACT_Y_MEAN,291057,16454,1.0,1.0,0.0,1.0,1.0,5022,0,5022,1.73,5022,1.73,0.92,1.08,4099,0,4099,1.41,0.02,3839,1.32,0.88,1.0,2767,0.95,-12.08,183.37,left_skewed,True,True,True,True,moderate,winsorize_lower_or_clip,1.0,1.0,heavy_tailed,quantile_transform_or_robust_scaler,True,False,False,True,True,True,False,True,0.5,drop_or_encode,near_constant,0.0,135,12.0776,0.0
398,PREV_FLAG_LAST_APPL_PER_CONTRACT_nan_MEAN,291057,16454,0.0,0.0,0.0,0.0,0.0,0,0,0,0.0,0,0.0,,,0,0,0,0.0,,0,0.0,0.0,0.0,0,0.0,,,moderate_deviation,False,False,False,False,none,none_needed,0.0,0.0,constant_or_near_constant,drop_column,True,False,False,True,True,True,True,False,0.2,drop_or_encode,near_constant,1.0,1,0.0,0.0
399,PREV_GOODS_TO_CREDIT_RATIO_MAX,290073,17438,1.0,1.13,0.13,0.8,1.33,1462,28152,29614,10.21,15287,5.27,0.21,2.02,31,3313,3344,1.15,0.07,22698,7.82,0.83,2.1,5801,2.0,12.52,410.31,right_skewed,True,True,True,True,severe,consider_log_transform,0.8,1.33,heavy_tailed,log1p_or_quantile_transform,True,True,False,True,False,False,False,True,0.8,bin,"high_skew, high_outliers",0.0001,141283,12.5188,10.21
400,PREV_GOODS_TO_CREDIT_RATIO_MEAN,290073,17438,0.93,1.04,0.1,0.78,1.19,2487,16174,18661,6.43,6344,2.19,0.59,1.41,303,4434,4737,1.63,0.05,10695,3.69,0.79,1.5,5802,2.0,4.59,61.31,right_skewed,True,True,True,True,high,robust_scaling_or_transform,0.78,1.19,heavy_tailed,log1p_or_quantile_transform,True,True,False,True,False,False,False,True,0.8,bin,"high_skew, high_outliers",0.0001,246133,4.5892,6.43
401,PREV_HOUR_APPR_PROCESS_START_MAX,291057,16454,13.0,17.0,4.0,7.0,23.0,2830,0,2830,0.97,5,0.0,5.22,24.32,1356,0,1356,0.47,2.0,588,0.2,7.0,21.0,3535,1.21,-0.45,-0.07,approximately_normal,False,False,False,True,low,investigate_individually,7.0,23.0,approximately_normal,none_or_standard_scaler,False,False,False,True,True,True,False,True,0.2,drop_or_encode,near_constant,0.0,24,0.4531,0.97
402,PREV_HOUR_APPR_PROCESS_START_MEAN,291057,16454,11.0,14.5,3.5,5.75,19.75,3298,1341,4639,1.59,5,0.0,4.33,20.99,955,317,1272,0.44,1.75,370,0.13,5.5,19.0,4364,1.5,-0.2,0.22,approximately_normal,False,False,False,True,moderate,winsorize_both_tails,5.75,19.75,approximately_normal,none_or_standard_scaler,False,False,False,True,True,True,False,True,0.2,drop_or_encode,near_constant,0.0,2558,0.1957,1.59
403,PREV_NAME_CASH_LOAN_PURPOSE_Building a house or an annex_MEAN,291057,16454,0.0,0.0,0.0,0.0,0.0,0,1604,1604,0.55,1604,0.55,-0.06,0.07,0,1410,1410,0.48,0.01,1359,0.47,0.0,0.0,1604,0.55,28.87,1060.77,right_skewed,True,True,True,True,low,investigate_individually,0.0,0.0,zero_inflated,log1p_or_tweedie,True,False,False,True,True,True,True,True,0.7,drop_or_encode,near_constant,0.9945,98,28.87,0.0
404,PREV_NAME_CASH_LOAN_PURPOSE_Business development_MEAN,291057,16454,0.0,0.0,0.0,0.0,0.0,0,285,285,0.1,285,0.1,-0.03,0.03,0,281,281,0.1,0.01,278,0.1,0.0,0.0,285,0.1,73.83,6856.15,right_skewed,True,True,True,True,low,investigate_individually,0.0,0.0,zero_inflated,log1p_or_tweedie,True,False,False,True,True,True,True,True,0.7,drop_or_encode,near_constant,0.999,48,73.8306,0.0
405,PREV_NAME_CASH_LOAN_PURPOSE_Buying a garage_MEAN,291057,16454,0.0,0.0,0.0,0.0,0.0,0,85,85,0.03,85,0.03,-0.01,0.01,0,85,85,0.03,0.0,85,0.03,0.0,0.0,85,0.03,122.09,18960.59,right_skewed,True,True,True,True,low,investigate_individually,0.0,0.0,zero_inflated,log1p_or_tweedie,True,False,False,True,True,True,True,True,0.7,drop_or_encode,near_constant,0.9997,34,122.0887,0.0
406,PREV_NAME_CASH_LOAN_PURPOSE_Buying a holiday home / land_MEAN,291057,16454,0.0,0.0,0.0,0.0,0.0,0,320,320,0.11,320,0.11,-0.03,0.03,0,319,319,0.11,0.01,318,0.11,0.0,0.0,320,0.11,62.05,4836.7,right_skewed,True,True,True,True,low,investigate_individually,0.0,0.0,zero_inflated,log1p_or_tweedie,True,False,False,True,True,True,True,True,0.7,drop_or_encode,near_constant,0.9989,52,62.0497,0.0
407,PREV_NAME_CASH_LOAN_PURPOSE_Buying a home_MEAN,291057,16454,0.0,0.0,0.0,0.0,0.0,0,489,489,0.17,489,0.17,-0.04,0.04,0,480,480,0.16,0.01,474,0.16,0.0,0.0,489,0.17,48.46,3020.92,right_skewed,True,True,True,True,low,investigate_individually,0.0,0.0,zero_inflated,log1p_or_tweedie,True,False,False,True,True,True,True,True,0.7,drop_or_encode,near_constant,0.9983,62,48.4585,0.0
408,PREV_NAME_CASH_LOAN_PURPOSE_Buying a new car_MEAN,291057,16454,0.0,0.0,0.0,0.0,0.0,0,569,569,0.2,569,0.2,-0.04,0.04,0,559,559,0.19,0.01,553,0.19,0.0,0.0,569,0.2,47.28,2830.63,right_skewed,True,True,True,True,low,investigate_individually,0.0,0.0,zero_inflated,log1p_or_tweedie,True,False,False,True,True,True,True,True,0.7,drop_or_encode,near_constant,0.998,71,47.2779,0.0
409,PREV_NAME_CASH_LOAN_PURPOSE_Buying a used car_MEAN,291057,16454,0.0,0.0,0.0,0.0,0.0,0,1729,1729,0.59,1729,0.59,-0.07,0.07,0,1563,1563,0.54,0.02,1479,0.51,0.0,0.0,1729,0.59,26.94,924.15,right_skewed,True,True,True,True,low,investigate_individually,0.0,0.0,zero_inflated,log1p_or_tweedie,True,False,False,True,True,True,True,True,0.7,drop_or_encode,near_constant,0.9941,100,26.9352,0.0
410,PREV_NAME_CASH_LOAN_PURPOSE_Car repairs_MEAN,291057,16454,0.0,0.0,0.0,0.0,0.0,0,581,581,0.2,581,0.2,-0.04,0.04,0,560,560,0.19,0.01,550,0.19,0.0,0.0,581,0.2,50.06,3018.86,right_skewed,True,True,True,True,low,investigate_individually,0.0,0.0,zero_inflated,log1p_or_tweedie,True,False,False,True,True,True,True,True,0.7,drop_or_encode,near_constant,0.998,53,50.0603,0.0
411,PREV_NAME_CASH_LOAN_PURPOSE_Education_MEAN,291057,16454,0.0,0.0,0.0,0.0,0.0,0,1046,1046,0.36,1046,0.36,-0.05,0.05,0,993,993,0.34,0.01,970,0.33,0.0,0.0,1046,0.36,34.83,1568.77,right_skewed,True,True,True,True,low,investigate_individually,0.0,0.0,zero_inflated,log1p_or_tweedie,True,False,False,True,True,True,True,True,0.7,drop_or_encode,near_constant,0.9964,67,34.8346,0.0
412,PREV_NAME_CASH_LOAN_PURPOSE_Everyday expenses_MEAN,291057,16454,0.0,0.0,0.0,0.0,0.0,0,1775,1775,0.61,1775,0.61,-0.07,0.07,0,1564,1564,0.54,0.02,1458,0.5,0.0,0.0,1775,0.61,28.61,1046.9,right_skewed,True,True,True,True,low,investigate_individually,0.0,0.0,zero_inflated,log1p_or_tweedie,True,False,False,True,True,True,True,True,0.7,drop_or_encode,near_constant,0.9939,74,28.6106,0.0
413,PREV_NAME_CASH_LOAN_PURPOSE_Furniture_MEAN,291057,16454,0.0,0.0,0.0,0.0,0.0,0,555,555,0.19,555,0.19,-0.04,0.04,0,537,537,0.18,0.01,527,0.18,0.0,0.0,555,0.19,48.04,2850.83,right_skewed,True,True,True,True,low,investigate_individually,0.0,0.0,zero_inflated,log1p_or_tweedie,True,False,False,True,True,True,True,True,0.7,drop_or_encode,near_constant,0.9981,56,48.038,0.0
414,PREV_NAME_CASH_LOAN_PURPOSE_Gasification / water supply_MEAN,291057,16454,0.0,0.0,0.0,0.0,0.0,0,196,196,0.07,196,0.07,-0.02,0.03,0,194,194,0.07,0.01,193,0.07,0.0,0.0,196,0.07,78.65,7713.77,right_skewed,True,True,True,True,low,investigate_individually,0.0,0.0,zero_inflated,log1p_or_tweedie,True,False,False,True,True,True,True,True,0.7,drop_or_encode,near_constant,0.9993,42,78.651,0.0
415,PREV_NAME_CASH_LOAN_PURPOSE_Hobby_MEAN,291057,16454,0.0,0.0,0.0,0.0,0.0,0,42,42,0.01,42,0.01,-0.01,0.01,0,42,42,0.01,0.0,42,0.01,0.0,0.0,42,0.01,143.03,26278.86,right_skewed,True,True,True,True,low,investigate_individually,0.0,0.0,zero_inflated,log1p_or_tweedie,True,False,False,True,True,True,True,True,0.7,drop_or_encode,near_constant,0.9999,20,143.0279,0.0
416,PREV_NAME_CASH_LOAN_PURPOSE_Journey_MEAN,291057,16454,0.0,0.0,0.0,0.0,0.0,0,825,825,0.28,825,0.28,-0.05,0.05,0,792,792,0.27,0.01,770,0.26,0.0,0.0,825,0.28,40.68,2073.01,right_skewed,True,True,True,True,low,investigate_individually,0.0,0.0,zero_inflated,log1p_or_tweedie,True,False,False,True,True,True,True,True,0.7,drop_or_encode,near_constant,0.9972,72,40.6786,0.0
417,PREV_NAME_CASH_LOAN_PURPOSE_Medicine_MEAN,291057,16454,0.0,0.0,0.0,0.0,0.0,0,1456,1456,0.5,1456,0.5,-0.07,0.07,0,1265,1265,0.43,0.02,1187,0.41,0.0,0.0,1456,0.5,31.53,1215.51,right_skewed,True,True,True,True,low,investigate_individually,0.0,0.0,zero_inflated,log1p_or_tweedie,True,False,False,True,True,True,True,True,0.7,drop_or_encode,near_constant,0.995,82,31.5337,0.0
418,PREV_NAME_CASH_LOAN_PURPOSE_Money for a third person_MEAN,291057,16454,0.0,0.0,0.0,0.0,0.0,0,23,23,0.01,23,0.01,-0.01,0.01,0,23,23,0.01,0.0,23,0.01,0.0,0.0,23,0.01,300.82,101346.67,right_skewed,True,True,True,True,low,investigate_individually,0.0,0.0,zero_inflated,log1p_or_tweedie,True,False,False,True,True,True,True,True,0.5,drop_or_encode,near_constant,0.9999,15,300.8254,0.0
419,PREV_NAME_CASH_LOAN_PURPOSE_Other_MEAN,291057,16454,0.0,0.0,0.0,0.0,0.0,0,9908,9908,3.4,9908,3.4,-0.16,0.17,0,4162,4162,1.43,0.04,4042,1.39,0.0,0.25,2295,0.79,11.62,170.13,right_skewed,True,True,True,True,moderate,log_transform_or_winsorize,0.0,0.0,zero_inflated,log1p_or_tweedie,True,False,True,True,True,True,True,True,0.7,drop_or_encode,near_constant,0.966,163,11.6187,0.0
420,PREV_NAME_CASH_LOAN_PURPOSE_Payments on other loans_MEAN,291057,16454,0.0,0.0,0.0,0.0,0.0,0,1204,1204,0.41,1204,0.41,-0.04,0.04,0,1170,1170,0.4,0.01,1148,0.39,0.0,0.0,1204,0.41,35.16,1870.35,right_skewed,True,True,True,True,low,investigate_individually,0.0,0.0,zero_inflated,log1p_or_tweedie,True,False,False,True,True,True,True,True,0.7,drop_or_encode,near_constant,0.9959,85,35.1552,0.0
421,PREV_NAME_CASH_LOAN_PURPOSE_Purchase of electronic equipment_MEAN,291057,16454,0.0,0.0,0.0,0.0,0.0,0,808,808,0.28,808,0.28,-0.05,0.05,0,785,785,0.27,0.01,759,0.26,0.0,0.0,808,0.28,41.53,2149.01,right_skewed,True,True,True,True,low,investigate_individually,0.0,0.0,zero_inflated,log1p_or_tweedie,True,False,False,True,True,True,True,True,0.7,drop_or_encode,near_constant,0.9972,57,41.5255,0.0
422,PREV_NAME_CASH_LOAN_PURPOSE_Refusal to name the goal_MEAN,291057,16454,0.0,0.0,0.0,0.0,0.0,0,11,11,0.0,11,0.0,-0.01,0.01,0,11,11,0.0,0.0,11,0.0,0.0,0.0,11,0.0,375.17,165498.76,right_skewed,True,True,True,True,low,investigate_individually,0.0,0.0,zero_inflated,log1p_or_tweedie,True,False,False,True,True,True,True,False,0.5,drop_or_encode,near_constant,1.0,7,375.1768,0.0
423,PREV_NAME_CASH_LOAN_PURPOSE_Repairs_MEAN,291057,16454,0.0,0.0,0.0,0.0,0.0,0,13852,13852,4.76,13852,4.76,-0.2,0.22,0,5044,5044,1.73,0.05,4828,1.66,0.0,0.33,2291,0.79,9.29,106.24,right_skewed,True,True,True,True,moderate,log_transform_or_winsorize,0.0,0.0,zero_inflated,log1p_or_tweedie,True,False,True,True,True,True,True,True,0.7,drop_or_encode,near_constant,0.9524,185,9.2893,0.0
424,PREV_NAME_CASH_LOAN_PURPOSE_Urgent needs_MEAN,291057,16454,0.0,0.0,0.0,0.0,0.0,0,5595,5595,1.92,5595,1.92,-0.13,0.14,0,3325,3325,1.14,0.03,2924,1.0,0.0,0.17,2485,0.85,15.07,278.35,right_skewed,True,True,True,True,moderate,log_transform_or_winsorize,0.0,0.0,zero_inflated,log1p_or_tweedie,True,False,False,True,True,True,True,True,0.7,drop_or_encode,near_constant,0.9808,126,15.075,0.0
425,PREV_NAME_CASH_LOAN_PURPOSE_Wedding / gift / holiday_MEAN,291057,16454,0.0,0.0,0.0,0.0,0.0,0,647,647,0.22,647,0.22,-0.04,0.04,0,634,634,0.22,0.01,617,0.21,0.0,0.0,647,0.22,46.89,2721.65,right_skewed,True,True,True,True,low,investigate_individually,0.0,0.0,zero_inflated,log1p_or_tweedie,True,False,False,True,True,True,True,True,0.7,drop_or_encode,near_constant,0.9978,57,46.8939,0.0
426,PREV_NAME_CASH_LOAN_PURPOSE_XAP_MEAN,291057,16454,0.43,1.0,0.57,-0.43,1.86,0,0,0,0.0,0,0.0,-0.28,1.64,0,0,0,0.0,0.25,0,0.0,0.0,1.0,0,0.0,-0.5,-1.04,light_tailed,False,True,False,False,none,none_needed,-0.43,1.86,approximately_normal,none_or_standard_scaler,False,False,False,True,True,True,False,True,0.5,drop_or_encode,near_constant,0.0392,407,0.5015,0.0
427,PREV_NAME_CASH_LOAN_PURPOSE_XNA_MEAN,291057,16454,0.0,0.5,0.5,-0.75,1.25,0,0,0,0.0,0,0.0,-0.61,1.18,0,0,0,0.0,0.25,0,0.0,0.0,1.0,0,0.0,0.6,-0.88,moderate_deviation,False,True,False,False,none,none_needed,-0.75,1.25,approximately_normal,none_or_standard_scaler,True,False,False,True,True,True,False,True,0.7,drop_or_encode,near_constant,0.4352,414,0.5992,0.0
428,PREV_NAME_CASH_LOAN_PURPOSE_nan_MEAN,291057,16454,0.0,0.0,0.0,0.0,0.0,0,0,0,0.0,0,0.0,,,0,0,0,0.0,,0,0.0,0.0,0.0,0,0.0,,,moderate_deviation,False,False,False,False,none,none_needed,0.0,0.0,constant_or_near_constant,drop_column,True,False,False,True,True,True,True,False,0.2,drop_or_encode,near_constant,1.0,1,0.0,0.0
429,PREV_NAME_CLIENT_TYPE_New_MEAN,291057,16454,0.1,0.5,0.4,-0.5,1.1,0,0,0,0.0,0,0.0,-0.67,1.38,0,0,0,0.0,0.22,0,0.0,0.0,1.0,0,0.0,0.96,-0.39,moderate_deviation,False,True,False,False,none,none_needed,-0.5,1.1,approximately_normal,none_or_standard_scaler,False,False,False,True,True,True,False,True,0.5,drop_or_encode,near_constant,0.1854,161,0.9641,0.0
430,PREV_NAME_CLIENT_TYPE_Refreshed_MEAN,291057,16454,0.0,0.09,0.09,-0.14,0.23,0,50864,50864,17.48,30646,10.53,-0.53,0.74,0,8124,8124,2.79,0.14,8123,2.79,0.0,1.0,0,0.0,2.47,5.99,right_skewed,True,True,True,True,severe,consider_log_transform,-0.14,0.23,zero_inflated,log1p_or_tweedie,True,True,False,True,True,True,True,True,1.0,drop_or_encode,near_constant,0.7365,168,2.4732,17.48
431,PREV_NAME_CLIENT_TYPE_Repeater_MEAN,291057,16454,0.25,0.83,0.58,-0.62,1.71,0,0,0,0.0,0,0.0,-0.51,1.61,0,0,0,0.0,0.21,0,0.0,0.0,1.0,0,0.0,-0.53,-1.17,light_tailed,False,True,False,False,none,none_needed,-0.62,1.71,approximately_normal,none_or_standard_scaler,False,False,False,True,True,True,False,True,0.5,drop_or_encode,near_constant,0.242,219,0.532,0.0
432,PREV_NAME_CLIENT_TYPE_XNA_MEAN,291057,16454,0.0,0.0,0.0,0.0,0.0,0,1089,1089,0.37,1089,0.37,-0.06,0.06,0,1032,1032,0.35,0.01,1000,0.34,0.0,0.0,1089,0.37,28.63,1027.67,right_skewed,True,True,True,True,low,investigate_individually,0.0,0.0,zero_inflated,log1p_or_tweedie,True,False,False,True,True,True,True,True,0.7,drop_or_encode,near_constant,0.9963,77,28.6335,0.0
433,PREV_NAME_CLIENT_TYPE_nan_MEAN,291057,16454,0.0,0.0,0.0,0.0,0.0,0,0,0,0.0,0,0.0,,,0,0,0,0.0,,0,0.0,0.0,0.0,0,0.0,,,moderate_deviation,False,False,False,False,none,none_needed,0.0,0.0,constant_or_near_constant,drop_column,True,False,False,True,True,True,True,False,0.2,drop_or_encode,near_constant,1.0,1,0.0,0.0
434,PREV_NAME_CONTRACT_STATUS_Approved_MEAN,291057,16454,0.5,1.0,0.5,-0.25,1.75,0,0,0,0.0,0,0.0,-0.04,1.54,0,0,0,0.0,0.2,0,0.0,0.14,1.0,2631,0.9,-0.58,-0.88,moderate_deviation,False,True,False,False,none,none_needed,-0.25,1.75,approximately_normal,none_or_standard_scaler,False,False,False,True,True,True,False,True,0.5,drop_or_encode,near_constant,0.0034,362,0.5785,0.0
435,PREV_NAME_CONTRACT_STATUS_Canceled_MEAN,291057,16454,0.0,0.25,0.25,-0.38,0.62,0,4716,4716,1.62,0,0.0,-0.44,0.69,0,1921,1921,0.66,0.13,4477,1.54,0.0,0.67,1931,0.66,1.34,0.85,right_skewed,False,True,False,True,moderate,log_transform_or_winsorize,-0.38,0.62,zero_inflated,log1p_or_tweedie,True,False,False,True,True,True,True,True,0.7,drop_or_encode,near_constant,0.6196,362,1.3383,1.62
436,PREV_NAME_CONTRACT_STATUS_Refused_MEAN,291057,16454,0.0,0.2,0.2,-0.3,0.5,0,11158,11158,3.83,1070,0.37,-0.44,0.66,0,6501,6501,2.23,0.12,6565,2.26,0.0,0.73,2837,0.97,1.72,2.45,right_skewed,True,True,True,True,moderate,log_transform_or_winsorize,-0.3,0.5,zero_inflated,log1p_or_tweedie,True,False,True,True,True,True,True,True,1.0,drop_or_encode,near_constant,0.6554,397,1.7248,3.83
437,PREV_NAME_CONTRACT_STATUS_Unused offer_MEAN,291057,16454,0.0,0.0,0.0,0.0,0.0,0,19033,19033,6.54,19033,6.54,-0.19,0.22,0,7752,7752,2.66,0.05,7732,2.66,0.0,0.33,2713,0.93,6.1,47.1,right_skewed,True,True,True,True,high,robust_scaling_or_transform,0.0,0.0,zero_inflated,log1p_or_tweedie,True,True,False,True,True,True,True,True,0.7,drop_or_encode,near_constant,0.9346,118,6.0974,0.0
438,PREV_NAME_CONTRACT_STATUS_nan_MEAN,291057,16454,0.0,0.0,0.0,0.0,0.0,0,0,0,0.0,0,0.0,,,0,0,0,0.0,,0,0.0,0.0,0.0,0,0.0,,,moderate_deviation,False,False,False,False,none,none_needed,0.0,0.0,constant_or_near_constant,drop_column,True,False,False,True,True,True,True,False,0.2,drop_or_encode,near_constant,1.0,1,0.0,0.0
439,PREV_NAME_CONTRACT_TYPE_Cash loans_MEAN,291057,16454,0.0,0.57,0.57,-0.86,1.43,0,0,0,0.0,0,0.0,-0.64,1.28,0,0,0,0.0,0.25,0,0.0,0.0,1.0,0,0.0,0.5,-1.04,light_tailed,False,True,False,False,none,none_needed,-0.86,1.43,approximately_normal,none_or_standard_scaler,True,False,False,True,True,True,False,True,0.7,drop_or_encode,near_constant,0.4112,407,0.5015,0.0
440,PREV_NAME_CONTRACT_TYPE_Consumer loans_MEAN,291057,16454,0.29,1.0,0.71,-0.79,2.07,0,0,0,0.0,0,0.0,-0.47,1.64,0,0,0,0.0,0.32,0,0.0,0.0,1.0,0,0.0,-0.11,-1.38,light_tailed,False,False,False,False,none,none_needed,-0.79,2.07,approximately_normal,none_or_standard_scaler,False,False,False,True,True,True,False,True,0.2,drop_or_encode,near_constant,0.0757,377,0.1099,0.0
441,PREV_NAME_CONTRACT_TYPE_Revolving loans_MEAN,291057,16454,0.0,0.17,0.17,-0.25,0.42,0,19076,19076,6.55,4982,1.71,-0.41,0.61,0,5196,5196,1.79,0.11,5902,2.03,0.0,0.67,2676,0.92,2.16,5.35,right_skewed,True,True,True,True,high,robust_scaling_or_transform,-0.25,0.42,zero_inflated,log1p_or_tweedie,True,True,False,True,True,True,True,True,1.0,drop_or_encode,near_constant,0.6425,278,2.1552,6.55
442,PREV_NAME_CONTRACT_TYPE_XNA_MEAN,291057,16454,0.0,0.0,0.0,0.0,0.0,0,284,284,0.1,284,0.1,-0.02,0.02,0,284,284,0.1,0.0,282,0.1,0.0,0.0,284,0.1,52.23,3266.04,right_skewed,True,True,True,True,low,investigate_individually,0.0,0.0,zero_inflated,log1p_or_tweedie,True,False,False,True,True,True,True,True,0.7,drop_or_encode,near_constant,0.999,40,52.2275,0.0
443,PREV_NAME_CONTRACT_TYPE_nan_MEAN,291057,16454,0.0,0.0,0.0,0.0,0.0,0,0,0,0.0,0,0.0,,,0,0,0,0.0,,0,0.0,0.0,0.0,0,0.0,,,moderate_deviation,False,False,False,False,none,none_needed,0.0,0.0,constant_or_near_constant,drop_column,True,False,False,True,True,True,True,False,0.2,drop_or_encode,near_constant,1.0,1,0.0,0.0
444,PREV_NAME_GOODS_CATEGORY_Additional Service_MEAN,291057,16454,0.0,0.0,0.0,0.0,0.0,0,100,100,0.03,100,0.03,-0.02,0.02,0,100,100,0.03,0.0,100,0.03,0.0,0.0,100,0.03,100.12,11935.53,right_skewed,True,True,True,True,low,investigate_individually,0.0,0.0,zero_inflated,log1p_or_tweedie,True,False,False,True,True,True,True,True,0.7,drop_or_encode,near_constant,0.9997,21,100.1183,0.0
445,PREV_NAME_GOODS_CATEGORY_Animals_MEAN,291057,16454,0.0,0.0,0.0,0.0,0.0,0,1,1,0.0,1,0.0,-0.0,0.0,0,1,1,0.0,0.0,1,0.0,0.0,0.0,1,0.0,539.49,291052.0,right_skewed,True,True,True,True,low,investigate_individually,0.0,0.0,zero_inflated,log1p_or_tweedie,True,False,False,True,True,True,True,False,0.5,drop_or_encode,near_constant,1.0,2,539.497,0.0
446,PREV_NAME_GOODS_CATEGORY_Audio/Video_MEAN,291057,16454,0.0,0.0,0.0,0.0,0.0,0,68377,68377,23.49,68377,23.49,-0.49,0.65,0,8141,8141,2.8,0.13,7137,2.45,0.0,1.0,0,0.0,3.24,11.25,right_skewed,True,True,True,True,severe,consider_log_transform,0.0,0.0,zero_inflated,log1p_or_tweedie,True,True,False,True,True,True,True,True,0.7,drop_or_encode,near_constant,0.7651,182,3.2368,0.0
447,PREV_NAME_GOODS_CATEGORY_Auto Accessories_MEAN,291057,16454,0.0,0.0,0.0,0.0,0.0,0,5329,5329,1.83,5329,1.83,-0.17,0.18,0,3296,3296,1.13,0.04,2787,0.96,0.0,0.2,2787,0.96,13.04,195.91,right_skewed,True,True,True,True,moderate,log_transform_or_winsorize,0.0,0.0,zero_inflated,log1p_or_tweedie,True,False,False,True,True,True,True,True,0.7,drop_or_encode,near_constant,0.9817,84,13.0406,0.0
448,PREV_NAME_GOODS_CATEGORY_Clothing and Accessories_MEAN,291057,16454,0.0,0.0,0.0,0.0,0.0,0,16692,16692,5.73,16692,5.73,-0.32,0.36,0,5438,5438,1.87,0.08,5404,1.86,0.0,0.5,2866,0.98,6.83,51.3,right_skewed,True,True,True,True,high,robust_scaling_or_transform,0.0,0.0,zero_inflated,log1p_or_tweedie,True,True,False,True,True,True,True,True,0.7,drop_or_encode,near_constant,0.9427,126,6.8328,0.0
449,PREV_NAME_GOODS_CATEGORY_Computers_MEAN,291057,16454,0.0,0.0,0.0,0.0,0.0,0,70110,70110,24.09,70110,24.09,-0.52,0.69,0,8520,8520,2.93,0.14,8518,2.93,0.0,1.0,0,0.0,3.07,9.74,right_skewed,True,True,True,True,severe,consider_log_transform,0.0,0.0,zero_inflated,log1p_or_tweedie,True,True,False,True,True,True,True,True,0.7,drop_or_encode,near_constant,0.7591,193,3.0664,0.0
450,PREV_NAME_GOODS_CATEGORY_Construction Materials_MEAN,291057,16454,0.0,0.0,0.0,0.0,0.0,0,17858,17858,6.14,17858,6.14,-0.31,0.36,0,5453,5453,1.87,0.08,5405,1.86,0.0,0.5,2781,0.96,6.77,50.77,right_skewed,True,True,True,True,high,robust_scaling_or_transform,0.0,0.0,zero_inflated,log1p_or_tweedie,True,True,False,True,True,True,True,True,0.7,drop_or_encode,near_constant,0.9386,117,6.7661,0.0
451,PREV_NAME_GOODS_CATEGORY_Consumer Electronics_MEAN,291057,16454,0.0,0.1,0.1,-0.15,0.25,0,37422,37422,12.86,23227,7.98,-0.54,0.74,0,9495,9495,3.26,0.14,9494,3.26,0.0,1.0,0,0.0,2.81,8.07,right_skewed,True,True,True,True,severe,consider_log_transform,-0.15,0.25,zero_inflated,log1p_or_tweedie,True,True,False,True,True,True,True,True,1.0,drop_or_encode,near_constant,0.7246,183,2.8135,12.86
452,PREV_NAME_GOODS_CATEGORY_Direct Sales_MEAN,291057,16454,0.0,0.0,0.0,0.0,0.0,0,292,292,0.1,292,0.1,-0.05,0.05,0,292,292,0.1,0.01,289,0.1,0.0,0.0,292,0.1,52.39,3055.29,right_skewed,True,True,True,True,low,investigate_individually,0.0,0.0,zero_inflated,log1p_or_tweedie,True,False,False,True,True,True,True,True,0.7,drop_or_encode,near_constant,0.999,29,52.3918,0.0
453,PREV_NAME_GOODS_CATEGORY_Education_MEAN,291057,16454,0.0,0.0,0.0,0.0,0.0,0,79,79,0.03,79,0.03,-0.03,0.03,0,79,79,0.03,0.01,79,0.03,0.0,0.0,79,0.03,83.51,7303.8,right_skewed,True,True,True,True,low,investigate_individually,0.0,0.0,zero_inflated,log1p_or_tweedie,True,False,False,True,True,True,True,True,0.7,drop_or_encode,near_constant,0.9997,20,83.5064,0.0
454,PREV_NAME_GOODS_CATEGORY_Fitness_MEAN,291057,16454,0.0,0.0,0.0,0.0,0.0,0,152,152,0.05,152,0.05,-0.04,0.04,0,151,151,0.05,0.01,150,0.05,0.0,0.0,152,0.05,61.03,3971.85,right_skewed,True,True,True,True,low,investigate_individually,0.0,0.0,zero_inflated,log1p_or_tweedie,True,False,False,True,True,True,True,True,0.7,drop_or_encode,near_constant,0.9995,23,61.0284,0.0
455,PREV_NAME_GOODS_CATEGORY_Furniture_MEAN,291057,16454,0.0,0.0,0.0,0.0,0.0,0,37021,37021,12.72,37021,12.72,-0.43,0.52,0,5950,5950,2.04,0.11,5934,2.04,0.0,1.0,0,0.0,4.46,21.38,right_skewed,True,True,True,True,severe,consider_log_transform,0.0,0.0,zero_inflated,log1p_or_tweedie,True,True,False,True,True,True,True,True,0.7,drop_or_encode,near_constant,0.8728,130,4.4582,0.0
456,PREV_NAME_GOODS_CATEGORY_Gardening_MEAN,291057,16454,0.0,0.0,0.0,0.0,0.0,0,2109,2109,0.72,2109,0.72,-0.11,0.12,0,1737,1737,0.6,0.03,1632,0.56,0.0,0.0,2109,0.72,20.9,497.92,right_skewed,True,True,True,True,low,investigate_individually,0.0,0.0,zero_inflated,log1p_or_tweedie,True,False,False,True,True,True,True,True,0.7,drop_or_encode,near_constant,0.9928,53,20.9028,0.0
457,PREV_NAME_GOODS_CATEGORY_Homewares_MEAN,291057,16454,0.0,0.0,0.0,0.0,0.0,0,3862,3862,1.33,3862,1.33,-0.16,0.17,0,2454,2454,0.84,0.04,2448,0.84,0.0,0.14,2742,0.94,14.75,240.35,right_skewed,True,True,True,True,moderate,log_transform_or_winsorize,0.0,0.0,zero_inflated,log1p_or_tweedie,True,False,False,True,True,True,True,True,0.7,drop_or_encode,near_constant,0.9867,68,14.7455,0.0
458,PREV_NAME_GOODS_CATEGORY_House Construction_MEAN,291057,16454,0.0,0.0,0.0,0.0,0.0,0,0,0,0.0,0,0.0,,,0,0,0,0.0,,0,0.0,0.0,0.0,0,0.0,,,moderate_deviation,False,False,False,False,none,none_needed,0.0,0.0,constant_or_near_constant,drop_column,True,False,False,True,True,True,True,False,0.2,drop_or_encode,near_constant,1.0,1,0.0,0.0
459,PREV_NAME_GOODS_CATEGORY_Insurance_MEAN,291057,16454,0.0,0.0,0.0,0.0,0.0,0,48,48,0.02,48,0.02,-0.01,0.01,0,48,48,0.02,0.0,48,0.02,0.0,0.0,48,0.02,175.17,36428.35,right_skewed,True,True,True,True,low,investigate_individually,0.0,0.0,zero_inflated,log1p_or_tweedie,True,False,False,True,True,True,True,True,0.7,drop_or_encode,near_constant,0.9998,20,175.1708,0.0
460,PREV_NAME_GOODS_CATEGORY_Jewelry_MEAN,291057,16454,0.0,0.0,0.0,0.0,0.0,0,4415,4415,1.52,4415,1.52,-0.15,0.16,0,3011,3011,1.03,0.04,2640,0.91,0.0,0.17,2665,0.92,14.46,239.63,right_skewed,True,True,True,True,moderate,log_transform_or_winsorize,0.0,0.0,zero_inflated,log1p_or_tweedie,True,False,False,True,True,True,True,True,0.7,drop_or_encode,near_constant,0.9848,81,14.4634,0.0
461,PREV_NAME_GOODS_CATEGORY_Medical Supplies_MEAN,291057,16454,0.0,0.0,0.0,0.0,0.0,0,2865,2865,0.98,2865,0.98,-0.16,0.17,0,2112,2112,0.73,0.04,2108,0.72,0.0,0.0,2865,0.98,15.49,259.97,right_skewed,True,True,True,True,low,investigate_individually,0.0,0.0,zero_inflated,log1p_or_tweedie,True,False,False,True,True,True,True,True,0.7,drop_or_encode,near_constant,0.9902,62,15.4927,0.0
462,PREV_NAME_GOODS_CATEGORY_Medicine_MEAN,291057,16454,0.0,0.0,0.0,0.0,0.0,0,1199,1199,0.41,1199,0.41,-0.1,0.11,0,1100,1100,0.38,0.02,1067,0.37,0.0,0.0,1199,0.41,24.24,637.97,right_skewed,True,True,True,True,low,investigate_individually,0.0,0.0,zero_inflated,log1p_or_tweedie,True,False,False,True,True,True,True,True,0.7,drop_or_encode,near_constant,0.9959,37,24.2418,0.0
463,PREV_NAME_GOODS_CATEGORY_Mobile_MEAN,291057,16454,0.0,0.25,0.25,-0.38,0.62,0,24380,24380,8.38,0,0.0,-0.65,1.0,0,0,0,0.0,0.19,17419,5.98,0.0,1.0,0,0.0,1.78,2.38,right_skewed,True,True,True,True,high,robust_scaling_or_transform,-0.38,0.62,right_skewed,log1p,True,True,False,True,True,True,False,True,1.0,drop_or_encode,near_constant,0.5741,232,1.7779,8.38
464,PREV_NAME_GOODS_CATEGORY_Office Appliances_MEAN,291057,16454,0.0,0.0,0.0,0.0,0.0,0,1849,1849,0.64,1849,0.64,-0.08,0.09,0,1619,1619,0.56,0.02,1554,0.53,0.0,0.0,1849,0.64,24.52,731.44,right_skewed,True,True,True,True,low,investigate_individually,0.0,0.0,zero_inflated,log1p_or_tweedie,True,False,False,True,True,True,True,True,0.7,drop_or_encode,near_constant,0.9936,55,24.5202,0.0
465,PREV_NAME_GOODS_CATEGORY_Other_MEAN,291057,16454,0.0,0.0,0.0,0.0,0.0,0,2225,2225,0.76,2225,0.76,-0.08,0.09,0,1932,1932,0.66,0.02,1864,0.64,0.0,0.0,2225,0.76,22.97,671.9,right_skewed,True,True,True,True,low,investigate_individually,0.0,0.0,zero_inflated,log1p_or_tweedie,True,False,False,True,True,True,True,True,0.7,drop_or_encode,near_constant,0.9924,47,22.9704,0.0
466,PREV_NAME_GOODS_CATEGORY_Photo / Cinema Equipment_MEAN,291057,16454,0.0,0.0,0.0,0.0,0.0,0,19328,19328,6.64,19328,6.64,-0.26,0.3,0,6184,6184,2.12,0.06,6160,2.12,0.0,0.5,1483,0.51,7.22,62.78,right_skewed,True,True,True,True,high,robust_scaling_or_transform,0.0,0.0,zero_inflated,log1p_or_tweedie,True,True,False,True,True,True,True,True,0.7,drop_or_encode,near_constant,0.9336,108,7.2248,0.0
467,PREV_NAME_GOODS_CATEGORY_Sport and Leisure_MEAN,291057,16454,0.0,0.0,0.0,0.0,0.0,0,2376,2376,0.82,2376,0.82,-0.11,0.11,0,1841,1841,0.63,0.03,1712,0.59,0.0,0.0,2376,0.82,20.62,491.33,right_skewed,True,True,True,True,low,investigate_individually,0.0,0.0,zero_inflated,log1p_or_tweedie,True,False,False,True,True,True,True,True,0.7,drop_or_encode,near_constant,0.9918,54,20.6161,0.0
468,PREV_NAME_GOODS_CATEGORY_Tourism_MEAN,291057,16454,0.0,0.0,0.0,0.0,0.0,0,1030,1030,0.35,1030,0.35,-0.1,0.1,0,936,936,0.32,0.02,897,0.31,0.0,0.0,1030,0.35,25.49,703.26,right_skewed,True,True,True,True,low,investigate_individually,0.0,0.0,zero_inflated,log1p_or_tweedie,True,False,False,True,True,True,True,True,0.7,drop_or_encode,near_constant,0.9965,55,25.4925,0.0
469,PREV_NAME_GOODS_CATEGORY_Vehicles_MEAN,291057,16454,0.0,0.0,0.0,0.0,0.0,0,2586,2586,0.89,2586,0.89,-0.13,0.13,0,2051,2051,0.7,0.03,1899,0.65,0.0,0.0,2586,0.89,18.37,382.28,right_skewed,True,True,True,True,low,investigate_individually,0.0,0.0,zero_inflated,log1p_or_tweedie,True,False,False,True,True,True,True,True,0.7,drop_or_encode,near_constant,0.9911,54,18.3698,0.0
470,PREV_NAME_GOODS_CATEGORY_Weapon_MEAN,291057,16454,0.0,0.0,0.0,0.0,0.0,0,58,58,0.02,58,0.02,-0.02,0.02,0,58,58,0.02,0.0,58,0.02,0.0,0.0,58,0.02,125.59,18132.26,right_skewed,True,True,True,True,low,investigate_individually,0.0,0.0,zero_inflated,log1p_or_tweedie,True,False,False,True,True,True,True,True,0.7,drop_or_encode,near_constant,0.9998,20,125.5936,0.0
471,PREV_NAME_GOODS_CATEGORY_XNA_MEAN,291057,16454,0.0,0.73,0.73,-1.09,1.82,0,0,0,0.0,0,0.0,-0.63,1.47,0,0,0,0.0,0.32,0,0.0,0.0,1.0,0,0.0,0.09,-1.39,light_tailed,False,False,False,False,none,none_needed,-1.09,1.82,approximately_normal,none_or_standard_scaler,False,False,False,True,True,True,False,True,0.4,drop_or_encode,near_constant,0.3245,374,0.0896,0.0
472,PREV_NAME_GOODS_CATEGORY_nan_MEAN,291057,16454,0.0,0.0,0.0,0.0,0.0,0,0,0,0.0,0,0.0,,,0,0,0,0.0,,0,0.0,0.0,0.0,0,0.0,,,moderate_deviation,False,False,False,False,none,none_needed,0.0,0.0,constant_or_near_constant,drop_column,True,False,False,True,True,True,True,False,0.2,drop_or_encode,near_constant,1.0,1,0.0,0.0
473,PREV_NAME_PAYMENT_TYPE_Cash through the bank_MEAN,291057,16454,0.5,1.0,0.5,-0.25,1.75,0,0,0,0.0,0,0.0,-0.22,1.59,0,0,0,0.0,0.3,0,0.0,0.0,1.0,0,0.0,-0.6,-0.58,moderate_deviation,False,True,False,False,none,none_needed,-0.25,1.75,approximately_normal,none_or_standard_scaler,False,False,False,True,True,True,False,True,0.5,drop_or_encode,near_constant,0.0583,423,0.5979,0.0
474,PREV_NAME_PAYMENT_TYPE_Cashless from the account of the employer_MEAN,291057,16454,0.0,0.0,0.0,0.0,0.0,0,857,857,0.29,857,0.29,-0.05,0.05,0,821,821,0.28,0.01,804,0.28,0.0,0.0,857,0.29,39.0,1876.23,right_skewed,True,True,True,True,low,investigate_individually,0.0,0.0,zero_inflated,log1p_or_tweedie,True,False,False,True,True,True,True,True,0.7,drop_or_encode,near_constant,0.9971,52,38.9966,0.0
475,PREV_NAME_PAYMENT_TYPE_Non-cash from your account_MEAN,291057,16454,0.0,0.0,0.0,0.0,0.0,0,5724,5724,1.97,5724,1.97,-0.16,0.18,0,3418,3418,1.17,0.04,3383,1.16,0.0,0.2,2858,0.98,12.87,193.65,right_skewed,True,True,True,True,moderate,log_transform_or_winsorize,0.0,0.0,zero_inflated,log1p_or_tweedie,True,False,False,True,True,True,True,True,0.7,drop_or_encode,near_constant,0.9803,98,12.8693,0.0
476,PREV_NAME_PAYMENT_TYPE_XNA_MEAN,291057,16454,0.0,0.5,0.5,-0.75,1.25,0,0,0,0.0,0,0.0,-0.58,1.21,0,0,0,0.0,0.29,0,0.0,0.0,1.0,0,0.0,0.62,-0.54,moderate_deviation,False,True,False,False,none,none_needed,-0.75,1.25,approximately_normal,none_or_standard_scaler,False,False,False,True,True,True,False,True,0.7,drop_or_encode,near_constant,0.3529,412,0.6203,0.0
477,PREV_NAME_PAYMENT_TYPE_nan_MEAN,291057,16454,0.0,0.0,0.0,0.0,0.0,0,0,0,0.0,0,0.0,,,0,0,0,0.0,,0,0.0,0.0,0.0,0,0.0,,,moderate_deviation,False,False,False,False,none,none_needed,0.0,0.0,constant_or_near_constant,drop_column,True,False,False,True,True,True,True,False,0.2,drop_or_encode,near_constant,1.0,1,0.0,0.0
478,PREV_NAME_PORTFOLIO_Cards_MEAN,291057,16454,0.0,0.12,0.12,-0.19,0.31,0,24614,24614,8.46,2468,0.85,-0.35,0.51,0,2468,2468,0.85,0.1,10350,3.56,0.0,0.5,2468,0.85,2.58,9.16,right_skewed,True,True,True,True,high,robust_scaling_or_transform,-0.19,0.31,zero_inflated,log1p_or_tweedie,True,True,False,True,True,True,True,True,1.0,drop_or_encode,near_constant,0.6643,226,2.5756,8.46
479,PREV_NAME_PORTFOLIO_Cars_MEAN,291057,16454,0.0,0.0,0.0,0.0,0.0,0,297,297,0.1,297,0.1,-0.04,0.04,0,296,296,0.1,0.01,294,0.1,0.0,0.0,297,0.1,53.49,3466.13,right_skewed,True,True,True,True,low,investigate_individually,0.0,0.0,zero_inflated,log1p_or_tweedie,True,False,False,True,True,True,True,True,0.7,drop_or_encode,near_constant,0.999,34,53.4946,0.0
480,PREV_NAME_PORTFOLIO_Cash_MEAN,291057,16454,0.0,0.33,0.33,-0.5,0.83,0,8298,8298,2.85,0,0.0,-0.56,0.97,0,6493,6493,2.23,0.11,14818,5.09,0.0,1.0,0,0.0,1.14,0.63,right_skewed,False,True,False,True,moderate,log_transform_or_winsorize,-0.5,0.83,right_skewed,log1p,True,False,True,True,True,True,False,True,0.7,drop_or_encode,near_constant,0.4874,414,1.1401,2.85
481,PREV_NAME_PORTFOLIO_POS_MEAN,291057,16454,0.25,1.0,0.75,-0.88,2.12,0,0,0,0.0,0,0.0,-0.48,1.61,0,0,0,0.0,0.3,0,0.0,0.0,1.0,0,0.0,-0.02,-1.37,light_tailed,False,False,False,False,none,none_needed,-0.88,2.12,approximately_normal,none_or_standard_scaler,False,False,False,True,True,True,False,True,0.2,drop_or_encode,near_constant,0.0794,364,0.0172,0.0
482,PREV_NAME_PORTFOLIO_XNA_MEAN,291057,16454,0.0,0.29,0.29,-0.44,0.74,0,2043,2043,0.7,0,0.0,-0.45,0.75,0,1146,1146,0.39,0.14,2520,0.87,0.0,0.67,2810,0.97,1.11,0.26,right_skewed,False,True,False,True,low,investigate_individually,-0.44,0.74,right_skewed,log1p,True,False,False,True,True,True,False,True,0.7,drop_or_encode,near_constant,0.5615,390,1.1063,0.7
483,PREV_NAME_PORTFOLIO_nan_MEAN,291057,16454,0.0,0.0,0.0,0.0,0.0,0,0,0,0.0,0,0.0,,,0,0,0,0.0,,0,0.0,0.0,0.0,0,0.0,,,moderate_deviation,False,False,False,False,none,none_needed,0.0,0.0,constant_or_near_constant,drop_column,True,False,False,True,True,True,True,False,0.2,drop_or_encode,near_constant,1.0,1,0.0,0.0
484,PREV_NAME_PRODUCT_TYPE_XNA_MEAN,291057,16454,0.5,1.0,0.5,-0.25,1.75,0,0,0,0.0,0,0.0,-0.15,1.57,0,0,0,0.0,0.25,0,0.0,0.0,1.0,0,0.0,-0.69,-0.43,moderate_deviation,False,True,False,False,none,none_needed,-0.25,1.75,approximately_normal,none_or_standard_scaler,False,False,False,True,True,True,False,True,0.5,drop_or_encode,near_constant,0.0372,421,0.6877,0.0
485,PREV_NAME_PRODUCT_TYPE_nan_MEAN,291057,16454,0.0,0.0,0.0,0.0,0.0,0,0,0,0.0,0,0.0,,,0,0,0,0.0,,0,0.0,0.0,0.0,0,0.0,,,moderate_deviation,False,False,False,False,none,none_needed,0.0,0.0,constant_or_near_constant,drop_column,True,False,False,True,True,True,True,False,0.2,drop_or_encode,near_constant,1.0,1,0.0,0.0
486,PREV_NAME_PRODUCT_TYPE_walk-in_MEAN,291057,16454,0.0,0.0,0.0,0.0,0.0,0,72663,72663,24.97,72663,24.97,-0.47,0.63,0,7481,7481,2.57,0.12,7440,2.56,0.0,1.0,0,0.0,2.98,9.81,right_skewed,True,True,True,True,severe,consider_log_transform,0.0,0.0,zero_inflated,log1p_or_tweedie,True,True,False,True,True,True,True,True,0.7,drop_or_encode,near_constant,0.7503,333,2.9836,0.0
487,PREV_NAME_PRODUCT_TYPE_x-sell_MEAN,291057,16454,0.0,0.36,0.36,-0.55,0.91,0,3674,3674,1.26,0,0.0,-0.53,0.94,0,3588,3588,1.23,0.12,6777,2.33,0.0,1.0,0,0.0,1.0,0.25,right_skewed,False,True,False,True,moderate,log_transform_or_winsorize,-0.55,0.91,right_skewed,log1p,True,False,False,True,True,True,False,True,0.7,drop_or_encode,near_constant,0.4802,394,1.0021,1.26
488,PREV_NAME_SELLER_INDUSTRY_Auto technology_MEAN,291057,16454,0.0,0.0,0.0,0.0,0.0,0,3553,3553,1.22,3553,1.22,-0.15,0.16,0,2654,2654,0.91,0.04,2395,0.82,0.0,0.12,2865,0.98,15.08,254.89,right_skewed,True,True,True,True,moderate,log_transform_or_winsorize,0.0,0.0,zero_inflated,log1p_or_tweedie,True,False,False,True,True,True,True,True,0.7,drop_or_encode,near_constant,0.9878,68,15.0802,0.0
489,PREV_NAME_SELLER_INDUSTRY_Clothing_MEAN,291057,16454,0.0,0.0,0.0,0.0,0.0,0,16650,16650,5.72,16650,5.72,-0.32,0.36,0,5476,5476,1.88,0.08,5440,1.87,0.0,0.6,2881,0.99,6.81,50.87,right_skewed,True,True,True,True,high,robust_scaling_or_transform,0.0,0.0,zero_inflated,log1p_or_tweedie,True,True,False,True,True,True,True,True,0.7,drop_or_encode,near_constant,0.9428,125,6.8109,0.0
490,PREV_NAME_SELLER_INDUSTRY_Connectivity_MEAN,291057,16454,0.0,0.33,0.33,-0.5,0.83,0,23616,23616,8.11,0,0.0,-0.7,1.12,0,0,0,0.0,0.2,0,0.0,0.0,1.0,0,0.0,1.48,1.13,right_skewed,True,True,True,True,high,robust_scaling_or_transform,-0.5,0.83,right_skewed,log1p,True,True,False,True,True,True,False,True,1.0,drop_or_encode,near_constant,0.5343,285,1.4785,8.11
491,PREV_NAME_SELLER_INDUSTRY_Construction_MEAN,291057,16454,0.0,0.0,0.0,0.0,0.0,0,20733,20733,7.12,20733,7.12,-0.34,0.4,0,6676,6676,2.29,0.08,6334,2.18,0.0,1.0,0,0.0,6.12,40.98,right_skewed,True,True,True,True,high,robust_scaling_or_transform,0.0,0.0,zero_inflated,log1p_or_tweedie,True,True,False,True,True,True,True,True,0.7,drop_or_encode,near_constant,0.9288,117,6.1199,0.0
492,PREV_NAME_SELLER_INDUSTRY_Consumer electronics_MEAN,291057,16454,0.0,0.5,0.5,-0.75,1.25,0,0,0,0.0,0,0.0,-0.71,1.31,0,0,0,0.0,0.2,0,0.0,0.0,1.0,0,0.0,0.94,-0.34,moderate_deviation,False,True,False,False,none,none_needed,-0.75,1.25,approximately_normal,none_or_standard_scaler,True,False,False,True,True,True,False,True,0.7,drop_or_encode,near_constant,0.3791,326,0.9354,0.0
493,PREV_NAME_SELLER_INDUSTRY_Furniture_MEAN,291057,16454,0.0,0.0,0.0,0.0,0.0,0,38672,38672,13.29,38672,13.29,-0.45,0.55,0,6674,6674,2.29,0.11,6615,2.27,0.0,1.0,0,0.0,4.28,19.46,right_skewed,True,True,True,True,severe,consider_log_transform,0.0,0.0,zero_inflated,log1p_or_tweedie,True,True,False,True,True,True,True,True,0.7,drop_or_encode,near_constant,0.8671,142,4.2782,0.0
494,PREV_NAME_SELLER_INDUSTRY_Industry_MEAN,291057,16454,0.0,0.0,0.0,0.0,0.0,0,14233,14233,4.89,14233,4.89,-0.29,0.32,0,5970,5970,2.05,0.07,4298,1.48,0.0,0.5,2290,0.79,7.67,65.1,right_skewed,True,True,True,True,moderate,log_transform_or_winsorize,0.0,0.0,zero_inflated,log1p_or_tweedie,True,False,True,True,True,True,True,True,0.7,drop_or_encode,near_constant,0.9511,110,7.6688,0.0
495,PREV_NAME_SELLER_INDUSTRY_Jewelry_MEAN,291057,16454,0.0,0.0,0.0,0.0,0.0,0,1889,1889,0.65,1889,0.65,-0.1,0.11,0,1591,1591,0.55,0.02,1532,0.53,0.0,0.0,1889,0.65,21.73,543.5,right_skewed,True,True,True,True,low,investigate_individually,0.0,0.0,zero_inflated,log1p_or_tweedie,True,False,False,True,True,True,True,True,0.7,drop_or_encode,near_constant,0.9935,50,21.7268,0.0
496,PREV_NAME_SELLER_INDUSTRY_MLM partners_MEAN,291057,16454,0.0,0.0,0.0,0.0,0.0,0,678,678,0.23,678,0.23,-0.07,0.08,0,651,651,0.22,0.02,631,0.22,0.0,0.0,678,0.23,32.6,1184.09,right_skewed,True,True,True,True,low,investigate_individually,0.0,0.0,zero_inflated,log1p_or_tweedie,True,False,False,True,True,True,True,True,0.7,drop_or_encode,near_constant,0.9977,60,32.6035,0.0
497,PREV_NAME_SELLER_INDUSTRY_Tourism_MEAN,291057,16454,0.0,0.0,0.0,0.0,0.0,0,338,338,0.12,338,0.12,-0.05,0.05,0,335,335,0.12,0.01,333,0.11,0.0,0.0,338,0.12,48.87,2709.53,right_skewed,True,True,True,True,low,investigate_individually,0.0,0.0,zero_inflated,log1p_or_tweedie,True,False,False,True,True,True,True,True,0.7,drop_or_encode,near_constant,0.9988,30,48.8735,0.0
498,PREV_NAME_SELLER_INDUSTRY_XNA_MEAN,291057,16454,0.0,0.67,0.67,-1.0,1.67,0,0,0,0.0,0,0.0,-0.67,1.41,0,0,0,0.0,0.33,0,0.0,0.0,1.0,0,0.0,0.31,-1.34,light_tailed,False,False,False,False,none,none_needed,-1.0,1.67,approximately_normal,none_or_standard_scaler,False,False,False,True,True,True,False,True,0.4,drop_or_encode,near_constant,0.388,385,0.3091,0.0
499,PREV_NAME_SELLER_INDUSTRY_nan_MEAN,291057,16454,0.0,0.0,0.0,0.0,0.0,0,0,0,0.0,0,0.0,,,0,0,0,0.0,,0,0.0,0.0,0.0,0,0.0,,,moderate_deviation,False,False,False,False,none,none_needed,0.0,0.0,constant_or_near_constant,drop_column,True,False,False,True,True,True,True,False,0.2,drop_or_encode,near_constant,1.0,1,0.0,0.0
500,PREV_NAME_TYPE_SUITE_Children_MEAN,291057,16454,0.0,0.0,0.0,0.0,0.0,0,21921,21921,7.53,21921,7.53,-0.28,0.32,0,7131,7131,2.45,0.07,4616,1.59,0.0,0.5,1891,0.65,6.68,53.24,right_skewed,True,True,True,True,high,robust_scaling_or_transform,0.0,0.0,zero_inflated,log1p_or_tweedie,True,True,False,True,True,True,True,True,0.7,drop_or_encode,near_constant,0.9247,126,6.6814,0.0
501,PREV_NAME_TYPE_SUITE_Family_MEAN,291057,16454,0.0,0.22,0.22,-0.33,0.56,0,19338,19338,6.64,12304,4.23,-0.6,0.89,0,12304,12304,4.23,0.17,12336,4.24,0.0,1.0,0,0.0,2.03,3.73,right_skewed,True,True,True,True,high,robust_scaling_or_transform,-0.33,0.56,zero_inflated,log1p_or_tweedie,True,True,False,True,True,True,True,True,1.0,drop_or_encode,near_constant,0.6093,280,2.0307,6.64
502,PREV_NAME_TYPE_SUITE_Group of people_MEAN,291057,16454,0.0,0.0,0.0,0.0,0.0,0,1796,1796,0.62,1796,0.62,-0.08,0.08,0,1574,1574,0.54,0.02,1472,0.51,0.0,0.0,1796,0.62,25.86,815.95,right_skewed,True,True,True,True,low,investigate_individually,0.0,0.0,zero_inflated,log1p_or_tweedie,True,False,False,True,True,True,True,True,0.7,drop_or_encode,near_constant,0.9938,51,25.86,0.0
503,PREV_NAME_TYPE_SUITE_Other_A_MEAN,291057,16454,0.0,0.0,0.0,0.0,0.0,0,6855,6855,2.36,6855,2.36,-0.16,0.18,0,3812,3812,1.31,0.04,3781,1.3,0.0,0.25,2255,0.77,12.35,183.53,right_skewed,True,True,True,True,moderate,log_transform_or_winsorize,0.0,0.0,zero_inflated,log1p_or_tweedie,True,False,True,True,True,True,True,True,0.7,drop_or_encode,near_constant,0.9764,73,12.3483,0.0
504,PREV_NAME_TYPE_SUITE_Other_B_MEAN,291057,16454,0.0,0.0,0.0,0.0,0.0,0,12904,12904,4.43,12904,4.43,-0.22,0.24,0,5891,5891,2.02,0.05,4395,1.51,0.0,0.33,2690,0.92,8.79,92.93,right_skewed,True,True,True,True,moderate,log_transform_or_winsorize,0.0,0.0,zero_inflated,log1p_or_tweedie,True,False,True,True,True,True,True,True,0.7,drop_or_encode,near_constant,0.9557,104,8.7859,0.0
505,"PREV_NAME_TYPE_SUITE_Spouse, partner_MEAN",291057,16454,0.0,0.0,0.0,0.0,0.0,0,42705,42705,14.67,42705,14.67,-0.4,0.49,0,10056,10056,3.45,0.1,4809,1.65,0.0,1.0,0,0.0,4.27,20.8,right_skewed,True,True,True,True,severe,consider_log_transform,0.0,0.0,zero_inflated,log1p_or_tweedie,True,True,False,True,True,True,True,True,0.7,drop_or_encode,near_constant,0.8533,166,4.2723,0.0
506,PREV_NAME_TYPE_SUITE_Unaccompanied_MEAN,291057,16454,0.0,0.5,0.5,-0.75,1.25,0,0,0,0.0,0,0.0,-0.61,1.17,0,0,0,0.0,0.25,0,0.0,0.0,1.0,0,0.0,0.91,0.03,moderate_deviation,False,True,False,False,none,none_needed,-0.75,1.25,approximately_normal,none_or_standard_scaler,True,False,False,True,True,True,False,True,0.7,drop_or_encode,near_constant,0.3704,389,0.9126,0.0
507,PREV_NAME_TYPE_SUITE_nan_MEAN,291057,16454,0.25,0.7,0.45,-0.42,1.38,0,0,0,0.0,0,0.0,-0.51,1.47,0,0,0,0.0,0.25,0,0.0,0.0,1.0,0,0.0,0.05,-1.02,light_tailed,False,False,False,False,none,none_needed,-0.42,1.38,approximately_normal,none_or_standard_scaler,False,False,False,True,True,True,False,True,0.2,drop_or_encode,near_constant,0.195,403,0.048,0.0
508,PREV_NAME_YIELD_GROUP_XNA_MEAN,291057,16454,0.0,0.4,0.4,-0.6,1.0,0,0,0,0.0,0,0.0,-0.5,0.96,0,2494,2494,0.86,0.2,0,0.0,0.0,0.86,2818,0.97,0.72,-0.39,moderate_deviation,False,True,False,False,none,none_needed,-0.6,1.0,approximately_normal,none_or_standard_scaler,True,False,False,True,True,True,False,True,0.7,drop_or_encode,near_constant,0.4309,411,0.724,0.0
509,PREV_NAME_YIELD_GROUP_high_MEAN,291057,16454,0.0,0.39,0.39,-0.58,0.97,0,20414,20414,7.01,0,0.0,-0.64,1.12,0,0,0,0.0,0.14,20486,7.04,0.0,1.0,0,0.0,1.27,0.79,right_skewed,False,True,True,True,high,log_transform_or_winsorize,-0.58,0.97,right_skewed,log1p,True,True,False,True,True,True,False,True,1.0,drop_or_encode,near_constant,0.4371,341,1.2663,7.01
510,PREV_NAME_YIELD_GROUP_low_action_MEAN,291057,16454,0.0,0.0,0.0,0.0,0.0,0,57516,57516,19.76,57516,19.76,-0.48,0.62,0,7883,7883,2.71,0.12,7834,2.69,0.0,1.0,0,0.0,3.52,13.22,right_skewed,True,True,True,True,severe,consider_log_transform,0.0,0.0,zero_inflated,log1p_or_tweedie,True,True,False,True,True,True,True,True,0.7,drop_or_encode,near_constant,0.8024,230,3.5206,0.0
511,PREV_NAME_YIELD_GROUP_low_normal_MEAN,291057,16454,0.0,0.33,0.33,-0.5,0.83,0,17904,17904,6.15,0,0.0,-0.62,1.04,0,0,0,0.0,0.11,19839,6.82,0.0,1.0,0,0.0,1.5,1.66,right_skewed,True,True,True,True,high,robust_scaling_or_transform,-0.5,0.83,right_skewed,log1p,True,True,False,True,True,True,False,True,1.0,drop_or_encode,near_constant,0.4648,326,1.4994,6.15
512,PREV_NAME_YIELD_GROUP_middle_MEAN,291057,16454,0.0,0.4,0.4,-0.6,1.0,0,0,0,0.0,0,0.0,-0.63,1.14,0,0,0,0.0,0.18,0,0.0,0.0,1.0,0,0.0,1.2,0.67,right_skewed,False,True,False,False,none,none_needed,-0.6,1.0,right_skewed,log1p,True,False,False,True,True,True,False,True,0.7,drop_or_encode,near_constant,0.3936,329,1.1964,0.0
513,PREV_NAME_YIELD_GROUP_nan_MEAN,291057,16454,0.0,0.0,0.0,0.0,0.0,0,0,0,0.0,0,0.0,,,0,0,0,0.0,,0,0.0,0.0,0.0,0,0.0,,,moderate_deviation,False,False,False,False,none,none_needed,0.0,0.0,constant_or_near_constant,drop_column,True,False,False,True,True,True,True,False,0.2,drop_or_encode,near_constant,1.0,1,0.0,0.0
514,PREV_PRODUCT_COMBINATION_Card Street_MEAN,291057,16454,0.0,0.0,0.0,0.0,0.0,0,65456,65456,22.49,65456,22.49,-0.36,0.48,0,10151,10151,3.49,0.09,10150,3.49,0.0,0.6,2821,0.97,3.2,12.74,right_skewed,True,True,True,True,severe,consider_log_transform,0.0,0.0,zero_inflated,log1p_or_tweedie,True,True,False,True,True,True,True,True,0.7,drop_or_encode,near_constant,0.7751,248,3.2005,0.0
515,PREV_PRODUCT_COMBINATION_Card X-Sell_MEAN,291057,16454,0.0,0.0,0.0,0.0,0.0,0,57784,57784,19.85,57784,19.85,-0.24,0.32,0,9846,9846,3.38,0.06,9846,3.38,0.0,0.5,340,0.12,3.0,11.34,right_skewed,True,True,True,True,severe,consider_log_transform,0.0,0.0,zero_inflated,log1p_or_tweedie,True,True,False,True,True,True,True,True,0.7,drop_or_encode,near_constant,0.8015,181,3.0005,0.0
516,PREV_PRODUCT_COMBINATION_Cash Street: high_MEAN,291057,16454,0.0,0.0,0.0,0.0,0.0,0,33185,33185,11.4,33185,11.4,-0.33,0.39,0,7020,7020,2.41,0.08,6381,2.19,0.0,0.6,2752,0.95,5.28,33.05,right_skewed,True,True,True,True,severe,consider_log_transform,0.0,0.0,zero_inflated,log1p_or_tweedie,True,True,False,True,True,True,True,True,0.7,drop_or_encode,near_constant,0.886,247,5.2762,0.0
517,PREV_PRODUCT_COMBINATION_Cash Street: low_MEAN,291057,16454,0.0,0.0,0.0,0.0,0.0,0,16618,16618,5.71,16618,5.71,-0.21,0.24,0,6310,6310,2.17,0.05,4945,1.7,0.0,0.38,2855,0.98,7.87,77.2,right_skewed,True,True,True,True,high,robust_scaling_or_transform,0.0,0.0,zero_inflated,log1p_or_tweedie,True,True,False,True,True,True,True,True,0.7,drop_or_encode,near_constant,0.9429,237,7.8741,0.0
518,PREV_PRODUCT_COMBINATION_Cash Street: middle_MEAN,291057,16454,0.0,0.0,0.0,0.0,0.0,0,20591,20591,7.07,20591,7.07,-0.24,0.27,0,5749,5749,1.98,0.06,5403,1.86,0.0,0.45,2905,1.0,7.34,66.43,right_skewed,True,True,True,True,high,robust_scaling_or_transform,0.0,0.0,zero_inflated,log1p_or_tweedie,True,True,False,True,True,True,True,True,0.7,drop_or_encode,near_constant,0.9293,210,7.3389,0.0
519,PREV_PRODUCT_COMBINATION_Cash X-Sell: high_MEAN,291057,16454,0.0,0.0,0.0,0.0,0.0,0,35596,35596,12.23,35596,12.23,-0.24,0.3,0,8998,8998,3.09,0.06,8782,3.02,0.0,0.5,853,0.29,4.1,20.03,right_skewed,True,True,True,True,severe,consider_log_transform,0.0,0.0,zero_inflated,log1p_or_tweedie,True,True,False,True,True,True,True,True,0.7,drop_or_encode,near_constant,0.8777,205,4.0988,0.0
520,PREV_PRODUCT_COMBINATION_Cash X-Sell: low_MEAN,291057,16454,0.0,0.0,0.0,0.0,0.0,0,65794,65794,22.61,65794,22.61,-0.3,0.41,0,6443,6443,2.21,0.08,6415,2.2,0.0,0.5,1597,0.55,2.77,9.58,right_skewed,True,True,True,True,severe,consider_log_transform,0.0,0.0,zero_inflated,log1p_or_tweedie,True,True,False,True,True,True,True,True,0.7,drop_or_encode,near_constant,0.7739,284,2.7679,0.0
521,PREV_PRODUCT_COMBINATION_Cash X-Sell: middle_MEAN,291057,16454,0.0,0.0,0.0,0.0,0.0,0,71255,71255,24.48,71255,24.48,-0.34,0.46,0,8692,8692,2.99,0.09,8679,2.98,0.0,0.55,2890,0.99,2.63,8.09,right_skewed,True,True,True,True,severe,consider_log_transform,0.0,0.0,zero_inflated,log1p_or_tweedie,True,True,False,True,True,True,True,True,0.7,drop_or_encode,near_constant,0.7552,263,2.6257,0.0
522,PREV_PRODUCT_COMBINATION_Cash_MEAN,291057,16454,0.0,0.2,0.2,-0.3,0.5,0,7673,7673,2.64,369,0.13,-0.41,0.63,0,3682,3682,1.27,0.12,4153,1.43,0.0,0.67,1533,0.53,1.52,1.56,right_skewed,True,True,True,True,moderate,log_transform_or_winsorize,-0.3,0.5,zero_inflated,log1p_or_tweedie,True,False,True,True,True,True,True,True,0.7,drop_or_encode,near_constant,0.6471,375,1.5244,2.64
523,PREV_PRODUCT_COMBINATION_POS household with interest_MEAN,291057,16454,0.0,0.33,0.33,-0.5,0.83,0,21679,21679,7.45,0,0.0,-0.67,1.09,0,0,0,0.0,0.2,0,0.0,0.0,1.0,0,0.0,1.52,1.41,right_skewed,True,True,True,True,high,robust_scaling_or_transform,-0.5,0.83,right_skewed,log1p,True,True,False,True,True,True,False,True,1.0,drop_or_encode,near_constant,0.5087,273,1.5212,7.45
524,PREV_PRODUCT_COMBINATION_POS household without interest_MEAN,291057,16454,0.0,0.0,0.0,0.0,0.0,0,55486,55486,19.06,55486,19.06,-0.48,0.61,0,7500,7500,2.58,0.12,7473,2.57,0.0,1.0,0,0.0,3.57,13.7,right_skewed,True,True,True,True,severe,consider_log_transform,0.0,0.0,zero_inflated,log1p_or_tweedie,True,True,False,True,True,True,True,True,0.7,drop_or_encode,near_constant,0.8094,171,3.5733,0.0
525,PREV_PRODUCT_COMBINATION_POS industry with interest_MEAN,291057,16454,0.0,0.0,0.0,0.0,0.0,0,64216,64216,22.06,64216,22.06,-0.56,0.73,0,10577,10577,3.63,0.15,10287,3.53,0.0,1.0,0,0.0,3.05,9.17,right_skewed,True,True,True,True,severe,consider_log_transform,0.0,0.0,zero_inflated,log1p_or_tweedie,True,True,False,True,True,True,True,True,0.7,drop_or_encode,near_constant,0.7794,179,3.0548,0.0
526,PREV_PRODUCT_COMBINATION_POS industry without interest_MEAN,291057,16454,0.0,0.0,0.0,0.0,0.0,0,9497,9497,3.26,9497,3.26,-0.23,0.26,0,4064,4064,1.4,0.05,4059,1.39,0.0,0.33,2784,0.96,9.52,101.87,right_skewed,True,True,True,True,moderate,log_transform_or_winsorize,0.0,0.0,zero_inflated,log1p_or_tweedie,True,False,True,True,True,True,True,True,0.7,drop_or_encode,near_constant,0.9674,80,9.5176,0.0
527,PREV_PRODUCT_COMBINATION_POS mobile with interest_MEAN,291057,16454,0.0,0.25,0.25,-0.38,0.62,0,23844,23844,8.19,0,0.0,-0.65,0.99,0,16600,16600,5.7,0.18,16600,5.7,0.0,1.0,0,0.0,1.81,2.51,right_skewed,True,True,True,True,high,robust_scaling_or_transform,-0.38,0.62,right_skewed,log1p,True,True,False,True,True,True,False,True,1.0,drop_or_encode,near_constant,0.5901,244,1.8137,8.19
528,PREV_PRODUCT_COMBINATION_POS mobile without interest_MEAN,291057,16454,0.0,0.0,0.0,0.0,0.0,0,17554,17554,6.03,17554,6.03,-0.31,0.35,0,5221,5221,1.79,0.07,5195,1.78,0.0,0.5,2535,0.87,6.86,52.66,right_skewed,True,True,True,True,high,robust_scaling_or_transform,0.0,0.0,zero_inflated,log1p_or_tweedie,True,True,False,True,True,True,True,True,0.7,drop_or_encode,near_constant,0.9397,102,6.863,0.0
529,PREV_PRODUCT_COMBINATION_POS other with interest_MEAN,291057,16454,0.0,0.0,0.0,0.0,0.0,0,16844,16844,5.79,16844,5.79,-0.31,0.36,0,5366,5366,1.84,0.08,5323,1.83,0.0,0.57,2905,1.0,6.88,52.0,right_skewed,True,True,True,True,high,robust_scaling_or_transform,0.0,0.0,zero_inflated,log1p_or_tweedie,True,True,False,True,True,True,True,True,0.7,drop_or_encode,near_constant,0.9421,118,6.8831,0.0
530,PREV_PRODUCT_COMBINATION_POS others without interest_MEAN,291057,16454,0.0,0.0,0.0,0.0,0.0,0,1890,1890,0.65,1890,0.65,-0.11,0.12,0,1586,1586,0.54,0.03,1505,0.52,0.0,0.0,1890,0.65,20.84,486.73,right_skewed,True,True,True,True,low,investigate_individually,0.0,0.0,zero_inflated,log1p_or_tweedie,True,False,False,True,True,True,True,True,0.7,drop_or_encode,near_constant,0.9935,50,20.8354,0.0
531,PREV_PRODUCT_COMBINATION_nan_MEAN,291057,16454,0.0,0.0,0.0,0.0,0.0,0,284,284,0.1,284,0.1,-0.02,0.02,0,284,284,0.1,0.0,282,0.1,0.0,0.0,284,0.1,52.23,3266.04,right_skewed,True,True,True,True,low,investigate_individually,0.0,0.0,zero_inflated,log1p_or_tweedie,True,False,False,True,True,True,True,True,0.7,drop_or_encode,near_constant,0.999,40,52.2275,0.0
532,PREV_RATE_DOWN_PAYMENT_MAX,273605,33906,0.0,0.19,0.19,-0.29,0.49,0,8271,8271,3.02,198,0.07,-0.27,0.52,0,6321,6321,2.31,0.1,1173,0.43,0.0,0.56,2737,1.0,1.58,3.15,right_skewed,True,True,True,True,moderate,log_transform_or_winsorize,-0.29,0.49,heavy_tailed,log1p_or_quantile_transform,True,False,True,True,False,False,False,True,0.8,bin,high_skew,0.2813,118254,1.581,3.02
533,PREV_RATE_DOWN_PAYMENT_MEAN,273605,33906,0.0,0.11,0.11,-0.16,0.27,0,10536,10536,3.85,2343,0.86,-0.19,0.35,0,4922,4922,1.8,0.05,5236,1.91,0.0,0.42,2738,1.0,2.05,6.95,right_skewed,True,True,True,True,moderate,log_transform_or_winsorize,-0.16,0.27,heavy_tailed,quantile_transform_or_robust_scaler,True,False,True,True,False,False,False,True,0.8,bin,high_skew,0.2813,165733,2.0455,3.85
534,PREV_SK_ID_PREV_NUNIQUE,291057,16454,2.0,6.0,4.0,-4.0,12.0,0,15426,15426,5.3,3806,1.31,-7.58,17.3,0,4718,4718,1.62,2.0,9422,3.24,1.0,20.0,2501,0.86,2.31,10.47,right_skewed,True,True,True,True,high,robust_scaling_or_transform,-4.0,12.0,heavy_tailed,log1p_or_quantile_transform,True,True,False,True,True,True,False,True,0.8,drop_or_encode,near_constant,0.0,65,2.3122,5.3
535,PREV_WEEKDAY_APPR_PROCESS_START_FRIDAY_MEAN,291057,16454,0.0,0.25,0.25,-0.38,0.62,0,15226,15226,5.23,0,0.0,-0.56,0.86,0,9550,9550,3.28,0.16,9781,3.36,0.0,1.0,0,0.0,1.95,3.65,right_skewed,True,True,True,True,high,robust_scaling_or_transform,-0.38,0.62,heavy_tailed,log1p_or_quantile_transform,True,True,False,True,True,True,False,True,1.0,drop_or_encode,near_constant,0.5884,313,1.9548,5.23
536,PREV_WEEKDAY_APPR_PROCESS_START_MONDAY_MEAN,291057,16454,0.0,0.25,0.25,-0.38,0.62,0,15251,15251,5.24,0,0.0,-0.56,0.85,0,9374,9374,3.22,0.16,9562,3.29,0.0,1.0,0,0.0,1.96,3.67,right_skewed,True,True,True,True,high,robust_scaling_or_transform,-0.38,0.62,heavy_tailed,log1p_or_quantile_transform,True,True,False,True,True,True,False,True,1.0,drop_or_encode,near_constant,0.5952,304,1.9623,5.24
537,PREV_WEEKDAY_APPR_PROCESS_START_SATURDAY_MEAN,291057,16454,0.0,0.25,0.25,-0.38,0.62,0,18252,18252,6.27,0,0.0,-0.6,0.91,0,12126,12126,4.17,0.17,12154,4.18,0.0,1.0,0,0.0,1.93,3.32,right_skewed,True,True,True,True,high,robust_scaling_or_transform,-0.38,0.62,heavy_tailed,log1p_or_quantile_transform,True,True,False,True,True,True,False,True,1.0,drop_or_encode,near_constant,0.5901,301,1.933,6.27
538,PREV_WEEKDAY_APPR_PROCESS_START_SUNDAY_MEAN,291057,16454,0.0,0.14,0.14,-0.21,0.36,0,30972,30972,10.64,14160,4.87,-0.56,0.79,0,9847,9847,3.38,0.15,9847,3.38,0.0,1.0,0,0.0,2.49,6.13,right_skewed,True,True,True,True,severe,consider_log_transform,-0.21,0.36,zero_inflated,log1p_or_tweedie,True,True,False,True,True,True,True,True,1.0,drop_or_encode,near_constant,0.6836,259,2.4865,10.64
539,PREV_WEEKDAY_APPR_PROCESS_START_THURSDAY_MEAN,291057,16454,0.0,0.25,0.25,-0.38,0.62,0,15116,15116,5.19,0,0.0,-0.56,0.85,0,9547,9547,3.28,0.16,9700,3.33,0.0,1.0,0,0.0,1.98,3.78,right_skewed,True,True,True,True,high,robust_scaling_or_transform,-0.38,0.62,heavy_tailed,log1p_or_quantile_transform,True,True,False,True,True,True,False,True,1.0,drop_or_encode,near_constant,0.5935,319,1.983,5.19
540,PREV_WEEKDAY_APPR_PROCESS_START_TUESDAY_MEAN,291057,16454,0.0,0.25,0.25,-0.38,0.62,0,15201,15201,5.22,0,0.0,-0.56,0.86,0,9415,9415,3.23,0.16,9599,3.3,0.0,1.0,0,0.0,1.95,3.64,right_skewed,True,True,True,True,high,robust_scaling_or_transform,-0.38,0.62,heavy_tailed,log1p_or_quantile_transform,True,True,False,True,True,True,False,True,1.0,drop_or_encode,near_constant,0.5891,316,1.9502,5.22
541,PREV_WEEKDAY_APPR_PROCESS_START_WEDNESDAY_MEAN,291057,16454,0.0,0.25,0.25,-0.38,0.62,0,15478,15478,5.32,0,0.0,-0.56,0.86,0,9509,9509,3.27,0.16,9763,3.35,0.0,1.0,0,0.0,1.95,3.62,right_skewed,True,True,True,True,high,robust_scaling_or_transform,-0.38,0.62,heavy_tailed,log1p_or_quantile_transform,True,True,False,True,True,True,False,True,1.0,drop_or_encode,near_constant,0.5881,316,1.9488,5.32
542,PREV_WEEKDAY_APPR_PROCESS_START_nan_MEAN,291057,16454,0.0,0.0,0.0,0.0,0.0,0,0,0,0.0,0,0.0,,,0,0,0,0.0,,0,0.0,0.0,0.0,0,0.0,,,moderate_deviation,False,False,False,False,none,none_needed,0.0,0.0,constant_or_near_constant,drop_column,True,False,False,True,True,True,True,False,0.2,drop_or_encode,near_constant,1.0,1,0.0,0.0
543,REFUSED_AMT_APPLICATION_MAX,100294,207217,67500.0,494988.75,427488.75,-573733.12,1136221.88,0,8447,8447,8.42,2649,2.64,-1056429.7,1833258.41,0,1729,1729,1.72,157500.0,11225,11.19,0.0,2250000.0,493,0.49,2.13,5.54,right_skewed,True,True,True,True,high,robust_scaling_or_transform,-573733.12,1136221.88,heavy_tailed,log1p_or_quantile_transform,True,True,False,True,False,False,False,True,0.8,bin,"high_skew, high_outliers",0.0813,17300,2.1275,8.42
544,REFUSED_AMT_APPLICATION_MEAN,100294,207217,58447.12,382500.0,324052.88,-427632.19,868579.31,0,8630,8630,8.6,2141,2.13,-825540.09,1417326.09,0,1899,1899,1.89,115106.06,10617,10.59,0.0,1755000.0,1002,1.0,2.45,8.01,right_skewed,True,True,True,True,high,robust_scaling_or_transform,-427632.19,868579.31,heavy_tailed,log1p_or_quantile_transform,True,True,False,True,False,False,False,True,0.8,bin,"high_skew, high_outliers",0.0813,32297,2.4506,8.6
545,REFUSED_AMT_CREDIT_MAX,100294,207217,85037.62,585000.0,499962.38,-664905.94,1334943.56,0,7773,7773,7.75,1641,1.64,-1134338.5,2003920.42,0,2214,2214,2.21,180000.0,10557,10.53,0.0,2303460.0,1000,1.0,2.06,5.13,right_skewed,True,True,True,True,high,robust_scaling_or_transform,-664905.94,1334943.56,heavy_tailed,log1p_or_quantile_transform,True,True,False,True,False,False,False,True,0.8,bin,"high_skew, high_outliers",0.0492,24804,2.0575,7.75
546,REFUSED_AMT_CREDIT_MEAN,100294,207217,70864.12,443160.0,372295.88,-487579.69,1001603.81,0,7515,7515,7.49,1875,1.87,-883554.91,1546398.27,0,1912,1912,1.91,135000.0,9835,9.81,0.0,1862802.0,996,0.99,2.37,7.44,right_skewed,True,True,True,True,high,robust_scaling_or_transform,-487579.69,1001603.81,heavy_tailed,log1p_or_quantile_transform,True,True,False,True,False,False,False,True,0.8,bin,"high_skew, high_outliers",0.0492,53226,2.3748,7.49
547,REFUSED_APP_CREDIT_PERC_MAX,95364,212147,0.91,1.0,0.09,0.78,1.13,5531,6779,12310,12.91,6428,6.74,0.08,1.86,3225,731,3956,4.15,0.06,6727,7.05,0.0,1.71,953,1.0,8.94,341.13,right_skewed,True,True,True,True,severe,consider_log_transform,0.78,1.13,heavy_tailed,log1p_or_quantile_transform,True,True,False,True,False,False,False,True,0.8,bin,"high_skew, high_outliers",0.0338,22656,8.9382,12.91
548,REFUSED_APP_CREDIT_PERC_MEAN,95364,212147,0.88,1.0,0.12,0.7,1.18,6721,3202,9923,10.41,6203,6.5,0.19,1.65,3286,509,3795,3.98,0.05,9127,9.57,0.0,1.43,954,1.0,0.49,50.05,heavy_tailed,True,False,True,True,severe,consider_log_transform,0.7,1.18,heavy_tailed,quantile_transform_or_robust_scaler,True,True,False,True,False,False,False,True,0.5,bin,high_outliers,0.0338,43000,0.4881,10.41
549,REFUSED_DAYS_DECISION_MEAN,100294,207217,-1218.0,-286.0,932.0,-2616.0,1112.0,2981,0,2981,2.97,0,0.0,-3081.28,1385.77,0,0,0,0.0,331.4,8515,8.49,-2785.03,-13.0,1950,1.94,-1.14,0.2,left_skewed,False,True,False,True,moderate,winsorize_lower_or_clip,-2616.0,1112.0,left_skewed,yeo_johnson_or_square_transform,True,False,True,True,False,False,False,True,0.5,bin,high_skew,0.0,17440,1.1392,2.97
550,REFUSED_DAYS_DECISION_MIN,100294,207217,-1532.0,-316.0,1216.0,-3356.0,1508.0,0,0,0,0.0,0,0.0,-3481.51,1513.61,0,0,0,0.0,418.0,1424,1.42,-2841.0,-14.0,1995,1.99,-0.87,-0.59,moderate_deviation,False,True,False,False,none,none_needed,-3356.0,1508.0,approximately_normal,none_or_standard_scaler,True,False,False,True,True,False,False,True,0.5,treat_as_categorical,"high_skew, discrete",0.0,2921,0.8651,0.0
551,REFUSED_SK_ID_PREV_NUNIQUE,100294,207217,1.0,3.0,2.0,-2.0,6.0,0,5530,5530,5.51,2022,2.02,-4.67,9.56,0,2022,2022,2.02,1.0,3784,3.77,1.0,12.0,825,0.82,4.08,36.42,right_skewed,True,True,True,True,high,robust_scaling_or_transform,-2.0,6.0,heavy_tailed,log1p_or_quantile_transform,True,True,False,True,True,True,False,True,0.8,drop_or_encode,near_constant,0.0,45,4.0793,5.51
552,REGION_POPULATION_RELATIVE,307511,0,0.01,0.03,0.02,-0.02,0.06,0,8412,8412,2.74,0,0.0,-0.02,0.06,0,8412,8412,2.74,0.01,8412,2.74,0.0,0.07,2971,0.97,1.49,3.26,right_skewed,True,True,True,True,moderate,log_transform_or_winsorize,-0.02,0.06,heavy_tailed,log1p_or_quantile_transform,True,False,True,True,True,True,False,True,0.5,drop_or_encode,near_constant,0.0,81,1.488,2.74
553,REGION_RATING_CLIENT,307511,0,2.0,2.0,0.0,2.0,2.0,32197,48330,80527,26.19,80527,26.19,0.53,3.58,0,0,0,0.0,0.34,0,0.0,1.0,3.0,0,0.0,0.09,0.8,approximately_normal,False,False,True,True,severe,review_data_source,2.0,2.0,approximately_normal,none_or_standard_scaler,False,True,False,True,True,True,False,False,0.0,drop_or_encode,near_constant,0.0,3,0.0875,0.0
554,REGION_RATING_CLIENT_W_CITY,307511,0,2.0,2.0,0.0,2.0,2.0,34167,43860,78027,25.37,78027,25.37,0.52,3.54,0,0,0,0.0,0.34,0,0.0,1.0,3.0,0,0.0,0.06,0.93,approximately_normal,False,False,True,True,severe,review_data_source,2.0,2.0,approximately_normal,none_or_standard_scaler,False,True,False,True,True,True,False,False,0.0,drop_or_encode,near_constant,0.0,3,0.0597,0.0
555,REG_CITY_NOT_LIVE_CITY,307511,0,0.0,0.0,0.0,0.0,0.0,0,24039,24039,7.82,24039,7.82,-0.73,0.88,0,24039,24039,7.82,0.18,24039,7.82,0.0,1.0,0,0.0,3.14,7.88,right_skewed,True,True,True,True,high,robust_scaling_or_transform,0.0,0.0,zero_inflated,log1p_or_tweedie,True,True,False,True,True,True,True,False,0.5,drop_or_encode,near_constant,0.9218,2,3.1428,0.0
556,REG_CITY_NOT_WORK_CITY,307511,0,0.0,0.0,0.0,0.0,0.0,0,70867,70867,23.05,70867,23.05,-1.03,1.49,0,0,0,0.0,0.28,0,0.0,0.0,1.0,0,0.0,1.28,-0.36,right_skewed,False,True,True,True,severe,review_data_source,0.0,0.0,zero_inflated,log1p_or_tweedie,True,True,False,True,True,True,True,False,0.5,drop_or_encode,near_constant,0.7695,2,1.2801,0.0
557,REG_REGION_NOT_LIVE_REGION,307511,0,0.0,0.0,0.0,0.0,0.0,0,4657,4657,1.51,4657,1.51,-0.35,0.38,0,4657,4657,1.51,0.08,4657,1.51,0.0,1.0,0,0.0,7.94,61.05,right_skewed,True,True,True,True,moderate,log_transform_or_winsorize,0.0,0.0,zero_inflated,log1p_or_tweedie,True,False,False,True,True,True,True,False,0.5,drop_or_encode,near_constant,0.9849,2,7.9403,0.0
558,REG_REGION_NOT_WORK_REGION,307511,0,0.0,0.0,0.0,0.0,0.0,0,15612,15612,5.08,15612,5.08,-0.61,0.71,0,15612,15612,5.08,0.15,15612,5.08,0.0,1.0,0,0.0,4.09,14.75,right_skewed,True,True,True,True,high,robust_scaling_or_transform,0.0,0.0,zero_inflated,log1p_or_tweedie,True,True,False,True,True,True,True,False,0.5,drop_or_encode,near_constant,0.9492,2,4.0928,0.0
559,SK_ID_CURR,307511,0,189145.5,367142.5,177997.0,-77850.0,634138.0,0,0,0,0.0,0,0.0,-30190.01,586551.04,0,0,0,0.0,88999.0,0,0.0,103590.2,452712.9,6152,2.0,-0.0,-1.2,light_tailed,False,False,False,False,none,none_needed,-77850.0,634138.0,approximately_normal,none_or_standard_scaler,True,False,False,True,False,False,False,False,0.2,keep_continuous,no_strong_signal,0.0,307511,0.0012,0.0
560,TARGET,307511,0,0.0,0.0,0.0,0.0,0.0,0,24825,24825,8.07,24825,8.07,-0.74,0.9,0,24825,24825,8.07,0.18,24825,8.07,0.0,1.0,0,0.0,3.08,7.47,right_skewed,True,True,True,True,high,robust_scaling_or_transform,0.0,0.0,zero_inflated,log1p_or_tweedie,True,True,False,True,True,True,True,False,0.5,drop_or_encode,near_constant,0.9193,2,3.0782,0.0
561,TOTALAREA_MODE,159080,148431,0.04,0.13,0.09,-0.09,0.26,0,12091,12091,7.6,4305,2.71,-0.22,0.42,0,3323,3323,2.09,0.04,11542,7.26,0.0,0.53,3047,1.92,2.8,12.17,right_skewed,True,True,True,True,high,robust_scaling_or_transform,-0.09,0.26,heavy_tailed,log1p_or_quantile_transform,True,True,False,True,True,False,False,True,0.8,treat_as_categorical,"high_skew, high_outliers, discrete",0.0037,5116,2.7976,7.6
562,YEARS_BEGINEXPLUATATION_AVG,157504,150007,0.98,0.99,0.01,0.96,1.0,4784,0,4784,3.04,1420,0.9,0.8,1.16,694,0,694,0.44,0.01,2837,1.8,0.95,1.0,2421,1.54,-15.52,248.17,left_skewed,True,True,True,True,moderate,winsorize_lower_or_clip,0.96,1.0,heavy_tailed,quantile_transform_or_robust_scaler,True,False,True,True,True,True,False,True,0.8,drop_or_encode,near_constant,0.0033,285,15.5153,3.04
563,YEARS_BEGINEXPLUATATION_MEDI,157504,150007,0.98,0.99,0.01,0.96,1.0,4762,0,4762,3.02,1376,0.87,0.8,1.16,652,0,652,0.41,0.01,2799,1.78,0.95,1.0,2462,1.56,-15.57,248.39,left_skewed,True,True,True,True,moderate,winsorize_lower_or_clip,0.96,1.0,heavy_tailed,quantile_transform_or_robust_scaler,True,False,True,True,True,True,False,True,0.8,drop_or_encode,near_constant,0.0035,245,15.5731,3.02
564,YEARS_BEGINEXPLUATATION_MODE,157504,150007,0.98,0.99,0.01,0.96,1.0,5074,0,5074,3.22,1455,0.92,0.78,1.17,680,0,680,0.43,0.01,2950,1.87,0.95,1.0,2484,1.58,-14.76,219.96,left_skewed,True,True,True,True,moderate,winsorize_lower_or_clip,0.96,1.0,heavy_tailed,quantile_transform_or_robust_scaler,True,False,True,True,True,True,False,True,0.8,drop_or_encode,near_constant,0.0009,221,14.7553,3.22
565,YEARS_BUILD_AVG,103023,204488,0.69,0.82,0.14,0.48,1.03,2154,0,2154,2.09,397,0.39,0.41,1.09,1193,0,1193,1.16,0.07,1146,1.11,0.35,0.99,1657,1.61,-0.96,4.4,heavy_tailed,True,True,True,True,moderate,winsorize_lower_or_clip,0.48,1.03,heavy_tailed,quantile_transform_or_robust_scaler,True,False,True,True,True,True,False,True,0.5,drop_or_encode,near_constant,0.001,149,0.9625,2.09
566,YEARS_BUILD_MEDI,103023,204488,0.69,0.83,0.13,0.49,1.03,2274,0,2274,2.21,405,0.39,0.42,1.09,1206,0,1206,1.17,0.07,1157,1.12,0.36,0.99,1682,1.63,-0.96,4.47,heavy_tailed,True,True,True,True,moderate,winsorize_lower_or_clip,0.49,1.03,heavy_tailed,quantile_transform_or_robust_scaler,True,False,True,True,True,True,False,True,0.5,drop_or_encode,near_constant,0.001,151,0.9628,2.21
567,YEARS_BUILD_MODE,103023,204488,0.7,0.82,0.12,0.51,1.01,2537,0,2537,2.46,471,0.46,0.43,1.09,1208,0,1208,1.17,0.07,1208,1.17,0.37,0.99,1419,1.38,-1.0,4.76,left_skewed,True,True,True,True,moderate,winsorize_lower_or_clip,0.51,1.01,heavy_tailed,quantile_transform_or_robust_scaler,True,False,True,True,True,True,False,True,0.5,drop_or_encode,near_constant,0.001,154,1.0023,2.46
