,column,sample_size,target_type,pearson_corr_with_target,pearson_pvalue,pearson_ci_lower,pearson_ci_upper,spearman_corr_with_target,spearman_pvalue,point_biserial_corr,point_biserial_pvalue,mutual_info_score,mutual_info_normalized,eta_squared,abs_max_correlation,best_method,best_correlation,best_pvalue,correlation_direction,signal_strength,is_significant,is_strong_signal,mutual_information_numeric,nonlinear_signal_strength,signal_to_noise_flag,target_mean_by_bin_variation,monotonic_trend_with_target,bin_lift_max,correlation,information_value,predictive_level,is_predictive,n_valid_bins,unique_values,reason,max_abs_correlation,corr_score,mi_score,bin_var_score,bin_lift_score,total_score,predictive_power_band
0,AMT_ANNUITY,307499,binary,-0.0128,0.0,-0.0164,-0.0093,-0.0001,0.967562,-0.0128,0.0,0.0122,0.0061,0.0002,0.0128,point_biserial,-0.0128,0.0,negative,negligible,True,False,0.012044,weak,True,0.043,True,1.2488,-0.0001,0.0266,weak,False,10,13672,,0.0128,0,1,1,0,2,weak
1,AMT_CREDIT,307511,binary,-0.0304,0.0,-0.0339,-0.0268,-0.0175,0.0,-0.0304,0.0,0.0068,0.0034,0.0009,0.0304,point_biserial,-0.0304,0.0,negative,negligible,True,False,0.006944,weak,True,0.0519,True,1.3034,-0.0175,0.0451,weak,True,10,5603,,0.0304,0,1,1,1,3,weak
2,AMT_GOODS_PRICE,307233,binary,-0.0396,0.0,-0.0432,-0.0361,-0.0315,0.0,-0.0396,0.0,0.0061,0.003,0.0016,0.0396,pearson,-0.0396,0.0,negative,negligible,True,False,0.005185,weak,True,0.0836,False,1.644,-0.0315,0.092,weak,True,10,1002,,0.0396,0,1,2,1,4,moderate
3,AMT_INCOME_TOTAL,307511,binary,-0.004,0.027238,-0.0075,-0.0004,-0.0181,0.0,-0.004,0.027238,0.0022,0.0011,0.0,0.0181,spearman,-0.0181,0.0,negative,negligible,True,False,0.00268,negligible,False,0.0286,True,1.1149,-0.0181,0.0108,very_weak,False,10,2548,,0.0181,0,0,0,0,0,very_weak
4,AMT_REQ_CREDIT_BUREAU_DAY,265992,binary,0.0027,0.163084,-0.0011,0.0065,0.0049,0.011224,0.0027,0.163084,0.0001,0.0001,0.0,0.0049,spearman,0.0049,0.011224,none,negligible,True,False,0.0,negligible,False,,False,,,,none,False,0,0,too_few_valid_bins,0.0049,0,0,0,0,0,very_weak
5,AMT_REQ_CREDIT_BUREAU_HOUR,265992,binary,0.0009,0.631328,-0.0029,0.0047,0.001,0.609112,0.0009,0.631328,0.0001,0.0001,0.0,0.001,spearman,0.001,0.609112,none,negligible,False,False,0.0,negligible,False,,False,,,,none,False,0,0,too_few_valid_bins,0.001,0,0,0,0,0,very_weak
6,AMT_REQ_CREDIT_BUREAU_MON,265992,binary,-0.0125,0.0,-0.0163,-0.0087,-0.0069,0.000376,-0.0125,0.0,0.0015,0.0007,0.0002,0.0125,pearson,-0.0125,0.0,negative,negligible,True,False,0.00084,negligible,False,,False,,,,none,False,0,0,too_few_valid_bins,0.0125,0,0,0,0,0,very_weak
7,AMT_REQ_CREDIT_BUREAU_QRT,265992,binary,-0.002,0.297044,-0.0058,0.0018,-0.0085,1.3e-05,-0.002,0.297044,0.0015,0.0007,0.0,0.0085,spearman,-0.0085,1.3e-05,none,negligible,True,False,0.001225,negligible,False,,False,,,,none,False,0,0,too_few_valid_bins,0.0085,0,0,0,0,0,very_weak
8,AMT_REQ_CREDIT_BUREAU_WEEK,265992,binary,0.0008,0.684555,-0.003,0.0046,0.0007,0.704276,0.0008,0.684555,0.0006,0.0003,0.0,0.0008,pearson,0.0008,0.684555,none,negligible,False,False,0.0,negligible,False,,False,,,,none,False,0,0,too_few_valid_bins,0.0008,0,0,0,0,0,very_weak
9,AMT_REQ_CREDIT_BUREAU_YEAR,265992,binary,0.0199,0.0,0.0161,0.0237,0.0195,0.0,0.0199,0.0,0.0072,0.0036,0.0004,0.0199,point_biserial,0.0199,0.0,positive,negligible,True,False,0.010768,weak,True,0.0156,True,1.0881,0.0195,0.0057,very_weak,False,5,25,,0.0199,0,1,0,0,1,very_weak
10,APARTMENTS_AVG,151450,binary,-0.0295,0.0,-0.0345,-0.0245,-0.035,0.0,-0.0295,0.0,0.0008,0.0004,0.0009,0.035,spearman,-0.035,0.0,negative,negligible,True,False,0.017312,weak,True,0.0362,True,1.1403,-0.035,0.0226,weak,False,10,2339,,0.035,0,1,1,0,2,weak
11,APARTMENTS_MEDI,151450,binary,-0.0292,0.0,-0.0342,-0.0242,-0.0345,0.0,-0.0292,0.0,0.0005,0.0003,0.0009,0.0345,spearman,-0.0345,0.0,negative,negligible,True,False,0.017208,weak,True,0.0352,True,1.1357,-0.0345,0.0218,weak,False,10,1148,,0.0345,0,1,1,0,2,weak
12,APARTMENTS_MODE,151450,binary,-0.0273,0.0,-0.0323,-0.0223,-0.033,0.0,-0.0273,0.0,0.0003,0.0001,0.0007,0.033,spearman,-0.033,0.0,negative,negligible,True,False,0.020041,moderate,True,0.0346,True,1.1285,-0.033,0.021,weak,False,10,760,,0.033,0,2,1,0,3,weak
13,APPROVED_AMT_APPLICATION_MAX,290065,binary,-0.0306,0.0,-0.0343,-0.027,-0.0395,0.0,-0.0306,0.0,0.0031,0.0015,0.0009,0.0395,spearman,-0.0395,0.0,negative,negligible,True,False,0.003285,negligible,False,0.054,True,1.4423,-0.0395,0.0321,weak,True,10,50746,,0.0395,0,0,1,1,2,weak
14,APPROVED_AMT_APPLICATION_MEAN,290065,binary,-0.0306,0.0,-0.0343,-0.027,-0.0369,0.0,-0.0306,0.0,0.002,0.001,0.0009,0.0369,spearman,-0.0369,0.0,negative,negligible,True,False,0.001958,negligible,False,0.0444,True,1.3447,-0.0369,0.0218,weak,False,10,168391,,0.0369,0,0,1,1,2,weak
15,APPROVED_AMT_CREDIT_MAX,290065,binary,-0.0276,0.0,-0.0312,-0.024,-0.0344,0.0,-0.0276,0.0,0.0032,0.0016,0.0008,0.0344,spearman,-0.0344,0.0,negative,negligible,True,False,0.003495,negligible,False,0.0512,True,1.41,-0.0344,0.0263,weak,True,10,58928,,0.0344,0,0,1,1,2,weak
16,APPROVED_AMT_CREDIT_MEAN,290065,binary,-0.0258,0.0,-0.0294,-0.0221,-0.031,0.0,-0.0258,0.0,0.0012,0.0006,0.0007,0.031,spearman,-0.031,0.0,negative,negligible,True,False,0.001185,negligible,False,0.0392,True,1.3302,-0.031,0.0168,very_weak,False,10,185460,,0.031,0,0,1,1,2,weak
17,APPROVED_APP_CREDIT_PERC_MAX,290056,binary,-0.0351,0.0,-0.0388,-0.0315,-0.0551,0.0,-0.0351,0.0,0.0041,0.002,0.0012,0.0551,spearman,-0.0551,0.0,negative,negligible,True,False,0.004574,negligible,False,0.0574,True,1.4161,-0.0551,0.046,weak,True,9,145549,,0.0551,1,0,1,1,3,weak
18,APPROVED_APP_CREDIT_PERC_MEAN,290056,binary,-0.0287,0.0,-0.0323,-0.025,-0.0418,0.0,-0.0287,0.0,0.0034,0.0017,0.0008,0.0418,spearman,-0.0418,0.0,negative,negligible,True,False,0.003277,negligible,False,0.0431,True,1.3076,-0.0418,0.0308,weak,False,10,239493,,0.0418,0,0,1,1,2,weak
19,APPROVED_CNT_PAYMENT_MEAN,290065,binary,0.0124,0.0,0.0088,0.016,0.0095,0.0,0.0124,0.0,0.0027,0.0014,0.0002,0.0124,point_biserial,0.0124,0.0,positive,negligible,True,False,0.003656,negligible,False,0.0316,True,1.2281,0.0095,0.0127,very_weak,False,10,1342,,0.0124,0,0,1,0,1,very_weak
20,APPROVED_CNT_PAYMENT_SUM,290065,binary,-0.0086,4e-06,-0.0122,-0.005,-0.0222,0.0,-0.0086,4e-06,0.0016,0.0008,0.0001,0.0222,spearman,-0.0222,0.0,negative,negligible,True,False,0.002302,negligible,False,0.0234,True,1.1813,-0.0222,0.0124,very_weak,False,10,345,,0.0222,0,0,0,0,0,very_weak
21,APPROVED_DAYS_DECISION_MEAN,290065,binary,0.0389,0.0,0.0353,0.0425,0.045,0.0,0.0389,0.0,0.0015,0.0007,0.0015,0.045,spearman,0.045,0.0,positive,negligible,True,False,0.002685,negligible,False,0.0393,True,1.3169,0.045,0.0297,weak,False,10,34247,,0.045,0,0,1,1,2,weak
22,APPROVED_DAYS_DECISION_MIN,290065,binary,0.0535,0.0,0.0499,0.0571,0.0537,0.0,0.0535,0.0,0.0022,0.0011,0.0029,0.0537,spearman,0.0537,0.0,positive,negligible,True,False,0.002069,negligible,False,0.0435,True,1.285,0.0537,0.0398,weak,False,10,2921,,0.0537,1,0,1,0,2,weak
23,APPROVED_SK_ID_PREV_NUNIQUE,290065,binary,-0.0316,0.0,-0.0353,-0.028,-0.0352,0.0,-0.0316,0.0,0.0064,0.0032,0.001,0.0352,spearman,-0.0352,0.0,negative,negligible,True,False,0.007168,weak,True,0.0247,True,1.1249,-0.0352,0.0163,very_weak,False,6,25,,0.0352,0,1,0,0,1,very_weak
24,APP_ADDRESS_MISMATCH_COUNT,307511,binary,0.0448,0.0,0.0413,0.0484,0.0479,0.0,0.0448,0.0,0.0043,0.0021,0.002,0.0479,spearman,0.0479,0.0,positive,negligible,True,False,0.00459,negligible,False,,False,,,,none,False,0,0,too_few_valid_bins,0.0479,0,0,0,0,0,very_weak
25,APP_ANNUITY_INCOME_RATIO,307499,binary,0.0143,0.0,0.0107,0.0178,0.0184,0.0,0.0143,0.0,0.0066,0.0033,0.0002,0.0184,spearman,0.0184,0.0,positive,negligible,True,False,0.00605,weak,True,0.0172,True,1.0968,0.0184,0.0059,very_weak,False,10,88811,,0.0184,0,1,0,0,1,very_weak
26,APP_CAR_BIRTH_RATIO,104582,binary,-0.0488,0.0,-0.0549,-0.0428,-0.0666,0.0,-0.0488,0.0,0.002,0.001,0.0024,0.0666,spearman,-0.0666,0.0,negative,negligible,True,False,0.029883,moderate,True,0.0511,True,1.2649,-0.0666,0.074,weak,True,10,78396,,0.0666,1,2,1,0,4,moderate
27,APP_CONTACT_COUNT,307511,binary,0.0208,0.0,0.0172,0.0243,0.0219,0.0,0.0208,0.0,0.0186,0.0093,0.0004,0.0219,spearman,0.0219,0.0,positive,negligible,True,False,0.018627,weak,True,0.0332,True,1.1131,0.0219,0.0173,very_weak,False,5,6,,0.0219,0,1,1,0,2,weak
28,APP_CREDIT_ANNUITY_RATIO,307499,binary,-0.0321,0.0,-0.0356,-0.0286,-0.0303,0.0,-0.0321,0.0,0.0194,0.0097,0.001,0.0321,pearson,-0.0321,0.0,negative,negligible,True,False,0.019635,weak,True,0.0944,False,1.7679,-0.0303,0.1436,medium,True,10,39539,,0.0321,0,1,2,1,4,moderate
29,APP_CREDIT_INCOME_RATIO,307511,binary,-0.0077,1.8e-05,-0.0113,-0.0042,-0.0018,0.318753,-0.0077,1.8e-05,0.0042,0.0021,0.0001,0.0077,point_biserial,-0.0077,1.8e-05,none,negligible,True,False,0.003924,negligible,False,0.0229,True,1.1391,-0.0018,0.0104,very_weak,False,10,48697,,0.0077,0,0,0,0,0,very_weak
30,APP_DOCUMENT_COUNT,307511,binary,0.0172,0.0,0.0137,0.0207,0.0181,0.0,0.0172,0.0,0.0499,0.025,0.0003,0.0181,spearman,0.0181,0.0,positive,negligible,True,False,0.049432,moderate,True,,False,,,,none,False,0,0,too_few_valid_bins,0.0181,0,2,0,0,2,weak
31,APP_EMPLOYED_BIRTH_RATIO,252137,binary,-0.068,0.0,-0.0718,-0.0641,-0.0679,0.0,-0.068,0.0,0.0029,0.0015,0.0046,0.068,pearson,-0.068,0.0,negative,negligible,True,False,0.004563,negligible,False,0.0611,True,1.3628,-0.0679,0.0679,weak,True,10,249434,,0.068,1,0,1,1,3,weak
32,APP_EXT_SOURCE_MAX,307339,binary,-0.1969,0.0,-0.2003,-0.1935,-0.1757,0.0,-0.1969,0.0,0.0171,0.0085,0.0388,0.1969,pearson,-0.1969,0.0,negative,weak,True,False,0.017253,weak,True,0.1821,True,2.6089,-0.1757,0.4426,strong,True,10,121113,,0.1969,2,1,3,2,8,strong
33,APP_EXT_SOURCE_MEAN,307339,binary,-0.2221,0.0,-0.2254,-0.2187,-0.2043,0.0,-0.2221,0.0,0.0236,0.0118,0.0493,0.2221,pearson,-0.2221,0.0,negative,weak,True,False,0.023564,moderate,True,0.2089,True,2.8407,-0.2043,0.6086,strong,True,10,300347,,0.2221,2,2,3,2,9,strong
34,APP_EXT_SOURCE_MIN,307339,binary,-0.1853,0.0,-0.1887,-0.1818,-0.1803,0.0,-0.1853,0.0,0.0184,0.0092,0.0343,0.1853,pearson,-0.1853,0.0,negative,weak,True,False,0.018027,weak,True,0.186,True,2.6298,-0.1803,0.4663,strong,True,10,139146,,0.1853,2,1,3,2,8,strong
35,APP_EXT_SOURCE_STD,270602,binary,0.0477,0.0,0.0439,0.0515,0.0452,0.0,0.0477,0.0,0.001,0.0005,0.0023,0.0477,pearson,0.0477,0.0,positive,negligible,True,False,0.001622,negligible,False,0.0395,True,1.3055,0.0452,0.0325,weak,False,10,269867,,0.0477,0,0,1,1,2,weak
36,APP_GOODS_CREDIT_RATIO,307233,binary,-0.0654,0.0,-0.0689,-0.0619,-0.0668,0.0,-0.0654,0.0,0.0156,0.0078,0.0043,0.0668,spearman,-0.0668,0.0,negative,negligible,True,False,0.014385,weak,True,0.0755,True,1.554,-0.0668,0.0721,weak,True,8,3066,,0.0668,1,1,1,1,4,moderate
37,APP_INCOME_PER_PERSON,307509,binary,-0.0066,0.000268,-0.0101,-0.003,-0.0166,0.0,-0.0066,0.000268,0.0032,0.0016,0.0,0.0166,spearman,-0.0166,0.0,negative,negligible,True,False,0.002027,negligible,False,0.0145,True,1.0859,-0.0166,0.004,very_weak,False,10,3064,,0.0166,0,0,0,0,0,very_weak
38,APP_MISSING_COUNT,307511,binary,0.0411,0.0,0.0376,0.0446,0.0412,0.0,0.0411,0.0,0.0055,0.0027,0.0017,0.0412,spearman,0.0412,0.0,positive,negligible,True,False,0.005626,weak,True,0.0479,False,1.4105,0.0412,0.0416,weak,False,10,67,,0.0412,0,1,1,1,3,weak
39,APP_MISSING_RATIO,307511,binary,0.0411,0.0,0.0376,0.0446,0.0412,0.0,0.0411,0.0,0.0055,0.0027,0.0017,0.0412,spearman,0.0412,0.0,positive,negligible,True,False,0.006255,weak,True,0.0479,False,1.4105,0.0412,0.0416,weak,False,10,67,,0.0412,0,1,1,1,3,weak
40,APP_PHONE_BIRTH_RATIO,307510,binary,-0.034,0.0,-0.0375,-0.0305,-0.0359,0.0,-0.034,0.0,0.0009,0.0005,0.0012,0.0359,spearman,-0.0359,0.0,negative,negligible,True,False,0.000843,negligible,False,0.0257,True,1.1444,-0.0359,0.0187,very_weak,False,9,264924,,0.0359,0,0,0,0,0,very_weak
41,APP_PHONE_EMPLOYED_RATIO,252134,binary,0.0003,0.895355,-0.0036,0.0042,0.0,0.987553,0.0003,0.895355,0.001,0.0005,0.0,0.0003,pearson,0.0003,0.895355,none,negligible,False,False,0.00207,negligible,False,0.0194,True,1.1722,0.0,0.0065,very_weak,False,9,205138,,0.0003,0,0,0,0,0,very_weak
42,BASEMENTAREA_AVG,127568,binary,-0.0227,0.0,-0.0282,-0.0173,-0.0232,0.0,-0.0227,0.0,0.0011,0.0005,0.0005,0.0232,spearman,-0.0232,0.0,negative,negligible,True,False,0.020331,moderate,True,0.0209,True,0.9609,-0.0232,0.0099,very_weak,False,9,3780,,0.0232,0,2,0,0,2,weak
43,BASEMENTAREA_MEDI,127568,binary,-0.0221,0.0,-0.0276,-0.0166,-0.0227,0.0,-0.0221,0.0,0.0007,0.0003,0.0005,0.0227,spearman,-0.0227,0.0,negative,negligible,True,False,0.018551,weak,True,0.0208,True,0.9567,-0.0227,0.0096,very_weak,False,9,3772,,0.0227,0,1,0,0,1,very_weak
44,BASEMENTAREA_MODE,127568,binary,-0.02,0.0,-0.0254,-0.0145,-0.019,0.0,-0.02,0.0,0.001,0.0005,0.0004,0.02,pearson,-0.02,0.0,negative,negligible,True,False,0.021046,moderate,True,0.0193,True,0.9391,-0.019,0.0078,very_weak,False,9,3841,,0.02,0,2,0,0,2,weak
45,BUREAU_ACTIVE_AMT_CREDIT_SUM_DEBT_MEAN,206514,binary,-0.0156,0.0,-0.0199,-0.0113,0.0199,0.0,-0.0156,0.0,0.0019,0.001,0.0002,0.0199,spearman,0.0199,0.0,positive,negligible,True,False,0.002503,negligible,False,0.0435,False,1.178,0.0199,0.0337,weak,False,10,158599,,0.0199,0,0,1,0,1,very_weak
46,BUREAU_ACTIVE_AMT_CREDIT_SUM_DEBT_SUM,217150,binary,0.0008,0.711528,-0.0034,0.005,0.0343,0.0,0.0008,0.711528,0.0,0.0,0.0,0.0343,spearman,0.0343,0.0,positive,negligible,True,False,0.00096,negligible,False,0.038,True,1.1859,0.0343,0.026,weak,False,10,153496,,0.0343,0,0,1,0,1,very_weak
47,BUREAU_ACTIVE_AMT_CREDIT_SUM_MEAN,217149,binary,-0.0297,0.0,-0.0339,-0.0255,-0.0249,0.0,-0.0297,0.0,0.0013,0.0006,0.0009,0.0297,pearson,-0.0297,0.0,negative,negligible,True,False,0.00248,negligible,False,0.0362,True,1.1496,-0.0249,0.0164,very_weak,False,10,99483,,0.0297,0,0,1,0,1,very_weak
48,BUREAU_ACTIVE_AMT_CREDIT_SUM_OVERDUE_MEAN,217150,binary,0.0059,0.006157,0.0017,0.0101,0.037,0.0,0.0059,0.006157,0.0007,0.0003,0.0,0.037,spearman,0.037,0.0,positive,negligible,True,False,0.001339,negligible,False,,False,,,,none,False,0,0,too_few_valid_bins,0.037,0,0,0,0,0,very_weak
49,BUREAU_ACTIVE_AMT_CREDIT_SUM_OVERDUE_SUM,217150,binary,0.0152,0.0,0.011,0.0194,0.037,0.0,0.0152,0.0,0.0008,0.0004,0.0002,0.037,spearman,0.037,0.0,positive,negligible,True,False,0.000194,negligible,False,,False,,,,none,False,0,0,too_few_valid_bins,0.037,0,0,0,0,0,very_weak
50,BUREAU_ACTIVE_AMT_CREDIT_SUM_SUM,217150,binary,-0.0094,1.1e-05,-0.0136,-0.0052,0.003,0.160692,-0.0094,1.1e-05,0.0015,0.0008,0.0001,0.0094,point_biserial,-0.0094,1.1e-05,none,negligible,True,False,0.002957,negligible,False,0.0163,True,1.1203,0.003,0.0051,very_weak,False,10,95921,,0.0094,0,0,0,0,0,very_weak
51,BUREAU_ACTIVE_DAYS_CREDIT_MAX,217150,binary,0.0604,0.0,0.0562,0.0646,0.0777,0.0,0.0604,0.0,0.003,0.0015,0.0036,0.0777,spearman,0.0777,0.0,positive,negligible,True,False,0.006337,weak,True,0.0788,True,1.5975,0.0777,0.0861,weak,True,10,2907,,0.0777,1,1,1,1,4,moderate
52,BUREAU_ACTIVE_DAYS_CREDIT_MEAN,217150,binary,0.064,0.0,0.0598,0.0682,0.069,0.0,0.064,0.0,0.0029,0.0014,0.0041,0.069,spearman,0.069,0.0,positive,negligible,True,False,0.007423,weak,True,0.0573,True,1.3301,0.069,0.0682,weak,True,10,20978,,0.069,1,1,1,1,4,moderate
53,BUREAU_ACTIVE_DAYS_CREDIT_MIN,217150,binary,0.0432,0.0,0.039,0.0474,0.0453,0.0,0.0432,0.0,0.0009,0.0004,0.0019,0.0453,spearman,0.0453,0.0,positive,negligible,True,False,0.006918,weak,True,0.0391,True,1.2466,0.0453,0.028,weak,False,10,2922,,0.0453,0,1,1,0,2,weak
54,BUREAU_AMT_ANNUITY_MAX,80009,binary,0.0011,0.751338,-0.0058,0.008,0.0211,0.0,0.0011,0.751338,0.0028,0.0014,0.0,0.0211,spearman,0.0211,0.0,positive,negligible,True,False,0.001969,negligible,False,0.0247,True,1.1718,0.0211,0.0145,very_weak,False,8,23582,,0.0211,0,0,0,0,0,very_weak
55,BUREAU_AMT_ANNUITY_MEAN,80009,binary,-0.0014,0.693895,-0.0083,0.0055,0.0239,0.0,-0.0014,0.693895,0.0019,0.001,0.0,0.0239,spearman,0.0239,0.0,positive,negligible,True,False,0.00318,negligible,False,0.0309,True,1.2079,0.0239,0.0248,weak,False,8,40563,,0.0239,0,0,1,0,1,very_weak
56,BUREAU_AMT_CREDIT_MAX_OVERDUE_MAX,183886,binary,0.0025,0.276112,-0.002,0.0071,0.0497,0.0,0.0025,0.276112,0.0011,0.0006,0.0,0.0497,spearman,0.0497,0.0,positive,negligible,True,False,0.000855,negligible,False,0.0312,True,1.2502,0.0497,0.0319,weak,False,4,44798,,0.0497,0,0,1,0,1,very_weak
57,BUREAU_AMT_CREDIT_MAX_OVERDUE_MEAN,183886,binary,0.0024,0.296435,-0.0021,0.007,0.0521,0.0,0.0024,0.296435,0.0017,0.0008,0.0,0.0521,spearman,0.0521,0.0,positive,negligible,True,False,0.00086,negligible,False,0.0324,True,1.2603,0.0521,0.0349,weak,False,4,55265,,0.0521,1,0,1,0,2,weak
58,BUREAU_AMT_CREDIT_SUM_DEBT_MAX,256131,binary,-0.0022,0.271408,-0.006,0.0017,0.0428,0.0,-0.0022,0.271408,0.0018,0.0009,0.0,0.0428,spearman,0.0428,0.0,positive,negligible,True,False,0.002027,negligible,False,0.0406,True,1.1917,0.0428,0.0442,weak,False,9,138943,,0.0428,0,0,1,0,1,very_weak
59,BUREAU_AMT_CREDIT_SUM_DEBT_MEAN,256131,binary,-0.0006,0.747015,-0.0045,0.0032,0.0538,0.0,-0.0006,0.747015,0.0019,0.0009,0.0,0.0538,spearman,0.0538,0.0,positive,negligible,True,False,0.002344,negligible,False,0.0449,True,1.2449,0.0538,0.0549,weak,False,9,169324,,0.0538,1,0,1,0,2,weak
60,BUREAU_AMT_CREDIT_SUM_DEBT_SUM,263491,binary,0.0071,0.000245,0.0033,0.011,0.0482,0.0,0.0071,0.000245,0.0004,0.0002,0.0001,0.0482,spearman,0.0482,0.0,positive,negligible,True,False,0.001019,negligible,False,0.0378,True,1.1706,0.0482,0.0423,weak,False,9,154999,,0.0482,0,0,1,0,1,very_weak
61,BUREAU_AMT_CREDIT_SUM_LIMIT_MAX,242442,binary,-0.0106,0.0,-0.0146,-0.0067,0.0343,0.0,-0.0106,0.0,0.0018,0.0009,0.0001,0.0343,spearman,0.0343,0.0,positive,negligible,True,False,0.000842,negligible,False,0.0599,False,1.5975,0.0343,0.0484,weak,True,4,34311,,0.0343,0,0,1,1,2,weak
62,BUREAU_AMT_CREDIT_SUM_LIMIT_MEAN,242442,binary,-0.0114,0.0,-0.0154,-0.0075,0.0337,0.0,-0.0114,0.0,0.0015,0.0008,0.0001,0.0337,spearman,0.0337,0.0,positive,negligible,True,False,0.002078,negligible,False,0.0542,False,1.557,0.0337,0.0429,weak,True,4,38928,,0.0337,0,0,1,1,2,weak
63,BUREAU_AMT_CREDIT_SUM_LIMIT_SUM,263491,binary,-0.0094,1e-06,-0.0132,-0.0056,0.0319,0.0,-0.0094,1e-06,0.0013,0.0007,0.0001,0.0319,spearman,0.0319,0.0,positive,negligible,True,False,0.000939,negligible,False,0.0564,False,1.5955,0.0319,0.0401,weak,True,3,37278,,0.0319,0,0,1,1,2,weak
64,BUREAU_AMT_CREDIT_SUM_MAX,263490,binary,-0.0197,0.0,-0.0236,-0.0159,-0.0138,0.0,-0.0197,0.0,0.0023,0.0011,0.0004,0.0197,point_biserial,-0.0197,0.0,negative,negligible,True,False,0.002698,negligible,False,0.0336,True,1.1377,-0.0138,0.0137,very_weak,False,10,65160,,0.0197,0,0,1,0,1,very_weak
65,BUREAU_AMT_CREDIT_SUM_MEAN,263490,binary,-0.02,0.0,-0.0238,-0.0161,-0.019,0.0,-0.02,0.0,0.0013,0.0007,0.0004,0.02,point_biserial,-0.02,0.0,negative,negligible,True,False,0.00149,negligible,False,0.0349,True,1.1475,-0.019,0.0138,very_weak,False,10,209581,,0.02,0,0,1,0,1,very_weak
66,BUREAU_AMT_CREDIT_SUM_OVERDUE_MAX,263491,binary,0.0106,0.0,0.0068,0.0144,0.0361,0.0,0.0106,0.0,0.0016,0.0008,0.0001,0.0361,spearman,0.0361,0.0,positive,negligible,True,False,0.000668,negligible,False,,False,,,,none,False,0,0,too_few_valid_bins,0.0361,0,0,0,0,0,very_weak
67,BUREAU_AMT_CREDIT_SUM_OVERDUE_MEAN,263491,binary,0.0072,0.000242,0.0033,0.011,0.0361,0.0,0.0072,0.000242,0.0015,0.0007,0.0001,0.0361,spearman,0.0361,0.0,positive,negligible,True,False,0.000153,negligible,False,,False,,,,none,False,0,0,too_few_valid_bins,0.0361,0,0,0,0,0,very_weak
68,BUREAU_AMT_CREDIT_SUM_OVERDUE_SUM,263491,binary,0.0133,0.0,0.0095,0.0172,0.0361,0.0,0.0133,0.0,0.0016,0.0008,0.0002,0.0361,spearman,0.0361,0.0,positive,negligible,True,False,0.00103,negligible,False,,False,,,,none,False,0,0,too_few_valid_bins,0.0361,0,0,0,0,0,very_weak
69,BUREAU_AMT_CREDIT_SUM_SUM,263491,binary,-0.0141,0.0,-0.0179,-0.0102,-0.0178,0.0,-0.0141,0.0,0.0019,0.001,0.0002,0.0178,spearman,-0.0178,0.0,negative,negligible,True,False,0.002288,negligible,False,0.0286,True,1.1743,-0.0178,0.0087,very_weak,False,10,205630,,0.0178,0,0,0,0,0,very_weak
70,BUREAU_BB_MONTHS_BALANCE_MAX_MEAN,92231,binary,0.0227,0.0,0.0163,0.0292,0.0183,0.0,0.0227,0.0,0.0006,0.0003,0.0005,0.0227,pearson,0.0227,0.0,positive,negligible,True,False,0.020582,moderate,True,0.0272,True,1.1538,0.0183,0.0104,very_weak,False,7,3958,,0.0227,0,2,0,0,2,weak
71,BUREAU_BB_MONTHS_BALANCE_MIN_MEAN,92231,binary,0.089,0.0,0.0826,0.0954,0.0946,0.0,0.089,0.0,0.0063,0.0031,0.0079,0.0946,spearman,0.0946,0.0,positive,negligible,True,False,0.026811,moderate,True,0.0899,True,1.7427,0.0946,0.1246,medium,True,10,5715,,0.0946,1,2,2,1,6,moderate
72,BUREAU_BB_MONTHS_BALANCE_SIZE_MEAN,92231,binary,-0.0802,0.0,-0.0866,-0.0738,-0.0902,0.0,-0.0802,0.0,0.005,0.0025,0.0064,0.0902,spearman,-0.0902,0.0,negative,negligible,True,False,0.032286,moderate,True,0.0802,True,1.628,-0.0902,0.1098,medium,True,10,5673,,0.0902,1,2,2,1,6,moderate
73,BUREAU_BB_STATUS_0_MEAN_MEAN,92231,binary,0.0442,0.0,0.0378,0.0506,0.0458,0.0,0.0442,0.0,0.003,0.0015,0.002,0.0458,spearman,0.0458,0.0,positive,negligible,True,False,0.026699,moderate,True,0.0389,True,1.256,0.0458,0.0336,weak,False,10,60195,,0.0458,0,2,1,0,3,weak
74,BUREAU_BB_STATUS_1_MEAN_MEAN,92231,binary,0.0612,0.0,0.0548,0.0676,0.0572,0.0,0.0612,0.0,0.003,0.0015,0.0037,0.0612,pearson,0.0612,0.0,positive,negligible,True,False,0.00033,negligible,False,0.0545,True,1.5674,0.0572,0.0482,weak,True,4,13162,,0.0612,1,0,1,1,3,weak
75,BUREAU_BB_STATUS_2_MEAN_MEAN,92231,binary,0.0186,0.0,0.0121,0.025,0.0157,2e-06,0.0186,0.0,0.0005,0.0003,0.0003,0.0186,point_biserial,0.0186,0.0,positive,negligible,True,False,0.000429,negligible,False,,False,,,,none,False,0,0,too_few_valid_bins,0.0186,0,0,0,0,0,very_weak
76,BUREAU_BB_STATUS_3_MEAN_MEAN,92231,binary,0.0175,0.0,0.011,0.0239,0.0162,1e-06,0.0175,0.0,0.0003,0.0002,0.0003,0.0175,point_biserial,0.0175,0.0,positive,negligible,True,False,0.0,negligible,False,,False,,,,none,False,0,0,too_few_valid_bins,0.0175,0,0,0,0,0,very_weak
77,BUREAU_BB_STATUS_4_MEAN_MEAN,92231,binary,0.0162,1e-06,0.0098,0.0227,0.0183,0.0,0.0162,1e-06,0.0002,0.0001,0.0003,0.0183,spearman,0.0183,0.0,positive,negligible,True,False,0.0,negligible,False,,False,,,,none,False,0,0,too_few_valid_bins,0.0183,0,0,0,0,0,very_weak
78,BUREAU_BB_STATUS_5_MEAN_MEAN,92231,binary,0.019,0.0,0.0125,0.0254,0.0166,0.0,0.019,0.0,0.0004,0.0002,0.0004,0.019,pearson,0.019,0.0,positive,negligible,True,False,0.000896,negligible,False,,False,,,,none,False,0,0,too_few_valid_bins,0.019,0,0,0,0,0,very_weak
79,BUREAU_BB_STATUS_BAD_FLAG_MEAN_MEAN,92231,binary,0.0597,0.0,0.0532,0.0661,0.0569,0.0,0.0597,0.0,0.0025,0.0012,0.0036,0.0597,point_biserial,0.0597,0.0,positive,negligible,True,False,0.000724,negligible,False,0.0561,True,1.5848,0.0569,0.0485,weak,True,4,14129,,0.0597,1,0,1,1,3,weak
80,BUREAU_BB_STATUS_BAD_FLAG_SUM_MEAN,92231,binary,0.0308,0.0,0.0244,0.0373,0.0502,0.0,0.0308,0.0,0.0015,0.0008,0.001,0.0502,spearman,0.0502,0.0,positive,negligible,True,False,0.000209,negligible,False,0.038,True,1.3771,0.0502,0.0293,weak,False,4,907,,0.0502,1,0,1,1,3,weak
81,BUREAU_BB_STATUS_C_FLAG_MEAN_MEAN,92231,binary,-0.0559,0.0,-0.0624,-0.0495,-0.0571,0.0,-0.0559,0.0,0.0023,0.0012,0.0031,0.0571,spearman,-0.0571,0.0,negative,negligible,True,False,0.039759,moderate,True,0.0419,True,1.2641,-0.0571,0.0464,weak,False,8,50576,,0.0571,1,2,1,0,4,moderate
82,BUREAU_BB_STATUS_C_MEAN_MEAN,92231,binary,-0.0559,0.0,-0.0624,-0.0495,-0.0571,0.0,-0.0559,0.0,0.0023,0.0012,0.0031,0.0571,spearman,-0.0571,0.0,negative,negligible,True,False,0.039585,moderate,True,0.0419,True,1.2641,-0.0571,0.0464,weak,False,8,50576,,0.0571,1,2,1,0,4,moderate
83,BUREAU_BB_STATUS_X_FLAG_MEAN_MEAN,92231,binary,0.0004,0.901344,-0.006,0.0069,0.0042,0.199157,0.0004,0.901344,0.001,0.0005,0.0,0.0042,spearman,0.0042,0.199157,none,negligible,False,False,0.020983,moderate,True,0.0107,True,1.0873,0.0042,0.0029,very_weak,False,8,40979,,0.0042,0,2,0,0,2,weak
84,BUREAU_BB_STATUS_X_MEAN_MEAN,92231,binary,0.0004,0.901344,-0.006,0.0069,0.0042,0.199157,0.0004,0.901344,0.001,0.0005,0.0,0.0042,spearman,0.0042,0.199157,none,negligible,False,False,0.020911,moderate,True,0.0107,True,1.0873,0.0042,0.0029,very_weak,False,8,40979,,0.0042,0,2,0,0,2,weak
85,BUREAU_BB_STATUS_ZERO_FLAG_MEAN_MEAN,92231,binary,0.0442,0.0,0.0378,0.0506,0.0458,0.0,0.0442,0.0,0.003,0.0015,0.002,0.0458,spearman,0.0458,0.0,positive,negligible,True,False,0.027873,moderate,True,0.0389,True,1.256,0.0458,0.0336,weak,False,10,60195,,0.0458,0,2,1,0,3,weak
86,BUREAU_BB_STATUS_nan_MEAN_MEAN,92231,binary,,,,,,,,,0.0,0.0,,,none,,,unknown,unknown,False,False,,unknown,False,,False,,,,none,False,0,0,insufficient_data,,0,0,0,0,0,very_weak
87,BUREAU_BUREAU_DEBT_CREDIT_RATIO_RAW_MAX,254877,binary,-0.0005,0.811588,-0.0044,0.0034,0.1038,0.0,-0.0005,0.811588,0.0071,0.0036,0.0,0.1038,spearman,0.1038,0.0,positive,weak,True,False,0.005455,weak,True,0.111,True,1.9701,0.1038,0.174,medium,True,9,150668,,0.1038,1,1,2,1,5,moderate
88,BUREAU_BUREAU_DEBT_CREDIT_RATIO_RAW_MEAN,254877,binary,0.0009,0.657392,-0.003,0.0048,0.1019,0.0,0.0009,0.657392,0.0062,0.0031,0.0,0.1019,spearman,0.1019,0.0,positive,weak,True,False,0.005267,weak,True,0.0957,True,1.7306,0.1019,0.1603,medium,True,9,179453,,0.1019,1,1,2,1,5,moderate
89,BUREAU_BUREAU_OVERDUE_DEBT_RATIO_RAW_MAX,186442,binary,-0.0003,0.88655,-0.0049,0.0042,0.0374,0.0,-0.0003,0.88655,0.0003,0.0001,0.0,0.0374,spearman,0.0374,0.0,positive,negligible,True,False,0.001057,negligible,False,,False,,,,none,False,0,0,too_few_valid_bins,0.0374,0,0,0,0,0,very_weak
90,BUREAU_BUREAU_OVERDUE_DEBT_RATIO_RAW_MEAN,186442,binary,-0.0001,0.974461,-0.0046,0.0045,0.0373,0.0,-0.0001,0.974461,0.0002,0.0001,0.0,0.0373,spearman,0.0373,0.0,positive,negligible,True,False,0.0,negligible,False,,False,,,,none,False,0,0,too_few_valid_bins,0.0373,0,0,0,0,0,very_weak
91,BUREAU_CLOSED_AMT_CREDIT_SUM_MEAN,230165,binary,-0.017,0.0,-0.0211,-0.013,-0.0353,0.0,-0.017,0.0,0.002,0.001,0.0003,0.0353,spearman,-0.0353,0.0,negative,negligible,True,False,0.003745,negligible,False,0.0464,True,1.2652,-0.0353,0.0264,weak,False,10,171533,,0.0353,0,0,1,0,1,very_weak
92,BUREAU_CLOSED_AMT_CREDIT_SUM_SUM,230165,binary,-0.015,0.0,-0.0191,-0.0109,-0.0397,0.0,-0.015,0.0,0.0021,0.001,0.0002,0.0397,spearman,-0.0397,0.0,negative,negligible,True,False,0.003394,negligible,False,0.0386,True,1.2147,-0.0397,0.0255,weak,False,10,168797,,0.0397,0,0,1,0,1,very_weak
93,BUREAU_CLOSED_DAYS_CREDIT_MAX,230165,binary,0.0274,0.0,0.0233,0.0315,0.0338,0.0,0.0274,0.0,0.0011,0.0005,0.0008,0.0338,spearman,0.0338,0.0,positive,negligible,True,False,0.005962,weak,True,0.0353,True,1.2311,0.0338,0.0218,weak,False,10,2921,,0.0338,0,1,1,0,2,weak
94,BUREAU_CLOSED_DAYS_CREDIT_MEAN,230165,binary,0.0585,0.0,0.0544,0.0626,0.0604,0.0,0.0585,0.0,0.0025,0.0012,0.0034,0.0604,spearman,0.0604,0.0,positive,negligible,True,False,0.0079,weak,True,0.06,True,1.4124,0.0604,0.0637,weak,True,10,44873,,0.0604,1,1,1,1,4,moderate
95,BUREAU_CLOSED_DAYS_CREDIT_MIN,230165,binary,0.0612,0.0,0.0571,0.0653,0.0582,0.0,0.0612,0.0,0.0017,0.0009,0.0037,0.0612,pearson,0.0612,0.0,positive,negligible,True,False,0.006028,weak,True,0.0534,True,1.3595,0.0582,0.0541,weak,True,10,2912,,0.0612,1,1,1,1,4,moderate
96,BUREAU_CNT_CREDIT_PROLONG_MEAN,263491,binary,0.003,0.119695,-0.0008,0.0068,0.0067,0.000629,0.003,0.119695,0.0005,0.0002,0.0,0.0067,spearman,0.0067,0.000629,none,negligible,True,False,0.0,negligible,False,,False,,,,none,False,0,0,too_few_valid_bins,0.0067,0,0,0,0,0,very_weak
97,BUREAU_CNT_CREDIT_PROLONG_SUM,263491,binary,0.0041,0.037228,0.0002,0.0079,0.0067,0.000629,0.0041,0.037228,0.0007,0.0003,0.0,0.0067,spearman,0.0067,0.000629,none,negligible,True,False,0.000155,negligible,False,,False,,,,none,False,0,0,too_few_valid_bins,0.0067,0,0,0,0,0,very_weak
98,BUREAU_CREDIT_ACTIVE_Active_MEAN,263491,binary,0.0774,0.0,0.0736,0.0812,0.0781,0.0,0.0774,0.0,0.0072,0.0036,0.006,0.0781,spearman,0.0781,0.0,positive,negligible,True,False,0.007462,weak,True,0.0599,True,1.4149,0.0781,0.0935,weak,True,7,296,,0.0781,1,1,1,1,4,moderate
99,BUREAU_CREDIT_ACTIVE_Bad debt_MEAN,263491,binary,0.0046,0.017274,0.0008,0.0085,0.004,0.039907,0.0046,0.017274,0.0008,0.0004,0.0,0.0046,pearson,0.0046,0.017274,none,negligible,True,False,0.0,negligible,False,,False,,,,none,False,0,0,too_few_valid_bins,0.0046,0,0,0,0,0,very_weak
100,BUREAU_CREDIT_ACTIVE_Closed_MEAN,263491,binary,-0.0794,0.0,-0.0832,-0.0756,-0.0801,0.0,-0.0794,0.0,0.0081,0.0041,0.0063,0.0801,spearman,-0.0801,0.0,negative,negligible,True,False,0.009861,weak,True,0.0575,True,1.3659,-0.0801,0.0907,weak,True,7,304,,0.0801,1,1,1,1,4,moderate
101,BUREAU_CREDIT_ACTIVE_Sold_MEAN,263491,binary,0.0165,0.0,0.0127,0.0203,0.0134,0.0,0.0165,0.0,0.0007,0.0004,0.0003,0.0165,pearson,0.0165,0.0,positive,negligible,True,False,0.000378,negligible,False,,False,,,,none,False,0,0,too_few_valid_bins,0.0165,0,0,0,0,0,very_weak
102,BUREAU_CREDIT_ACTIVE_nan_MEAN,263491,binary,,,,,,,,,0.0008,0.0004,,,none,,,unknown,unknown,False,False,,unknown,False,,False,,,,none,False,0,0,insufficient_data,,0,0,0,0,0,very_weak
103,BUREAU_CREDIT_CURRENCY_currency 1_MEAN,263491,binary,0.006,0.001943,0.0022,0.0099,0.0054,0.005833,0.006,0.001943,0.0425,0.0213,0.0,0.006,point_biserial,0.006,0.001943,none,negligible,True,False,0.045379,moderate,True,,False,,,,none,False,0,0,too_few_valid_bins,0.006,0,2,0,0,2,weak
104,BUREAU_CREDIT_CURRENCY_currency 2_MEAN,263491,binary,-0.0068,0.000463,-0.0106,-0.003,-0.0059,0.002517,-0.0068,0.000463,0.0009,0.0004,0.0,0.0068,point_biserial,-0.0068,0.000463,none,negligible,True,False,0.000561,negligible,False,,False,,,,none,False,0,0,too_few_valid_bins,0.0068,0,0,0,0,0,very_weak
105,BUREAU_CREDIT_CURRENCY_currency 3_MEAN,263491,binary,0.0028,0.153198,-0.001,0.0066,0.0022,0.250647,0.0028,0.153198,0.0008,0.0004,0.0,0.0028,pearson,0.0028,0.153198,none,negligible,False,False,0.000313,negligible,False,,False,,,,none,False,0,0,too_few_valid_bins,0.0028,0,0,0,0,0,very_weak
106,BUREAU_CREDIT_CURRENCY_currency 4_MEAN,263491,binary,-0.0014,0.458634,-0.0053,0.0024,-0.0017,0.38521,-0.0014,0.458634,0.0008,0.0004,0.0,0.0017,spearman,-0.0017,0.38521,none,negligible,False,False,0.000255,negligible,False,,False,,,,none,False,0,0,too_few_valid_bins,0.0017,0,0,0,0,0,very_weak
107,BUREAU_CREDIT_CURRENCY_nan_MEAN,263491,binary,,,,,,,,,0.0008,0.0004,,,none,,,unknown,unknown,False,False,,unknown,False,,False,,,,none,False,0,0,insufficient_data,,0,0,0,0,0,very_weak
108,BUREAU_CREDIT_DAY_OVERDUE_MAX,263491,binary,0.0055,0.004811,0.0017,0.0093,0.0348,0.0,0.0055,0.004811,0.0012,0.0006,0.0,0.0348,spearman,0.0348,0.0,positive,negligible,True,False,1.6e-05,negligible,False,,False,,,,none,False,0,0,too_few_valid_bins,0.0348,0,0,0,0,0,very_weak
109,BUREAU_CREDIT_DAY_OVERDUE_MEAN,263491,binary,0.0081,3.1e-05,0.0043,0.0119,0.0349,0.0,0.0081,3.1e-05,0.0013,0.0006,0.0001,0.0349,spearman,0.0349,0.0,positive,negligible,True,False,0.000505,negligible,False,,False,,,,none,False,0,0,too_few_valid_bins,0.0349,0,0,0,0,0,very_weak
110,BUREAU_CREDIT_DAY_OVERDUE_SUM,263491,binary,0.0063,0.001225,0.0025,0.0101,0.0349,0.0,0.0063,0.001225,0.0013,0.0006,0.0,0.0349,spearman,0.0349,0.0,positive,negligible,True,False,0.0,negligible,False,,False,,,,none,False,0,0,too_few_valid_bins,0.0349,0,0,0,0,0,very_weak
111,BUREAU_CREDIT_TYPE_Another type of loan_MEAN,263491,binary,-0.0018,0.36598,-0.0056,0.0021,-0.0007,0.70579,-0.0018,0.36598,0.0008,0.0004,0.0,0.0018,pearson,-0.0018,0.36598,none,negligible,False,False,0.0,negligible,False,,False,,,,none,False,0,0,too_few_valid_bins,0.0018,0,0,0,0,0,very_weak
112,BUREAU_CREDIT_TYPE_Car loan_MEAN,263491,binary,-0.0201,0.0,-0.024,-0.0163,-0.0209,0.0,-0.0201,0.0,0.0011,0.0005,0.0004,0.0209,spearman,-0.0209,0.0,negative,negligible,True,False,0.000588,negligible,False,,False,,,,none,False,0,0,too_few_valid_bins,0.0209,0,0,0,0,0,very_weak
113,BUREAU_CREDIT_TYPE_Cash loan (non-earmarked)_MEAN,263491,binary,-0.001,0.61894,-0.0048,0.0028,-0.0009,0.647557,-0.001,0.61894,0.0008,0.0004,0.0,0.001,pearson,-0.001,0.61894,none,negligible,False,False,0.0,negligible,False,,False,,,,none,False,0,0,too_few_valid_bins,0.001,0,0,0,0,0,very_weak
114,BUREAU_CREDIT_TYPE_Consumer credit_MEAN,263491,binary,-0.0263,0.0,-0.0301,-0.0224,-0.0278,0.0,-0.0263,0.0,0.0063,0.0032,0.0007,0.0278,spearman,-0.0278,0.0,negative,negligible,True,False,0.007473,weak,True,0.019,True,1.1008,-0.0278,0.0126,very_weak,False,7,329,,0.0278,0,1,0,0,1,very_weak
115,BUREAU_CREDIT_TYPE_Credit card_MEAN,263491,binary,0.0347,0.0,0.0309,0.0385,0.0347,0.0,0.0347,0.0,0.0022,0.0011,0.0012,0.0347,spearman,0.0347,0.0,positive,negligible,True,False,0.004877,negligible,False,0.0282,True,1.2023,0.0347,0.0205,weak,False,7,295,,0.0347,0,0,0,0,0,very_weak
116,BUREAU_CREDIT_TYPE_Interbank credit_MEAN,263491,binary,-0.0006,0.772244,-0.0044,0.0033,-0.0006,0.772244,-0.0006,0.772244,0.0008,0.0004,0.0,0.0006,pearson,-0.0006,0.772244,none,negligible,False,False,0.0,negligible,False,,False,,,,none,False,0,0,insufficient_data,0.0006,0,0,0,0,0,very_weak
117,BUREAU_CREDIT_TYPE_Loan for business development_MEAN,263491,binary,-0.0028,0.15676,-0.0066,0.0011,-0.0038,0.049481,-0.0028,0.15676,0.0009,0.0004,0.0,0.0038,spearman,-0.0038,0.049481,none,negligible,True,False,0.0,negligible,False,,False,,,,none,False,0,0,too_few_valid_bins,0.0038,0,0,0,0,0,very_weak
118,BUREAU_CREDIT_TYPE_Loan for purchase of shares (margin lending)_MEAN,263491,binary,-0.0009,0.643126,-0.0047,0.0029,-0.0011,0.562667,-0.0009,0.643126,0.0008,0.0004,0.0,0.0011,spearman,-0.0011,0.562667,none,negligible,False,False,0.0,negligible,False,,False,,,,none,False,0,0,too_few_valid_bins,0.0011,0,0,0,0,0,very_weak
119,BUREAU_CREDIT_TYPE_Loan for the purchase of equipment_MEAN,263491,binary,0.0003,0.883092,-0.0035,0.0041,0.0032,0.098837,0.0003,0.883092,0.0008,0.0004,0.0,0.0032,spearman,0.0032,0.098837,none,negligible,False,False,0.000198,negligible,False,,False,,,,none,False,0,0,too_few_valid_bins,0.0032,0,0,0,0,0,very_weak
120,BUREAU_CREDIT_TYPE_Loan for working capital replenishment_MEAN,263491,binary,0.0016,0.410004,-0.0022,0.0054,0.0083,2.2e-05,0.0016,0.410004,0.0009,0.0004,0.0,0.0083,spearman,0.0083,2.2e-05,none,negligible,True,False,0.0,negligible,False,,False,,,,none,False,0,0,too_few_valid_bins,0.0083,0,0,0,0,0,very_weak
121,BUREAU_CREDIT_TYPE_Microloan_MEAN,263491,binary,0.0444,0.0,0.0406,0.0482,0.0536,0.0,0.0444,0.0,0.0017,0.0008,0.002,0.0536,spearman,0.0536,0.0,positive,negligible,True,False,0.000886,negligible,False,,False,,,,none,False,0,0,too_few_valid_bins,0.0536,1,0,0,0,1,very_weak
122,BUREAU_CREDIT_TYPE_Mobile operator loan_MEAN,263491,binary,-0.0006,0.772244,-0.0044,0.0033,-0.0006,0.772244,-0.0006,0.772244,0.0008,0.0004,0.0,0.0006,spearman,-0.0006,0.772244,none,negligible,False,False,0.000133,negligible,False,,False,,,,none,False,0,0,insufficient_data,0.0006,0,0,0,0,0,very_weak
123,BUREAU_CREDIT_TYPE_Mortgage_MEAN,263491,binary,-0.0209,0.0,-0.0247,-0.0171,-0.0233,0.0,-0.0209,0.0,0.0008,0.0004,0.0004,0.0233,spearman,-0.0233,0.0,negative,negligible,True,False,0.000699,negligible,False,,False,,,,none,False,0,0,too_few_valid_bins,0.0233,0,0,0,0,0,very_weak
124,BUREAU_CREDIT_TYPE_Real estate loan_MEAN,263491,binary,-0.0019,0.328155,-0.0057,0.0019,-0.0027,0.165085,-0.0019,0.328155,0.0008,0.0004,0.0,0.0027,spearman,-0.0027,0.165085,none,negligible,False,False,0.0,negligible,False,,False,,,,none,False,0,0,too_few_valid_bins,0.0027,0,0,0,0,0,very_weak
125,BUREAU_CREDIT_TYPE_Unknown type of loan_MEAN,263491,binary,-0.0025,0.203761,-0.0063,0.0013,-0.0017,0.384566,-0.0025,0.203761,0.0008,0.0004,0.0,0.0025,point_biserial,-0.0025,0.203761,none,negligible,False,False,1.3e-05,negligible,False,,False,,,,none,False,0,0,too_few_valid_bins,0.0025,0,0,0,0,0,very_weak
126,BUREAU_CREDIT_TYPE_nan_MEAN,263491,binary,,,,,,,,,0.0008,0.0004,,,none,,,unknown,unknown,False,False,,unknown,False,,False,,,,none,False,0,0,insufficient_data,,0,0,0,0,0,very_weak
127,BUREAU_DAYS_CREDIT_ENDDATE_MAX,261242,binary,0.0366,0.0,0.0328,0.0404,0.0432,0.0,0.0366,0.0,0.0027,0.0013,0.0013,0.0432,spearman,0.0432,0.0,positive,negligible,True,False,0.00234,negligible,False,0.0461,False,1.2932,0.0432,0.042,weak,False,10,13030,,0.0432,0,0,1,0,1,very_weak
128,BUREAU_DAYS_CREDIT_ENDDATE_MEAN,261242,binary,0.047,0.0,0.0432,0.0508,0.0671,0.0,0.047,0.0,0.0027,0.0014,0.0022,0.0671,spearman,0.0671,0.0,positive,negligible,True,False,0.002776,negligible,False,0.0538,True,1.2925,0.0671,0.0705,weak,True,10,97903,,0.0671,1,0,1,0,2,weak
129,BUREAU_DAYS_CREDIT_ENDDATE_MIN,261242,binary,0.0343,0.0,0.0305,0.0381,0.0618,0.0,0.0343,0.0,0.003,0.0015,0.0012,0.0618,spearman,0.0618,0.0,positive,negligible,True,False,0.00311,negligible,False,0.0513,True,1.3334,0.0618,0.0554,weak,True,10,6828,,0.0618,1,0,1,1,3,weak
130,BUREAU_DAYS_CREDIT_MAX,263491,binary,0.0498,0.0,0.046,0.0536,0.0743,0.0,0.0498,0.0,0.0038,0.0019,0.0025,0.0743,spearman,0.0743,0.0,positive,negligible,True,False,0.004267,negligible,False,0.0736,True,1.5453,0.0743,0.0827,weak,True,10,2923,,0.0743,1,0,1,1,3,weak
131,BUREAU_DAYS_CREDIT_MEAN,263491,binary,0.0897,0.0,0.0859,0.0935,0.0953,0.0,0.0897,0.0,0.0053,0.0027,0.0081,0.0953,spearman,0.0953,0.0,positive,negligible,True,False,0.006547,weak,True,0.0879,True,1.7042,0.0953,0.1322,medium,True,10,64556,,0.0953,1,1,2,1,5,moderate
132,BUREAU_DAYS_CREDIT_MIN,263491,binary,0.0752,0.0,0.0715,0.079,0.0725,0.0,0.0752,0.0,0.0037,0.0018,0.0057,0.0752,pearson,0.0752,0.0,positive,negligible,True,False,0.003847,negligible,False,0.0676,True,1.538,0.0725,0.0768,weak,True,10,2922,,0.0752,1,0,1,1,3,weak
133,BUREAU_DAYS_CREDIT_UPDATE_MAX,263491,binary,0.0282,0.0,0.0244,0.032,0.0517,0.0,0.0282,0.0,0.002,0.001,0.0008,0.0517,spearman,0.0517,0.0,positive,negligible,True,False,0.002248,negligible,False,0.045,True,1.23,0.0517,0.0418,weak,False,10,2663,,0.0517,1,0,1,0,2,weak
134,BUREAU_DAYS_CREDIT_UPDATE_MEAN,263491,binary,0.0689,0.0,0.0651,0.0727,0.0826,0.0,0.0689,0.0,0.0041,0.0021,0.0048,0.0826,spearman,0.0826,0.0,positive,negligible,True,False,0.00571,weak,True,0.0672,True,1.4581,0.0826,0.0973,weak,True,10,55038,,0.0826,1,1,1,1,4,moderate
135,BUREAU_DAYS_CREDIT_UPDATE_MIN,263491,binary,0.0429,0.0,0.0391,0.0467,0.0641,0.0,0.0429,0.0,0.0011,0.0005,0.0018,0.0641,spearman,0.0641,0.0,positive,negligible,True,False,0.003818,negligible,False,0.0588,True,1.4233,0.0641,0.0592,weak,True,10,2969,,0.0641,1,0,1,1,3,weak
136,BUREAU_DAYS_CREDIT_VAR,227419,binary,-0.0384,0.0,-0.0425,-0.0343,-0.053,0.0,-0.0384,0.0,0.0033,0.0016,0.0015,0.053,spearman,-0.053,0.0,negative,negligible,True,False,0.004988,negligible,False,0.0454,True,1.3051,-0.053,0.0465,weak,False,10,190248,,0.053,1,0,1,1,3,weak
137,BUREAU_SK_ID_BUREAU_NUNIQUE,263491,binary,0.0041,0.037338,0.0002,0.0079,-0.0045,0.019558,0.0041,0.037338,0.0029,0.0014,0.0,0.0045,spearman,-0.0045,0.019558,none,negligible,True,False,0.004747,negligible,False,0.0109,True,1.0179,-0.0045,0.0035,very_weak,False,8,60,,0.0045,0,0,0,0,0,very_weak
138,BUREAU_TOTAL_DEBT_CREDIT_RATIO,262408,binary,0.0602,0.0,0.0564,0.064,0.0856,0.0,0.0602,0.0,0.0048,0.0024,0.0036,0.0856,spearman,0.0856,0.0,positive,negligible,True,False,0.005031,weak,True,0.0764,True,1.6451,0.0856,0.1083,medium,True,9,184777,,0.0856,1,1,1,1,4,moderate
139,BUREAU_TOTAL_OVERDUE_DEBT_RATIO,186442,binary,0.0009,0.685225,-0.0036,0.0055,0.0392,0.0,0.0009,0.685225,0.0004,0.0002,0.0,0.0392,spearman,0.0392,0.0,positive,negligible,True,False,0.000656,negligible,False,,False,,,,none,False,0,0,too_few_valid_bins,0.0392,0,0,0,0,0,very_weak
140,CC_AMT_BALANCE_MAX,86905,binary,0.0688,0.0,0.0622,0.0754,0.0813,0.0,0.0688,0.0,0.005,0.0025,0.0047,0.0813,spearman,0.0813,0.0,positive,negligible,True,False,0.040383,moderate,True,0.0544,True,1.4652,0.0813,0.0721,weak,True,7,56722,,0.0813,1,2,1,1,5,moderate
141,CC_AMT_BALANCE_MEAN,86905,binary,0.0872,0.0,0.0806,0.0938,0.104,0.0,0.0872,0.0,0.0059,0.0029,0.0076,0.104,spearman,0.104,0.0,positive,weak,True,False,0.012225,weak,True,0.0777,True,1.6491,0.104,0.1394,medium,True,8,59467,,0.104,1,1,1,1,4,moderate
142,CC_AMT_BALANCE_SUM,86905,binary,0.0187,0.0,0.012,0.0253,0.0532,0.0,0.0187,0.0,0.0056,0.0028,0.0003,0.0532,spearman,0.0532,0.0,positive,negligible,True,False,0.011943,weak,True,0.0672,True,1.5181,0.0532,0.0972,weak,True,8,58810,,0.0532,1,1,1,1,4,moderate
143,CC_AMT_CREDIT_LIMIT_ACTUAL_MAX,86905,binary,-0.0117,0.000575,-0.0183,-0.005,-0.0061,0.071198,-0.0117,0.000575,0.0002,0.0001,0.0001,0.0117,pearson,-0.0117,0.000575,negative,negligible,True,False,0.028494,moderate,True,0.0137,True,1.1386,-0.0061,0.0022,very_weak,False,8,54,,0.0117,0,2,0,0,2,weak
144,CC_AMT_CREDIT_LIMIT_ACTUAL_MEAN,86905,binary,-0.0089,0.009064,-0.0155,-0.0022,-0.0016,0.639572,-0.0089,0.009064,0.0037,0.0019,0.0001,0.0089,pearson,-0.0089,0.009064,none,negligible,True,False,0.029026,moderate,True,0.0234,True,1.247,-0.0016,0.0059,very_weak,False,10,11313,,0.0089,0,2,0,0,2,weak
145,CC_AMT_DRAWINGS_ATM_CURRENT_MAX,61140,binary,0.0241,0.0,0.0162,0.032,0.0266,0.0,0.0241,0.0,0.0002,0.0001,0.0006,0.0266,spearman,0.0266,0.0,positive,negligible,True,False,0.031492,moderate,True,0.0354,False,1.5327,0.0266,0.0167,very_weak,False,9,1305,,0.0266,0,2,1,1,4,moderate
146,CC_AMT_DRAWINGS_ATM_CURRENT_MEAN,61140,binary,0.0599,0.0,0.052,0.0678,0.0855,0.0,0.0599,0.0,0.0031,0.0015,0.0036,0.0855,spearman,0.0855,0.0,positive,negligible,True,False,0.015553,weak,True,0.076,True,1.8215,0.0855,0.0897,weak,True,9,22420,,0.0855,1,1,1,1,4,moderate
147,CC_AMT_DRAWINGS_ATM_CURRENT_SUM,86905,binary,0.0381,0.0,0.0315,0.0447,0.0651,0.0,0.0381,0.0,0.0048,0.0024,0.0015,0.0651,spearman,0.0651,0.0,positive,negligible,True,False,0.01217,weak,True,0.0402,True,1.3674,0.0651,0.0472,weak,False,6,5016,,0.0651,1,1,1,1,4,moderate
148,CC_AMT_DRAWINGS_CURRENT_MAX,86905,binary,0.0523,0.0,0.0457,0.0589,0.0716,0.0,0.0523,0.0,0.0052,0.0026,0.0027,0.0716,spearman,0.0716,0.0,positive,negligible,True,False,0.039855,moderate,True,0.0482,True,1.3897,0.0716,0.0647,weak,False,7,24117,,0.0716,1,2,1,1,5,moderate
149,CC_AMT_DRAWINGS_CURRENT_MEAN,86905,binary,0.0587,0.0,0.0521,0.0654,0.1061,0.0,0.0587,0.0,0.0078,0.0039,0.0034,0.1061,spearman,0.1061,0.0,positive,weak,True,False,0.007269,weak,True,0.0721,True,1.5806,0.1061,0.1564,medium,True,7,49079,,0.1061,1,1,1,1,4,moderate
150,CC_AMT_DRAWINGS_CURRENT_SUM,86905,binary,0.0237,0.0,0.017,0.0303,0.062,0.0,0.0237,0.0,0.0061,0.003,0.0006,0.062,spearman,0.062,0.0,positive,negligible,True,False,0.02376,moderate,True,0.0502,True,1.3822,0.062,0.0769,weak,True,7,40377,,0.062,1,2,1,1,5,moderate
151,CC_AMT_DRAWINGS_POS_CURRENT_MAX,61140,binary,-0.0092,0.022669,-0.0171,-0.0013,0.0326,0.0,-0.0092,0.022669,0.0038,0.0019,0.0001,0.0326,spearman,0.0326,0.0,positive,negligible,True,False,0.00755,weak,True,0.0459,True,1.6249,0.0326,0.0351,weak,False,6,28865,,0.0326,0,1,1,1,3,weak
152,CC_AMT_DRAWINGS_POS_CURRENT_MEAN,61140,binary,-0.004,0.320531,-0.0119,0.0039,0.0494,0.0,-0.004,0.320531,0.0021,0.001,0.0,0.0494,spearman,0.0494,0.0,positive,negligible,True,False,0.001722,negligible,False,0.0431,False,1.5763,0.0494,0.0409,weak,False,6,33409,,0.0494,0,0,1,1,2,weak
153,CC_AMT_DRAWINGS_POS_CURRENT_SUM,86905,binary,-0.0038,0.264599,-0.0104,0.0029,0.068,0.0,-0.0038,0.264599,0.0041,0.002,0.0,0.068,spearman,0.068,0.0,positive,negligible,True,False,0.001544,negligible,False,0.052,False,1.5892,0.068,0.0524,weak,True,4,31661,,0.068,1,0,1,1,3,weak
154,CC_AMT_INST_MIN_REGULARITY_MAX,86905,binary,0.0639,0.0,0.0573,0.0705,0.0762,0.0,0.0639,0.0,0.0075,0.0037,0.0041,0.0762,spearman,0.0762,0.0,positive,negligible,True,False,0.040358,moderate,True,0.0555,True,1.5099,0.0762,0.0696,weak,True,7,32000,,0.0762,1,2,1,1,5,moderate
155,CC_AMT_INST_MIN_REGULARITY_MEAN,86905,binary,0.0737,0.0,0.0671,0.0803,0.0895,0.0,0.0737,0.0,0.0049,0.0024,0.0054,0.0895,spearman,0.0895,0.0,positive,negligible,True,False,0.023712,moderate,True,0.0665,True,1.5521,0.0895,0.1041,medium,True,7,57384,,0.0895,1,2,1,1,5,moderate
156,CC_AMT_PAYMENT_CURRENT_MAX,61060,binary,0.0004,0.913877,-0.0075,0.0084,-0.0288,0.0,0.0004,0.913877,0.0055,0.0028,0.0,0.0288,spearman,-0.0288,0.0,negative,negligible,True,False,0.026755,moderate,True,0.0616,True,1.6931,-0.0288,0.0373,weak,True,10,25753,,0.0288,0,2,1,1,4,moderate
157,CC_AMT_PAYMENT_CURRENT_MEAN,61060,binary,0.0053,0.192474,-0.0027,0.0132,0.0333,0.0,0.0053,0.192474,0.0034,0.0017,0.0,0.0333,spearman,0.0333,0.0,positive,negligible,True,False,0.028781,moderate,True,0.0501,True,1.3896,0.0333,0.0284,weak,True,10,56763,,0.0333,0,2,1,1,4,moderate
158,CC_AMT_PAYMENT_CURRENT_SUM,86905,binary,-0.0051,0.130346,-0.0118,0.0015,0.0219,0.0,-0.0051,0.130346,0.0034,0.0017,0.0,0.0219,spearman,0.0219,0.0,positive,negligible,True,False,0.022635,moderate,True,0.0934,False,1.849,0.0219,0.1202,medium,True,8,54228,,0.0219,0,2,2,1,5,moderate
159,CC_AMT_PAYMENT_TOTAL_CURRENT_MAX,86905,binary,0.0281,0.0,0.0215,0.0348,0.0406,0.0,0.0281,0.0,0.0053,0.0027,0.0008,0.0406,spearman,0.0406,0.0,positive,negligible,True,False,0.012619,weak,True,0.0324,True,1.3611,0.0406,0.0192,very_weak,False,7,30350,,0.0406,0,1,1,1,3,weak
160,CC_AMT_PAYMENT_TOTAL_CURRENT_MEAN,86905,binary,0.0227,0.0,0.016,0.0293,0.0687,0.0,0.0227,0.0,0.0026,0.0013,0.0005,0.0687,spearman,0.0687,0.0,positive,negligible,True,False,0.012334,weak,True,0.0442,True,1.3185,0.0687,0.0682,weak,False,7,57831,,0.0687,1,1,1,1,4,moderate
161,CC_AMT_PAYMENT_TOTAL_CURRENT_SUM,86905,binary,-0.0049,0.148756,-0.0115,0.0018,0.0231,0.0,-0.0049,0.148756,0.005,0.0025,0.0,0.0231,spearman,0.0231,0.0,positive,negligible,True,False,0.013227,weak,True,0.0339,True,1.3982,0.0231,0.0166,very_weak,False,7,52944,,0.0231,0,1,1,1,3,weak
162,CC_AMT_RECEIVABLE_PRINCIPAL_MAX,86905,binary,0.0669,0.0,0.0603,0.0735,0.0796,0.0,0.0669,0.0,0.0059,0.003,0.0045,0.0796,spearman,0.0796,0.0,positive,negligible,True,False,0.020981,moderate,True,0.0523,True,1.4411,0.0796,0.0699,weak,True,7,46271,,0.0796,1,2,1,1,5,moderate
163,CC_AMT_RECEIVABLE_PRINCIPAL_MEAN,86905,binary,0.0861,0.0,0.0795,0.0927,0.1032,0.0,0.0861,0.0,0.0057,0.0029,0.0074,0.1032,spearman,0.1032,0.0,positive,weak,True,False,0.012281,weak,True,0.0768,True,1.6476,0.1032,0.1366,medium,True,8,58549,,0.1032,1,1,1,1,4,moderate
164,CC_AMT_RECEIVABLE_PRINCIPAL_SUM,86905,binary,0.0185,0.0,0.0118,0.0251,0.0526,0.0,0.0185,0.0,0.0032,0.0016,0.0003,0.0526,spearman,0.0526,0.0,positive,negligible,True,False,0.012195,weak,True,0.0665,True,1.5195,0.0526,0.0959,weak,True,8,57768,,0.0526,1,1,1,1,4,moderate
165,CC_AMT_TOTAL_RECEIVABLE_MAX,86905,binary,0.0681,0.0,0.0615,0.0747,0.08,0.0,0.0681,0.0,0.004,0.002,0.0046,0.08,spearman,0.08,0.0,positive,negligible,True,False,0.039788,moderate,True,0.0535,True,1.4552,0.08,0.0702,weak,True,7,56422,,0.08,1,2,1,1,5,moderate
166,CC_AMT_TOTAL_RECEIVABLE_MEAN,86905,binary,0.0865,0.0,0.0799,0.0931,0.1031,0.0,0.0865,0.0,0.0068,0.0034,0.0075,0.1031,spearman,0.1031,0.0,positive,weak,True,False,0.012757,weak,True,0.0767,True,1.6448,0.1031,0.1373,medium,True,8,59521,,0.1031,1,1,1,1,4,moderate
167,CC_AMT_TOTAL_RECEIVABLE_SUM,86905,binary,0.0184,0.0,0.0117,0.025,0.0526,0.0,0.0184,0.0,0.0041,0.002,0.0003,0.0526,spearman,0.0526,0.0,positive,negligible,True,False,0.011148,weak,True,0.067,True,1.5252,0.0526,0.096,weak,True,8,58867,,0.0526,1,1,1,1,4,moderate
168,CC_BALANCE_LIMIT_RATIO_MAX,86036,binary,0.097,0.0,0.0904,0.1036,0.1058,0.0,0.097,0.0,0.0077,0.0039,0.0094,0.1058,spearman,0.1058,0.0,positive,weak,True,False,0.03186,moderate,True,0.0775,True,1.6398,0.1058,0.1464,medium,True,7,56087,,0.1058,1,2,1,1,5,moderate
169,CC_BALANCE_LIMIT_RATIO_MEAN,86036,binary,0.1356,0.0,0.129,0.1421,0.1271,0.0,0.1356,0.0,0.0096,0.0048,0.0184,0.1356,pearson,0.1356,0.0,positive,weak,True,False,0.031566,moderate,True,0.1234,True,2.1984,0.1271,0.2142,medium,True,8,59104,,0.1356,1,2,2,2,7,strong
170,CC_CC_LATE_FLAG_MEAN,86905,binary,0.0018,0.605251,-0.0049,0.0084,-0.0055,0.105466,0.0018,0.605251,0.0006,0.0003,0.0,0.0055,spearman,-0.0055,0.105466,none,negligible,False,False,0.000407,negligible,False,0.0182,True,1.1498,-0.0055,0.003,very_weak,False,3,1422,,0.0055,0,0,0,0,0,very_weak
171,CC_CC_LATE_FLAG_SUM,86905,binary,-0.0113,0.000837,-0.018,-0.0047,-0.0104,0.002202,-0.0113,0.000837,0.0,0.0,0.0001,0.0113,pearson,-0.0113,0.000837,negative,negligible,True,False,0.0,negligible,False,0.0185,True,1.0976,-0.0104,0.005,very_weak,False,3,91,,0.0113,0,0,0,0,0,very_weak
172,CC_CNT_DRAWINGS_ATM_CURRENT_MAX,61140,binary,0.0637,0.0,0.0558,0.0716,0.0625,0.0,0.0637,0.0,0.0023,0.0011,0.0041,0.0637,pearson,0.0637,0.0,positive,negligible,True,False,0.032901,moderate,True,0.0686,True,1.8359,0.0625,0.0461,weak,True,8,44,,0.0637,1,2,1,1,5,moderate
173,CC_CNT_DRAWINGS_ATM_CURRENT_MEAN,61140,binary,0.1077,0.0,0.0999,0.1155,0.1129,0.0,0.1077,0.0,0.0088,0.0044,0.0116,0.1129,spearman,0.1129,0.0,positive,weak,True,False,0.028512,moderate,True,0.1175,True,2.2417,0.1129,0.1558,medium,True,9,3385,,0.1129,1,2,2,2,7,strong
174,CC_CNT_DRAWINGS_ATM_CURRENT_SUM,86905,binary,0.05,0.0,0.0433,0.0566,0.0771,0.0,0.05,0.0,0.0045,0.0022,0.0025,0.0771,spearman,0.0771,0.0,positive,negligible,True,False,0.012063,weak,True,0.0459,True,1.3825,0.0771,0.0744,weak,False,6,163,,0.0771,1,1,1,1,4,moderate
175,CC_CNT_DRAWINGS_CURRENT_MAX,86905,binary,0.1014,0.0,0.0948,0.108,0.1128,0.0,0.1014,0.0,0.0067,0.0033,0.0103,0.1128,spearman,0.1128,0.0,positive,weak,True,False,0.025187,moderate,True,0.0971,True,1.9165,0.1128,0.1589,medium,True,7,119,,0.1128,1,2,2,1,6,moderate
176,CC_CNT_DRAWINGS_CURRENT_MEAN,86905,binary,0.0825,0.0,0.0759,0.0891,0.1224,0.0,0.0825,0.0,0.0084,0.0042,0.0068,0.1224,spearman,0.1224,0.0,positive,weak,True,False,0.005022,weak,True,0.0974,True,1.8887,0.1224,0.1979,medium,True,7,6584,,0.1224,1,1,2,1,5,moderate
177,CC_CNT_DRAWINGS_CURRENT_SUM,86905,binary,0.0507,0.0,0.0441,0.0573,0.0948,0.0,0.0507,0.0,0.0043,0.0022,0.0026,0.0948,spearman,0.0948,0.0,positive,negligible,True,False,0.012431,weak,True,0.0694,True,1.5749,0.0948,0.1162,medium,True,7,548,,0.0948,1,1,1,1,4,moderate
178,CC_CNT_DRAWINGS_POS_CURRENT_MAX,61140,binary,0.0689,0.0,0.061,0.0768,0.0737,0.0,0.0689,0.0,0.0038,0.0019,0.0048,0.0737,spearman,0.0737,0.0,positive,negligible,True,False,0.007729,weak,True,0.0666,True,1.8421,0.0737,0.0617,weak,True,6,123,,0.0737,1,1,1,1,4,moderate
179,CC_CNT_DRAWINGS_POS_CURRENT_MEAN,61140,binary,0.0525,0.0,0.0446,0.0604,0.0753,0.0,0.0525,0.0,0.0062,0.0031,0.0028,0.0753,spearman,0.0753,0.0,positive,negligible,True,False,0.002905,negligible,False,0.0652,True,1.793,0.0753,0.0701,weak,True,6,5024,,0.0753,1,0,1,1,3,weak
180,CC_CNT_DRAWINGS_POS_CURRENT_SUM,86905,binary,0.0385,0.0,0.0318,0.0451,0.0862,0.0,0.0385,0.0,0.0038,0.0019,0.0015,0.0862,spearman,0.0862,0.0,positive,negligible,True,False,0.0,negligible,False,0.0578,True,1.6023,0.0862,0.0822,weak,True,4,532,,0.0862,1,0,1,1,3,weak
181,CC_CNT_INSTALMENT_MATURE_CUM_MAX,86905,binary,-0.0176,0.0,-0.0242,-0.0109,0.0189,0.0,-0.0176,0.0,0.0064,0.0032,0.0003,0.0189,spearman,0.0189,0.0,positive,negligible,True,False,0.0235,moderate,True,0.0709,False,1.677,0.0189,0.0679,weak,True,7,120,,0.0189,0,2,1,1,4,moderate
182,CC_CNT_INSTALMENT_MATURE_CUM_MEAN,86905,binary,-0.0289,0.0,-0.0356,-0.0223,0.0118,0.000488,-0.0289,0.0,0.0072,0.0036,0.0008,0.0289,point_biserial,-0.0289,0.0,negative,negligible,True,False,0.024,moderate,True,0.0794,False,1.7535,0.0118,0.0918,weak,True,7,13923,,0.0289,0,2,1,1,4,moderate
183,CC_DRAWING_LIMIT_RATIO_MAX,86036,binary,0.0757,0.0,0.069,0.0823,0.078,0.0,0.0757,0.0,0.0057,0.0029,0.0057,0.078,spearman,0.078,0.0,positive,negligible,True,False,0.043524,moderate,True,0.0604,True,1.458,0.078,0.101,medium,True,7,24356,,0.078,1,2,1,1,5,moderate
184,CC_DRAWING_LIMIT_RATIO_MEAN,86036,binary,0.099,0.0,0.0923,0.1056,0.1253,0.0,0.099,0.0,0.0102,0.0051,0.0098,0.1253,spearman,0.1253,0.0,positive,weak,True,False,0.023974,moderate,True,0.1034,True,1.9508,0.1253,0.209,medium,True,7,48938,,0.1253,1,2,2,1,6,moderate
185,CC_MONTHS_BALANCE_MAX,86905,binary,0.0253,0.0,0.0186,0.0319,0.0235,0.0,0.0253,0.0,0.006,0.003,0.0006,0.0253,point_biserial,0.0253,0.0,positive,negligible,True,False,0.053124,strong,True,,False,,,,none,False,0,0,too_few_valid_bins,0.0253,0,3,0,0,3,weak
186,CC_MONTHS_BALANCE_MIN,86905,binary,0.0614,0.0,0.0547,0.068,0.0595,0.0,0.0614,0.0,0.0048,0.0024,0.0038,0.0614,pearson,0.0614,0.0,positive,negligible,True,False,0.03387,moderate,True,0.0566,True,1.4376,0.0595,0.0558,weak,True,9,96,,0.0614,1,2,1,1,5,moderate
187,CC_MONTHS_BALANCE_SIZE,86905,binary,-0.0605,0.0,-0.0671,-0.0539,-0.0576,0.0,-0.0605,0.0,0.0045,0.0022,0.0037,0.0605,pearson,-0.0605,0.0,negative,negligible,True,False,0.033305,moderate,True,0.0581,True,1.4074,-0.0576,0.0569,weak,True,10,128,,0.0605,1,2,1,1,5,moderate
188,CC_NAME_CONTRACT_STATUS_Active_MEAN,86905,binary,0.0199,0.0,0.0133,0.0265,0.0263,0.0,0.0199,0.0,0.0153,0.0077,0.0004,0.0263,spearman,0.0263,0.0,positive,negligible,True,False,0.075177,strong,True,,False,,,,none,False,0,0,too_few_valid_bins,0.0263,0,3,0,0,3,weak
189,CC_NAME_CONTRACT_STATUS_Approved_MEAN,86905,binary,-0.0023,0.491329,-0.009,0.0043,-0.0023,0.490869,-0.0023,0.491329,0.0001,0.0001,0.0,0.0023,spearman,-0.0023,0.490869,none,negligible,False,False,0.0,negligible,False,,False,,,,none,False,0,0,too_few_valid_bins,0.0023,0,0,0,0,0,very_weak
190,CC_NAME_CONTRACT_STATUS_Completed_MEAN,86905,binary,-0.0213,0.0,-0.028,-0.0147,-0.024,0.0,-0.0213,0.0,0.0006,0.0003,0.0005,0.024,spearman,-0.024,0.0,negative,negligible,True,False,0.000126,negligible,False,,False,,,,none,False,0,0,too_few_valid_bins,0.024,0,0,0,0,0,very_weak
191,CC_NAME_CONTRACT_STATUS_Demand_MEAN,86905,binary,0.004,0.237359,-0.0026,0.0107,0.0022,0.520753,0.004,0.237359,0.0001,0.0001,0.0,0.004,pearson,0.004,0.237359,none,negligible,False,False,5.5e-05,negligible,False,,False,,,,none,False,0,0,too_few_valid_bins,0.004,0,0,0,0,0,very_weak
192,CC_NAME_CONTRACT_STATUS_Refused_MEAN,86905,binary,0.002,0.558072,-0.0047,0.0086,0.0025,0.45526,0.002,0.558072,0.0001,0.0001,0.0,0.0025,spearman,0.0025,0.45526,none,negligible,False,False,0.000797,negligible,False,,False,,,,none,False,0,0,too_few_valid_bins,0.0025,0,0,0,0,0,very_weak
193,CC_NAME_CONTRACT_STATUS_Sent proposal_MEAN,86905,binary,-0.0125,0.000222,-0.0192,-0.0059,-0.0123,0.000275,-0.0125,0.000222,0.0004,0.0002,0.0002,0.0125,pearson,-0.0125,0.000222,negative,negligible,True,False,0.000423,negligible,False,,False,,,,none,False,0,0,too_few_valid_bins,0.0125,0,0,0,0,0,very_weak
194,CC_NAME_CONTRACT_STATUS_Signed_MEAN,86905,binary,0.0006,0.866625,-0.0061,0.0072,-0.0086,0.011454,0.0006,0.866625,0.0003,0.0001,0.0,0.0086,spearman,-0.0086,0.011454,none,negligible,True,False,0.0,negligible,False,,False,,,,none,False,0,0,too_few_valid_bins,0.0086,0,0,0,0,0,very_weak
195,CC_NAME_CONTRACT_STATUS_nan_MEAN,86905,binary,,,,,,,,,0.0001,0.0001,,,none,,,unknown,unknown,False,False,,unknown,False,,False,,,,none,False,0,0,insufficient_data,,0,0,0,0,0,very_weak
196,CC_PAYMENT_MIN_RATIO_MAX,59269,binary,-0.0033,0.422375,-0.0113,0.0048,-0.0631,0.0,-0.0033,0.422375,0.0074,0.0037,0.0,0.0631,spearman,-0.0631,0.0,negative,negligible,True,False,0.002373,negligible,False,0.0922,False,1.9342,-0.0631,0.09,weak,True,10,47187,,0.0631,1,0,2,1,4,moderate
197,CC_PAYMENT_MIN_RATIO_MEAN,59269,binary,-0.0023,0.583734,-0.0103,0.0058,-0.0618,0.0,-0.0023,0.583734,0.0006,0.0003,0.0,0.0618,spearman,-0.0618,0.0,negative,negligible,True,False,0.00019,negligible,False,0.0906,True,1.906,-0.0618,0.0583,weak,True,10,58279,,0.0618,1,0,2,1,4,moderate
198,CC_PAYMENT_TOTAL_RATIO_MAX,59775,binary,0.0031,0.448627,-0.0049,0.0111,-0.0734,0.0,0.0031,0.448627,0.0046,0.0023,0.0,0.0734,spearman,-0.0734,0.0,negative,negligible,True,False,0.000792,negligible,False,0.0766,True,1.9043,-0.0734,0.0754,weak,True,10,56912,,0.0734,1,0,1,1,3,weak
199,CC_PAYMENT_TOTAL_RATIO_MEAN,59775,binary,0.0019,0.649303,-0.0062,0.0099,-0.0554,0.0,0.0019,0.649303,0.0037,0.0019,0.0,0.0554,spearman,-0.0554,0.0,negative,negligible,True,False,0.001437,negligible,False,0.0707,False,1.8338,-0.0554,0.0672,weak,True,10,57349,,0.0554,1,0,1,1,3,weak
200,CC_RECEIVABLE_LIMIT_RATIO_MAX,86036,binary,0.0953,0.0,0.0887,0.1019,0.0975,0.0,0.0953,0.0,0.0084,0.0042,0.0091,0.0975,spearman,0.0975,0.0,positive,negligible,True,False,0.031796,moderate,True,0.0684,True,1.5261,0.0975,0.1379,medium,True,7,55701,,0.0975,1,2,1,1,5,moderate
201,CC_RECEIVABLE_LIMIT_RATIO_MEAN,86036,binary,0.1342,0.0,0.1276,0.1407,0.1263,0.0,0.1342,0.0,0.0101,0.005,0.018,0.1342,pearson,0.1342,0.0,positive,weak,True,False,0.030896,moderate,True,0.1208,True,2.1667,0.1263,0.2097,medium,True,8,58877,,0.1342,1,2,2,2,7,strong
202,CC_SK_DPD_DEF_MAX,86905,binary,0.0071,0.036634,0.0004,0.0137,-0.0124,0.000255,0.0071,0.036634,0.0,0.0,0.0001,0.0124,spearman,-0.0124,0.000255,negative,negligible,True,False,0.000149,negligible,False,,False,,,,none,False,0,0,too_few_valid_bins,0.0124,0,0,0,0,0,very_weak
203,CC_SK_DPD_DEF_MEAN,86905,binary,0.0067,0.049605,0.0,0.0133,-0.0117,0.000588,0.0067,0.049605,0.0009,0.0005,0.0,0.0117,spearman,-0.0117,0.000588,negative,negligible,True,False,0.000529,negligible,False,,False,,,,none,False,0,0,too_few_valid_bins,0.0117,0,0,0,0,0,very_weak
204,CC_SK_DPD_DEF_SUM,86905,binary,0.007,0.039855,0.0003,0.0136,-0.0126,0.000209,0.007,0.039855,0.0,0.0,0.0,0.0126,spearman,-0.0126,0.000209,negative,negligible,True,False,0.00036,negligible,False,,False,,,,none,False,0,0,too_few_valid_bins,0.0126,0,0,0,0,0,very_weak
205,CC_SK_DPD_MAX,86905,binary,-0.006,0.078155,-0.0126,0.0007,-0.005,0.141874,-0.006,0.078155,0.001,0.0005,0.0,0.006,pearson,-0.006,0.078155,none,negligible,False,False,0.000283,negligible,False,,False,,,,none,False,0,0,too_few_valid_bins,0.006,0,0,0,0,0,very_weak
206,CC_SK_DPD_MEAN,86905,binary,-0.0032,0.346294,-0.0098,0.0035,-0.0039,0.256221,-0.0032,0.346294,0.0018,0.0009,0.0,0.0039,spearman,-0.0039,0.256221,none,negligible,False,False,0.000702,negligible,False,0.0346,False,1.2476,-0.0039,0.0102,very_weak,False,3,3606,,0.0039,0,0,1,0,1,very_weak
207,CC_SK_DPD_SUM,86905,binary,-0.0036,0.293086,-0.0102,0.0031,-0.0055,0.104946,-0.0036,0.293086,0.0006,0.0003,0.0,0.0055,spearman,-0.0055,0.104946,none,negligible,False,False,0.000606,negligible,False,0.0177,True,1.1734,-0.0055,0.0021,very_weak,False,3,1464,,0.0055,0,0,0,0,0,very_weak
208,CC_SK_ID_PREV_NUNIQUE,86905,binary,0.0044,0.195821,-0.0023,0.011,0.0047,0.167675,0.0044,0.195821,0.0148,0.0074,0.0,0.0047,spearman,0.0047,0.167675,none,negligible,False,False,0.05951,strong,True,,False,,,,none,False,0,0,too_few_valid_bins,0.0047,0,3,0,0,3,weak
209,CNT_CHILDREN,307511,binary,0.0192,0.0,0.0157,0.0227,0.0201,0.0,0.0192,0.0,0.0043,0.0022,0.0004,0.0201,spearman,0.0201,0.0,positive,negligible,True,False,0.004793,negligible,False,0.0206,True,1.2439,0.0201,0.0017,very_weak,False,3,15,,0.0201,0,0,0,0,0,very_weak
210,CNT_FAM_MEMBERS,307509,binary,0.0093,0.0,0.0058,0.0128,0.007,0.000102,0.0093,0.0,0.0238,0.0119,0.0001,0.0093,pearson,0.0093,0.0,none,negligible,True,False,0.024825,moderate,True,0.0101,True,1.0931,0.007,0.0032,very_weak,False,3,17,,0.0093,0,2,0,0,2,weak
211,COMMONAREA_AVG,92646,binary,-0.0185,0.0,-0.025,-0.0121,-0.0189,0.0,-0.0185,0.0,0.0005,0.0002,0.0003,0.0189,spearman,-0.0189,0.0,negative,negligible,True,False,0.010555,weak,True,0.0287,True,1.0402,-0.0189,0.0117,very_weak,False,10,3181,,0.0189,0,1,0,0,1,very_weak
212,COMMONAREA_MEDI,92646,binary,-0.0186,0.0,-0.025,-0.0121,-0.0185,0.0,-0.0186,0.0,0.0004,0.0002,0.0003,0.0186,pearson,-0.0186,0.0,negative,negligible,True,False,0.010466,weak,True,0.0286,True,1.0358,-0.0185,0.0115,very_weak,False,10,3202,,0.0186,0,1,0,0,1,very_weak
213,COMMONAREA_MODE,92646,binary,-0.0163,1e-06,-0.0228,-0.0099,-0.0161,1e-06,-0.0163,1e-06,0.0002,0.0001,0.0003,0.0163,pearson,-0.0163,1e-06,negative,negligible,True,False,0.011879,weak,True,0.0181,True,0.9266,-0.0161,0.0069,very_weak,False,9,3128,,0.0163,0,1,0,0,1,very_weak
214,DAYS_BIRTH,307511,binary,0.0782,0.0,0.0747,0.0818,0.0783,0.0,0.0782,0.0,0.0037,0.0018,0.0061,0.0783,spearman,0.0783,0.0,positive,negligible,True,False,0.004204,negligible,False,0.0668,True,1.4345,0.0783,0.0842,weak,True,10,17460,,0.0783,1,0,1,1,3,weak
215,DAYS_EMPLOYED,252137,binary,0.075,0.0,0.0711,0.0788,0.0803,0.0,0.075,0.0,0.0038,0.0019,0.0056,0.0803,spearman,0.0803,0.0,positive,negligible,True,False,0.006081,weak,True,0.0691,True,1.4204,0.0803,0.0925,weak,True,10,12573,,0.0803,1,1,1,1,4,moderate
216,DAYS_EMPLOYED_ANOM,307511,binary,-0.046,0.0,-0.0495,-0.0425,-0.046,0.0,-0.046,0.0,0.0071,0.0035,0.0021,0.046,pearson,-0.046,0.0,negative,negligible,True,False,0.006537,weak,True,,False,,,,none,False,0,0,insufficient_data,0.046,0,1,0,0,1,very_weak
217,DAYS_ID_PUBLISH,307511,binary,0.0515,0.0,0.0479,0.055,0.0525,0.0,0.0515,0.0,0.0018,0.0009,0.0026,0.0525,spearman,0.0525,0.0,positive,negligible,True,False,0.001633,negligible,False,0.0422,True,1.2595,0.0525,0.0385,weak,False,10,6168,,0.0525,1,0,1,0,2,weak
218,DAYS_LAST_PHONE_CHANGE,307510,binary,0.0552,0.0,0.0517,0.0587,0.0537,0.0,0.0552,0.0,0.0025,0.0013,0.003,0.0552,pearson,0.0552,0.0,positive,negligible,True,False,0.001889,negligible,False,0.0451,True,1.2263,0.0537,0.0467,weak,False,9,3773,,0.0552,1,0,1,0,2,weak
219,DAYS_REGISTRATION,307511,binary,0.042,0.0,0.0384,0.0455,0.0402,0.0,0.042,0.0,0.0012,0.0006,0.0018,0.042,pearson,0.042,0.0,positive,negligible,True,False,0.001191,negligible,False,0.041,True,1.2023,0.0402,0.0269,weak,False,10,15688,,0.042,0,0,1,0,1,very_weak
220,DEF_30_CNT_SOCIAL_CIRCLE,306490,binary,0.0322,0.0,0.0287,0.0358,0.0322,0.0,0.0322,0.0,0.0014,0.0007,0.001,0.0322,pearson,0.0322,0.0,positive,negligible,True,False,0.002395,negligible,False,,False,,,,none,False,0,0,too_few_valid_bins,0.0322,0,0,0,0,0,very_weak
221,DEF_60_CNT_SOCIAL_CIRCLE,306490,binary,0.0313,0.0,0.0277,0.0348,0.0309,0.0,0.0313,0.0,0.0007,0.0004,0.001,0.0313,pearson,0.0313,0.0,positive,negligible,True,False,0.001,negligible,False,,False,,,,none,False,0,0,too_few_valid_bins,0.0313,0,0,0,0,0,very_weak
222,ELEVATORS_AVG,143620,binary,-0.0342,0.0,-0.0394,-0.029,-0.0389,0.0,-0.0342,0.0,0.0012,0.0006,0.0012,0.0389,spearman,-0.0389,0.0,negative,negligible,True,False,0.001868,negligible,False,0.0246,True,0.9495,-0.0389,0.0246,weak,False,5,257,,0.0389,0,0,0,0,0,very_weak
223,ELEVATORS_MEDI,143620,binary,-0.0339,0.0,-0.039,-0.0287,-0.0384,0.0,-0.0339,0.0,0.0007,0.0004,0.0011,0.0384,spearman,-0.0384,0.0,negative,negligible,True,False,0.0008,negligible,False,0.0223,True,0.9215,-0.0384,0.02,very_weak,False,4,46,,0.0384,0,0,0,0,0,very_weak
224,ELEVATORS_MODE,143620,binary,-0.0321,0.0,-0.0373,-0.027,-0.0368,0.0,-0.0321,0.0,0.0011,0.0005,0.001,0.0368,spearman,-0.0368,0.0,negative,negligible,True,False,0.001473,negligible,False,0.021,True,0.9149,-0.0368,0.0179,very_weak,False,4,26,,0.0368,0,0,0,0,0,very_weak
225,ENTRANCES_AVG,152683,binary,-0.0192,0.0,-0.0242,-0.0142,-0.0242,0.0,-0.0192,0.0,0.0038,0.0019,0.0004,0.0242,spearman,-0.0242,0.0,negative,negligible,True,False,0.017483,weak,True,0.0206,True,1.0013,-0.0242,0.0112,very_weak,False,8,285,,0.0242,0,1,0,0,1,very_weak
226,ENTRANCES_MEDI,152683,binary,-0.019,0.0,-0.024,-0.014,-0.024,0.0,-0.019,0.0,0.0045,0.0023,0.0004,0.024,spearman,-0.024,0.0,negative,negligible,True,False,0.017214,weak,True,0.0204,True,0.9973,-0.024,0.0107,very_weak,False,8,46,,0.024,0,1,0,0,1,very_weak
227,ENTRANCES_MODE,152683,binary,-0.0174,0.0,-0.0224,-0.0124,-0.0216,0.0,-0.0174,0.0,0.0043,0.0021,0.0003,0.0216,spearman,-0.0216,0.0,negative,negligible,True,False,0.017742,weak,True,0.019,True,0.9704,-0.0216,0.0086,very_weak,False,8,30,,0.0216,0,1,0,0,1,very_weak
228,EXT_SOURCE_1,134133,binary,-0.1553,0.0,-0.1605,-0.1501,-0.1511,0.0,-0.1553,0.0,0.0129,0.0065,0.0241,0.1553,point_biserial,-0.1553,0.0,negative,weak,True,False,0.020401,moderate,True,0.1499,True,2.1756,-0.1511,0.3465,strong,True,10,114584,,0.1553,2,2,2,2,8,strong
229,EXT_SOURCE_2,306851,binary,-0.1605,0.0,-0.1639,-0.157,-0.1473,0.0,-0.1605,0.0,0.0122,0.0061,0.0258,0.1605,pearson,-0.1605,0.0,negative,weak,True,False,0.012438,weak,True,0.1538,True,2.2731,-0.1473,0.3071,strong,True,10,119831,,0.1605,2,1,3,2,8,strong
230,EXT_SOURCE_3,246546,binary,-0.1789,0.0,-0.1827,-0.1751,-0.1663,0.0,-0.1789,0.0,0.0167,0.0083,0.032,0.1789,pearson,-0.1789,0.0,negative,weak,True,False,0.015743,weak,True,0.1678,True,2.4778,-0.1663,0.4101,strong,True,10,814,,0.1789,2,1,3,2,8,strong
231,FLAG_CONT_MOBILE,307511,binary,0.0004,0.837378,-0.0032,0.0039,0.0004,0.837378,0.0004,0.837378,0.0595,0.0298,0.0,0.0004,pearson,0.0004,0.837378,none,negligible,False,False,0.06061,strong,True,,False,,,,none,False,0,0,insufficient_data,0.0004,0,3,0,0,3,weak
232,FLAG_DOCUMENT_10,307511,binary,-0.0014,0.43301,-0.0049,0.0021,-0.0014,0.43301,-0.0014,0.43301,0.0001,0.0,0.0,0.0014,spearman,-0.0014,0.43301,none,negligible,False,False,0.0,negligible,False,,False,,,,none,False,0,0,insufficient_data,0.0014,0,0,0,0,0,very_weak
233,FLAG_DOCUMENT_11,307511,binary,-0.0042,0.01901,-0.0078,-0.0007,-0.0042,0.01901,-0.0042,0.01901,0.0001,0.0,0.0,0.0042,point_biserial,-0.0042,0.01901,none,negligible,True,False,0.0,negligible,False,,False,,,,none,False,0,0,insufficient_data,0.0042,0,0,0,0,0,very_weak
234,FLAG_DOCUMENT_12,307511,binary,-0.0008,0.67515,-0.0043,0.0028,-0.0008,0.67515,-0.0008,0.67515,0.0001,0.0,0.0,0.0008,spearman,-0.0008,0.67515,none,negligible,False,False,0.0,negligible,False,,False,,,,none,False,0,0,insufficient_data,0.0008,0,0,0,0,0,very_weak
235,FLAG_DOCUMENT_13,307511,binary,-0.0116,0.0,-0.0151,-0.008,-0.0116,0.0,-0.0116,0.0,0.0002,0.0001,0.0001,0.0116,spearman,-0.0116,0.0,negative,negligible,True,False,0.0,negligible,False,,False,,,,none,False,0,0,insufficient_data,0.0116,0,0,0,0,0,very_weak
236,FLAG_DOCUMENT_14,307511,binary,-0.0095,0.0,-0.013,-0.0059,-0.0095,0.0,-0.0095,0.0,0.0002,0.0001,0.0001,0.0095,point_biserial,-0.0095,0.0,none,negligible,True,False,0.0,negligible,False,,False,,,,none,False,0,0,insufficient_data,0.0095,0,0,0,0,0,very_weak
237,FLAG_DOCUMENT_15,307511,binary,-0.0065,0.00029,-0.0101,-0.003,-0.0065,0.00029,-0.0065,0.00029,0.0001,0.0,0.0,0.0065,point_biserial,-0.0065,0.00029,none,negligible,True,False,0.000544,negligible,False,,False,,,,none,False,0,0,insufficient_data,0.0065,0,0,0,0,0,very_weak
238,FLAG_DOCUMENT_16,307511,binary,-0.0116,0.0,-0.0151,-0.0081,-0.0116,0.0,-0.0116,0.0,0.0002,0.0001,0.0001,0.0116,pearson,-0.0116,0.0,negative,negligible,True,False,0.0,negligible,False,,False,,,,none,False,0,0,insufficient_data,0.0116,0,0,0,0,0,very_weak
239,FLAG_DOCUMENT_17,307511,binary,-0.0034,0.061071,-0.0069,0.0002,-0.0034,0.061071,-0.0034,0.061071,0.0001,0.0,0.0,0.0034,pearson,-0.0034,0.061071,none,negligible,False,False,0.000425,negligible,False,,False,,,,none,False,0,0,insufficient_data,0.0034,0,0,0,0,0,very_weak
240,FLAG_DOCUMENT_18,307511,binary,-0.008,1e-05,-0.0115,-0.0044,-0.008,1e-05,-0.008,1e-05,0.0001,0.0,0.0001,0.008,spearman,-0.008,1e-05,none,negligible,True,False,0.0,negligible,False,,False,,,,none,False,0,0,insufficient_data,0.008,0,0,0,0,0,very_weak
241,FLAG_DOCUMENT_19,307511,binary,-0.0014,0.451575,-0.0049,0.0022,-0.0014,0.451575,-0.0014,0.451575,0.0001,0.0,0.0,0.0014,spearman,-0.0014,0.451575,none,negligible,False,False,0.00025,negligible,False,,False,,,,none,False,0,0,insufficient_data,0.0014,0,0,0,0,0,very_weak
242,FLAG_DOCUMENT_2,307511,binary,0.0054,0.002664,0.0019,0.009,0.0054,0.002664,0.0054,0.002664,0.0001,0.0,0.0,0.0054,spearman,0.0054,0.002664,none,negligible,True,False,0.0,negligible,False,,False,,,,none,False,0,0,insufficient_data,0.0054,0,0,0,0,0,very_weak
243,FLAG_DOCUMENT_20,307511,binary,0.0002,0.904924,-0.0033,0.0037,0.0002,0.904924,0.0002,0.904924,0.0,0.0,0.0,0.0002,spearman,0.0002,0.904924,none,negligible,False,False,0.0,negligible,False,,False,,,,none,False,0,0,insufficient_data,0.0002,0,0,0,0,0,very_weak
244,FLAG_DOCUMENT_21,307511,binary,0.0037,0.039728,0.0002,0.0072,0.0037,0.039728,0.0037,0.039728,0.0001,0.0,0.0,0.0037,point_biserial,0.0037,0.039728,none,negligible,True,False,0.000383,negligible,False,,False,,,,none,False,0,0,insufficient_data,0.0037,0,0,0,0,0,very_weak
245,FLAG_DOCUMENT_3,307511,binary,0.0443,0.0,0.0408,0.0479,0.0443,0.0,0.0443,0.0,0.0562,0.0281,0.002,0.0443,pearson,0.0443,0.0,positive,negligible,True,False,0.055924,strong,True,,False,,,,none,False,0,0,insufficient_data,0.0443,0,3,0,0,3,weak
246,FLAG_DOCUMENT_4,307511,binary,-0.0027,0.138403,-0.0062,0.0009,-0.0027,0.138403,-0.0027,0.138403,0.0001,0.0,0.0,0.0027,spearman,-0.0027,0.138403,none,negligible,False,False,0.0,negligible,False,,False,,,,none,False,0,0,insufficient_data,0.0027,0,0,0,0,0,very_weak
247,FLAG_DOCUMENT_5,307511,binary,-0.0003,0.860994,-0.0039,0.0032,-0.0003,0.860994,-0.0003,0.860994,0.0002,0.0001,0.0,0.0003,pearson,-0.0003,0.860994,none,negligible,False,False,0.00085,negligible,False,,False,,,,none,False,0,0,insufficient_data,0.0003,0,0,0,0,0,very_weak
248,FLAG_DOCUMENT_6,307511,binary,-0.0286,0.0,-0.0321,-0.0251,-0.0286,0.0,-0.0286,0.0,0.0018,0.0009,0.0008,0.0286,point_biserial,-0.0286,0.0,negative,negligible,True,False,0.000961,negligible,False,,False,,,,none,False,0,0,insufficient_data,0.0286,0,0,0,0,0,very_weak
249,FLAG_DOCUMENT_7,307511,binary,-0.0015,0.399442,-0.0051,0.002,-0.0015,0.399442,-0.0015,0.399442,0.0001,0.0,0.0,0.0015,pearson,-0.0015,0.399442,none,negligible,False,False,0.00031,negligible,False,,False,,,,none,False,0,0,insufficient_data,0.0015,0,0,0,0,0,very_weak
250,FLAG_DOCUMENT_8,307511,binary,-0.008,8e-06,-0.0116,-0.0045,-0.008,8e-06,-0.008,8e-06,0.001,0.0005,0.0001,0.008,point_biserial,-0.008,8e-06,none,negligible,True,False,0.001678,negligible,False,,False,,,,none,False,0,0,insufficient_data,0.008,0,0,0,0,0,very_weak
251,FLAG_DOCUMENT_9,307511,binary,-0.0044,0.015797,-0.0079,-0.0008,-0.0044,0.015797,-0.0044,0.015797,0.0001,0.0,0.0,0.0044,pearson,-0.0044,0.015797,none,negligible,True,False,0.0,negligible,False,,False,,,,none,False,0,0,insufficient_data,0.0044,0,0,0,0,0,very_weak
252,FLAG_EMAIL,307511,binary,-0.0018,0.329518,-0.0053,0.0018,-0.0018,0.329518,-0.0018,0.329518,0.0012,0.0006,0.0,0.0018,point_biserial,-0.0018,0.329518,none,negligible,False,False,0.000836,negligible,False,,False,,,,none,False,0,0,insufficient_data,0.0018,0,0,0,0,0,very_weak
253,FLAG_EMP_PHONE,307511,binary,0.046,0.0,0.0425,0.0495,0.046,0.0,0.046,0.0,0.0555,0.0277,0.0021,0.046,point_biserial,0.046,0.0,positive,negligible,True,False,0.05433,strong,True,,False,,,,none,False,0,0,insufficient_data,0.046,0,3,0,0,3,weak
254,FLAG_MOBIL,307511,binary,0.0005,0.76697,-0.003,0.0041,0.0005,0.76697,0.0005,0.76697,0.0801,0.04,0.0,0.0005,spearman,0.0005,0.76697,none,negligible,False,False,0.080361,strong,True,,False,,,,none,False,0,0,insufficient_data,0.0005,0,3,0,0,3,weak
255,FLAG_PHONE,307511,binary,-0.0238,0.0,-0.0273,-0.0203,-0.0238,0.0,-0.0238,0.0,0.0136,0.0068,0.0006,0.0238,pearson,-0.0238,0.0,negative,negligible,True,False,0.012935,weak,True,,False,,,,none,False,0,0,insufficient_data,0.0238,0,1,0,0,1,very_weak
256,FLAG_WORK_PHONE,307511,binary,0.0285,0.0,0.025,0.0321,0.0285,0.0,0.0285,0.0,0.0073,0.0037,0.0008,0.0285,point_biserial,0.0285,0.0,positive,negligible,True,False,0.006743,weak,True,,False,,,,none,False,0,0,insufficient_data,0.0285,0,1,0,0,1,very_weak
257,FLOORSMAX_AVG,154491,binary,-0.044,0.0,-0.049,-0.039,-0.0462,0.0,-0.044,0.0,0.0081,0.004,0.0019,0.0462,spearman,-0.0462,0.0,negative,negligible,True,False,0.023418,moderate,True,0.0435,True,1.1433,-0.0462,0.0338,weak,False,6,403,,0.0462,0,2,1,0,3,weak
258,FLOORSMAX_MEDI,154491,binary,-0.0438,0.0,-0.0487,-0.0388,-0.046,0.0,-0.0438,0.0,0.0087,0.0043,0.0019,0.046,spearman,-0.046,0.0,negative,negligible,True,False,0.025319,moderate,True,0.0434,True,1.1405,-0.046,0.0336,weak,False,6,49,,0.046,0,2,1,0,3,weak
259,FLOORSMAX_MODE,154491,binary,-0.0432,0.0,-0.0482,-0.0382,-0.0454,0.0,-0.0432,0.0,0.009,0.0045,0.0019,0.0454,spearman,-0.0454,0.0,negative,negligible,True,False,0.024883,moderate,True,0.0433,True,1.1339,-0.0454,0.033,weak,False,6,25,,0.0454,0,2,1,0,3,weak
260,FLOORSMIN_AVG,98869,binary,-0.0336,0.0,-0.0398,-0.0274,-0.0321,0.0,-0.0336,0.0,0.0046,0.0023,0.0011,0.0336,pearson,-0.0336,0.0,negative,negligible,True,False,0.046346,moderate,True,0.0365,True,1.0592,-0.0321,0.0257,weak,False,7,305,,0.0336,0,2,1,0,3,weak
261,FLOORSMIN_MEDI,98869,binary,-0.0334,0.0,-0.0396,-0.0272,-0.0319,0.0,-0.0334,0.0,0.0043,0.0021,0.0011,0.0334,pearson,-0.0334,0.0,negative,negligible,True,False,0.047223,moderate,True,0.0398,True,1.0759,-0.0319,0.0276,weak,False,7,47,,0.0334,0,2,1,0,3,weak
262,FLOORSMIN_MODE,98869,binary,-0.0327,0.0,-0.0389,-0.0265,-0.0308,0.0,-0.0327,0.0,0.0053,0.0027,0.0011,0.0327,pearson,-0.0327,0.0,negative,negligible,True,False,0.046745,moderate,True,0.0432,True,1.1065,-0.0308,0.025,weak,False,7,25,,0.0327,0,2,1,0,3,weak
263,HOUR_APPR_PROCESS_START,307511,binary,-0.0242,0.0,-0.0277,-0.0206,-0.0229,0.0,-0.0242,0.0,0.0051,0.0025,0.0006,0.0242,point_biserial,-0.0242,0.0,negative,negligible,True,False,0.005274,weak,True,0.0298,True,1.2037,-0.0229,0.0098,very_weak,False,10,24,,0.0242,0,1,0,0,1,very_weak
264,INS_AMT_INSTALMENT_MAX,291643,binary,0.0023,0.209444,-0.0013,0.006,-0.0209,0.0,0.0023,0.209444,0.0021,0.0011,0.0,0.0209,spearman,-0.0209,0.0,negative,negligible,True,False,0.002449,negligible,False,0.0471,True,1.4096,-0.0209,0.0319,weak,False,10,236626,,0.0209,0,0,1,1,2,weak
265,INS_AMT_INSTALMENT_MEAN,291643,binary,-0.0184,0.0,-0.022,-0.0148,-0.034,0.0,-0.0184,0.0,0.0008,0.0004,0.0003,0.034,spearman,-0.034,0.0,negative,negligible,True,False,0.001256,negligible,False,0.0345,True,1.3179,-0.034,0.0182,very_weak,False,10,288020,,0.034,0,0,1,1,2,weak
266,INS_AMT_INSTALMENT_SUM,291643,binary,-0.0198,0.0,-0.0234,-0.0162,-0.0371,0.0,-0.0198,0.0,0.002,0.001,0.0004,0.0371,spearman,-0.0371,0.0,negative,negligible,True,False,0.002071,negligible,False,0.0391,True,1.3744,-0.0371,0.023,weak,False,10,287801,,0.0371,0,0,1,1,2,weak
267,INS_AMT_PAYMENT_MAX,291635,binary,0.0016,0.401286,-0.0021,0.0052,-0.0215,0.0,0.0016,0.401286,0.0022,0.0011,0.0,0.0215,spearman,-0.0215,0.0,negative,negligible,True,False,0.002257,negligible,False,0.0477,True,1.4106,-0.0215,0.0318,weak,False,10,229572,,0.0215,0,0,1,1,2,weak
268,INS_AMT_PAYMENT_MEAN,291635,binary,-0.0232,0.0,-0.0268,-0.0195,-0.0413,0.0,-0.0232,0.0,0.0004,0.0002,0.0005,0.0413,spearman,-0.0413,0.0,negative,negligible,True,False,0.00065,negligible,False,0.0416,True,1.3736,-0.0413,0.0259,weak,False,10,288396,,0.0413,0,0,1,1,2,weak
269,INS_AMT_PAYMENT_MIN,291635,binary,-0.0257,0.0,-0.0294,-0.0221,-0.0528,0.0,-0.0257,0.0,0.0021,0.001,0.0007,0.0528,spearman,-0.0528,0.0,negative,negligible,True,False,0.002296,negligible,False,0.0468,True,1.2849,-0.0528,0.0407,weak,False,10,134230,,0.0528,1,0,1,0,2,weak
270,INS_AMT_PAYMENT_SUM,291643,binary,-0.0244,0.0,-0.028,-0.0207,-0.0424,0.0,-0.0244,0.0,0.0007,0.0004,0.0006,0.0424,spearman,-0.0424,0.0,negative,negligible,True,False,0.001048,negligible,False,0.0423,True,1.4114,-0.0424,0.0292,weak,False,10,287364,,0.0424,0,0,1,1,2,weak
271,INS_DAYS_ENTRY_PAYMENT_MAX,291635,binary,-0.0023,0.214555,-0.0059,0.0013,0.009,1e-06,-0.0023,0.214555,0.0009,0.0005,0.0,0.009,spearman,0.009,1e-06,none,negligible,True,False,0.000368,negligible,False,0.031,True,1.24,0.009,0.0129,very_weak,False,10,2937,,0.009,0,0,1,0,1,very_weak
272,INS_DAYS_ENTRY_PAYMENT_MEAN,291635,binary,0.044,0.0,0.0404,0.0476,0.0528,0.0,0.044,0.0,0.0014,0.0007,0.0019,0.0528,spearman,0.0528,0.0,positive,negligible,True,False,0.001807,negligible,False,0.0532,True,1.4276,0.0528,0.0445,weak,True,10,212229,,0.0528,1,0,1,1,3,weak
273,INS_DAYS_ENTRY_PAYMENT_MIN,291635,binary,0.0588,0.0,0.0552,0.0624,0.0591,0.0,0.0588,0.0,0.0018,0.0009,0.0035,0.0591,spearman,0.0591,0.0,positive,negligible,True,False,0.002586,negligible,False,0.0479,True,1.3052,0.0591,0.0471,weak,False,10,3035,,0.0591,1,0,1,1,3,weak
274,INS_DAYS_INSTALMENT_MAX,291643,binary,-0.0032,0.081039,-0.0069,0.0004,0.002,0.271722,-0.0032,0.081039,0.0003,0.0002,0.0,0.0032,pearson,-0.0032,0.081039,none,negligible,False,False,0.0,negligible,False,0.0158,True,1.0814,0.002,0.0034,very_weak,False,10,2918,,0.0032,0,0,0,0,0,very_weak
275,INS_DAYS_INSTALMENT_MEAN,291643,binary,0.0435,0.0,0.0399,0.0471,0.0521,0.0,0.0435,0.0,0.0029,0.0014,0.0019,0.0521,spearman,0.0521,0.0,positive,negligible,True,False,0.003129,negligible,False,0.0523,True,1.4135,0.0521,0.0434,weak,True,10,183580,,0.0521,1,0,1,1,3,weak
276,INS_DAYS_INSTALMENT_MIN,291643,binary,0.0586,0.0,0.055,0.0623,0.0589,0.0,0.0586,0.0,0.0012,0.0006,0.0034,0.0589,spearman,0.0589,0.0,positive,negligible,True,False,0.002141,negligible,False,0.0473,True,1.3027,0.0589,0.0468,weak,False,10,2920,,0.0589,1,0,1,1,3,weak
277,INS_DBD_MAX,291635,binary,-0.0071,0.000136,-0.0107,-0.0034,-0.0071,0.000127,-0.0071,0.000136,0.0021,0.001,0.0,0.0071,spearman,-0.0071,0.000127,none,negligible,True,False,0.001205,negligible,False,0.0172,True,1.1042,-0.0071,0.0046,very_weak,False,10,422,,0.0071,0,0,0,0,0,very_weak
278,INS_DBD_MEAN,291635,binary,-0.0211,0.0,-0.0247,-0.0175,-0.0315,0.0,-0.0211,0.0,0.0001,0.0001,0.0004,0.0315,spearman,-0.0315,0.0,negative,negligible,True,False,0.001668,negligible,False,0.0312,True,1.2255,-0.0315,0.0146,very_weak,False,10,57205,,0.0315,0,0,1,0,1,very_weak
279,INS_DBD_SUM,291643,binary,-0.033,0.0,-0.0366,-0.0293,-0.0423,0.0,-0.033,0.0,0.0018,0.0009,0.0011,0.0423,spearman,-0.0423,0.0,negative,negligible,True,False,0.001079,negligible,False,0.0344,True,1.2183,-0.0423,0.0246,weak,False,10,3224,,0.0423,0,0,1,0,1,very_weak
280,INS_DPD_MAX,291635,binary,0.0038,0.038065,0.0002,0.0075,0.0502,0.0,0.0038,0.038065,0.0012,0.0006,0.0,0.0502,spearman,0.0502,0.0,positive,negligible,True,False,0.001339,negligible,False,0.0324,True,1.2614,0.0502,0.0325,weak,False,6,1642,,0.0502,1,0,1,0,2,weak
281,INS_DPD_MEAN,291635,binary,0.0089,1e-06,0.0053,0.0126,0.0594,0.0,0.0089,1e-06,0.0022,0.0011,0.0001,0.0594,spearman,0.0594,0.0,positive,negligible,True,False,0.002759,negligible,False,0.048,True,1.4336,0.0594,0.0475,weak,False,6,23566,,0.0594,1,0,1,1,3,weak
282,INS_DPD_SUM,291643,binary,0.0065,0.000406,0.0029,0.0102,0.0493,0.0,0.0065,0.000406,0.0012,0.0006,0.0,0.0493,spearman,0.0493,0.0,positive,negligible,True,False,0.001188,negligible,False,0.0331,True,1.2631,0.0493,0.0326,weak,False,6,2077,,0.0493,0,0,1,0,1,very_weak
283,INS_LAST365_AMT_PAYMENT_MEAN,217478,binary,-0.0132,0.0,-0.0174,-0.009,-0.0433,0.0,-0.0132,0.0,0.0018,0.0009,0.0002,0.0433,spearman,-0.0433,0.0,negative,negligible,True,False,0.002976,negligible,False,0.0392,True,1.3305,-0.0433,0.0294,weak,False,10,205538,,0.0433,0,0,1,1,2,weak
284,INS_LAST365_AMT_PAYMENT_SUM,217508,binary,-0.0146,0.0,-0.0188,-0.0104,-0.0168,0.0,-0.0146,0.0,0.0004,0.0002,0.0002,0.0168,spearman,-0.0168,0.0,negative,negligible,True,False,0.001655,negligible,False,0.0178,True,1.1532,-0.0168,0.0058,very_weak,False,10,205801,,0.0168,0,0,0,0,0,very_weak
285,INS_LAST365_DPD_MAX,217478,binary,0.0718,0.0,0.0676,0.076,0.0931,0.0,0.0718,0.0,0.0057,0.0029,0.0052,0.0931,spearman,0.0931,0.0,positive,negligible,True,False,0.002993,negligible,False,0.0831,True,1.9007,0.0931,0.0944,weak,True,3,192,,0.0931,1,0,2,1,4,moderate
286,INS_LAST365_DPD_MEAN,217478,binary,0.061,0.0,0.0569,0.0652,0.0921,0.0,0.061,0.0,0.0056,0.0028,0.0037,0.0921,spearman,0.0921,0.0,positive,negligible,True,False,0.001777,negligible,False,0.0761,True,1.8118,0.0921,0.0884,weak,True,3,2884,,0.0921,1,0,1,1,3,weak
287,INS_LAST365_DPD_SUM,217508,binary,0.0427,0.0,0.0385,0.0468,0.092,0.0,0.0427,0.0,0.005,0.0025,0.0018,0.092,spearman,0.092,0.0,positive,negligible,True,False,0.002168,negligible,False,0.0767,True,1.8243,0.092,0.0877,weak,True,3,410,,0.092,1,0,1,1,3,weak
288,INS_LAST365_LATE_PAYMENT_FLAG_MEAN,217508,binary,0.0824,0.0,0.0782,0.0865,0.0884,0.0,0.0824,0.0,0.0048,0.0024,0.0068,0.0884,spearman,0.0884,0.0,positive,negligible,True,False,0.003477,negligible,False,0.0641,True,1.6703,0.0884,0.0767,weak,True,3,659,,0.0884,1,0,1,1,3,weak
289,INS_LAST365_LATE_PAYMENT_FLAG_SUM,217508,binary,0.0752,0.0,0.071,0.0794,0.0887,0.0,0.0752,0.0,0.0044,0.0022,0.0057,0.0887,spearman,0.0887,0.0,positive,negligible,True,False,0.003087,negligible,False,0.0647,True,1.693,0.0887,0.0704,weak,True,3,54,,0.0887,1,0,1,1,3,weak
290,INS_LAST365_PAY_DIFF_MEAN,217478,binary,0.0265,0.0,0.0223,0.0307,0.0746,0.0,0.0265,0.0,0.0033,0.0016,0.0007,0.0746,spearman,0.0746,0.0,positive,negligible,True,False,0.001875,negligible,False,0.0558,True,1.5692,0.0746,0.0711,weak,True,4,57326,,0.0746,1,0,1,1,3,weak
291,INS_LAST365_PAY_DIFF_SUM,217508,binary,0.0312,0.0,0.027,0.0354,0.0741,0.0,0.0312,0.0,0.0041,0.0021,0.001,0.0741,spearman,0.0741,0.0,positive,negligible,True,False,0.002266,negligible,False,0.0583,True,1.6009,0.0741,0.0713,weak,True,4,51840,,0.0741,1,0,1,1,3,weak
292,INS_LAST365_PAY_PERC_MAX,217478,binary,-0.0006,0.786078,-0.0048,0.0036,-0.0284,0.0,-0.0006,0.786078,0.0008,0.0004,0.0,0.0284,spearman,-0.0284,0.0,negative,negligible,True,False,0.0,negligible,False,,False,,,,none,False,0,0,too_few_valid_bins,0.0284,0,0,0,0,0,very_weak
293,INS_LAST365_PAY_PERC_MEAN,217478,binary,-0.0014,0.522301,-0.0056,0.0028,-0.0768,0.0,-0.0014,0.522301,0.0042,0.0021,0.0,0.0768,spearman,-0.0768,0.0,negative,negligible,True,False,0.003235,negligible,False,0.0741,True,1.6427,-0.0768,0.0497,weak,True,3,23437,,0.0768,1,0,1,1,3,weak
294,INS_LATE_PAYMENT_FLAG_MEAN,291643,binary,0.07,0.0,0.0664,0.0736,0.0643,0.0,0.07,0.0,0.0029,0.0015,0.0049,0.07,pearson,0.07,0.0,positive,negligible,True,False,0.003416,negligible,False,0.0586,True,1.5598,0.0643,0.0596,weak,True,6,4972,,0.07,1,0,1,1,3,weak
295,INS_LATE_PAYMENT_FLAG_SUM,291643,binary,0.0304,0.0,0.0268,0.0341,0.0483,0.0,0.0304,0.0,0.0024,0.0012,0.0009,0.0483,spearman,0.0483,0.0,positive,negligible,True,False,0.001177,negligible,False,0.0291,True,1.2499,0.0483,0.0264,weak,False,6,102,,0.0483,0,0,0,0,0,very_weak
296,INS_NUM_INSTALMENT_VERSION_NUNIQUE,291643,binary,-0.0103,0.0,-0.0139,-0.0066,0.0004,0.828204,-0.0103,0.0,0.0175,0.0088,0.0001,0.0103,pearson,-0.0103,0.0,negative,negligible,True,False,0.01857,weak,True,0.022,True,1.1435,0.0004,0.0058,very_weak,False,4,49,,0.0103,0,1,0,0,1,very_weak
297,INS_PAY_DIFF_MAX,291635,binary,0.0191,0.0,0.0155,0.0228,0.0424,0.0,0.0191,0.0,0.001,0.0005,0.0004,0.0424,spearman,0.0424,0.0,positive,negligible,True,False,0.001467,negligible,False,0.0268,True,1.2118,0.0424,0.0275,weak,False,6,103609,,0.0424,0,0,0,0,0,very_weak
298,INS_PAY_DIFF_MEAN,291635,binary,0.0293,0.0,0.0257,0.033,0.0559,0.0,0.0293,0.0,0.002,0.001,0.0009,0.0559,spearman,0.0559,0.0,positive,negligible,True,False,0.001857,negligible,False,0.053,True,1.4127,0.0559,0.0424,weak,True,6,137929,,0.0559,1,0,1,1,3,weak
299,INS_PAY_DIFF_SUM,291643,binary,0.0273,0.0,0.0237,0.031,0.0494,0.0,0.0273,0.0,0.0025,0.0012,0.0007,0.0494,spearman,0.0494,0.0,positive,negligible,True,False,0.002494,negligible,False,0.0408,True,1.2427,0.0494,0.035,weak,False,6,127986,,0.0494,0,0,1,0,1,very_weak
300,INS_PAY_DIFF_VAR,290947,binary,-0.0097,0.0,-0.0133,-0.0061,0.0244,0.0,-0.0097,0.0,0.0016,0.0008,0.0001,0.0244,spearman,0.0244,0.0,positive,negligible,True,False,0.00201,negligible,False,0.0274,False,1.2508,0.0244,0.0185,very_weak,False,5,144095,,0.0244,0,0,0,0,0,very_weak
301,INS_PAY_PERC_MAX,291632,binary,0.0007,0.702994,-0.0029,0.0043,-0.0223,0.0,0.0007,0.702994,0.0005,0.0002,0.0,0.0223,spearman,-0.0223,0.0,negative,negligible,True,False,0.0,negligible,False,0.0242,True,1.044,-0.0223,0.008,very_weak,False,3,36091,,0.0223,0,0,0,0,0,very_weak
302,INS_PAY_PERC_MEAN,291632,binary,0.0014,0.460865,-0.0023,0.005,-0.0582,0.0,0.0014,0.460865,0.0033,0.0017,0.0,0.0582,spearman,-0.0582,0.0,negative,negligible,True,False,0.003151,negligible,False,0.0608,True,1.5186,-0.0582,0.0491,weak,True,6,42700,,0.0582,1,0,1,1,3,weak
303,INS_PAY_PERC_VAR,290944,binary,0.0003,0.878497,-0.0034,0.0039,0.0296,0.0,0.0003,0.878497,0.0023,0.0012,0.0,0.0296,spearman,0.0296,0.0,positive,negligible,True,False,0.001641,negligible,False,0.0431,True,1.3782,0.0296,0.0326,weak,False,5,143641,,0.0296,0,0,1,1,2,weak
304,INS_SK_ID_PREV_NUNIQUE,291643,binary,-0.0327,0.0,-0.0364,-0.0291,-0.0377,0.0,-0.0327,0.0,0.0069,0.0035,0.0011,0.0377,spearman,-0.0377,0.0,negative,negligible,True,False,0.010972,weak,True,0.0229,True,1.122,-0.0377,0.0169,very_weak,False,5,25,,0.0377,0,1,0,0,1,very_weak
305,INS_UNDERPAY_FLAG_MEAN,291643,binary,0.0626,0.0,0.059,0.0662,0.0571,0.0,0.0626,0.0,0.0022,0.0011,0.0039,0.0626,pearson,0.0626,0.0,positive,negligible,True,False,0.002036,negligible,False,0.0513,True,1.511,0.0571,0.0462,weak,True,5,4892,,0.0626,1,0,1,1,3,weak
306,INS_UNDERPAY_FLAG_SUM,291643,binary,0.0283,0.0,0.0247,0.0319,0.046,0.0,0.0283,0.0,0.0018,0.0009,0.0008,0.046,spearman,0.046,0.0,positive,negligible,True,False,0.001926,negligible,False,0.0274,True,1.2658,0.046,0.0206,weak,False,4,126,,0.046,0,0,0,0,0,very_weak
307,LANDAREA_AVG,124921,binary,-0.0109,0.000119,-0.0164,-0.0053,-0.0137,1e-06,-0.0109,0.000119,0.0001,0.0001,0.0001,0.0137,spearman,-0.0137,1e-06,negative,negligible,True,False,0.014084,weak,True,0.0152,True,0.9474,-0.0137,0.0052,very_weak,False,9,3527,,0.0137,0,1,0,0,1,very_weak
308,LANDAREA_MEDI,124921,binary,-0.0113,6.9e-05,-0.0168,-0.0057,-0.0134,2e-06,-0.0113,6.9e-05,0.0009,0.0005,0.0001,0.0134,spearman,-0.0134,2e-06,negative,negligible,True,False,0.014125,weak,True,0.0152,True,0.9462,-0.0134,0.0052,very_weak,False,9,3560,,0.0134,0,1,0,0,1,very_weak
309,LANDAREA_MODE,124921,binary,-0.0102,0.000323,-0.0157,-0.0046,-0.0116,4.1e-05,-0.0102,0.000323,0.0012,0.0006,0.0001,0.0116,spearman,-0.0116,4.1e-05,negative,negligible,True,False,0.015521,weak,True,0.0155,True,0.9491,-0.0116,0.0051,very_weak,False,9,3563,,0.0116,0,1,0,0,1,very_weak
310,LIVE_CITY_NOT_WORK_CITY,307511,binary,0.0325,0.0,0.029,0.036,0.0325,0.0,0.0325,0.0,0.0057,0.0029,0.0011,0.0325,pearson,0.0325,0.0,positive,negligible,True,False,0.005754,weak,True,,False,,,,none,False,0,0,insufficient_data,0.0325,0,1,0,0,1,very_weak
311,LIVE_REGION_NOT_WORK_REGION,307511,binary,0.0028,0.117935,-0.0007,0.0064,0.0028,0.117935,0.0028,0.117935,0.0005,0.0003,0.0,0.0028,pearson,0.0028,0.117935,none,negligible,False,False,6.5e-05,negligible,False,,False,,,,none,False,0,0,insufficient_data,0.0028,0,0,0,0,0,very_weak
312,LIVINGAPARTMENTS_AVG,97312,binary,-0.025,0.0,-0.0313,-0.0188,-0.0312,0.0,-0.025,0.0,0.0004,0.0002,0.0006,0.0312,spearman,-0.0312,0.0,negative,negligible,True,False,0.02672,moderate,True,0.0288,True,1.0739,-0.0312,0.0168,very_weak,False,10,1868,,0.0312,0,2,0,0,2,weak
313,LIVINGAPARTMENTS_MEDI,97312,binary,-0.0246,0.0,-0.0309,-0.0183,-0.0308,0.0,-0.0246,0.0,0.0,0.0,0.0006,0.0308,spearman,-0.0308,0.0,negative,negligible,True,False,0.026254,moderate,True,0.0291,True,1.0782,-0.0308,0.0168,very_weak,False,10,1097,,0.0308,0,2,0,0,2,weak
314,LIVINGAPARTMENTS_MODE,97312,binary,-0.0234,0.0,-0.0297,-0.0171,-0.0292,0.0,-0.0234,0.0,0.0005,0.0002,0.0005,0.0292,spearman,-0.0292,0.0,negative,negligible,True,False,0.02702,moderate,True,0.0281,True,1.0748,-0.0292,0.0156,very_weak,False,10,736,,0.0292,0,2,0,0,2,weak
315,LIVINGAREA_AVG,153161,binary,-0.033,0.0,-0.038,-0.028,-0.0416,0.0,-0.033,0.0,0.0003,0.0001,0.0011,0.0416,spearman,-0.0416,0.0,negative,negligible,True,False,0.009932,weak,True,0.0375,True,1.1433,-0.0416,0.0269,weak,False,10,5199,,0.0416,0,1,1,0,2,weak
316,LIVINGAREA_MEDI,153161,binary,-0.0327,0.0,-0.0377,-0.0277,-0.0411,0.0,-0.0327,0.0,0.0,0.0,0.0011,0.0411,spearman,-0.0411,0.0,negative,negligible,True,False,0.010851,weak,True,0.0363,True,1.1351,-0.0411,0.0262,weak,False,10,5281,,0.0411,0,1,1,0,2,weak
317,LIVINGAREA_MODE,153161,binary,-0.0307,0.0,-0.0357,-0.0257,-0.0391,0.0,-0.0307,0.0,0.0,0.0,0.0009,0.0391,spearman,-0.0391,0.0,negative,negligible,True,False,0.010411,weak,True,0.0349,True,1.1292,-0.0391,0.0248,weak,False,10,5301,,0.0391,0,1,1,0,2,weak
318,NONLIVINGAPARTMENTS_AVG,93997,binary,-0.0032,0.330181,-0.0096,0.0032,-0.0063,0.053311,-0.0032,0.330181,0.0,0.0,0.0,0.0063,spearman,-0.0063,0.053311,none,negligible,False,False,0.001259,negligible,False,0.0115,True,0.9028,-0.0063,0.0021,very_weak,False,5,386,,0.0063,0,0,0,0,0,very_weak
319,NONLIVINGAPARTMENTS_MEDI,93997,binary,-0.0028,0.397942,-0.0091,0.0036,-0.0051,0.121275,-0.0028,0.397942,0.0,0.0,0.0,0.0051,spearman,-0.0051,0.121275,none,negligible,False,False,0.000152,negligible,False,0.0131,True,0.9227,-0.0051,0.0021,very_weak,False,5,214,,0.0051,0,0,0,0,0,very_weak
320,NONLIVINGAPARTMENTS_MODE,93997,binary,-0.0016,0.633206,-0.0079,0.0048,-0.0037,0.261004,-0.0016,0.633206,0.0,0.0,0.0,0.0037,spearman,-0.0037,0.261004,none,negligible,False,False,0.000457,negligible,False,0.0123,True,0.9136,-0.0037,0.0018,very_weak,False,4,167,,0.0037,0,0,0,0,0,very_weak
321,NONLIVINGAREA_AVG,137829,binary,-0.0136,0.0,-0.0189,-0.0083,-0.014,0.0,-0.0136,0.0,0.0011,0.0006,0.0002,0.014,spearman,-0.014,0.0,negative,negligible,True,False,0.002954,negligible,False,0.0133,True,0.8872,-0.014,0.0043,very_weak,False,6,3290,,0.014,0,0,0,0,0,very_weak
322,NONLIVINGAREA_MEDI,137829,binary,-0.0133,1e-06,-0.0186,-0.0081,-0.0132,1e-06,-0.0133,1e-06,0.0011,0.0006,0.0002,0.0133,pearson,-0.0133,1e-06,negative,negligible,True,False,0.002728,negligible,False,0.0128,True,0.885,-0.0132,0.0041,very_weak,False,6,3323,,0.0133,0,0,0,0,0,very_weak
323,NONLIVINGAREA_MODE,137829,binary,-0.0127,2e-06,-0.018,-0.0074,-0.0125,3e-06,-0.0127,2e-06,0.0004,0.0002,0.0002,0.0127,pearson,-0.0127,2e-06,negative,negligible,True,False,0.00106,negligible,False,0.0114,True,0.8878,-0.0125,0.0033,very_weak,False,6,3327,,0.0127,0,0,0,0,0,very_weak
324,OBS_30_CNT_SOCIAL_CIRCLE,306490,binary,0.0091,0.0,0.0056,0.0127,0.0094,0.0,0.0091,0.0,0.0022,0.0011,0.0001,0.0094,spearman,0.0094,0.0,none,negligible,True,False,0.001352,negligible,False,0.009,True,1.0931,0.0094,0.0015,very_weak,False,5,33,,0.0094,0,0,0,0,0,very_weak
325,OBS_60_CNT_SOCIAL_CIRCLE,306490,binary,0.009,1e-06,0.0055,0.0126,0.0092,0.0,0.009,1e-06,0.0019,0.001,0.0001,0.0092,spearman,0.0092,0.0,none,negligible,True,False,0.002153,negligible,False,0.0091,True,1.0943,0.0092,0.0015,very_weak,False,5,33,,0.0092,0,0,0,0,0,very_weak
326,OWN_CAR_AGE,104582,binary,0.0376,0.0,0.0316,0.0437,0.0529,0.0,0.0376,0.0,0.0023,0.0011,0.0014,0.0529,spearman,0.0529,0.0,positive,negligible,True,False,0.02878,moderate,True,0.0424,True,1.1673,0.0529,0.0505,weak,False,10,62,,0.0529,1,2,1,0,4,moderate
327,POS_CNT_INSTALMENT_FUTURE_MAX,289420,binary,0.0133,0.0,0.0097,0.017,0.0062,0.000814,0.0133,0.0,0.0064,0.0032,0.0002,0.0133,pearson,0.0133,0.0,positive,negligible,True,False,0.006927,weak,True,0.0262,True,1.2284,0.0062,0.0089,very_weak,False,8,62,,0.0133,0,1,0,0,1,very_weak
328,POS_CNT_INSTALMENT_FUTURE_MEAN,289420,binary,0.0278,0.0,0.0242,0.0315,0.0199,0.0,0.0278,0.0,0.0024,0.0012,0.0008,0.0278,point_biserial,0.0278,0.0,positive,negligible,True,False,0.003358,negligible,False,0.0347,True,1.3179,0.0199,0.0153,very_weak,False,10,39840,,0.0278,0,0,1,1,2,weak
329,POS_CNT_INSTALMENT_FUTURE_SUM,289444,binary,-0.0059,0.001557,-0.0095,-0.0022,-0.0181,0.0,-0.0059,0.001557,0.0016,0.0008,0.0,0.0181,spearman,-0.0181,0.0,negative,negligible,True,False,0.001375,negligible,False,0.0228,True,1.1748,-0.0181,0.0093,very_weak,False,10,2892,,0.0181,0,0,0,0,0,very_weak
330,POS_CNT_INSTALMENT_MAX,289420,binary,0.0133,0.0,0.0097,0.0169,0.006,0.001135,0.0133,0.0,0.0064,0.0032,0.0002,0.0133,point_biserial,0.0133,0.0,positive,negligible,True,False,0.007073,weak,True,0.0263,True,1.2283,0.006,0.009,very_weak,False,8,61,,0.0133,0,1,0,0,1,very_weak
331,POS_CNT_INSTALMENT_MEAN,289420,binary,0.0181,0.0,0.0144,0.0217,0.0155,0.0,0.0181,0.0,0.0026,0.0013,0.0003,0.0181,pearson,0.0181,0.0,positive,negligible,True,False,0.003141,negligible,False,0.0284,True,1.2101,0.0155,0.0133,very_weak,False,10,41222,,0.0181,0,0,0,0,0,very_weak
332,POS_CNT_INSTALMENT_SUM,289444,binary,-0.0147,0.0,-0.0183,-0.011,-0.0238,0.0,-0.0147,0.0,0.001,0.0005,0.0002,0.0238,spearman,-0.0238,0.0,negative,negligible,True,False,0.000591,negligible,False,0.0193,True,1.1416,-0.0238,0.0088,very_weak,False,10,4194,,0.0238,0,0,0,0,0,very_weak
333,POS_MONTHS_BALANCE_MAX,289444,binary,-0.0043,0.020081,-0.008,-0.0007,-0.0118,0.0,-0.0043,0.020081,0.0002,0.0001,0.0,0.0118,spearman,-0.0118,0.0,negative,negligible,True,False,0.000483,negligible,False,0.0194,True,1.1575,-0.0118,0.0067,very_weak,False,7,96,,0.0118,0,0,0,0,0,very_weak
334,POS_MONTHS_BALANCE_MIN,289444,binary,0.0553,0.0,0.0517,0.0589,0.0555,0.0,0.0553,0.0,0.0019,0.001,0.0031,0.0555,spearman,0.0555,0.0,positive,negligible,True,False,0.002965,negligible,False,0.044,True,1.2775,0.0555,0.0422,weak,False,10,96,,0.0555,1,0,1,0,2,weak
335,POS_MONTHS_BALANCE_SIZE,289444,binary,-0.0356,0.0,-0.0393,-0.032,-0.0432,0.0,-0.0356,0.0,0.0014,0.0007,0.0013,0.0432,spearman,-0.0432,0.0,negative,negligible,True,False,0.002061,negligible,False,0.0367,True,1.2542,-0.0432,0.0285,weak,False,10,227,,0.0432,0,0,1,0,1,very_weak
336,POS_NAME_CONTRACT_STATUS_Active_MEAN,289444,binary,-0.008,1.6e-05,-0.0117,-0.0044,-0.0075,4.9e-05,-0.008,1.6e-05,0.0021,0.001,0.0001,0.008,point_biserial,-0.008,1.6e-05,none,negligible,True,False,0.00237,negligible,False,0.0241,True,1.168,-0.0075,0.0087,very_weak,False,10,1922,,0.008,0,0,0,0,0,very_weak
337,POS_NAME_CONTRACT_STATUS_Amortized debt_MEAN,289444,binary,0.0064,0.000588,0.0027,0.01,0.0084,6e-06,0.0064,0.000588,0.0,0.0,0.0,0.0084,spearman,0.0084,6e-06,none,negligible,True,False,0.000627,negligible,False,,False,,,,none,False,0,0,too_few_valid_bins,0.0084,0,0,0,0,0,very_weak
338,POS_NAME_CONTRACT_STATUS_Approved_MEAN,289444,binary,0.0007,0.707061,-0.0029,0.0043,-0.0022,0.230559,0.0007,0.707061,0.0,0.0,0.0,0.0022,spearman,-0.0022,0.230559,none,negligible,False,False,7.6e-05,negligible,False,,False,,,,none,False,0,0,too_few_valid_bins,0.0022,0,0,0,0,0,very_weak
339,POS_NAME_CONTRACT_STATUS_Canceled_MEAN,289444,binary,-0.0002,0.893805,-0.0039,0.0034,0.002,0.281808,-0.0002,0.893805,0.0,0.0,0.0,0.002,spearman,0.002,0.281808,none,negligible,False,False,0.0,negligible,False,,False,,,,none,False,0,0,too_few_valid_bins,0.002,0,0,0,0,0,very_weak
340,POS_NAME_CONTRACT_STATUS_Completed_MEAN,289444,binary,0.0004,0.815282,-0.0032,0.0041,0.0019,0.314751,0.0004,0.815282,0.0022,0.0011,0.0,0.0019,spearman,0.0019,0.314751,none,negligible,False,False,0.002362,negligible,False,0.0129,True,1.1083,0.0019,0.0025,very_weak,False,9,1560,,0.0019,0,0,0,0,0,very_weak
341,POS_NAME_CONTRACT_STATUS_Demand_MEAN,289444,binary,0.0072,0.000107,0.0036,0.0108,0.0106,0.0,0.0072,0.000107,0.0,0.0,0.0001,0.0106,spearman,0.0106,0.0,positive,negligible,True,False,0.0,negligible,False,,False,,,,none,False,0,0,too_few_valid_bins,0.0106,0,0,0,0,0,very_weak
342,POS_NAME_CONTRACT_STATUS_Returned to the store_MEAN,289444,binary,0.012,0.0,0.0084,0.0157,0.0082,1.1e-05,0.012,0.0,0.0,0.0,0.0001,0.012,point_biserial,0.012,0.0,positive,negligible,True,False,0.0,negligible,False,,False,,,,none,False,0,0,too_few_valid_bins,0.012,0,0,0,0,0,very_weak
343,POS_NAME_CONTRACT_STATUS_Signed_MEAN,289444,binary,0.0105,0.0,0.0068,0.0141,-0.0014,0.449735,0.0105,0.0,0.0,0.0,0.0001,0.0105,pearson,0.0105,0.0,positive,negligible,True,False,0.00074,negligible,False,,False,,,,none,False,0,0,too_few_valid_bins,0.0105,0,0,0,0,0,very_weak
344,POS_NAME_CONTRACT_STATUS_XNA_MEAN,289444,binary,-0.0008,0.673354,-0.0044,0.0029,-0.0008,0.67334,-0.0008,0.673354,0.0,0.0,0.0,0.0008,spearman,-0.0008,0.67334,none,negligible,False,False,0.000147,negligible,False,,False,,,,none,False,0,0,too_few_valid_bins,0.0008,0,0,0,0,0,very_weak
345,POS_NAME_CONTRACT_STATUS_nan_MEAN,289444,binary,,,,,,,,,0.0,0.0,,,none,,,unknown,unknown,False,False,,unknown,False,,False,,,,none,False,0,0,insufficient_data,,0,0,0,0,0,very_weak
346,POS_POS_LATE_FLAG_MEAN,289444,binary,0.0306,0.0,0.027,0.0343,0.0361,0.0,0.0306,0.0,0.0009,0.0004,0.0009,0.0361,spearman,0.0361,0.0,positive,negligible,True,False,0.000298,negligible,False,,False,,,,none,False,0,0,too_few_valid_bins,0.0361,0,0,0,0,0,very_weak
347,POS_POS_LATE_FLAG_SUM,289444,binary,0.0119,0.0,0.0083,0.0155,0.0329,0.0,0.0119,0.0,0.0005,0.0002,0.0001,0.0329,spearman,0.0329,0.0,positive,negligible,True,False,0.000203,negligible,False,,False,,,,none,False,0,0,too_few_valid_bins,0.0329,0,0,0,0,0,very_weak
348,POS_SK_DPD_DEF_MAX,289444,binary,0.0096,0.0,0.0059,0.0132,0.04,0.0,0.0096,0.0,0.001,0.0005,0.0001,0.04,spearman,0.04,0.0,positive,negligible,True,False,0.0,negligible,False,,False,,,,none,False,0,0,too_few_valid_bins,0.04,0,0,0,0,0,very_weak
349,POS_SK_DPD_DEF_MEAN,289444,binary,0.0065,0.000475,0.0029,0.0101,0.0413,0.0,0.0065,0.000475,0.0014,0.0007,0.0,0.0413,spearman,0.0413,0.0,positive,negligible,True,False,0.001819,negligible,False,,False,,,,none,False,0,0,too_few_valid_bins,0.0413,0,0,0,0,0,very_weak
350,POS_SK_DPD_DEF_SUM,289444,binary,0.005,0.007737,0.0013,0.0086,0.04,0.0,0.005,0.007737,0.0008,0.0004,0.0,0.04,spearman,0.04,0.0,positive,negligible,True,False,0.000265,negligible,False,,False,,,,none,False,0,0,too_few_valid_bins,0.04,0,0,0,0,0,very_weak
351,POS_SK_DPD_MAX,289444,binary,0.0048,0.010389,0.0011,0.0084,0.0335,0.0,0.0048,0.010389,0.0005,0.0003,0.0,0.0335,spearman,0.0335,0.0,positive,negligible,True,False,0.000987,negligible,False,,False,,,,none,False,0,0,too_few_valid_bins,0.0335,0,0,0,0,0,very_weak
352,POS_SK_DPD_MEAN,289444,binary,0.0054,0.003451,0.0018,0.0091,0.0353,0.0,0.0054,0.003451,0.0013,0.0006,0.0,0.0353,spearman,0.0353,0.0,positive,negligible,True,False,0.001718,negligible,False,,False,,,,none,False,0,0,too_few_valid_bins,0.0353,0,0,0,0,0,very_weak
353,POS_SK_DPD_SUM,289444,binary,0.0047,0.010771,0.0011,0.0084,0.0333,0.0,0.0047,0.010771,0.0005,0.0002,0.0,0.0333,spearman,0.0333,0.0,positive,negligible,True,False,0.000164,negligible,False,,False,,,,none,False,0,0,too_few_valid_bins,0.0333,0,0,0,0,0,very_weak
354,POS_SK_ID_PREV_NUNIQUE,289444,binary,-0.0405,0.0,-0.0441,-0.0369,-0.0478,0.0,-0.0405,0.0,0.0112,0.0056,0.0016,0.0478,spearman,-0.0478,0.0,negative,negligible,True,False,0.012201,weak,True,0.0271,True,1.135,-0.0478,0.0253,weak,False,5,25,,0.0478,0,1,0,0,1,very_weak
355,PREV_AMT_ANNUITY_MAX,290640,binary,-0.029,0.0,-0.0326,-0.0253,-0.0273,0.0,-0.029,0.0,0.0057,0.0028,0.0008,0.029,point_biserial,-0.029,0.0,negative,negligible,True,False,0.005587,weak,True,0.0332,True,1.2364,-0.0273,0.0123,very_weak,False,10,145950,,0.029,0,1,1,0,2,weak
356,PREV_AMT_ANNUITY_MEAN,290640,binary,-0.0349,0.0,-0.0385,-0.0312,-0.0336,0.0,-0.0349,0.0,0.0013,0.0007,0.0012,0.0349,pearson,-0.0349,0.0,negative,negligible,True,False,0.001716,negligible,False,0.0387,True,1.242,-0.0336,0.0171,very_weak,False,10,267474,,0.0349,0,0,1,0,1,very_weak
357,PREV_AMT_APPLICATION_MAX,291057,binary,-0.0126,0.0,-0.0162,-0.009,-0.016,0.0,-0.0126,0.0,0.0027,0.0014,0.0002,0.016,spearman,-0.016,0.0,negative,negligible,True,False,0.002606,negligible,False,0.0324,True,1.2746,-0.016,0.012,very_weak,False,10,48662,,0.016,0,0,1,0,1,very_weak
358,PREV_AMT_APPLICATION_MEAN,291057,binary,-0.0218,0.0,-0.0254,-0.0182,-0.0273,0.0,-0.0218,0.0,0.0009,0.0005,0.0005,0.0273,spearman,-0.0273,0.0,negative,negligible,True,False,0.001472,negligible,False,0.0337,True,1.2861,-0.0273,0.0122,very_weak,False,10,191746,,0.0273,0,0,1,0,1,very_weak
359,PREV_AMT_CREDIT_MAX,291057,binary,-0.0084,5e-06,-0.0121,-0.0048,-0.0105,0.0,-0.0084,5e-06,0.004,0.002,0.0001,0.0105,spearman,-0.0105,0.0,negative,negligible,True,False,0.00368,negligible,False,0.0299,True,1.2511,-0.0105,0.0108,very_weak,False,10,58510,,0.0105,0,0,0,0,0,very_weak
360,PREV_AMT_CREDIT_MEAN,291057,binary,-0.0161,0.0,-0.0197,-0.0125,-0.0203,0.0,-0.0161,0.0,0.0014,0.0007,0.0003,0.0203,spearman,-0.0203,0.0,negative,negligible,True,False,0.001555,negligible,False,0.0281,True,1.2517,-0.0203,0.0083,very_weak,False,10,210626,,0.0203,0,0,0,0,0,very_weak
361,PREV_AMT_DOWN_PAYMENT_MAX,273605,binary,-0.0253,0.0,-0.029,-0.0215,-0.0518,0.0,-0.0253,0.0,0.0014,0.0007,0.0006,0.0518,spearman,-0.0518,0.0,negative,negligible,True,False,0.00126,negligible,False,0.0478,True,1.264,-0.0518,0.044,weak,False,8,21521,,0.0518,1,0,1,0,2,weak
362,PREV_AMT_DOWN_PAYMENT_MEAN,273605,binary,-0.0246,0.0,-0.0284,-0.0209,-0.0472,0.0,-0.0246,0.0,0.001,0.0005,0.0006,0.0472,spearman,-0.0472,0.0,negative,negligible,True,False,0.001301,negligible,False,0.0396,True,1.1612,-0.0472,0.0355,weak,False,9,54046,,0.0472,0,0,1,0,1,very_weak
363,PREV_AMT_GOODS_PRICE_MAX,290082,binary,-0.0129,0.0,-0.0165,-0.0093,-0.0166,0.0,-0.0129,0.0,0.0021,0.0011,0.0002,0.0166,spearman,-0.0166,0.0,negative,negligible,True,False,0.002881,negligible,False,0.0334,True,1.2874,-0.0166,0.0127,very_weak,False,10,48658,,0.0166,0,0,1,0,1,very_weak
364,PREV_AMT_GOODS_PRICE_MEAN,290082,binary,-0.0158,0.0,-0.0195,-0.0122,-0.0186,0.0,-0.0158,0.0,0.0006,0.0003,0.0003,0.0186,spearman,-0.0186,0.0,negative,negligible,True,False,0.001115,negligible,False,0.0304,True,1.2684,-0.0186,0.0093,very_weak,False,10,185829,,0.0186,0,0,1,0,1,very_weak
365,PREV_APP_CREDIT_PERC_MAX,290830,binary,-0.0309,0.0,-0.0345,-0.0272,-0.0496,0.0,-0.0309,0.0,0.0046,0.0023,0.001,0.0496,spearman,-0.0496,0.0,negative,negligible,True,False,0.005032,weak,True,0.0433,True,1.2601,-0.0496,0.0372,weak,False,9,141278,,0.0496,0,1,1,0,2,weak
366,PREV_APP_CREDIT_PERC_MEAN,290830,binary,-0.0356,0.0,-0.0392,-0.0319,-0.0517,0.0,-0.0356,0.0,0.0021,0.001,0.0013,0.0517,spearman,-0.0517,0.0,negative,negligible,True,False,0.002577,negligible,False,0.0462,True,1.3131,-0.0517,0.0433,weak,False,10,247296,,0.0517,1,0,1,1,3,weak
367,PREV_APP_CREDIT_PERC_VAR,229461,binary,-0.0084,5.6e-05,-0.0125,-0.0043,-0.006,0.003901,-0.0084,5.6e-05,0.0018,0.0009,0.0001,0.0084,point_biserial,-0.0084,5.6e-05,none,negligible,True,False,0.002046,negligible,False,0.0233,True,1.1234,-0.006,0.01,very_weak,False,10,211714,,0.0084,0,0,0,0,0,very_weak
368,PREV_CHANNEL_TYPE_AP+ (Cash loan)_MEAN,291057,binary,0.0348,0.0,0.0312,0.0385,0.0334,0.0,0.0348,0.0,0.0008,0.0004,0.0012,0.0348,point_biserial,0.0348,0.0,positive,negligible,True,False,0.001188,negligible,False,,False,,,,none,False,0,0,too_few_valid_bins,0.0348,0,0,0,0,0,very_weak
369,PREV_CHANNEL_TYPE_Car dealer_MEAN,291057,binary,-0.0031,0.089412,-0.0068,0.0005,-0.0042,0.02376,-0.0031,0.089412,0.0001,0.0001,0.0,0.0042,spearman,-0.0042,0.02376,none,negligible,True,False,0.0,negligible,False,,False,,,,none,False,0,0,too_few_valid_bins,0.0042,0,0,0,0,0,very_weak
370,PREV_CHANNEL_TYPE_Channel of corporate sales_MEAN,291057,binary,-0.0086,3e-06,-0.0122,-0.005,-0.0079,2.1e-05,-0.0086,3e-06,0.0001,0.0,0.0001,0.0086,pearson,-0.0086,3e-06,none,negligible,True,False,0.000649,negligible,False,,False,,,,none,False,0,0,too_few_valid_bins,0.0086,0,0,0,0,0,very_weak
371,PREV_CHANNEL_TYPE_Contact center_MEAN,291057,binary,0.0121,0.0,0.0085,0.0158,0.0192,0.0,0.0121,0.0,0.0008,0.0004,0.0001,0.0192,spearman,0.0192,0.0,positive,negligible,True,False,0.000836,negligible,False,,False,,,,none,False,0,0,too_few_valid_bins,0.0192,0,0,0,0,0,very_weak
372,PREV_CHANNEL_TYPE_Country-wide_MEAN,291057,binary,-0.0014,0.44258,-0.0051,0.0022,-0.0024,0.187107,-0.0014,0.44258,0.0051,0.0026,0.0,0.0024,spearman,-0.0024,0.187107,none,negligible,False,False,0.006411,weak,True,0.0078,True,1.0442,-0.0024,0.0015,very_weak,False,6,348,,0.0024,0,1,0,0,1,very_weak
373,PREV_CHANNEL_TYPE_Credit and cash offices_MEAN,291057,binary,0.0104,0.0,0.0067,0.014,0.0095,0.0,0.0104,0.0,0.0018,0.0009,0.0001,0.0104,pearson,0.0104,0.0,positive,negligible,True,False,0.001725,negligible,False,0.0103,True,1.0937,0.0095,0.0024,very_weak,False,6,414,,0.0104,0,0,0,0,0,very_weak
374,PREV_CHANNEL_TYPE_Regional / Local_MEAN,291057,binary,-0.0091,1e-06,-0.0127,-0.0054,-0.0119,0.0,-0.0091,1e-06,0.0006,0.0003,0.0001,0.0119,spearman,-0.0119,0.0,negative,negligible,True,False,0.000795,negligible,False,0.0095,True,1.0375,-0.0119,0.0025,very_weak,False,3,201,,0.0119,0,0,0,0,0,very_weak
375,PREV_CHANNEL_TYPE_Stone_MEAN,291057,binary,-0.0212,0.0,-0.0248,-0.0176,-0.025,0.0,-0.0212,0.0,0.0019,0.0009,0.0004,0.025,spearman,-0.025,0.0,negative,negligible,True,False,0.001919,negligible,False,0.0191,True,1.0809,-0.025,0.0096,very_weak,False,5,244,,0.025,0,0,0,0,0,very_weak
376,PREV_CHANNEL_TYPE_nan_MEAN,291057,binary,,,,,,,,,0.0001,0.0,,,none,,,unknown,unknown,False,False,,unknown,False,,False,,,,none,False,0,0,insufficient_data,,0,0,0,0,0,very_weak
377,PREV_CNT_PAYMENT_MEAN,290642,binary,0.0277,0.0,0.0241,0.0314,0.023,0.0,0.0277,0.0,0.0021,0.0011,0.0008,0.0277,pearson,0.0277,0.0,positive,negligible,True,False,0.003228,negligible,False,0.0393,True,1.3276,0.023,0.0193,very_weak,False,10,2838,,0.0277,0,0,1,1,2,weak
378,PREV_CNT_PAYMENT_SUM,291057,binary,0.0277,0.0,0.0241,0.0313,0.0085,4e-06,0.0277,0.0,0.0017,0.0008,0.0008,0.0277,pearson,0.0277,0.0,positive,negligible,True,False,0.001261,negligible,False,0.0311,True,1.2848,0.0085,0.0134,very_weak,False,10,727,,0.0277,0,0,1,0,1,very_weak
379,PREV_CODE_REJECT_REASON_CLIENT_MEAN,291057,binary,0.0009,0.618377,-0.0027,0.0046,-0.0001,0.948723,0.0009,0.618377,0.0003,0.0001,0.0,0.0009,point_biserial,0.0009,0.618377,none,negligible,False,False,0.0,negligible,False,,False,,,,none,False,0,0,too_few_valid_bins,0.0009,0,0,0,0,0,very_weak
380,PREV_CODE_REJECT_REASON_HC_MEAN,291057,binary,0.0545,0.0,0.0509,0.0582,0.0506,0.0,0.0545,0.0,0.0018,0.0009,0.003,0.0545,point_biserial,0.0545,0.0,positive,negligible,True,False,0.002056,negligible,False,0.0479,True,1.5273,0.0506,0.0321,weak,False,3,388,,0.0545,1,0,1,1,3,weak
381,PREV_CODE_REJECT_REASON_LIMIT_MEAN,291057,binary,0.0398,0.0,0.0362,0.0435,0.0443,0.0,0.0398,0.0,0.0012,0.0006,0.0016,0.0443,spearman,0.0443,0.0,positive,negligible,True,False,0.001641,negligible,False,,False,,,,none,False,0,0,too_few_valid_bins,0.0443,0,0,0,0,0,very_weak
382,PREV_CODE_REJECT_REASON_SCOFR_MEAN,291057,binary,0.0559,0.0,0.0522,0.0595,0.0637,0.0,0.0559,0.0,0.0018,0.0009,0.0031,0.0637,spearman,0.0637,0.0,positive,negligible,True,False,0.001122,negligible,False,,False,,,,none,False,0,0,too_few_valid_bins,0.0637,1,0,0,0,1,very_weak
383,PREV_CODE_REJECT_REASON_SCO_MEAN,291057,binary,0.0122,0.0,0.0086,0.0158,0.0173,0.0,0.0122,0.0,0.0006,0.0003,0.0001,0.0173,spearman,0.0173,0.0,positive,negligible,True,False,0.0,negligible,False,,False,,,,none,False,0,0,too_few_valid_bins,0.0173,0,0,0,0,0,very_weak
384,PREV_CODE_REJECT_REASON_SYSTEM_MEAN,291057,binary,-0.0007,0.716624,-0.0043,0.003,-0.0015,0.411282,-0.0007,0.716624,0.0001,0.0,0.0,0.0015,spearman,-0.0015,0.411282,none,negligible,False,False,0.000399,negligible,False,,False,,,,none,False,0,0,too_few_valid_bins,0.0015,0,0,0,0,0,very_weak
385,PREV_CODE_REJECT_REASON_VERIF_MEAN,291057,binary,0.0007,0.713802,-0.003,0.0043,0.0056,0.002541,0.0007,0.713802,0.0001,0.0001,0.0,0.0056,spearman,0.0056,0.002541,none,negligible,True,False,0.0,negligible,False,,False,,,,none,False,0,0,too_few_valid_bins,0.0056,0,0,0,0,0,very_weak
386,PREV_CODE_REJECT_REASON_XAP_MEAN,291057,binary,-0.0739,0.0,-0.0775,-0.0703,-0.0651,0.0,-0.0739,0.0,0.0315,0.0157,0.0055,0.0739,pearson,-0.0739,0.0,negative,negligible,True,False,0.033872,moderate,True,0.0632,True,1.6562,-0.0651,0.0627,weak,True,4,394,,0.0739,1,2,1,1,5,moderate
387,PREV_CODE_REJECT_REASON_XNA_MEAN,291057,binary,0.004,0.031359,0.0004,0.0076,0.0071,0.000127,0.004,0.031359,0.0003,0.0002,0.0,0.0071,spearman,0.0071,0.000127,none,negligible,True,False,0.0,negligible,False,,False,,,,none,False,0,0,too_few_valid_bins,0.0071,0,0,0,0,0,very_weak
388,PREV_CODE_REJECT_REASON_nan_MEAN,291057,binary,,,,,,,,,0.0001,0.0,,,none,,,unknown,unknown,False,False,,unknown,False,,False,,,,none,False,0,0,insufficient_data,,0,0,0,0,0,very_weak
389,PREV_CREDIT_TO_ANNUITY_RATIO_MAX,290639,binary,0.0127,0.0,0.009,0.0163,0.0125,0.0,0.0127,0.0,0.0071,0.0035,0.0002,0.0127,point_biserial,0.0127,0.0,positive,negligible,True,False,0.00806,weak,True,0.0353,True,1.2902,0.0125,0.0115,very_weak,False,9,132973,,0.0127,0,1,1,0,2,weak
390,PREV_CREDIT_TO_ANNUITY_RATIO_MEAN,290639,binary,0.0272,0.0,0.0236,0.0308,0.0292,0.0,0.0272,0.0,0.003,0.0015,0.0007,0.0292,spearman,0.0292,0.0,positive,negligible,True,False,0.003016,negligible,False,0.024,True,1.1908,0.0292,0.0146,very_weak,False,10,277142,,0.0292,0,0,0,0,0,very_weak
391,PREV_DAYS_DECISION_MAX,291057,binary,0.0164,0.0,0.0128,0.02,0.0232,0.0,0.0164,0.0,0.0005,0.0002,0.0003,0.0232,spearman,0.0232,0.0,positive,negligible,True,False,0.000763,negligible,False,0.0201,True,1.1491,0.0232,0.0086,very_weak,False,10,2922,,0.0232,0,0,0,0,0,very_weak
392,PREV_DAYS_DECISION_MEAN,291057,binary,0.0469,0.0,0.0432,0.0505,0.0552,0.0,0.0469,0.0,0.0025,0.0012,0.0022,0.0552,spearman,0.0552,0.0,positive,negligible,True,False,0.002696,negligible,False,0.0465,True,1.3535,0.0552,0.0424,weak,False,10,60029,,0.0552,1,0,1,1,3,weak
393,PREV_DAYS_DECISION_MIN,291057,binary,0.0534,0.0,0.0498,0.0571,0.0536,0.0,0.0534,0.0,0.001,0.0005,0.0029,0.0536,spearman,0.0536,0.0,positive,negligible,True,False,0.001552,negligible,False,0.0431,True,1.2863,0.0536,0.0395,weak,False,10,2921,,0.0536,1,0,1,0,2,weak
394,PREV_DOWN_PAYMENT_TO_CREDIT_MAX,273605,binary,-0.0334,0.0,-0.0371,-0.0296,-0.0439,0.0,-0.0334,0.0,0.0017,0.0009,0.0011,0.0439,spearman,-0.0439,0.0,negative,negligible,True,False,0.001602,negligible,False,0.0422,True,1.24,-0.0439,0.0331,weak,False,8,118279,,0.0439,0,0,1,0,1,very_weak
395,PREV_DOWN_PAYMENT_TO_CREDIT_MEAN,273605,binary,-0.0292,0.0,-0.0329,-0.0254,-0.0371,0.0,-0.0292,0.0,0.0022,0.0011,0.0009,0.0371,spearman,-0.0371,0.0,negative,negligible,True,False,0.001938,negligible,False,0.036,True,1.1812,-0.0371,0.0219,weak,False,9,165423,,0.0371,0,0,1,0,1,very_weak
396,PREV_FLAG_LAST_APPL_PER_CONTRACT_N_MEAN,291057,binary,0.0085,4e-06,0.0049,0.0121,0.007,0.000159,0.0085,4e-06,0.0002,0.0001,0.0001,0.0085,pearson,0.0085,4e-06,none,negligible,True,False,0.000295,negligible,False,,False,,,,none,False,0,0,too_few_valid_bins,0.0085,0,0,0,0,0,very_weak
397,PREV_FLAG_LAST_APPL_PER_CONTRACT_Y_MEAN,291057,binary,-0.0085,4e-06,-0.0121,-0.0049,-0.007,0.000159,-0.0085,4e-06,0.0689,0.0344,0.0001,0.0085,pearson,-0.0085,4e-06,none,negligible,True,False,0.070659,strong,True,,False,,,,none,False,0,0,too_few_valid_bins,0.0085,0,3,0,0,3,weak
398,PREV_FLAG_LAST_APPL_PER_CONTRACT_nan_MEAN,291057,binary,,,,,,,,,0.0001,0.0,,,none,,,unknown,unknown,False,False,,unknown,False,,False,,,,none,False,0,0,insufficient_data,,0,0,0,0,0,very_weak
399,PREV_GOODS_TO_CREDIT_RATIO_MAX,290073,binary,-0.0319,0.0,-0.0356,-0.0283,-0.0501,0.0,-0.0319,0.0,0.0044,0.0022,0.001,0.0501,spearman,-0.0501,0.0,negative,negligible,True,False,0.004034,negligible,False,0.0443,True,1.2721,-0.0501,0.0378,weak,False,9,141283,,0.0501,1,0,1,0,2,weak
400,PREV_GOODS_TO_CREDIT_RATIO_MEAN,290073,binary,-0.0498,0.0,-0.0534,-0.0461,-0.0674,0.0,-0.0498,0.0,0.003,0.0015,0.0025,0.0674,spearman,-0.0674,0.0,negative,negligible,True,False,0.003221,negligible,False,0.0626,True,1.501,-0.0674,0.0627,weak,True,10,246133,,0.0674,1,0,1,1,3,weak
401,PREV_HOUR_APPR_PROCESS_START_MAX,291057,binary,-0.0308,0.0,-0.0345,-0.0272,-0.0309,0.0,-0.0308,0.0,0.0059,0.003,0.001,0.0309,spearman,-0.0309,0.0,negative,negligible,True,False,0.006063,weak,True,0.0267,True,1.1975,-0.0309,0.0128,very_weak,False,10,24,,0.0309,0,1,0,0,1,very_weak
402,PREV_HOUR_APPR_PROCESS_START_MEAN,291057,binary,-0.0359,0.0,-0.0396,-0.0323,-0.0357,0.0,-0.0359,0.0,0.0023,0.0011,0.0013,0.0359,pearson,-0.0359,0.0,negative,negligible,True,False,0.002265,negligible,False,0.0377,True,1.2995,-0.0357,0.0184,very_weak,False,10,2558,,0.0359,0,0,1,0,1,very_weak
403,PREV_NAME_CASH_LOAN_PURPOSE_Building a house or an annex_MEAN,291057,binary,0.0106,0.0,0.007,0.0143,0.0142,0.0,0.0106,0.0,0.0002,0.0001,0.0001,0.0142,spearman,0.0142,0.0,positive,negligible,True,False,0.000316,negligible,False,,False,,,,none,False,0,0,too_few_valid_bins,0.0142,0,0,0,0,0,very_weak
404,PREV_NAME_CASH_LOAN_PURPOSE_Business development_MEAN,291057,binary,0.0013,0.466592,-0.0023,0.005,0.0055,0.003183,0.0013,0.466592,0.0001,0.0001,0.0,0.0055,spearman,0.0055,0.003183,none,negligible,True,False,0.0,negligible,False,,False,,,,none,False,0,0,too_few_valid_bins,0.0055,0,0,0,0,0,very_weak
405,PREV_NAME_CASH_LOAN_PURPOSE_Buying a garage_MEAN,291057,binary,0.0007,0.713619,-0.003,0.0043,-0.0007,0.70322,0.0007,0.713619,0.0001,0.0,0.0,0.0007,spearman,-0.0007,0.70322,none,negligible,False,False,2.6e-05,negligible,False,,False,,,,none,False,0,0,too_few_valid_bins,0.0007,0,0,0,0,0,very_weak
406,PREV_NAME_CASH_LOAN_PURPOSE_Buying a holiday home / land_MEAN,291057,binary,0.0044,0.017198,0.0008,0.008,0.0026,0.166183,0.0044,0.017198,0.0,0.0,0.0,0.0044,point_biserial,0.0044,0.017198,none,negligible,True,False,0.0,negligible,False,,False,,,,none,False,0,0,too_few_valid_bins,0.0044,0,0,0,0,0,very_weak
407,PREV_NAME_CASH_LOAN_PURPOSE_Buying a home_MEAN,291057,binary,0.0008,0.675012,-0.0029,0.0044,0.0021,0.252373,0.0008,0.675012,0.0001,0.0,0.0,0.0021,spearman,0.0021,0.252373,none,negligible,False,False,0.000397,negligible,False,,False,,,,none,False,0,0,too_few_valid_bins,0.0021,0,0,0,0,0,very_weak
408,PREV_NAME_CASH_LOAN_PURPOSE_Buying a new car_MEAN,291057,binary,0.0014,0.46498,-0.0023,0.005,0.0018,0.328604,0.0014,0.46498,0.0,0.0,0.0,0.0018,spearman,0.0018,0.328604,none,negligible,False,False,0.000462,negligible,False,,False,,,,none,False,0,0,too_few_valid_bins,0.0018,0,0,0,0,0,very_weak
409,PREV_NAME_CASH_LOAN_PURPOSE_Buying a used car_MEAN,291057,binary,0.0076,4.6e-05,0.0039,0.0112,0.0142,0.0,0.0076,4.6e-05,0.0002,0.0001,0.0001,0.0142,spearman,0.0142,0.0,positive,negligible,True,False,0.0,negligible,False,,False,,,,none,False,0,0,too_few_valid_bins,0.0142,0,0,0,0,0,very_weak
410,PREV_NAME_CASH_LOAN_PURPOSE_Car repairs_MEAN,291057,binary,0.0116,0.0,0.008,0.0152,0.0164,0.0,0.0116,0.0,0.0002,0.0001,0.0001,0.0164,spearman,0.0164,0.0,positive,negligible,True,False,0.0,negligible,False,,False,,,,none,False,0,0,too_few_valid_bins,0.0164,0,0,0,0,0,very_weak
411,PREV_NAME_CASH_LOAN_PURPOSE_Education_MEAN,291057,binary,0.0034,0.064593,-0.0002,0.0071,0.0053,0.004274,0.0034,0.064593,0.0,0.0,0.0,0.0053,spearman,0.0053,0.004274,none,negligible,True,False,0.0,negligible,False,,False,,,,none,False,0,0,too_few_valid_bins,0.0053,0,0,0,0,0,very_weak
412,PREV_NAME_CASH_LOAN_PURPOSE_Everyday expenses_MEAN,291057,binary,0.0021,0.266896,-0.0016,0.0057,0.0062,0.000829,0.0021,0.266896,0.0001,0.0001,0.0,0.0062,spearman,0.0062,0.000829,none,negligible,True,False,0.000468,negligible,False,,False,,,,none,False,0,0,too_few_valid_bins,0.0062,0,0,0,0,0,very_weak
413,PREV_NAME_CASH_LOAN_PURPOSE_Furniture_MEAN,291057,binary,0.0013,0.493427,-0.0024,0.0049,0.0062,0.00086,0.0013,0.493427,0.0001,0.0001,0.0,0.0062,spearman,0.0062,0.00086,none,negligible,True,False,0.0,negligible,False,,False,,,,none,False,0,0,too_few_valid_bins,0.0062,0,0,0,0,0,very_weak
414,PREV_NAME_CASH_LOAN_PURPOSE_Gasification / water supply_MEAN,291057,binary,0.0082,1e-05,0.0045,0.0118,0.0067,0.000279,0.0082,1e-05,0.0001,0.0,0.0001,0.0082,pearson,0.0082,1e-05,none,negligible,True,False,0.0,negligible,False,,False,,,,none,False,0,0,too_few_valid_bins,0.0082,0,0,0,0,0,very_weak
415,PREV_NAME_CASH_LOAN_PURPOSE_Hobby_MEAN,291057,binary,0.0039,0.034268,0.0003,0.0076,0.0058,0.00176,0.0039,0.034268,0.0001,0.0,0.0,0.0058,spearman,0.0058,0.00176,none,negligible,True,False,0.000773,negligible,False,,False,,,,none,False,0,0,too_few_valid_bins,0.0058,0,0,0,0,0,very_weak
416,PREV_NAME_CASH_LOAN_PURPOSE_Journey_MEAN,291057,binary,0.0017,0.367076,-0.002,0.0053,0.0048,0.009548,0.0017,0.367076,0.0,0.0,0.0,0.0048,spearman,0.0048,0.009548,none,negligible,True,False,0.0,negligible,False,,False,,,,none,False,0,0,too_few_valid_bins,0.0048,0,0,0,0,0,very_weak
417,PREV_NAME_CASH_LOAN_PURPOSE_Medicine_MEAN,291057,binary,0.0092,1e-06,0.0056,0.0128,0.0133,0.0,0.0092,1e-06,0.0002,0.0001,0.0001,0.0133,spearman,0.0133,0.0,positive,negligible,True,False,0.0,negligible,False,,False,,,,none,False,0,0,too_few_valid_bins,0.0133,0,0,0,0,0,very_weak
418,PREV_NAME_CASH_LOAN_PURPOSE_Money for a third person_MEAN,291057,binary,0.0001,0.947882,-0.0035,0.0038,0.003,0.107704,0.0001,0.947882,0.0,0.0,0.0,0.003,spearman,0.003,0.107704,none,negligible,False,False,0.000477,negligible,False,,False,,,,none,False,0,0,too_few_valid_bins,0.003,0,0,0,0,0,very_weak
419,PREV_NAME_CASH_LOAN_PURPOSE_Other_MEAN,291057,binary,0.0191,0.0,0.0155,0.0228,0.0269,0.0,0.0191,0.0,0.0005,0.0002,0.0004,0.0269,spearman,0.0269,0.0,positive,negligible,True,False,0.000612,negligible,False,,False,,,,none,False,0,0,too_few_valid_bins,0.0269,0,0,0,0,0,very_weak
420,PREV_NAME_CASH_LOAN_PURPOSE_Payments on other loans_MEAN,291057,binary,0.0123,0.0,0.0086,0.0159,0.0163,0.0,0.0123,0.0,0.0001,0.0001,0.0002,0.0163,spearman,0.0163,0.0,positive,negligible,True,False,0.00044,negligible,False,,False,,,,none,False,0,0,too_few_valid_bins,0.0163,0,0,0,0,0,very_weak
421,PREV_NAME_CASH_LOAN_PURPOSE_Purchase of electronic equipment_MEAN,291057,binary,0.0034,0.066256,-0.0002,0.007,0.0073,7.7e-05,0.0034,0.066256,0.0,0.0,0.0,0.0073,spearman,0.0073,7.7e-05,none,negligible,True,False,0.000374,negligible,False,,False,,,,none,False,0,0,too_few_valid_bins,0.0073,0,0,0,0,0,very_weak
422,PREV_NAME_CASH_LOAN_PURPOSE_Refusal to name the goal_MEAN,291057,binary,0.0012,0.521961,-0.0024,0.0048,0.0022,0.227025,0.0012,0.521961,0.0001,0.0,0.0,0.0022,spearman,0.0022,0.227025,none,negligible,False,False,0.0,negligible,False,,False,,,,none,False,0,0,too_few_valid_bins,0.0022,0,0,0,0,0,very_weak
423,PREV_NAME_CASH_LOAN_PURPOSE_Repairs_MEAN,291057,binary,0.023,0.0,0.0193,0.0266,0.0352,0.0,0.023,0.0,0.0003,0.0002,0.0005,0.0352,spearman,0.0352,0.0,positive,negligible,True,False,0.000735,negligible,False,,False,,,,none,False,0,0,too_few_valid_bins,0.0352,0,0,0,0,0,very_weak
424,PREV_NAME_CASH_LOAN_PURPOSE_Urgent needs_MEAN,291057,binary,0.0191,0.0,0.0155,0.0228,0.0293,0.0,0.0191,0.0,0.0006,0.0003,0.0004,0.0293,spearman,0.0293,0.0,positive,negligible,True,False,0.0,negligible,False,,False,,,,none,False,0,0,too_few_valid_bins,0.0293,0,0,0,0,0,very_weak
425,PREV_NAME_CASH_LOAN_PURPOSE_Wedding / gift / holiday_MEAN,291057,binary,0.0047,0.010507,0.0011,0.0084,0.0088,2e-06,0.0047,0.010507,0.0001,0.0001,0.0,0.0088,spearman,0.0088,2e-06,none,negligible,True,False,0.0,negligible,False,,False,,,,none,False,0,0,too_few_valid_bins,0.0088,0,0,0,0,0,very_weak
426,PREV_NAME_CASH_LOAN_PURPOSE_XAP_MEAN,291057,binary,-0.015,0.0,-0.0186,-0.0114,-0.0149,0.0,-0.015,0.0,0.014,0.007,0.0002,0.015,point_biserial,-0.015,0.0,negative,negligible,True,False,0.013253,weak,True,0.0105,True,1.0957,-0.0149,0.0031,very_weak,False,6,407,,0.015,0,1,0,0,1,very_weak
427,PREV_NAME_CASH_LOAN_PURPOSE_XNA_MEAN,291057,binary,-0.0004,0.846699,-0.004,0.0033,0.0013,0.488602,-0.0004,0.846699,0.0024,0.0012,0.0,0.0013,spearman,0.0013,0.488602,none,negligible,False,False,0.002348,negligible,False,0.0146,True,1.129,0.0013,0.0013,very_weak,False,6,414,,0.0013,0,0,0,0,0,very_weak
428,PREV_NAME_CASH_LOAN_PURPOSE_nan_MEAN,291057,binary,,,,,,,,,0.0001,0.0,,,none,,,unknown,unknown,False,False,,unknown,False,,False,,,,none,False,0,0,insufficient_data,,0,0,0,0,0,very_weak
429,PREV_NAME_CLIENT_TYPE_New_MEAN,291057,binary,0.0213,0.0,0.0177,0.0249,0.0251,0.0,0.0213,0.0,0.0072,0.0036,0.0005,0.0251,spearman,0.0251,0.0,positive,negligible,True,False,0.009739,weak,True,0.0342,True,1.1921,0.0251,0.023,weak,False,7,161,,0.0251,0,1,1,0,2,weak
430,PREV_NAME_CLIENT_TYPE_Refreshed_MEAN,291057,binary,-0.0268,0.0,-0.0305,-0.0232,-0.0325,0.0,-0.0268,0.0,0.0014,0.0007,0.0007,0.0325,spearman,-0.0325,0.0,negative,negligible,True,False,0.002083,negligible,False,0.0245,True,1.0664,-0.0325,0.014,very_weak,False,3,168,,0.0325,0,0,0,0,0,very_weak
431,PREV_NAME_CLIENT_TYPE_Repeater_MEAN,291057,binary,-0.0046,0.012684,-0.0083,-0.001,-0.0039,0.037625,-0.0046,0.012684,0.0039,0.0019,0.0,0.0046,point_biserial,-0.0046,0.012684,none,negligible,True,False,0.004649,negligible,False,0.0303,True,1.2021,-0.0039,0.0081,very_weak,False,8,219,,0.0046,0,0,1,0,1,very_weak
432,PREV_NAME_CLIENT_TYPE_XNA_MEAN,291057,binary,0.0017,0.362546,-0.0019,0.0053,0.0045,0.016077,0.0017,0.362546,0.0001,0.0,0.0,0.0045,spearman,0.0045,0.016077,none,negligible,True,False,0.0,negligible,False,,False,,,,none,False,0,0,too_few_valid_bins,0.0045,0,0,0,0,0,very_weak
433,PREV_NAME_CLIENT_TYPE_nan_MEAN,291057,binary,,,,,,,,,0.0001,0.0,,,none,,,unknown,unknown,False,False,,unknown,False,,False,,,,none,False,0,0,insufficient_data,,0,0,0,0,0,very_weak
434,PREV_NAME_CONTRACT_STATUS_Approved_MEAN,291057,binary,-0.0635,0.0,-0.0671,-0.0599,-0.0585,0.0,-0.0635,0.0,0.0149,0.0074,0.004,0.0635,point_biserial,-0.0635,0.0,negative,negligible,True,False,0.013499,weak,True,0.0654,True,1.6205,-0.0585,0.0603,weak,True,6,362,,0.0635,1,1,1,1,4,moderate
435,PREV_NAME_CONTRACT_STATUS_Canceled_MEAN,291057,binary,0.0122,0.0,0.0086,0.0158,0.0134,0.0,0.0122,0.0,0.0013,0.0006,0.0001,0.0134,spearman,0.0134,0.0,positive,negligible,True,False,0.001702,negligible,False,0.0097,True,1.1104,0.0134,0.0021,very_weak,False,4,362,,0.0134,0,0,0,0,0,very_weak
436,PREV_NAME_CONTRACT_STATUS_Refused_MEAN,291057,binary,0.0777,0.0,0.0741,0.0813,0.0675,0.0,0.0777,0.0,0.0039,0.002,0.006,0.0777,point_biserial,0.0777,0.0,positive,negligible,True,False,0.004177,negligible,False,0.0687,True,1.7287,0.0675,0.0669,weak,True,4,397,,0.0777,1,0,1,1,3,weak
437,PREV_NAME_CONTRACT_STATUS_Unused offer_MEAN,291057,binary,0.0009,0.618377,-0.0027,0.0046,-0.0001,0.948723,0.0009,0.618377,0.0003,0.0001,0.0,0.0009,point_biserial,0.0009,0.618377,none,negligible,False,False,0.001263,negligible,False,,False,,,,none,False,0,0,too_few_valid_bins,0.0009,0,0,0,0,0,very_weak
438,PREV_NAME_CONTRACT_STATUS_nan_MEAN,291057,binary,,,,,,,,,0.0001,0.0,,,none,,,unknown,unknown,False,False,,unknown,False,,False,,,,none,False,0,0,insufficient_data,,0,0,0,0,0,very_weak
439,PREV_NAME_CONTRACT_TYPE_Cash loans_MEAN,291057,binary,0.015,0.0,0.0114,0.0186,0.0149,0.0,0.015,0.0,0.0026,0.0013,0.0002,0.015,point_biserial,0.015,0.0,positive,negligible,True,False,0.002563,negligible,False,0.0123,True,1.1147,0.0149,0.0039,very_weak,False,6,407,,0.015,0,0,0,0,0,very_weak
440,PREV_NAME_CONTRACT_TYPE_Consumer loans_MEAN,291057,binary,-0.0326,0.0,-0.0363,-0.029,-0.0325,0.0,-0.0326,0.0,0.0116,0.0058,0.0011,0.0326,pearson,-0.0326,0.0,negative,negligible,True,False,0.012296,weak,True,0.0276,True,1.2491,-0.0325,0.0168,very_weak,False,6,377,,0.0326,0,1,0,0,1,very_weak
441,PREV_NAME_CONTRACT_TYPE_Revolving loans_MEAN,291057,binary,0.0387,0.0,0.0351,0.0423,0.0388,0.0,0.0387,0.0,0.0019,0.001,0.0015,0.0388,spearman,0.0388,0.0,positive,negligible,True,False,0.001862,negligible,False,0.0353,True,1.3829,0.0388,0.0175,very_weak,False,4,278,,0.0388,0,0,1,1,2,weak
442,PREV_NAME_CONTRACT_TYPE_XNA_MEAN,291057,binary,0.0086,3e-06,0.005,0.0122,0.0131,0.0,0.0086,3e-06,0.0002,0.0001,0.0001,0.0131,spearman,0.0131,0.0,positive,negligible,True,False,0.00055,negligible,False,,False,,,,none,False,0,0,too_few_valid_bins,0.0131,0,0,0,0,0,very_weak
443,PREV_NAME_CONTRACT_TYPE_nan_MEAN,291057,binary,,,,,,,,,0.0001,0.0,,,none,,,unknown,unknown,False,False,,unknown,False,,False,,,,none,False,0,0,insufficient_data,,0,0,0,0,0,very_weak
444,PREV_NAME_GOODS_CATEGORY_Additional Service_MEAN,291057,binary,-0.0024,0.203856,-0.006,0.0013,-0.0015,0.423797,-0.0024,0.203856,0.0001,0.0,0.0,0.0024,pearson,-0.0024,0.203856,none,negligible,False,False,0.0,negligible,False,,False,,,,none,False,0,0,too_few_valid_bins,0.0024,0,0,0,0,0,very_weak
445,PREV_NAME_GOODS_CATEGORY_Animals_MEAN,291057,binary,-0.0006,0.765151,-0.0042,0.0031,-0.0006,0.765151,-0.0006,0.765151,0.0001,0.0,0.0,0.0006,point_biserial,-0.0006,0.765151,none,negligible,False,False,0.000155,negligible,False,,False,,,,none,False,0,0,insufficient_data,0.0006,0,0,0,0,0,very_weak
446,PREV_NAME_GOODS_CATEGORY_Audio/Video_MEAN,291057,binary,-0.0073,9.1e-05,-0.0109,-0.0036,-0.0098,0.0,-0.0073,9.1e-05,0.001,0.0005,0.0001,0.0098,spearman,-0.0098,0.0,none,negligible,True,False,3.9e-05,negligible,False,0.0106,True,1.0356,-0.0098,0.0023,very_weak,False,3,182,,0.0098,0,0,0,0,0,very_weak
447,PREV_NAME_GOODS_CATEGORY_Auto Accessories_MEAN,291057,binary,0.003,0.106646,-0.0006,0.0066,0.0038,0.042277,0.003,0.106646,0.0,0.0,0.0,0.0038,spearman,0.0038,0.042277,none,negligible,True,False,0.000262,negligible,False,,False,,,,none,False,0,0,too_few_valid_bins,0.0038,0,0,0,0,0,very_weak
448,PREV_NAME_GOODS_CATEGORY_Clothing and Accessories_MEAN,291057,binary,-0.0213,0.0,-0.025,-0.0177,-0.0232,0.0,-0.0213,0.0,0.0003,0.0002,0.0005,0.0232,spearman,-0.0232,0.0,negative,negligible,True,False,0.000974,negligible,False,,False,,,,none,False,0,0,too_few_valid_bins,0.0232,0,0,0,0,0,very_weak
449,PREV_NAME_GOODS_CATEGORY_Computers_MEAN,291057,binary,-0.0044,0.018797,-0.008,-0.0007,-0.005,0.006874,-0.0044,0.018797,0.0009,0.0005,0.0,0.005,spearman,-0.005,0.006874,none,negligible,True,False,0.000783,negligible,False,0.0053,True,1.0263,-0.005,0.0006,very_weak,False,3,193,,0.005,0,0,0,0,0,very_weak
450,PREV_NAME_GOODS_CATEGORY_Construction Materials_MEAN,291057,binary,-0.0101,0.0,-0.0137,-0.0064,-0.0118,0.0,-0.0101,0.0,0.0001,0.0,0.0001,0.0118,spearman,-0.0118,0.0,negative,negligible,True,False,0.000249,negligible,False,,False,,,,none,False,0,0,too_few_valid_bins,0.0118,0,0,0,0,0,very_weak
451,PREV_NAME_GOODS_CATEGORY_Consumer Electronics_MEAN,291057,binary,-0.0193,0.0,-0.023,-0.0157,-0.0239,0.0,-0.0193,0.0,0.0013,0.0007,0.0004,0.0239,spearman,-0.0239,0.0,negative,negligible,True,False,0.000694,negligible,False,0.0184,True,1.0557,-0.0239,0.0089,very_weak,False,3,183,,0.0239,0,0,0,0,0,very_weak
452,PREV_NAME_GOODS_CATEGORY_Direct Sales_MEAN,291057,binary,0.0013,0.496386,-0.0024,0.0049,0.0,0.986391,0.0013,0.496386,0.0001,0.0001,0.0,0.0013,pearson,0.0013,0.496386,none,negligible,False,False,0.000665,negligible,False,,False,,,,none,False,0,0,too_few_valid_bins,0.0013,0,0,0,0,0,very_weak
453,PREV_NAME_GOODS_CATEGORY_Education_MEAN,291057,binary,-0.0022,0.22565,-0.0059,0.0014,-0.0011,0.545694,-0.0022,0.22565,0.0,0.0,0.0,0.0022,point_biserial,-0.0022,0.22565,none,negligible,False,False,0.0,negligible,False,,False,,,,none,False,0,0,too_few_valid_bins,0.0022,0,0,0,0,0,very_weak
454,PREV_NAME_GOODS_CATEGORY_Fitness_MEAN,291057,binary,-0.0036,0.051056,-0.0072,0.0,-0.003,0.106654,-0.0036,0.051056,0.0001,0.0,0.0,0.0036,pearson,-0.0036,0.051056,none,negligible,False,False,0.0,negligible,False,,False,,,,none,False,0,0,too_few_valid_bins,0.0036,0,0,0,0,0,very_weak
455,PREV_NAME_GOODS_CATEGORY_Furniture_MEAN,291057,binary,-0.0302,0.0,-0.0338,-0.0265,-0.0322,0.0,-0.0302,0.0,0.0011,0.0005,0.0009,0.0322,spearman,-0.0322,0.0,negative,negligible,True,False,0.000911,negligible,False,,False,,,,none,False,0,0,too_few_valid_bins,0.0322,0,0,0,0,0,very_weak
456,PREV_NAME_GOODS_CATEGORY_Gardening_MEAN,291057,binary,-0.0043,0.021695,-0.0079,-0.0006,-0.0044,0.017362,-0.0043,0.021695,0.0,0.0,0.0,0.0044,spearman,-0.0044,0.017362,none,negligible,True,False,0.000521,negligible,False,,False,,,,none,False,0,0,too_few_valid_bins,0.0044,0,0,0,0,0,very_weak
457,PREV_NAME_GOODS_CATEGORY_Homewares_MEAN,291057,binary,-0.0064,0.000517,-0.0101,-0.0028,-0.0063,0.000665,-0.0064,0.000517,0.0001,0.0001,0.0,0.0064,point_biserial,-0.0064,0.000517,none,negligible,True,False,0.0,negligible,False,,False,,,,none,False,0,0,too_few_valid_bins,0.0064,0,0,0,0,0,very_weak
458,PREV_NAME_GOODS_CATEGORY_House Construction_MEAN,291057,binary,,,,,,,,,0.0001,0.0,,,none,,,unknown,unknown,False,False,,unknown,False,,False,,,,none,False,0,0,insufficient_data,,0,0,0,0,0,very_weak
459,PREV_NAME_GOODS_CATEGORY_Insurance_MEAN,291057,binary,0.0028,0.129825,-0.0008,0.0064,0.002,0.276441,0.0028,0.129825,0.0001,0.0,0.0,0.0028,pearson,0.0028,0.129825,none,negligible,False,False,0.000443,negligible,False,,False,,,,none,False,0,0,too_few_valid_bins,0.0028,0,0,0,0,0,very_weak
460,PREV_NAME_GOODS_CATEGORY_Jewelry_MEAN,291057,binary,0.0028,0.127737,-0.0008,0.0065,0.0027,0.146439,0.0028,0.127737,0.0002,0.0001,0.0,0.0028,pearson,0.0028,0.127737,none,negligible,False,False,0.000452,negligible,False,,False,,,,none,False,0,0,too_few_valid_bins,0.0028,0,0,0,0,0,very_weak
461,PREV_NAME_GOODS_CATEGORY_Medical Supplies_MEAN,291057,binary,-0.0093,1e-06,-0.0129,-0.0056,-0.0099,0.0,-0.0093,1e-06,0.0003,0.0001,0.0001,0.0099,spearman,-0.0099,0.0,none,negligible,True,False,0.0,negligible,False,,False,,,,none,False,0,0,too_few_valid_bins,0.0099,0,0,0,0,0,very_weak
462,PREV_NAME_GOODS_CATEGORY_Medicine_MEAN,291057,binary,-0.0057,0.002274,-0.0093,-0.002,-0.0047,0.010432,-0.0057,0.002274,0.0001,0.0,0.0,0.0057,pearson,-0.0057,0.002274,none,negligible,True,False,4.7e-05,negligible,False,,False,,,,none,False,0,0,too_few_valid_bins,0.0057,0,0,0,0,0,very_weak
463,PREV_NAME_GOODS_CATEGORY_Mobile_MEAN,291057,binary,0.0183,0.0,0.0147,0.022,0.0145,0.0,0.0183,0.0,0.0018,0.0009,0.0003,0.0183,pearson,0.0183,0.0,positive,negligible,True,False,0.001589,negligible,False,0.0174,True,1.204,0.0145,0.004,very_weak,False,5,232,,0.0183,0,0,0,0,0,very_weak
464,PREV_NAME_GOODS_CATEGORY_Office Appliances_MEAN,291057,binary,-0.0002,0.898804,-0.0039,0.0034,0.0004,0.833725,-0.0002,0.898804,0.0001,0.0,0.0,0.0004,spearman,0.0004,0.833725,none,negligible,False,False,0.0,negligible,False,,False,,,,none,False,0,0,too_few_valid_bins,0.0004,0,0,0,0,0,very_weak
465,PREV_NAME_GOODS_CATEGORY_Other_MEAN,291057,binary,-0.0048,0.010276,-0.0084,-0.0011,-0.0078,2.5e-05,-0.0048,0.010276,0.0,0.0,0.0,0.0078,spearman,-0.0078,2.5e-05,none,negligible,True,False,0.00027,negligible,False,,False,,,,none,False,0,0,too_few_valid_bins,0.0078,0,0,0,0,0,very_weak
466,PREV_NAME_GOODS_CATEGORY_Photo / Cinema Equipment_MEAN,291057,binary,-0.0044,0.018795,-0.008,-0.0007,-0.0069,0.00019,-0.0044,0.018795,0.0006,0.0003,0.0,0.0069,spearman,-0.0069,0.00019,none,negligible,True,False,0.0,negligible,False,,False,,,,none,False,0,0,too_few_valid_bins,0.0069,0,0,0,0,0,very_weak
467,PREV_NAME_GOODS_CATEGORY_Sport and Leisure_MEAN,291057,binary,-0.0007,0.699015,-0.0043,0.0029,-0.004,0.031898,-0.0007,0.699015,0.0,0.0,0.0,0.004,spearman,-0.004,0.031898,none,negligible,True,False,0.0,negligible,False,,False,,,,none,False,0,0,too_few_valid_bins,0.004,0,0,0,0,0,very_weak
468,PREV_NAME_GOODS_CATEGORY_Tourism_MEAN,291057,binary,-0.0069,0.000216,-0.0105,-0.0032,-0.0083,7e-06,-0.0069,0.000216,0.0001,0.0001,0.0,0.0083,spearman,-0.0083,7e-06,none,negligible,True,False,0.0,negligible,False,,False,,,,none,False,0,0,too_few_valid_bins,0.0083,0,0,0,0,0,very_weak
469,PREV_NAME_GOODS_CATEGORY_Vehicles_MEAN,291057,binary,0.0037,0.047075,0.0,0.0073,0.0049,0.007587,0.0037,0.047075,0.0002,0.0001,0.0,0.0049,spearman,0.0049,0.007587,none,negligible,True,False,0.0,negligible,False,,False,,,,none,False,0,0,too_few_valid_bins,0.0049,0,0,0,0,0,very_weak
470,PREV_NAME_GOODS_CATEGORY_Weapon_MEAN,291057,binary,-0.0009,0.620282,-0.0046,0.0027,-0.0016,0.401629,-0.0009,0.620282,0.0001,0.0,0.0,0.0016,spearman,-0.0016,0.401629,none,negligible,False,False,0.000294,negligible,False,,False,,,,none,False,0,0,too_few_valid_bins,0.0016,0,0,0,0,0,very_weak
471,PREV_NAME_GOODS_CATEGORY_XNA_MEAN,291057,binary,0.0321,0.0,0.0285,0.0358,0.0322,0.0,0.0321,0.0,0.0028,0.0014,0.001,0.0322,spearman,0.0322,0.0,positive,negligible,True,False,0.003915,negligible,False,0.027,True,1.2417,0.0322,0.0167,very_weak,False,6,374,,0.0322,0,0,0,0,0,very_weak
472,PREV_NAME_GOODS_CATEGORY_nan_MEAN,291057,binary,,,,,,,,,0.0001,0.0,,,none,,,unknown,unknown,False,False,,unknown,False,,False,,,,none,False,0,0,insufficient_data,,0,0,0,0,0,very_weak
473,PREV_NAME_PAYMENT_TYPE_Cash through the bank_MEAN,291057,binary,-0.0347,0.0,-0.0383,-0.031,-0.0347,0.0,-0.0347,0.0,0.0111,0.0056,0.0012,0.0347,spearman,-0.0347,0.0,negative,negligible,True,False,0.010946,weak,True,0.0275,True,1.2462,-0.0347,0.0182,very_weak,False,7,423,,0.0347,0,1,0,0,1,very_weak
474,PREV_NAME_PAYMENT_TYPE_Cashless from the account of the employer_MEAN,291057,binary,0.0001,0.975148,-0.0036,0.0037,-0.001,0.600364,0.0001,0.975148,0.0001,0.0001,0.0,0.001,spearman,-0.001,0.600364,none,negligible,False,False,0.0,negligible,False,,False,,,,none,False,0,0,too_few_valid_bins,0.001,0,0,0,0,0,very_weak
475,PREV_NAME_PAYMENT_TYPE_Non-cash from your account_MEAN,291057,binary,0.0003,0.891081,-0.0034,0.0039,-0.0003,0.879134,0.0003,0.891081,0.0001,0.0,0.0,0.0003,spearman,-0.0003,0.879134,none,negligible,False,False,0.000126,negligible,False,,False,,,,none,False,0,0,too_few_valid_bins,0.0003,0,0,0,0,0,very_weak
476,PREV_NAME_PAYMENT_TYPE_XNA_MEAN,291057,binary,0.0349,0.0,0.0313,0.0386,0.0349,0.0,0.0349,0.0,0.0037,0.0018,0.0012,0.0349,pearson,0.0349,0.0,positive,negligible,True,False,0.00347,negligible,False,0.035,True,1.3388,0.0349,0.0194,very_weak,False,7,412,,0.0349,0,0,1,1,2,weak
477,PREV_NAME_PAYMENT_TYPE_nan_MEAN,291057,binary,,,,,,,,,0.0001,0.0,,,none,,,unknown,unknown,False,False,,unknown,False,,False,,,,none,False,0,0,insufficient_data,,0,0,0,0,0,very_weak
478,PREV_NAME_PORTFOLIO_Cards_MEAN,291057,binary,0.0317,0.0,0.0281,0.0354,0.0349,0.0,0.0317,0.0,0.0021,0.0011,0.001,0.0349,spearman,0.0349,0.0,positive,negligible,True,False,0.001587,negligible,False,0.0265,True,1.2767,0.0349,0.0129,very_weak,False,4,226,,0.0349,0,0,0,0,0,very_weak
479,PREV_NAME_PORTFOLIO_Cars_MEAN,291057,binary,-0.0028,0.135546,-0.0064,0.0009,-0.0037,0.048233,-0.0028,0.135546,0.0001,0.0001,0.0,0.0037,spearman,-0.0037,0.048233,none,negligible,True,False,0.0,negligible,False,,False,,,,none,False,0,0,too_few_valid_bins,0.0037,0,0,0,0,0,very_weak
480,PREV_NAME_PORTFOLIO_Cash_MEAN,291057,binary,0.0061,0.000993,0.0025,0.0097,0.0078,2.4e-05,0.0061,0.000993,0.0018,0.0009,0.0,0.0078,spearman,0.0078,2.4e-05,none,negligible,True,False,0.002181,negligible,False,0.0071,True,1.0742,0.0078,0.0012,very_weak,False,6,414,,0.0078,0,0,0,0,0,very_weak
481,PREV_NAME_PORTFOLIO_POS_MEAN,291057,binary,-0.0343,0.0,-0.038,-0.0307,-0.0348,0.0,-0.0343,0.0,0.0104,0.0052,0.0012,0.0348,spearman,-0.0348,0.0,negative,negligible,True,False,0.01166,weak,True,0.0277,True,1.2385,-0.0348,0.0194,very_weak,False,7,364,,0.0348,0,1,0,0,1,very_weak
482,PREV_NAME_PORTFOLIO_XNA_MEAN,291057,binary,0.0294,0.0,0.0258,0.0331,0.0279,0.0,0.0294,0.0,0.0022,0.0011,0.0009,0.0294,point_biserial,0.0294,0.0,positive,negligible,True,False,0.002248,negligible,False,0.0296,True,1.3164,0.0279,0.0119,very_weak,False,5,390,,0.0294,0,0,0,1,1,very_weak
483,PREV_NAME_PORTFOLIO_nan_MEAN,291057,binary,,,,,,,,,0.0001,0.0,,,none,,,unknown,unknown,False,False,,unknown,False,,False,,,,none,False,0,0,insufficient_data,,0,0,0,0,0,very_weak
484,PREV_NAME_PRODUCT_TYPE_XNA_MEAN,291057,binary,-0.0212,0.0,-0.0249,-0.0176,-0.0217,0.0,-0.0212,0.0,0.0113,0.0056,0.0005,0.0217,spearman,-0.0217,0.0,negative,negligible,True,False,0.010329,weak,True,0.0169,True,1.1453,-0.0217,0.0065,very_weak,False,7,421,,0.0217,0,1,0,0,1,very_weak
485,PREV_NAME_PRODUCT_TYPE_nan_MEAN,291057,binary,,,,,,,,,0.0001,0.0,,,none,,,unknown,unknown,False,False,,unknown,False,,False,,,,none,False,0,0,insufficient_data,,0,0,0,0,0,very_weak
486,PREV_NAME_PRODUCT_TYPE_walk-in_MEAN,291057,binary,0.0574,0.0,0.0538,0.061,0.0613,0.0,0.0574,0.0,0.003,0.0015,0.0033,0.0613,spearman,0.0613,0.0,positive,negligible,True,False,0.002193,negligible,False,0.0524,True,1.5703,0.0613,0.0409,weak,True,3,333,,0.0613,1,0,1,1,3,weak
487,PREV_NAME_PRODUCT_TYPE_x-sell_MEAN,291057,binary,-0.0183,0.0,-0.0219,-0.0146,-0.0151,0.0,-0.0183,0.0,0.0032,0.0016,0.0003,0.0183,pearson,-0.0183,0.0,negative,negligible,True,False,0.002578,negligible,False,0.0157,True,1.0559,-0.0151,0.0047,very_weak,False,6,394,,0.0183,0,0,0,0,0,very_weak
488,PREV_NAME_SELLER_INDUSTRY_Auto technology_MEAN,291057,binary,0.0056,0.002389,0.002,0.0093,0.0085,4e-06,0.0056,0.002389,0.0001,0.0,0.0,0.0085,spearman,0.0085,4e-06,none,negligible,True,False,0.0,negligible,False,,False,,,,none,False,0,0,too_few_valid_bins,0.0085,0,0,0,0,0,very_weak
489,PREV_NAME_SELLER_INDUSTRY_Clothing_MEAN,291057,binary,-0.0209,0.0,-0.0245,-0.0173,-0.0226,0.0,-0.0209,0.0,0.0003,0.0001,0.0004,0.0226,spearman,-0.0226,0.0,negative,negligible,True,False,0.001276,negligible,False,,False,,,,none,False,0,0,too_few_valid_bins,0.0226,0,0,0,0,0,very_weak
490,PREV_NAME_SELLER_INDUSTRY_Connectivity_MEAN,291057,binary,0.0285,0.0,0.0248,0.0321,0.0256,0.0,0.0285,0.0,0.0022,0.0011,0.0008,0.0285,pearson,0.0285,0.0,positive,negligible,True,False,0.002405,negligible,False,0.0281,True,1.3112,0.0256,0.0106,very_weak,False,5,285,,0.0285,0,0,0,1,1,very_weak
491,PREV_NAME_SELLER_INDUSTRY_Construction_MEAN,291057,binary,-0.0152,0.0,-0.0189,-0.0116,-0.0166,0.0,-0.0152,0.0,0.0002,0.0001,0.0002,0.0166,spearman,-0.0166,0.0,negative,negligible,True,False,0.0,negligible,False,,False,,,,none,False,0,0,too_few_valid_bins,0.0166,0,0,0,0,0,very_weak
492,PREV_NAME_SELLER_INDUSTRY_Consumer electronics_MEAN,291057,binary,-0.0224,0.0,-0.026,-0.0187,-0.0255,0.0,-0.0224,0.0,0.0042,0.0021,0.0005,0.0255,spearman,-0.0255,0.0,negative,negligible,True,False,0.005296,weak,True,0.0197,True,1.1149,-0.0255,0.0104,very_weak,False,6,326,,0.0255,0,1,0,0,1,very_weak
493,PREV_NAME_SELLER_INDUSTRY_Furniture_MEAN,291057,binary,-0.0286,0.0,-0.0323,-0.025,-0.0301,0.0,-0.0286,0.0,0.0011,0.0005,0.0008,0.0301,spearman,-0.0301,0.0,negative,negligible,True,False,0.000982,negligible,False,,False,,,,none,False,0,0,too_few_valid_bins,0.0301,0,0,0,0,0,very_weak
494,PREV_NAME_SELLER_INDUSTRY_Industry_MEAN,291057,binary,-0.0089,2e-06,-0.0125,-0.0053,-0.0099,0.0,-0.0089,2e-06,0.0004,0.0002,0.0001,0.0099,spearman,-0.0099,0.0,none,negligible,True,False,0.000154,negligible,False,,False,,,,none,False,0,0,too_few_valid_bins,0.0099,0,0,0,0,0,very_weak
495,PREV_NAME_SELLER_INDUSTRY_Jewelry_MEAN,291057,binary,0.002,0.284129,-0.0016,0.0056,0.0018,0.343059,0.002,0.284129,0.0002,0.0001,0.0,0.002,pearson,0.002,0.284129,none,negligible,False,False,0.0,negligible,False,,False,,,,none,False,0,0,too_few_valid_bins,0.002,0,0,0,0,0,very_weak
496,PREV_NAME_SELLER_INDUSTRY_MLM partners_MEAN,291057,binary,-0.0042,0.023619,-0.0078,-0.0006,-0.0048,0.009304,-0.0042,0.023619,0.0001,0.0001,0.0,0.0048,spearman,-0.0048,0.009304,none,negligible,True,False,0.000269,negligible,False,,False,,,,none,False,0,0,too_few_valid_bins,0.0048,0,0,0,0,0,very_weak
497,PREV_NAME_SELLER_INDUSTRY_Tourism_MEAN,291057,binary,-0.0046,0.013823,-0.0082,-0.0009,-0.0047,0.011767,-0.0046,0.013823,0.0001,0.0,0.0,0.0047,spearman,-0.0047,0.011767,none,negligible,True,False,0.0,negligible,False,,False,,,,none,False,0,0,too_few_valid_bins,0.0047,0,0,0,0,0,very_weak
498,PREV_NAME_SELLER_INDUSTRY_XNA_MEAN,291057,binary,0.0248,0.0,0.0212,0.0284,0.024,0.0,0.0248,0.0,0.0025,0.0013,0.0006,0.0248,point_biserial,0.0248,0.0,positive,negligible,True,False,0.00251,negligible,False,0.0269,True,1.2259,0.024,0.0111,very_weak,False,7,385,,0.0248,0,0,0,0,0,very_weak
499,PREV_NAME_SELLER_INDUSTRY_nan_MEAN,291057,binary,,,,,,,,,0.0001,0.0,,,none,,,unknown,unknown,False,False,,unknown,False,,False,,,,none,False,0,0,insufficient_data,,0,0,0,0,0,very_weak
500,PREV_NAME_TYPE_SUITE_Children_MEAN,291057,binary,-0.0164,0.0,-0.02,-0.0127,-0.0193,0.0,-0.0164,0.0,0.0004,0.0002,0.0003,0.0193,spearman,-0.0193,0.0,negative,negligible,True,False,0.000874,negligible,False,,False,,,,none,False,0,0,too_few_valid_bins,0.0193,0,0,0,0,0,very_weak
501,PREV_NAME_TYPE_SUITE_Family_MEAN,291057,binary,-0.0224,0.0,-0.026,-0.0187,-0.026,0.0,-0.0224,0.0,0.0021,0.0011,0.0005,0.026,spearman,-0.026,0.0,negative,negligible,True,False,0.001225,negligible,False,0.0178,True,1.073,-0.026,0.0101,very_weak,False,4,280,,0.026,0,0,0,0,0,very_weak
502,PREV_NAME_TYPE_SUITE_Group of people_MEAN,291057,binary,0.0011,0.557872,-0.0025,0.0047,0.0014,0.444667,0.0011,0.557872,0.0001,0.0,0.0,0.0014,spearman,0.0014,0.444667,none,negligible,False,False,9.2e-05,negligible,False,,False,,,,none,False,0,0,too_few_valid_bins,0.0014,0,0,0,0,0,very_weak
503,PREV_NAME_TYPE_SUITE_Other_A_MEAN,291057,binary,0.0053,0.004255,0.0017,0.0089,0.0031,0.095032,0.0053,0.004255,0.0,0.0,0.0,0.0053,point_biserial,0.0053,0.004255,none,negligible,True,False,0.0,negligible,False,,False,,,,none,False,0,0,too_few_valid_bins,0.0053,0,0,0,0,0,very_weak
504,PREV_NAME_TYPE_SUITE_Other_B_MEAN,291057,binary,0.0026,0.163201,-0.001,0.0062,0.0014,0.447397,0.0026,0.163201,0.0004,0.0002,0.0,0.0026,pearson,0.0026,0.163201,none,negligible,False,False,0.0,negligible,False,,False,,,,none,False,0,0,too_few_valid_bins,0.0026,0,0,0,0,0,very_weak
505,"PREV_NAME_TYPE_SUITE_Spouse, partner_MEAN",291057,binary,-0.0053,0.00442,-0.0089,-0.0016,-0.0046,0.013827,-0.0053,0.00442,0.0005,0.0002,0.0,0.0053,pearson,-0.0053,0.00442,none,negligible,True,False,0.0,negligible,False,,False,,,,none,False,0,0,too_few_valid_bins,0.0053,0,0,0,0,0,very_weak
506,PREV_NAME_TYPE_SUITE_Unaccompanied_MEAN,291057,binary,-0.0115,0.0,-0.0152,-0.0079,-0.0114,0.0,-0.0115,0.0,0.0035,0.0018,0.0001,0.0115,pearson,-0.0115,0.0,negative,negligible,True,False,0.002689,negligible,False,0.0105,True,1.0503,-0.0114,0.0025,very_weak,False,7,389,,0.0115,0,0,0,0,0,very_weak
507,PREV_NAME_TYPE_SUITE_nan_MEAN,291057,binary,0.033,0.0,0.0293,0.0366,0.0343,0.0,0.033,0.0,0.0054,0.0027,0.0011,0.0343,spearman,0.0343,0.0,positive,negligible,True,False,0.006357,weak,True,0.0302,True,1.2419,0.0343,0.0198,very_weak,False,8,403,,0.0343,0,1,1,0,2,weak
508,PREV_NAME_YIELD_GROUP_XNA_MEAN,291057,binary,0.0428,0.0,0.0392,0.0465,0.0395,0.0,0.0428,0.0,0.0039,0.0019,0.0018,0.0428,pearson,0.0428,0.0,positive,negligible,True,False,0.003836,negligible,False,0.0419,True,1.4327,0.0395,0.028,weak,False,6,411,,0.0428,0,0,1,1,2,weak
509,PREV_NAME_YIELD_GROUP_high_MEAN,291057,binary,0.0376,0.0,0.0339,0.0412,0.0375,0.0,0.0376,0.0,0.0029,0.0015,0.0014,0.0376,point_biserial,0.0376,0.0,positive,negligible,True,False,0.003625,negligible,False,0.0338,True,1.3247,0.0375,0.0183,very_weak,False,6,341,,0.0376,0,0,1,1,2,weak
510,PREV_NAME_YIELD_GROUP_low_action_MEAN,291057,binary,-0.0293,0.0,-0.033,-0.0257,-0.0337,0.0,-0.0293,0.0,0.0012,0.0006,0.0009,0.0337,spearman,-0.0337,0.0,negative,negligible,True,False,0.001082,negligible,False,,False,,,,none,False,0,0,too_few_valid_bins,0.0337,0,0,0,0,0,very_weak
511,PREV_NAME_YIELD_GROUP_low_normal_MEAN,291057,binary,-0.0411,0.0,-0.0448,-0.0375,-0.0457,0.0,-0.0411,0.0,0.0025,0.0013,0.0017,0.0457,spearman,-0.0457,0.0,negative,negligible,True,False,0.003658,negligible,False,0.0315,True,1.1609,-0.0457,0.0312,weak,False,6,326,,0.0457,0,0,1,0,1,very_weak
512,PREV_NAME_YIELD_GROUP_middle_MEAN,291057,binary,-0.016,0.0,-0.0196,-0.0124,-0.0174,0.0,-0.016,0.0,0.003,0.0015,0.0003,0.0174,spearman,-0.0174,0.0,negative,negligible,True,False,0.002566,negligible,False,0.0176,True,1.1135,-0.0174,0.0053,very_weak,False,7,329,,0.0174,0,0,0,0,0,very_weak
513,PREV_NAME_YIELD_GROUP_nan_MEAN,291057,binary,,,,,,,,,0.0001,0.0,,,none,,,unknown,unknown,False,False,,unknown,False,,False,,,,none,False,0,0,insufficient_data,,0,0,0,0,0,very_weak
514,PREV_PRODUCT_COMBINATION_Card Street_MEAN,291057,binary,0.0402,0.0,0.0366,0.0439,0.0419,0.0,0.0402,0.0,0.0014,0.0007,0.0016,0.0419,spearman,0.0419,0.0,positive,negligible,True,False,0.000954,negligible,False,0.0375,True,1.4179,0.0419,0.0195,very_weak,False,3,248,,0.0419,0,0,1,1,2,weak
515,PREV_PRODUCT_COMBINATION_Card X-Sell_MEAN,291057,binary,0.01,0.0,0.0064,0.0137,0.0129,0.0,0.01,0.0,0.0007,0.0004,0.0001,0.0129,spearman,0.0129,0.0,positive,negligible,True,False,9.7e-05,negligible,False,,False,,,,none,False,0,0,too_few_valid_bins,0.0129,0,0,0,0,0,very_weak
516,PREV_PRODUCT_COMBINATION_Cash Street: high_MEAN,291057,binary,0.0301,0.0,0.0265,0.0338,0.0364,0.0,0.0301,0.0,0.0013,0.0007,0.0009,0.0364,spearman,0.0364,0.0,positive,negligible,True,False,0.000927,negligible,False,,False,,,,none,False,0,0,too_few_valid_bins,0.0364,0,0,0,0,0,very_weak
517,PREV_PRODUCT_COMBINATION_Cash Street: low_MEAN,291057,binary,0.0026,0.162835,-0.001,0.0062,0.0115,0.0,0.0026,0.162835,0.0003,0.0001,0.0,0.0115,spearman,0.0115,0.0,positive,negligible,True,False,0.000451,negligible,False,,False,,,,none,False,0,0,too_few_valid_bins,0.0115,0,0,0,0,0,very_weak
518,PREV_PRODUCT_COMBINATION_Cash Street: middle_MEAN,291057,binary,0.0184,0.0,0.0148,0.022,0.0278,0.0,0.0184,0.0,0.0008,0.0004,0.0003,0.0278,spearman,0.0278,0.0,positive,negligible,True,False,0.000771,negligible,False,,False,,,,none,False,0,0,too_few_valid_bins,0.0278,0,0,0,0,0,very_weak
519,PREV_PRODUCT_COMBINATION_Cash X-Sell: high_MEAN,291057,binary,0.0302,0.0,0.0265,0.0338,0.0362,0.0,0.0302,0.0,0.0008,0.0004,0.0009,0.0362,spearman,0.0362,0.0,positive,negligible,True,False,0.001095,negligible,False,,False,,,,none,False,0,0,too_few_valid_bins,0.0362,0,0,0,0,0,very_weak
520,PREV_PRODUCT_COMBINATION_Cash X-Sell: low_MEAN,291057,binary,-0.0375,0.0,-0.0411,-0.0339,-0.0379,0.0,-0.0375,0.0,0.0013,0.0007,0.0014,0.0379,spearman,-0.0379,0.0,negative,negligible,True,False,0.000466,negligible,False,0.0299,True,1.0796,-0.0379,0.0223,weak,False,3,284,,0.0379,0,0,0,0,0,very_weak
521,PREV_PRODUCT_COMBINATION_Cash X-Sell: middle_MEAN,291057,binary,-0.0156,0.0,-0.0192,-0.0119,-0.0132,0.0,-0.0156,0.0,0.0004,0.0002,0.0002,0.0156,point_biserial,-0.0156,0.0,negative,negligible,True,False,0.000979,negligible,False,0.0126,True,1.0415,-0.0132,0.0036,very_weak,False,3,263,,0.0156,0,0,0,0,0,very_weak
522,PREV_PRODUCT_COMBINATION_Cash_MEAN,291057,binary,0.0186,0.0,0.0149,0.0222,0.019,0.0,0.0186,0.0,0.0015,0.0007,0.0003,0.019,spearman,0.019,0.0,positive,negligible,True,False,0.000898,negligible,False,0.0138,True,1.1486,0.019,0.0044,very_weak,False,4,375,,0.019,0,0,0,0,0,very_weak
523,PREV_PRODUCT_COMBINATION_POS household with interest_MEAN,291057,binary,-0.0114,0.0,-0.0151,-0.0078,-0.0144,0.0,-0.0114,0.0,0.0025,0.0012,0.0001,0.0144,spearman,-0.0144,0.0,negative,negligible,True,False,0.00269,negligible,False,0.013,True,1.0629,-0.0144,0.0052,very_weak,False,5,273,,0.0144,0,0,0,0,0,very_weak
524,PREV_PRODUCT_COMBINATION_POS household without interest_MEAN,291057,binary,-0.0226,0.0,-0.0262,-0.0189,-0.027,0.0,-0.0226,0.0,0.0009,0.0005,0.0005,0.027,spearman,-0.027,0.0,negative,negligible,True,False,0.000652,negligible,False,,False,,,,none,False,0,0,too_few_valid_bins,0.027,0,0,0,0,0,very_weak
525,PREV_PRODUCT_COMBINATION_POS industry with interest_MEAN,291057,binary,-0.0339,0.0,-0.0376,-0.0303,-0.0363,0.0,-0.0339,0.0,0.0016,0.0008,0.0012,0.0363,spearman,-0.0363,0.0,negative,negligible,True,False,0.001473,negligible,False,0.0309,True,1.0782,-0.0363,0.0216,weak,False,3,179,,0.0363,0,0,1,0,1,very_weak
526,PREV_PRODUCT_COMBINATION_POS industry without interest_MEAN,291057,binary,-0.0219,0.0,-0.0255,-0.0183,-0.0244,0.0,-0.0219,0.0,0.0005,0.0003,0.0005,0.0244,spearman,-0.0244,0.0,negative,negligible,True,False,0.0,negligible,False,,False,,,,none,False,0,0,too_few_valid_bins,0.0244,0,0,0,0,0,very_weak
527,PREV_PRODUCT_COMBINATION_POS mobile with interest_MEAN,291057,binary,0.0216,0.0,0.0179,0.0252,0.0179,0.0,0.0216,0.0,0.0019,0.0009,0.0005,0.0216,point_biserial,0.0216,0.0,positive,negligible,True,False,0.001256,negligible,False,0.0208,True,1.233,0.0179,0.0058,very_weak,False,5,244,,0.0216,0,0,0,0,0,very_weak
528,PREV_PRODUCT_COMBINATION_POS mobile without interest_MEAN,291057,binary,-0.0026,0.166674,-0.0062,0.0011,-0.0035,0.05652,-0.0026,0.166674,0.0003,0.0001,0.0,0.0035,spearman,-0.0035,0.05652,none,negligible,False,False,0.000368,negligible,False,,False,,,,none,False,0,0,too_few_valid_bins,0.0035,0,0,0,0,0,very_weak
529,PREV_PRODUCT_COMBINATION_POS other with interest_MEAN,291057,binary,-0.0039,0.034645,-0.0075,-0.0003,-0.0023,0.217907,-0.0039,0.034645,0.0007,0.0003,0.0,0.0039,point_biserial,-0.0039,0.034645,none,negligible,True,False,9e-06,negligible,False,,False,,,,none,False,0,0,too_few_valid_bins,0.0039,0,0,0,0,0,very_weak
530,PREV_PRODUCT_COMBINATION_POS others without interest_MEAN,291057,binary,-0.0022,0.245122,-0.0058,0.0015,-0.0029,0.113013,-0.0022,0.245122,0.0001,0.0001,0.0,0.0029,spearman,-0.0029,0.113013,none,negligible,False,False,0.0,negligible,False,,False,,,,none,False,0,0,too_few_valid_bins,0.0029,0,0,0,0,0,very_weak
531,PREV_PRODUCT_COMBINATION_nan_MEAN,291057,binary,0.0086,3e-06,0.005,0.0122,0.0131,0.0,0.0086,3e-06,0.0002,0.0001,0.0001,0.0131,spearman,0.0131,0.0,positive,negligible,True,False,0.0,negligible,False,,False,,,,none,False,0,0,too_few_valid_bins,0.0131,0,0,0,0,0,very_weak
532,PREV_RATE_DOWN_PAYMENT_MAX,273605,binary,-0.0401,0.0,-0.0438,-0.0364,-0.0439,0.0,-0.0401,0.0,0.0018,0.0009,0.0016,0.0439,spearman,-0.0439,0.0,negative,negligible,True,False,0.002694,negligible,False,0.0422,True,1.24,-0.0439,0.0331,weak,False,8,118254,,0.0439,0,0,1,0,1,very_weak
533,PREV_RATE_DOWN_PAYMENT_MEAN,273605,binary,-0.0336,0.0,-0.0373,-0.0299,-0.0362,0.0,-0.0336,0.0,0.002,0.001,0.0011,0.0362,spearman,-0.0362,0.0,negative,negligible,True,False,0.002365,negligible,False,0.0343,True,1.1764,-0.0362,0.0211,weak,False,9,165733,,0.0362,0,0,1,0,1,very_weak
534,PREV_SK_ID_PREV_NUNIQUE,291057,binary,0.0198,0.0,0.0161,0.0234,0.0101,0.0,0.0198,0.0,0.0033,0.0017,0.0004,0.0198,point_biserial,0.0198,0.0,positive,negligible,True,False,0.004967,negligible,False,0.0237,True,1.2302,0.0101,0.0059,very_weak,False,8,65,,0.0198,0,0,0,0,0,very_weak
535,PREV_WEEKDAY_APPR_PROCESS_START_FRIDAY_MEAN,291057,binary,0.0048,0.009473,0.0012,0.0084,0.0037,0.047996,0.0048,0.009473,0.0009,0.0004,0.0,0.0048,pearson,0.0048,0.009473,none,negligible,True,False,0.001831,negligible,False,0.0111,True,1.1108,0.0037,0.0011,very_weak,False,5,313,,0.0048,0,0,0,0,0,very_weak
536,PREV_WEEKDAY_APPR_PROCESS_START_MONDAY_MEAN,291057,binary,0.0058,0.001828,0.0021,0.0094,0.0064,0.00058,0.0058,0.001828,0.0012,0.0006,0.0,0.0064,spearman,0.0064,0.00058,none,negligible,True,False,0.001422,negligible,False,0.0079,True,1.0944,0.0064,0.0013,very_weak,False,5,304,,0.0064,0,0,0,0,0,very_weak
537,PREV_WEEKDAY_APPR_PROCESS_START_SATURDAY_MEAN,291057,binary,-0.0085,5e-06,-0.0121,-0.0048,-0.0089,2e-06,-0.0085,5e-06,0.0011,0.0006,0.0001,0.0089,spearman,-0.0089,2e-06,none,negligible,True,False,0.001434,negligible,False,0.0072,True,1.0402,-0.0089,0.0014,very_weak,False,5,301,,0.0089,0,0,0,0,0,very_weak
538,PREV_WEEKDAY_APPR_PROCESS_START_SUNDAY_MEAN,291057,binary,-0.0097,0.0,-0.0134,-0.0061,-0.0105,0.0,-0.0097,0.0,0.0011,0.0005,0.0001,0.0105,spearman,-0.0105,0.0,negative,negligible,True,False,0.000391,negligible,False,0.0091,True,1.0405,-0.0105,0.002,very_weak,False,4,259,,0.0105,0,0,0,0,0,very_weak
539,PREV_WEEKDAY_APPR_PROCESS_START_THURSDAY_MEAN,291057,binary,0.0033,0.078876,-0.0004,0.0069,0.0026,0.155991,0.0033,0.078876,0.0015,0.0008,0.0,0.0033,point_biserial,0.0033,0.078876,none,negligible,False,False,0.001945,negligible,False,0.0111,True,1.0934,0.0026,0.0009,very_weak,False,5,319,,0.0033,0,0,0,0,0,very_weak
540,PREV_WEEKDAY_APPR_PROCESS_START_TUESDAY_MEAN,291057,binary,0.0003,0.857181,-0.0033,0.004,-0.0,0.992907,0.0003,0.857181,0.0019,0.001,0.0,0.0003,point_biserial,0.0003,0.857181,none,negligible,False,False,0.000958,negligible,False,0.0076,True,1.0616,-0.0,0.0006,very_weak,False,5,316,,0.0003,0,0,0,0,0,very_weak
541,PREV_WEEKDAY_APPR_PROCESS_START_WEDNESDAY_MEAN,291057,binary,0.004,0.029185,0.0004,0.0077,0.0032,0.084166,0.004,0.029185,0.0023,0.0012,0.0,0.004,pearson,0.004,0.029185,none,negligible,True,False,0.000951,negligible,False,0.0074,True,1.0839,0.0032,0.0005,very_weak,False,5,316,,0.004,0,0,0,0,0,very_weak
542,PREV_WEEKDAY_APPR_PROCESS_START_nan_MEAN,291057,binary,,,,,,,,,0.0001,0.0,,,none,,,unknown,unknown,False,False,,unknown,False,,False,,,,none,False,0,0,insufficient_data,,0,0,0,0,0,very_weak
543,REFUSED_AMT_APPLICATION_MAX,100294,binary,-0.0018,0.57289,-0.008,0.0044,0.0135,2e-05,-0.0018,0.57289,0.0039,0.002,0.0,0.0135,spearman,0.0135,2e-05,positive,negligible,True,False,0.023247,moderate,True,0.0359,True,1.5296,0.0135,0.0143,very_weak,False,10,17300,,0.0135,0,2,1,1,4,moderate
544,REFUSED_AMT_APPLICATION_MEAN,100294,binary,-0.0186,0.0,-0.0247,-0.0124,-0.0026,0.402614,-0.0186,0.0,0.0017,0.0008,0.0003,0.0186,point_biserial,-0.0186,0.0,negative,negligible,True,False,0.021809,moderate,True,0.0325,True,1.4447,-0.0026,0.0079,very_weak,False,10,32297,,0.0186,0,2,1,1,4,moderate
545,REFUSED_AMT_CREDIT_MAX,100294,binary,0.0025,0.432144,-0.0037,0.0087,0.0157,1e-06,0.0025,0.432144,0.0037,0.0018,0.0,0.0157,spearman,0.0157,1e-06,positive,negligible,True,False,0.023884,moderate,True,0.031,True,1.51,0.0157,0.0123,very_weak,False,10,24804,,0.0157,0,2,1,1,4,moderate
546,REFUSED_AMT_CREDIT_MEAN,100294,binary,-0.0147,3e-06,-0.0208,-0.0085,-0.0008,0.811934,-0.0147,3e-06,0.0036,0.0018,0.0002,0.0147,point_biserial,-0.0147,3e-06,negative,negligible,True,False,0.023002,moderate,True,0.0284,True,1.4413,-0.0008,0.0078,very_weak,False,10,53226,,0.0147,0,2,0,1,3,weak
547,REFUSED_APP_CREDIT_PERC_MAX,95364,binary,-0.0102,0.001601,-0.0166,-0.0039,-0.0288,0.0,-0.0102,0.001601,0.0041,0.002,0.0001,0.0288,spearman,-0.0288,0.0,negative,negligible,True,False,0.041226,moderate,True,0.0381,True,1.4648,-0.0288,0.0188,very_weak,False,7,22656,,0.0288,0,2,1,1,4,moderate
548,REFUSED_APP_CREDIT_PERC_MEAN,95364,binary,-0.0222,0.0,-0.0286,-0.0159,-0.0561,0.0,-0.0222,0.0,0.005,0.0025,0.0005,0.0561,spearman,-0.0561,0.0,negative,negligible,True,False,0.027478,moderate,True,0.0717,False,1.7069,-0.0561,0.042,weak,True,8,43000,,0.0561,1,2,1,1,5,moderate
549,REFUSED_DAYS_DECISION_MEAN,100294,binary,0.0606,0.0,0.0544,0.0668,0.0527,0.0,0.0606,0.0,0.0011,0.0005,0.0037,0.0606,pearson,0.0606,0.0,positive,negligible,True,False,0.029442,moderate,True,0.0563,True,1.5556,0.0527,0.0527,weak,True,10,17440,,0.0606,1,2,1,1,5,moderate
550,REFUSED_DAYS_DECISION_MIN,100294,binary,0.0496,0.0,0.0434,0.0558,0.0399,0.0,0.0496,0.0,0.0016,0.0008,0.0025,0.0496,pearson,0.0496,0.0,positive,negligible,True,False,0.028851,moderate,True,0.0554,True,1.5904,0.0399,0.0371,weak,True,10,2921,,0.0496,0,2,1,1,4,moderate
551,REFUSED_SK_ID_PREV_NUNIQUE,100294,binary,0.0568,0.0,0.0506,0.063,0.0562,0.0,0.0568,0.0,0.0036,0.0018,0.0032,0.0568,pearson,0.0568,0.0,positive,negligible,True,False,0.034824,moderate,True,0.0563,True,1.8489,0.0562,0.0317,weak,True,4,45,,0.0568,1,2,1,1,5,moderate
552,REGION_POPULATION_RELATIVE,307511,binary,-0.0372,0.0,-0.0408,-0.0337,-0.0306,0.0,-0.0372,0.0,0.0045,0.0022,0.0014,0.0372,pearson,-0.0372,0.0,negative,negligible,True,False,0.004873,negligible,False,0.051,True,1.1963,-0.0306,0.0351,weak,True,10,81,,0.0372,0,0,1,0,1,very_weak
553,REGION_RATING_CLIENT,307511,binary,0.0589,0.0,0.0554,0.0624,0.0589,0.0,0.0589,0.0,0.0267,0.0134,0.0035,0.0589,spearman,0.0589,0.0,positive,negligible,True,False,0.027608,moderate,True,,False,,,,none,False,0,0,too_few_valid_bins,0.0589,1,2,0,0,3,weak
554,REGION_RATING_CLIENT_W_CITY,307511,binary,0.0609,0.0,0.0574,0.0644,0.0609,0.0,0.0609,0.0,0.0266,0.0133,0.0037,0.0609,spearman,0.0609,0.0,positive,negligible,True,False,0.026872,moderate,True,,False,,,,none,False,0,0,too_few_valid_bins,0.0609,1,2,0,0,3,weak
555,REG_CITY_NOT_LIVE_CITY,307511,binary,0.0444,0.0,0.0409,0.0479,0.0444,0.0,0.0444,0.0,0.002,0.001,0.002,0.0444,spearman,0.0444,0.0,positive,negligible,True,False,0.002278,negligible,False,,False,,,,none,False,0,0,insufficient_data,0.0444,0,0,0,0,0,very_weak
556,REG_CITY_NOT_WORK_CITY,307511,binary,0.051,0.0,0.0475,0.0545,0.051,0.0,0.051,0.0,0.0101,0.0051,0.0026,0.051,pearson,0.051,0.0,positive,negligible,True,False,0.010841,weak,True,,False,,,,none,False,0,0,insufficient_data,0.051,1,1,0,0,2,weak
557,REG_REGION_NOT_LIVE_REGION,307511,binary,0.0056,0.001988,0.002,0.0091,0.0056,0.001988,0.0056,0.001988,0.0001,0.0001,0.0,0.0056,pearson,0.0056,0.001988,none,negligible,True,False,0.0,negligible,False,,False,,,,none,False,0,0,insufficient_data,0.0056,0,0,0,0,0,very_weak
558,REG_REGION_NOT_WORK_REGION,307511,binary,0.0069,0.000118,0.0034,0.0105,0.0069,0.000118,0.0069,0.000118,0.0009,0.0004,0.0,0.0069,pearson,0.0069,0.000118,none,negligible,True,False,0.001709,negligible,False,,False,,,,none,False,0,0,insufficient_data,0.0069,0,0,0,0,0,very_weak
559,SK_ID_CURR,307511,binary,-0.0021,0.242315,-0.0056,0.0014,-0.0021,0.241773,-0.0021,0.242315,0.0,0.0,0.0,0.0021,spearman,-0.0021,0.241773,none,negligible,False,False,0.0,negligible,False,0.0038,True,1.0264,-0.0021,0.0003,very_weak,False,10,307511,,0.0021,0,0,0,0,0,very_weak
560,TOTALAREA_MODE,159080,binary,-0.0326,0.0,-0.0375,-0.0277,-0.0401,0.0,-0.0326,0.0,0.001,0.0005,0.0011,0.0401,spearman,-0.0401,0.0,negative,negligible,True,False,0.010425,weak,True,0.0374,True,1.1344,-0.0401,0.0277,weak,False,10,5116,,0.0401,0,1,1,0,2,weak
561,YEARS_BEGINEXPLUATATION_AVG,157504,binary,-0.0097,0.000113,-0.0147,-0.0048,-0.0274,0.0,-0.0097,0.000113,0.0023,0.0011,0.0001,0.0274,spearman,-0.0274,0.0,negative,negligible,True,False,0.01599,weak,True,0.029,True,1.0082,-0.0274,0.0144,very_weak,False,10,285,,0.0274,0,1,0,0,1,very_weak
562,YEARS_BEGINEXPLUATATION_MEDI,157504,binary,-0.01,7.3e-05,-0.0149,-0.0051,-0.0275,0.0,-0.01,7.3e-05,0.0017,0.0009,0.0001,0.0275,spearman,-0.0275,0.0,negative,negligible,True,False,0.016375,weak,True,0.0293,True,1.0145,-0.0275,0.0147,very_weak,False,10,245,,0.0275,0,1,0,0,1,very_weak
563,YEARS_BEGINEXPLUATATION_MODE,157504,binary,-0.009,0.000335,-0.014,-0.0041,-0.0271,0.0,-0.009,0.000335,0.0011,0.0005,0.0001,0.0271,spearman,-0.0271,0.0,negative,negligible,True,False,0.018144,weak,True,0.029,True,1.0156,-0.0271,0.0143,very_weak,False,10,221,,0.0271,0,1,0,0,1,very_weak
564,YEARS_BUILD_AVG,103023,binary,-0.0221,0.0,-0.0283,-0.016,-0.0232,0.0,-0.0221,0.0,0.0013,0.0006,0.0005,0.0232,spearman,-0.0232,0.0,negative,negligible,True,False,0.026859,moderate,True,0.0272,True,0.9943,-0.0232,0.0121,very_weak,False,10,149,,0.0232,0,2,0,0,2,weak
565,YEARS_BUILD_MEDI,103023,binary,-0.0223,0.0,-0.0284,-0.0162,-0.0234,0.0,-0.0223,0.0,0.002,0.001,0.0005,0.0234,spearman,-0.0234,0.0,negative,negligible,True,False,0.027341,moderate,True,0.0274,True,0.9964,-0.0234,0.0123,very_weak,False,10,151,,0.0234,0,2,0,0,2,weak
566,YEARS_BUILD_MODE,103023,binary,-0.0221,0.0,-0.0282,-0.016,-0.0231,0.0,-0.0221,0.0,0.0007,0.0004,0.0005,0.0231,spearman,-0.0231,0.0,negative,negligible,True,False,0.02532,moderate,True,0.0276,True,0.9936,-0.0231,0.0124,very_weak,False,10,154,,0.0231,0,2,0,0,2,weak
