Unnamed: 0,column,dtype,non_null_count_x,unique_count,unique_percentage,duplicate_count,duplicate_value_ratio,constant_flag,top_value_percentage,quasi_constant_flag,top_value,top_value_count,top_values_preview,non_null_count_y,dominant_value,dominant_value_pct,second_dominant_value,second_dominant_pct,top_values,suspicious_uniformity_flag,dominance_note,non_null_count,missing_count_x,missing_pct,cardinality_count,cardinality_group,high_cardinality_flag,very_high_cardinality_flag,potential_id_flag,numeric_categorical_flag,encoding_recommendation,sample_values,missing_count_y,missing_percentage,top_category,top_category_percentage,rare_category_count,rare_category_percentage,rare_grouping_recommended,category_distribution_balance,normalized_entropy,high_cardinality,unseen_category_risk,unseen_category_count,unseen_category_ratio,unseen_categories,potential_typos,train_category_count,test_category_count,train_top_categories,test_top_categories,count,min_value,max_value,range_value,mean_value,median_value,std_dev,coef_of_variation,p25,p75,iqr_x,skewness_x,kurtosis_x,zero_count,negative_count,q1_x,q3_x,iqr_y,lower_bound,upper_bound,outlier_count_x,outlier_percentage,missing_rate,mean,median,std,min,q1_y,q3_y,max,iqr,skewness_y,kurtosis_y,outlier_count_y,outlier_rate,skew_label,variance_flag,normality_pvalue,normality_label,missing_count,iqr_q1,iqr_q3,iqr_value,iqr_lower_bound,iqr_upper_bound,iqr_lower_count,iqr_upper_count,iqr_total_count,iqr_total_pct,extreme_iqr_count,extreme_iqr_pct,zscore_lower_bound,zscore_upper_bound,zscore_lower_count,zscore_upper_count,zscore_total_count,zscore_total_pct,mod_zscore_mad,mod_zscore_count,mod_zscore_pct,pctl_lower_bound,pctl_upper_bound,pctl_count,pctl_pct,kurtosis,distribution_type_x,is_heavy_tailed,is_skewed,heavy_tail_flag,has_outliers,outlier_severity,suggested_treatment,winsorize_lower,winsorize_upper,distribution_type_y,transformation_recommendation,scaling_needed,clipping_recommendation,winsorization_recommendation,is_numeric,is_discrete,is_near_constant,zero_inflation_flag,binning_opportunity,structure_score,recommended_action,reason,zero_ratio
0,AMT_ANNUITY,float64,307499,13672,4.45,293827,95.55,False,2.08,False,9000.0,6385,"[(np.float64(9000.0), 6385), (np.float64(13500.0), 5514), (np.float64(6750.0), 2279)]",307499,9000.0,2.08,13500.0,1.79,"[('9000.0', 2.08), ('13500.0', 1.79), ('6750.0', 0.74)]",False,Most frequent dominates with 2.08%,307499,12,0.0,13672,very_high_cardinality,True,True,False,False,"target_encoding, hash_encoding, or embedding_layer","['24700.5', '4369.5', '15606.0', '22446.0', '52443.0']",,,,,,,,,,,False,0.0,0.0,,,0.0,0.0,,,307499.0,1615.5,258025.5,256410.0,27108.5739,24903.0,14493.7373,0.5347,16524.0,34596.0,18072.0,1.5798,7.7072,0.0,0.0,16524.0,34596.0,18072.0,-10584.0,61704.0,7504.0,2.4403,0.0,27108.5739,24903.0,14493.7373,1615.5,16524.0,34596.0,258025.5,18072.0,1.5798,7.7073,7504.0,0.0244,highly_skewed,variable,0.0,non_normal,12.0,16524.0,34596.0,18072.0,-10584.0,61704.0,0.0,7504.0,7504.0,2.44,1024.0,0.33,-16372.64,70589.79,0.0,2959.0,2959.0,0.96,8815.5,2948.0,0.96,6182.91,70006.5,6145.0,2.0,7.71,right_skewed,True,True,True,True,moderate,log_transform_or_winsorize,-10584.0,61704.0,heavy_tailed,log1p_or_quantile_transform,True,False,True,True,True,False,False,True,0.5,treat_as_categorical,"high_skew, discrete",0.0
1,AMT_CREDIT,float64,307511,5603,1.82,301908,98.18,False,3.16,False,450000.0,9709,"[(np.float64(450000.0), 9709), (np.float64(675000.0), 8877), (np.float64(225000.0), 8162)]",307511,450000.0,3.16,675000.0,2.89,"[('450000.0', 3.16), ('675000.0', 2.89), ('225000.0', 2.65)]",False,Most frequent dominates with 3.16%,307511,0,0.0,5603,very_high_cardinality,True,True,False,False,"target_encoding, hash_encoding, or embedding_layer","['406597.5', '165915.0', '680724.0', '1091565.0', '1355328.0']",,,,,,,,,,,False,0.0,0.0,,,0.0,0.0,,,307511.0,45000.0,4050000.0,4005000.0,599025.9997,513531.0,402490.777,0.6719,270000.0,808650.0,538650.0,1.2348,1.934,0.0,0.0,270000.0,808650.0,538650.0,-537975.0,1616625.0,6562.0,2.1339,0.0,599025.9997,513531.0,402490.777,45000.0,270000.0,808650.0,4050000.0,538650.0,1.2348,1.934,6562.0,0.0213,highly_skewed,variable,0.0,non_normal,0.0,270000.0,808650.0,538650.0,-537975.0,1616625.0,0.0,6562.0,6562.0,2.13,444.0,0.14,-608446.33,1806498.33,0.0,3255.0,3255.0,1.06,251469.0,3215.0,1.05,76410.0,1854000.0,5811.0,1.89,1.93,right_skewed,True,True,True,True,moderate,log_transform_or_winsorize,-537975.0,1616625.0,right_skewed,log1p,True,False,True,True,True,False,False,True,0.5,treat_as_categorical,"high_skew, discrete",0.0
2,AMT_GOODS_PRICE,float64,307233,1002,0.33,306231,99.67,False,8.47,False,450000.0,26022,"[(np.float64(450000.0), 26022), (np.float64(225000.0), 25282), (np.float64(675000.0), 24962)]",307233,450000.0,8.47,225000.0,8.23,"[('450000.0', 8.47), ('225000.0', 8.23), ('675000.0', 8.12)]",False,Most frequent dominates with 8.47%,307233,278,0.09,1002,very_high_cardinality,True,True,False,False,"target_encoding, hash_encoding, or embedding_layer","['351000.0', '918000.0', '1638000.0', '464463.0', '379867.5']",,,,,,,,,,,False,0.0,0.0,,,0.0,0.0,,,307233.0,40500.0,4050000.0,4009500.0,538396.2074,450000.0,369446.4605,0.6862,238500.0,679500.0,441000.0,1.349,2.4319,0.0,0.0,238500.0,679500.0,441000.0,-423000.0,1341000.0,14728.0,4.7938,0.0009,538396.2074,450000.0,369446.4605,40500.0,238500.0,679500.0,4050000.0,441000.0,1.349,2.4319,14728.0,0.0479,highly_skewed,variable,0.0,non_normal,278.0,238500.0,679500.0,441000.0,-423000.0,1341000.0,0.0,14728.0,14728.0,4.79,1090.0,0.35,-569943.17,1646735.59,0.0,4173.0,4173.0,1.36,225000.0,4339.0,1.41,67500.0,1800000.0,3493.0,1.14,2.43,right_skewed,True,True,True,True,moderate,log_transform_or_winsorize,-423000.0,1341000.0,right_skewed,log1p,True,False,True,True,True,True,False,True,0.8,drop_or_encode,near_constant,0.0
3,AMT_INCOME_TOTAL,float64,307511,2548,0.83,304963,99.17,False,11.63,False,135000.0,35750,"[(np.float64(135000.0), 35750), (np.float64(112500.0), 31019), (np.float64(157500.0), 26556)]",307511,135000.0,11.63,112500.0,10.09,"[('135000.0', 11.63), ('112500.0', 10.09), ('157500.0', 8.64)]",False,Most frequent dominates with 11.63%,307511,0,0.0,2548,very_high_cardinality,True,True,False,False,"target_encoding, hash_encoding, or embedding_layer","['202500.0', '49050.0', '54900.0', '45675.0', '187222.5']",,,,,,,,,,,False,0.0,0.0,,,0.0,0.0,,,307511.0,25650.0,117000000.0,116974350.0,168797.9193,147150.0,237123.1463,1.4048,112500.0,202500.0,90000.0,391.5577,191783.436,0.0,0.0,112500.0,202500.0,90000.0,-22500.0,337500.0,14035.0,4.5641,0.0,168797.9193,147150.0,237123.1463,25650.0,112500.0,202500.0,117000000.0,90000.0,391.5597,191786.5544,14035.0,0.0456,highly_skewed,variable,0.0,non_normal,0.0,112500.0,202500.0,90000.0,-22500.0,337500.0,0.0,14035.0,14035.0,4.56,3014.0,0.98,-542571.52,880167.36,0.0,454.0,454.0,0.15,43650.0,9331.0,3.03,45000.0,472500.0,4522.0,1.47,191783.44,right_skewed,True,True,True,True,moderate,log_transform_or_winsorize,-22500.0,337500.0,heavy_tailed,log1p_or_quantile_transform,True,False,True,True,True,True,False,True,0.8,drop_or_encode,near_constant,0.0
4,AMT_REQ_CREDIT_BUREAU_DAY,float64,265992,9,0.0,265983,100.0,False,99.44,True,0.0,264503,"[(np.float64(0.0), 264503), (np.float64(1.0), 1292), (np.float64(2.0), 106)]",265992,0.0,99.44,1.0,0.49,"[('0.0', 99.44), ('1.0', 0.49), ('2.0', 0.04)]",True,Appears uniformly dominated,265992,41519,13.5,9,low_cardinality,False,False,False,True,one_hot_encoding or label_encoding,"['0.0', '1.0', '3.0', '2.0', '4.0']",,,,,,,,,,,False,0.0,0.0,,,0.0,0.0,,,265992.0,0.0,9.0,9.0,0.007,0.0,0.1108,15.822,0.0,0.0,0.0,27.0434,1151.8459,264503.0,0.0,0.0,0.0,0.0,0.0,0.0,1489.0,0.5598,0.135,0.007,0.0,0.1108,0.0,0.0,0.0,9.0,0.0,27.0435,1151.8676,0.0,0.0,highly_skewed,variable,0.0,non_normal,41519.0,0.0,0.0,0.0,0.0,0.0,0.0,1489.0,1489.0,0.56,1489.0,0.56,-0.33,0.34,0.0,1489.0,1489.0,0.56,0.07,1489.0,0.56,0.0,0.0,1489.0,0.56,1151.85,right_skewed,True,True,True,True,low,investigate_individually,0.0,0.0,zero_inflated,log1p_or_tweedie,True,False,False,True,True,True,True,False,0.5,drop_or_encode,near_constant,0.9944
5,AMT_REQ_CREDIT_BUREAU_HOUR,float64,265992,5,0.0,265987,100.0,False,99.39,True,0.0,264366,"[(np.float64(0.0), 264366), (np.float64(1.0), 1560), (np.float64(2.0), 56)]",265992,0.0,99.39,1.0,0.59,"[('0.0', 99.39), ('1.0', 0.59), ('2.0', 0.02)]",True,Appears uniformly dominated,265992,41519,13.5,5,low_cardinality,False,False,False,True,one_hot_encoding or label_encoding,"['0.0', '1.0', '2.0', '3.0', '4.0']",,,,,,,,,,,False,0.0,0.0,,,0.0,0.0,,,265992.0,0.0,4.0,4.0,0.0064,0.0,0.0838,13.0964,0.0,0.0,0.0,14.534,254.2388,264366.0,0.0,0.0,0.0,0.0,0.0,0.0,1626.0,0.6113,0.135,0.0064,0.0,0.0838,0.0,0.0,0.0,4.0,0.0,14.5341,254.2436,0.0,0.0,highly_skewed,variable,0.0,non_normal,41519.0,0.0,0.0,0.0,0.0,0.0,0.0,1626.0,1626.0,0.61,1626.0,0.61,-0.25,0.26,0.0,1626.0,1626.0,0.61,0.06,1626.0,0.61,0.0,0.0,1626.0,0.61,254.24,right_skewed,True,True,True,True,low,investigate_individually,0.0,0.0,zero_inflated,log1p_or_tweedie,True,False,False,True,True,True,True,False,0.5,drop_or_encode,near_constant,0.9939
6,AMT_REQ_CREDIT_BUREAU_MON,float64,265992,24,0.01,265968,99.99,False,83.55,False,0.0,222233,"[(np.float64(0.0), 222233), (np.float64(1.0), 33147), (np.float64(2.0), 5386)]",265992,0.0,83.55,1.0,12.46,"[('0.0', 83.55), ('1.0', 12.46), ('2.0', 2.02)]",False,Most frequent dominates with 83.55%,265992,41519,13.5,24,medium_cardinality,False,False,False,True,"target_encoding, leave_as_integer, or one_hot_if_dense","['0.0', '5.0', '4.0', '12.0', '17.0']",,,,,,,,,,,False,0.0,0.0,,,0.0,0.0,,,265992.0,0.0,27.0,27.0,0.2674,0.0,0.916,3.4256,0.0,0.0,0.0,7.8048,90.4331,222233.0,0.0,0.0,0.0,0.0,0.0,0.0,43759.0,16.4512,0.135,0.2674,0.0,0.916,0.0,0.0,0.0,27.0,0.0,7.8048,90.4349,0.0,0.0,highly_skewed,variable,0.0,non_normal,41519.0,0.0,0.0,0.0,0.0,0.0,0.0,43759.0,43759.0,16.45,43759.0,16.45,-2.48,3.02,0.0,3235.0,3235.0,1.22,0.62,3235.0,1.22,0.0,4.0,2159.0,0.81,90.43,right_skewed,True,True,True,True,severe,consider_log_transform,0.0,0.0,zero_inflated,log1p_or_tweedie,True,True,False,True,True,True,True,True,0.7,drop_or_encode,near_constant,0.8355
7,AMT_REQ_CREDIT_BUREAU_QRT,float64,265992,11,0.0,265981,100.0,False,80.99,False,0.0,215417,"[(np.float64(0.0), 215417), (np.float64(1.0), 33862), (np.float64(2.0), 14412)]",265992,0.0,80.99,1.0,12.73,"[('0.0', 80.99), ('1.0', 12.73), ('2.0', 5.42)]",False,Most frequent dominates with 80.99%,265992,41519,13.5,11,medium_cardinality,False,False,False,True,"target_encoding, leave_as_integer, or one_hot_if_dense","['0.0', '2.0', '3.0', '5.0', '7.0']",,,,,,,,,,,False,0.0,0.0,,,0.0,0.0,,,265992.0,0.0,261.0,261.0,0.2655,0.0,0.7941,2.9911,0.0,0.0,0.0,134.365,43706.6431,215417.0,0.0,0.0,0.0,0.0,0.0,0.0,50575.0,19.0137,0.135,0.2655,0.0,0.7941,0.0,0.0,0.0,261.0,0.0,134.3658,43707.4648,0.0,0.0,highly_skewed,variable,0.0,non_normal,41519.0,0.0,0.0,0.0,0.0,0.0,0.0,50575.0,50575.0,19.01,50575.0,19.01,-2.12,2.65,0.0,2301.0,2301.0,0.87,0.54,2301.0,0.87,0.0,2.0,2301.0,0.87,43706.64,right_skewed,True,True,True,True,severe,consider_log_transform,0.0,0.0,zero_inflated,log1p_or_tweedie,True,True,False,True,True,True,True,True,0.5,drop_or_encode,near_constant,0.8099
8,AMT_REQ_CREDIT_BUREAU_WEEK,float64,265992,9,0.0,265983,100.0,False,96.79,True,0.0,257456,"[(np.float64(0.0), 257456), (np.float64(1.0), 8208), (np.float64(2.0), 199)]",265992,0.0,96.79,1.0,3.09,"[('0.0', 96.79), ('1.0', 3.09), ('2.0', 0.07)]",False,Most frequent dominates with 96.79%,265992,41519,13.5,9,low_cardinality,False,False,False,True,one_hot_encoding or label_encoding,"['0.0', '1.0', '3.0', '2.0', '4.0']",,,,,,,,,,,False,0.0,0.0,,,0.0,0.0,,,265992.0,0.0,8.0,8.0,0.0344,0.0,0.2047,5.9567,0.0,0.0,0.0,9.2935,166.7491,257456.0,0.0,0.0,0.0,0.0,0.0,0.0,8536.0,3.2091,0.135,0.0344,0.0,0.2047,0.0,0.0,0.0,8.0,0.0,9.2936,166.7522,0.0,0.0,highly_skewed,variable,0.0,non_normal,41519.0,0.0,0.0,0.0,0.0,0.0,0.0,8536.0,8536.0,3.21,8536.0,3.21,-0.58,0.65,0.0,8536.0,8536.0,3.21,0.14,8536.0,3.21,0.0,1.0,328.0,0.12,166.75,right_skewed,True,True,True,True,moderate,log_transform_or_winsorize,0.0,0.0,zero_inflated,log1p_or_tweedie,True,False,True,True,True,True,True,False,0.5,drop_or_encode,near_constant,0.9679
9,AMT_REQ_CREDIT_BUREAU_YEAR,float64,265992,25,0.01,265967,99.99,False,26.99,False,0.0,71801,"[(np.float64(0.0), 71801), (np.float64(1.0), 63405), (np.float64(2.0), 50192)]",265992,0.0,26.99,1.0,23.84,"[('0.0', 26.99), ('1.0', 23.84), ('2.0', 18.87)]",False,Most frequent dominates with 26.99%,265992,41519,13.5,25,medium_cardinality,False,False,False,True,"target_encoding, leave_as_integer, or one_hot_if_dense","['1.0', '3.0', '10.0', '25.0', '17.0']",,,,,,,,,,,False,0.0,0.0,,,0.0,0.0,,,265992.0,0.0,25.0,25.0,1.9,1.0,1.8693,0.9839,0.0,3.0,3.0,1.2436,1.969,71801.0,0.0,0.0,3.0,3.0,-4.5,7.5,3364.0,1.2647,0.135,1.9,1.0,1.8693,0.0,0.0,3.0,25.0,3.0,1.2436,1.969,3364.0,0.0126,highly_skewed,variable,0.0,non_normal,41519.0,0.0,3.0,3.0,-4.5,7.5,0.0,3364.0,3364.0,1.26,58.0,0.02,-3.71,7.51,0.0,3364.0,3364.0,1.26,1.0,7233.0,2.72,0.0,8.0,1237.0,0.47,1.97,right_skewed,True,True,True,True,moderate,log_transform_or_winsorize,-4.5,7.5,right_skewed,log1p,True,False,False,True,True,True,False,True,0.5,drop_or_encode,near_constant,0.2699
10,APARTMENTS_AVG,float64,151450,2339,1.54,149111,98.46,False,4.4,False,0.0825,6663,"[(np.float64(0.0825), 6663), (np.float64(0.0619), 6332), (np.float64(0.0928), 4404)]",151450,0.0825,4.4,0.0619,4.18,"[('0.0825', 4.4), ('0.0619', 4.18), ('0.0928', 2.91)]",False,Most frequent dominates with 4.4%,151450,156061,50.75,2339,very_high_cardinality,True,True,False,False,"target_encoding, hash_encoding, or embedding_layer","['0.0247', '0.0072', '0.1995', '0.2024', '0.421']",,,,,,,,,,,False,0.0,0.0,,,0.0,0.0,,,151450.0,0.0,1.0,1.0,0.1174,0.0876,0.1082,0.9217,0.0577,0.1485,0.0908,2.6418,11.3934,751.0,0.0,0.0577,0.1485,0.0908,-0.0785,0.2847,10655.0,7.0353,0.5075,0.1174,0.0876,0.1082,0.0,0.0577,0.1485,1.0,0.0908,2.6418,11.3938,10655.0,0.0704,highly_skewed,variable,0.0,non_normal,156061.0,0.06,0.15,0.09,-0.08,0.28,0.0,10655.0,10655.0,7.04,3359.0,2.22,-0.21,0.44,0.0,2982.0,2982.0,1.97,0.04,8282.0,5.47,0.0,0.54,2471.0,1.63,11.39,right_skewed,True,True,True,True,high,robust_scaling_or_transform,-0.08,0.28,heavy_tailed,log1p_or_quantile_transform,True,True,False,True,True,False,False,True,0.8,treat_as_categorical,"high_skew, high_outliers, discrete",0.005
11,APARTMENTS_MEDI,float64,151450,1148,0.76,150302,99.24,False,4.69,False,0.0833,7109,"[(np.float64(0.0833), 7109), (np.float64(0.0625), 6687), (np.float64(0.0937), 4622)]",151450,0.0833,4.69,0.0625,4.42,"[('0.0833', 4.69), ('0.0625', 4.42), ('0.0937', 3.05)]",False,Most frequent dominates with 4.69%,151450,156061,50.75,1148,very_high_cardinality,True,True,False,False,"target_encoding, hash_encoding, or embedding_layer","['0.025', '0.1301', '0.3716', '0.1868', '0.6714']",,,,,,,,,,,False,0.0,0.0,,,0.0,0.0,,,151450.0,0.0,1.0,1.0,0.1178,0.0864,0.1091,0.9255,0.0583,0.1489,0.0906,2.6392,11.2418,771.0,0.0,0.0583,0.1489,0.0906,-0.0776,0.2848,10728.0,7.0835,0.5075,0.1178,0.0864,0.1091,0.0,0.0583,0.1489,1.0,0.0906,2.6393,11.2422,10728.0,0.0708,highly_skewed,variable,0.0,non_normal,156061.0,0.06,0.15,0.09,-0.08,0.28,0.0,10728.0,10728.0,7.08,3461.0,2.29,-0.21,0.45,0.0,3035.0,3035.0,2.0,0.04,8300.0,5.48,0.0,0.55,2491.0,1.64,11.24,right_skewed,True,True,True,True,high,robust_scaling_or_transform,-0.08,0.28,heavy_tailed,log1p_or_quantile_transform,True,True,False,True,True,True,False,True,0.8,drop_or_encode,near_constant,0.0051
12,APARTMENTS_MODE,float64,151450,760,0.5,150690,99.5,False,4.97,False,0.084,7522,"[(np.float64(0.084), 7522), (np.float64(0.063), 7451), (np.float64(0.0945), 4757)]",151450,0.084,4.97,0.063,4.92,"[('0.084', 4.97), ('0.063', 4.92), ('0.0945', 3.14)]",False,Most frequent dominates with 4.97%,151450,156061,50.75,760,very_high_cardinality,True,True,False,False,"target_encoding, hash_encoding, or embedding_layer","['0.0252', '0.4191', '0.4874', '0.7983', '0.7658']",,,,,,,,,,,False,0.0,0.0,,,0.0,0.0,,,151450.0,0.0,1.0,1.0,0.1142,0.084,0.1079,0.9449,0.0525,0.1439,0.0914,2.703,11.7456,976.0,0.0,0.0525,0.1439,0.0914,-0.0846,0.281,10397.0,6.865,0.5075,0.1142,0.084,0.1079,0.0,0.0525,0.1439,1.0,0.0914,2.7031,11.7461,10397.0,0.0686,highly_skewed,variable,0.0,non_normal,156061.0,0.05,0.14,0.09,-0.08,0.28,0.0,10397.0,10397.0,6.86,3371.0,2.23,-0.21,0.44,0.0,3010.0,3010.0,1.99,0.04,8676.0,5.73,0.0,0.54,2774.0,1.83,11.75,right_skewed,True,True,True,True,high,robust_scaling_or_transform,-0.08,0.28,heavy_tailed,log1p_or_quantile_transform,True,True,False,True,True,True,False,True,0.8,drop_or_encode,near_constant,0.0064
13,APPROVED_AMT_APPLICATION_MAX,float64,290065,50746,17.49,239319,82.51,False,4.28,False,450000.0,12407,"[(np.float64(450000.0), 12407), (np.float64(225000.0), 9682), (np.float64(675000.0), 7140)]",290065,450000.0,4.28,225000.0,3.34,"[('450000.0', 4.28), ('225000.0', 3.34), ('675000.0', 2.46)]",False,Most frequent dominates with 4.28%,290065,17446,5.67,50746,very_high_cardinality,True,True,False,False,"target_encoding, hash_encoding, or embedding_layer","['179055.0', '178884.0', '28935.0', '168889.5', '80415.0']",,,,,,,,,,,False,0.0,0.0,,,0.0,0.0,,,290065.0,0.0,5850000.0,5850000.0,310972.3552,169186.5,351169.2896,1.1293,90000.0,427500.0,337500.0,2.196,6.0942,1021.0,0.0,90000.0,427500.0,337500.0,-416250.0,933750.0,20463.0,7.0546,0.0567,310972.3552,169186.5,351169.2896,0.0,90000.0,427500.0,5850000.0,337500.0,2.196,6.0943,20463.0,0.0705,highly_skewed,variable,0.0,non_normal,17446.0,90000.0,427500.0,337500.0,-416250.0,933750.0,0.0,20463.0,20463.0,7.05,3146.0,1.08,-742535.51,1364480.22,0.0,3560.0,3560.0,1.23,101686.5,35052.0,12.08,18895.5,1552500.0,5791.0,2.0,6.09,right_skewed,True,True,True,True,high,robust_scaling_or_transform,-416250.0,933750.0,heavy_tailed,log1p_or_quantile_transform,True,True,False,True,False,False,False,True,0.8,bin,"high_skew, high_outliers",0.0035
14,APPROVED_AMT_APPLICATION_MEAN,float64,290065,168391,58.05,121674,41.95,False,0.5,False,135000.0,1461,"[(np.float64(135000.0), 1461), (np.float64(225000.0), 1439), (np.float64(45000.0), 1397)]",290065,135000.0,0.5,225000.0,0.5,"[('135000.0', 0.5), ('225000.0', 0.5), ('45000.0', 0.48)]",False,Most frequent dominates with 0.5%,290065,17446,5.67,168391,very_high_cardinality,True,True,False,False,"target_encoding, hash_encoding, or embedding_layer","['179055.0', '170671.5', '78561.0', '153983.25', '87665.625']",,,,,,,,,,,False,0.0,0.0,,,0.0,0.0,,,290065.0,0.0,4050000.0,4050000.0,165875.0596,113226.75,163930.1876,0.9883,66242.0587,206955.0,140712.9413,3.4891,26.5179,1021.0,0.0,66242.0588,206955.0,140712.9412,-144827.3531,418024.4119,20703.0,7.1374,0.0567,165875.0596,113226.75,163930.1876,0.0,66242.0588,206955.0,4050000.0,140712.9412,3.4891,26.5183,20703.0,0.0714,highly_skewed,variable,0.0,non_normal,17446.0,66242.06,206955.0,140712.94,-144827.35,418024.41,0.0,20703.0,20703.0,7.14,6379.0,2.2,-325915.5,657665.62,0.0,5588.0,5588.0,1.93,58218.75,21027.0,7.25,16875.0,765000.0,5780.0,1.99,26.52,right_skewed,True,True,True,True,high,robust_scaling_or_transform,-144827.35,418024.41,heavy_tailed,log1p_or_quantile_transform,True,True,False,True,False,False,False,True,0.8,bin,"high_skew, high_outliers",0.0035
15,APPROVED_AMT_CREDIT_MAX,float64,290065,58928,20.32,231137,79.68,False,2.19,False,450000.0,6347,"[(np.float64(450000.0), 6347), (np.float64(180000.0), 3789), (np.float64(225000.0), 3657)]",290065,450000.0,2.19,180000.0,1.31,"[('450000.0', 2.19), ('180000.0', 1.31), ('225000.0', 1.26)]",False,Most frequent dominates with 2.19%,290065,17446,5.67,58928,very_high_cardinality,True,True,False,False,"target_encoding, hash_encoding, or embedding_layer","['179055.0', '75073.5', '95202.0', '52344.0', '76401.0']",,,,,,,,,,,False,0.0,0.0,,,0.0,0.0,,,290065.0,0.0,4509688.5,4509688.5,343441.0443,182218.5,380003.577,1.1065,93240.0,450000.0,356760.0,2.0383,4.9559,9.0,0.0,93240.0,450000.0,356760.0,-441900.0,985140.0,22919.0,7.9013,0.0567,343441.0443,182218.5,380003.577,0.0,93240.0,450000.0,4509688.5,356760.0,2.0383,4.956,22919.0,0.079,highly_skewed,variable,0.0,non_normal,17446.0,93240.0,450000.0,356760.0,-441900.0,985140.0,0.0,22919.0,22919.0,7.9,3943.0,1.36,-796569.69,1483451.78,0.0,4576.0,4576.0,1.58,117427.5,34498.0,11.89,19786.5,1620000.0,5795.0,2.0,4.96,right_skewed,True,True,True,True,high,robust_scaling_or_transform,-441900.0,985140.0,heavy_tailed,log1p_or_quantile_transform,True,True,False,True,False,False,False,True,0.8,bin,"high_skew, high_outliers",0.0
16,APPROVED_AMT_CREDIT_MEAN,float64,290065,185460,63.94,104605,36.06,False,0.3,False,45000.0,865,"[(np.float64(45000.0), 865), (np.float64(135000.0), 559), (np.float64(225000.0), 472)]",290065,45000.0,0.3,135000.0,0.19,"[('45000.0', 0.3), ('135000.0', 0.19), ('225000.0', 0.16)]",False,Most frequent dominates with 0.3%,290065,17446,5.67,185460,very_high_cardinality,True,True,False,False,"target_encoding, hash_encoding, or embedding_layer","['179055.0', '973560.0', '155124.0', '562644.0', '173697.75']",,,,,,,,,,,False,0.0,0.0,,,0.0,0.0,,,290065.0,0.0,4050000.0,4050000.0,183224.8128,125565.0,177106.2182,0.9666,71014.5,234893.25,163878.75,3.149,21.5322,9.0,0.0,71014.5,234893.25,163878.75,-174803.625,480711.375,18393.0,6.341,0.0567,183224.8128,125565.0,177106.2182,0.0,71014.5,234893.25,4050000.0,163878.75,3.1491,21.5326,18393.0,0.0634,highly_skewed,variable,0.0,non_normal,17446.0,71014.5,234893.25,163878.75,-174803.62,480711.38,0.0,18393.0,18393.0,6.34,4912.0,1.69,-348093.84,714543.47,0.0,5291.0,5291.0,1.82,67191.0,19074.0,6.58,19314.0,818915.76,5798.0,2.0,21.53,right_skewed,True,True,True,True,high,robust_scaling_or_transform,-174803.62,480711.38,heavy_tailed,log1p_or_quantile_transform,True,True,False,True,False,False,False,True,0.8,bin,"high_skew, high_outliers",0.0
17,APPROVED_APP_CREDIT_PERC_MAX,float64,290056,145549,50.18,144507,49.82,False,19.09,False,1.0,55360,"[(np.float64(1.0), 55360), (np.float64(1.1111111111111112), 16261), (np.float64(1.25), 3769)]",290056,1.0,19.09,1.1111111111111112,5.61,"[('1.0', 19.09), ('1.1111111111111112', 5.61), ('1.25', 1.3)]",False,Most frequent dominates with 19.09%,290056,17455,5.68,145549,very_high_cardinality,True,True,False,False,"target_encoding, hash_encoding, or embedding_layer","['1.0', '0.9629041360362368', '1.1111636210880067', '1.0587974875132435', '1.0212547577299749']",,,,,,,,,,,False,0.0,0.0,,,0.0,0.0,,,290056.0,0.0,20.0,20.0,1.1019,1.0341,0.2905,0.2636,1.0,1.122,0.122,10.8178,370.6762,1012.0,0.0,1.0,1.122,0.122,0.817,1.305,32186.0,11.0965,0.0568,1.1019,1.0341,0.2905,0.0,1.0,1.122,20.0,0.122,10.8179,370.6826,32186.0,0.111,highly_skewed,variable,0.0,non_normal,17455.0,1.0,1.12,0.12,0.82,1.3,3659.0,28527.0,32186.0,11.1,16785.0,5.79,0.23,1.97,1012.0,4161.0,5173.0,1.78,0.08,18653.0,6.43,0.8,2.04,5802.0,2.0,370.68,right_skewed,True,True,True,True,severe,consider_log_transform,0.82,1.3,heavy_tailed,log1p_or_quantile_transform,True,True,False,True,False,False,False,True,0.8,bin,"high_skew, high_outliers",0.0035
18,APPROVED_APP_CREDIT_PERC_MEAN,float64,290056,239493,82.57,50563,17.43,False,7.11,False,1.0,20621,"[(np.float64(1.0), 20621), (np.float64(1.1111111111111112), 3441), (np.float64(0.9380863039399624), 1050)]",290056,1.0,7.11,1.1111111111111112,1.19,"[('1.0', 7.11), ('1.1111111111111112', 1.19), ('0.9380863039399624', 0.36)]",False,Most frequent dominates with 7.11%,290056,17455,5.68,239493,very_high_cardinality,True,True,False,False,"target_encoding, hash_encoding, or embedding_layer","['1.0', '1.42040043144491', '0.9173615936993282', '1.011629340987349', '0.6772943516077534']",,,,,,,,,,,False,0.0,0.0,,,0.0,0.0,,,290056.0,0.0,6.7353,6.7353,0.9731,0.9755,0.1805,0.1854,0.9099,1.0332,0.1233,1.7129,34.2823,1012.0,0.0,0.9099,1.0332,0.1233,0.7249,1.2182,31597.0,10.8934,0.0568,0.9731,0.9755,0.1805,0.0,0.9099,1.0332,6.7353,0.1233,1.7129,34.2829,31597.0,0.1089,highly_skewed,variable,0.0,non_normal,17455.0,0.91,1.03,0.12,0.72,1.22,17177.0,14420.0,31597.0,10.89,9395.0,3.24,0.43,1.51,1550.0,2921.0,4471.0,1.54,0.06,17842.0,6.15,0.5,1.52,5732.0,1.98,34.28,right_skewed,True,True,True,True,severe,consider_log_transform,0.72,1.22,heavy_tailed,log1p_or_quantile_transform,True,True,False,True,False,False,False,True,0.8,bin,"high_skew, high_outliers",0.0035
19,APPROVED_CNT_PAYMENT_MEAN,float64,290065,1342,0.46,288723,99.54,False,14.31,False,12.0,41505,"[(np.float64(12.0), 41505), (np.float64(6.0), 26048), (np.float64(10.0), 21879)]",290065,12.0,14.31,6.0,8.98,"[('12.0', 14.31), ('6.0', 8.98), ('10.0', 7.54)]",False,Most frequent dominates with 14.31%,290065,17446,5.67,1342,very_high_cardinality,True,True,False,False,"target_encoding, hash_encoding, or embedding_layer","['24.0', '7.666666666666667', '6.428571428571429', '13.125', '20.125']",,,,,,,,,,,False,0.0,0.0,,,0.0,0.0,,,290065.0,0.0,72.0,72.0,13.5929,12.0,7.544,0.555,9.0,17.1429,8.1429,1.5715,4.0584,2630.0,0.0,9.0,17.1429,8.1429,-3.2143,29.3571,12394.0,4.2728,0.0567,13.5929,12.0,7.544,0.0,9.0,17.1429,72.0,8.1429,1.5715,4.0585,12394.0,0.0427,highly_skewed,variable,0.0,non_normal,17446.0,9.0,17.14,8.14,-3.21,29.36,0.0,12394.0,12394.0,4.27,2057.0,0.71,-9.04,36.22,0.0,2903.0,2903.0,1.0,4.0,7923.0,2.73,2.0,36.26,5550.0,1.91,4.06,right_skewed,True,True,True,True,moderate,log_transform_or_winsorize,-3.21,29.36,heavy_tailed,log1p_or_quantile_transform,True,False,True,True,True,True,False,True,0.8,drop_or_encode,near_constant,0.0091
20,APPROVED_CNT_PAYMENT_SUM,float64,290065,345,0.12,289720,99.88,False,11.68,False,12.0,33870,"[(np.float64(12.0), 33870), (np.float64(24.0), 22009), (np.float64(6.0), 16918)]",290065,12.0,11.68,24.0,7.59,"[('12.0', 11.68), ('24.0', 7.59), ('6.0', 5.83)]",False,Most frequent dominates with 11.68%,290065,17446,5.67,345,very_high_cardinality,True,True,False,False,"target_encoding, hash_encoding, or embedding_layer","['24.0', '8.0', '276.0', '227.0', '249.0']",,,,,,,,,,,False,0.0,0.0,,,0.0,0.0,,,290065.0,0.0,528.0,528.0,43.2283,30.0,40.6544,0.9405,12.0,60.0,48.0,2.0656,6.2872,2630.0,0.0,12.0,60.0,48.0,-60.0,132.0,11793.0,4.0656,0.0567,43.2283,30.0,40.6544,0.0,12.0,60.0,528.0,48.0,2.0656,6.2873,11793.0,0.0407,highly_skewed,variable,0.0,non_normal,17446.0,12.0,60.0,48.0,-60.0,132.0,0.0,11793.0,11793.0,4.07,1995.0,0.69,-78.73,165.19,0.0,5526.0,5526.0,1.91,18.0,15265.0,5.26,4.0,192.0,5431.0,1.87,6.29,right_skewed,True,True,True,True,moderate,log_transform_or_winsorize,-60.0,132.0,heavy_tailed,log1p_or_quantile_transform,True,False,True,True,True,True,False,True,0.8,drop_or_encode,near_constant,0.0091
21,APPROVED_DAYS_DECISION_MEAN,float64,290065,34247,11.81,255818,88.19,False,0.06,False,-352.0,170,"[(np.float64(-352.0), 170), (np.float64(-350.0), 170), (np.float64(-404.0), 170)]",290065,-352.0,0.06,-350.0,0.06,"[('-352.0', 0.06), ('-350.0', 0.06), ('-404.0', 0.06)]",False,Most frequent dominates with 0.06%,290065,17446,5.67,34247,very_high_cardinality,True,True,False,False,"target_encoding, hash_encoding, or embedding_layer","['-606.0', '-690.8', '-1449.5555555555557', '-1643.375', '-1942.857142857143']",,,,,,,,,,,False,0.0,0.0,,,0.0,0.0,,,290065.0,-2922.0,-2.0,2920.0,-1031.819,-940.5,590.2617,0.5721,-1396.1667,-557.0,839.1667,-0.7661,0.142,0.0,290065.0,-1396.1667,-557.0,839.1667,-2654.9167,701.75,3480.0,1.1997,0.0567,-1031.819,-940.5,590.2617,-2922.0,-1396.1667,-557.0,-2.0,839.1667,-0.7661,0.142,3480.0,0.012,moderately_skewed,variable,0.0,non_normal,17446.0,-1396.17,-557.0,839.17,-2654.92,701.75,3480.0,0.0,3480.0,1.2,0.0,0.0,-2802.6,738.97,1186.0,0.0,1186.0,0.41,412.5,0.0,0.0,-2685.68,-162.0,5774.0,1.99,0.14,moderate_deviation,False,True,False,True,moderate,winsorize_lower_or_clip,-2654.92,701.75,approximately_normal,none_or_standard_scaler,True,False,False,True,False,False,False,False,0.5,keep_continuous,no_strong_signal,0.0
22,APPROVED_DAYS_DECISION_MIN,float64,290065,2921,1.01,287144,98.99,False,0.07,False,-476.0,204,"[(np.float64(-476.0), 204), (np.float64(-447.0), 182), (np.float64(-511.0), 182)]",290065,-476.0,0.07,-447.0,0.06,"[('-476.0', 0.07), ('-447.0', 0.06), ('-511.0', 0.06)]",False,Most frequent dominates with 0.07%,290065,17446,5.67,2921,very_high_cardinality,True,True,False,False,"target_encoding, hash_encoding, or embedding_layer","['-606.0', '-2614.0', '-459.0', '-2020.0', '-286.0']",,,,,,,,,,,False,0.0,0.0,,,0.0,0.0,,,290065.0,-2922.0,-2.0,2920.0,-1530.5713,-1490.0,862.8679,0.5638,-2379.0,-720.0,1659.0,-0.0645,-1.4117,0.0,290065.0,-2379.0,-720.0,1659.0,-4867.5,1768.5,0.0,0.0,0.0567,-1530.5713,-1490.0,862.8679,-2922.0,-2379.0,-720.0,-2.0,1659.0,-0.0645,-1.4117,0.0,0.0,approximately_symmetric,variable,0.0,non_normal,17446.0,-2379.0,-720.0,1659.0,-4867.5,1768.5,0.0,0.0,0.0,0.0,0.0,0.0,-4119.18,1058.03,0.0,0.0,0.0,0.0,820.0,0.0,0.0,-2901.0,-172.0,5678.0,1.96,-1.41,light_tailed,False,False,False,False,none,none_needed,-4867.5,1768.5,approximately_normal,none_or_standard_scaler,True,False,False,True,True,False,False,True,0.2,treat_as_categorical,discrete,0.0
23,APPROVED_SK_ID_PREV_NUNIQUE,float64,290065,25,0.01,290040,99.99,False,26.42,False,1.0,76640,"[(np.float64(1.0), 76640), (np.float64(2.0), 67388), (np.float64(3.0), 52238)]",290065,1.0,26.42,2.0,23.23,"[('1.0', 26.42), ('2.0', 23.23), ('3.0', 18.01)]",False,Most frequent dominates with 26.42%,290065,17446,5.67,25,medium_cardinality,False,False,False,True,"target_encoding, leave_as_integer, or one_hot_if_dense","['1.0', '7.0', '10.0', '16.0', '20.0']",,,,,,,,,,,False,0.0,0.0,,,0.0,0.0,,,290065.0,1.0,27.0,26.0,3.0548,3.0,2.1207,0.6942,1.0,4.0,3.0,1.5934,3.902,0.0,0.0,1.0,4.0,3.0,-3.5,8.5,7052.0,2.4312,0.0567,3.0548,3.0,2.1207,1.0,1.0,4.0,27.0,3.0,1.5934,3.902,7052.0,0.0243,highly_skewed,variable,0.0,non_normal,17446.0,1.0,4.0,3.0,-3.5,8.5,0.0,7052.0,7052.0,2.43,482.0,0.17,-3.31,9.42,0.0,4107.0,4107.0,1.42,1.0,7052.0,2.43,1.0,10.0,2362.0,0.81,3.9,right_skewed,True,True,True,True,moderate,log_transform_or_winsorize,-3.5,8.5,heavy_tailed,log1p_or_quantile_transform,True,False,True,True,True,True,False,True,0.5,drop_or_encode,near_constant,0.0
24,APP_ADDRESS_MISMATCH_COUNT,int64,307511,7,0.0,307504,100.0,False,74.26,False,0,228354,"[(np.int64(0), 228354), (np.int64(2), 64077), (np.int64(4), 9544)]",307511,0,74.26,2,20.84,"[('0', 74.26), ('2', 20.84), ('4', 3.1)]",False,Most frequent dominates with 74.26%,307511,0,0.0,7,low_cardinality,False,False,False,True,one_hot_encoding or label_encoding,"['0', '2', '4', '1', '3']",,,,,,,,,,,False,0.0,0.0,,,0.0,0.0,,,307511.0,0.0,6.0,6.0,0.5948,0.0,1.0846,1.8237,0.0,2.0,2.0,1.7178,2.3307,228354.0,0.0,0.0,2.0,2.0,-3.0,5.0,329.0,0.107,0.0,0.5948,0.0,1.0846,0.0,0.0,2.0,6.0,2.0,1.7179,2.3307,329.0,0.0011,highly_skewed,variable,0.0,non_normal,0.0,0.0,2.0,2.0,-3.0,5.0,0.0,329.0,329.0,0.11,0.0,0.0,-2.66,3.85,0.0,10742.0,10742.0,3.49,0.73,10742.0,3.49,0.0,4.0,1198.0,0.39,2.33,right_skewed,True,True,True,True,low,investigate_individually,-3.0,5.0,zero_inflated,log1p_or_tweedie,True,False,False,True,True,True,True,False,0.5,drop_or_encode,near_constant,0.7426
25,APP_ANNUITY_INCOME_RATIO,float64,307499,88811,28.88,218688,71.12,False,0.96,False,0.1,2942,"[(np.float64(0.1), 2942), (np.float64(0.15), 2771), (np.float64(0.0666666666666666), 1150)]",307499,0.1,0.96,0.15,0.9,"[('0.1', 0.96), ('0.15', 0.9), ('0.0666666666666666', 0.37)]",False,Most frequent dominates with 0.96%,307499,12,0.0,88811,very_high_cardinality,True,True,False,False,"target_encoding, hash_encoding, or embedding_layer","['0.1219777777777777', '0.3565833333333333', '0.1024347826086956', '0.3077111111111111', '0.2358285714285714']",,,,,,,,,,,False,0.0,0.0,,,0.0,0.0,,,307499.0,0.0002,1.876,1.8757,0.1809,0.1628,0.0946,0.5227,0.1148,0.2291,0.1143,1.512,5.4514,0.0,0.0,0.1148,0.2291,0.1143,-0.0566,0.4005,7878.0,2.562,0.0,0.1809,0.1628,0.0946,0.0002,0.1148,0.2291,1.876,0.1143,1.512,5.4515,7878.0,0.0256,highly_skewed,variable,0.0,non_normal,12.0,0.11,0.23,0.11,-0.06,0.4,0.0,7878.0,7878.0,2.56,1246.0,0.41,-0.1,0.46,0.0,3792.0,3792.0,1.23,0.06,4453.0,1.45,0.04,0.48,6150.0,2.0,5.45,right_skewed,True,True,True,True,moderate,log_transform_or_winsorize,-0.06,0.4,heavy_tailed,log1p_or_quantile_transform,True,False,True,True,False,False,False,True,0.5,bin,high_skew,0.0
26,APP_CAR_BIRTH_RATIO,float64,104582,78396,74.96,26186,25.04,False,2.04,False,-0.0,2134,"[(np.float64(-0.0), 2134), (np.float64(-0.0008244023083264), 10), (np.float64(-0.0007861635220125), 10)]",104582,-0.0,2.04,-0.0008244023083264,0.01,"[('-0.0', 2.04), ('-0.0008244023083264', 0.01), ('-0.0007861635220125', 0.01)]",False,Most frequent dominates with 2.04%,104582,202929,65.99,78396,very_high_cardinality,True,True,False,False,"target_encoding, hash_encoding, or embedding_layer","['-0.0013651160348629', '-0.0001412429378531', '-0.0007260281076595', '-0.001058705203536', '-0.0002031832035218']",,,,,,,,,,,False,0.0,0.0,,,0.0,0.0,,,104582.0,-0.0092,-0.0,0.0092,-0.0009,-0.0006,0.001,1.1176,-0.0011,-0.0003,0.0007,-3.6124,17.5616,2134.0,102448.0,-0.0011,-0.0003,0.0007,-0.0022,0.0008,5265.0,5.0343,0.6599,-0.0009,-0.0006,0.001,-0.0092,-0.0011,-0.0003,-0.0,0.0007,-3.6124,17.5625,5265.0,0.0503,highly_skewed,variable,0.0,non_normal,202929.0,-0.0,-0.0,0.0,-0.0,0.0,5265.0,0.0,5265.0,5.03,3075.0,2.94,-0.0,0.0,2710.0,0.0,2710.0,2.59,0.0,4254.0,4.07,-0.01,0.0,1046.0,1.0,17.56,left_skewed,True,True,True,True,high,robust_scaling_or_transform,-0.0,0.0,heavy_tailed,quantile_transform_or_robust_scaler,True,True,False,True,False,False,False,True,0.8,bin,"high_skew, high_outliers",0.0204
27,APP_CONTACT_COUNT,int64,307511,6,0.0,307505,100.0,False,52.35,False,3,160972,"[(np.int64(3), 160972), (np.int64(4), 70671), (np.int64(2), 38357)]",307511,3,52.35,4,22.98,"[('3', 52.35), ('4', 22.98), ('2', 12.47)]",False,Most frequent dominates with 52.35%,307511,0,0.0,6,low_cardinality,False,False,False,True,one_hot_encoding or label_encoding,"['4', '5', '3', '2', '6']",,,,,,,,,,,False,0.0,0.0,,,0.0,0.0,,,307511.0,1.0,6.0,5.0,3.3552,3.0,0.8653,0.2579,3.0,4.0,1.0,0.5557,-0.0866,0.0,0.0,3.0,4.0,1.0,1.5,5.5,2019.0,0.6566,0.0,3.3552,3.0,0.8653,1.0,3.0,4.0,6.0,1.0,0.5557,-0.0866,2019.0,0.0066,moderately_skewed,variable,0.0,non_normal,0.0,3.0,4.0,1.0,1.5,5.5,27.0,1992.0,2019.0,0.66,0.0,0.0,0.76,5.95,0.0,1992.0,1992.0,0.65,0.58,0.0,0.0,2.0,5.0,2019.0,0.66,-0.09,moderate_deviation,False,True,False,True,low,investigate_individually,1.5,5.5,approximately_normal,none_or_standard_scaler,False,False,False,True,True,True,False,False,0.3,drop_or_encode,near_constant,0.0
28,APP_CREDIT_ANNUITY_RATIO,float64,307499,39539,12.86,267960,87.14,False,9.51,False,20.0,29242,"[(np.float64(20.0), 29242), (np.float64(34.19972640218878), 1985), (np.float64(34.083333333333336), 1643)]",307499,20.0,9.51,34.19972640218878,0.65,"[('20.0', 9.51), ('34.19972640218878', 0.65), ('34.083333333333336', 0.53)]",False,Most frequent dominates with 9.51%,307499,12,0.0,39539,very_high_cardinality,True,True,False,False,"target_encoding, hash_encoding, or embedding_layer","['16.46110402623429', '26.269979852249836', '19.62181818181818', '37.92418772563177', '17.10831234256927']",,,,,,,,,,,False,0.0,0.0,,,0.0,0.0,,,307499.0,8.0367,45.3051,37.2684,21.6123,20.0,7.8238,0.362,15.6145,27.1,11.4855,0.3047,-0.7826,0.0,0.0,15.6145,27.1,11.4855,-1.6137,44.3282,17.0,0.0055,0.0,21.6123,20.0,7.8238,8.0367,15.6145,27.1,45.3051,11.4855,0.3047,-0.7826,17.0,0.0001,approximately_symmetric,variable,0.0,non_normal,12.0,15.61,27.1,11.49,-1.61,44.33,0.0,17.0,17.0,0.01,0.0,0.0,-1.86,45.08,0.0,11.0,11.0,0.0,5.27,0.0,0.0,8.71,37.79,6149.0,2.0,-0.78,approximately_normal,False,False,False,True,low,investigate_individually,-1.61,44.33,approximately_normal,none_or_standard_scaler,False,False,False,True,False,False,False,False,0.2,keep_continuous,no_strong_signal,0.0
29,APP_CREDIT_INCOME_RATIO,float64,307511,48697,15.84,258814,84.16,False,1.72,False,2.0,5302,"[(np.float64(2.0), 5302), (np.float64(3.0), 3920), (np.float64(2.5), 3142)]",307511,2.0,1.72,3.0,1.27,"[('2.0', 1.72), ('3.0', 1.27), ('2.5', 1.02)]",False,Most frequent dominates with 1.72%,307511,0,0.0,48697,very_high_cardinality,True,True,False,False,"target_encoding, hash_encoding, or embedding_layer","['2.007888888888889', '8.24224', '8.3346', '10.834966666666666', '4.805115384615385']",,,,,,,,,,,False,0.0,0.0,,,0.0,0.0,,,307511.0,0.0048,84.7368,84.732,3.9576,3.2651,2.6897,0.6796,2.0187,5.1599,3.1412,1.8359,8.3716,0.0,0.0,2.0187,5.1599,3.1412,-2.6932,9.8717,11510.0,3.743,0.0,3.9576,3.2651,2.6897,0.0048,2.0187,5.1599,84.7368,3.1412,1.836,8.3718,11510.0,0.0374,highly_skewed,variable,0.0,non_normal,0.0,2.02,5.16,3.14,-2.69,9.87,0.0,11510.0,11510.0,3.74,1626.0,0.53,-4.11,12.03,0.0,4340.0,4340.0,1.41,1.45,7801.0,2.54,0.6,13.03,6152.0,2.0,8.37,right_skewed,True,True,True,True,moderate,log_transform_or_winsorize,-2.69,9.87,heavy_tailed,log1p_or_quantile_transform,True,False,True,True,False,False,False,True,0.8,bin,high_skew,0.0
30,APP_DOCUMENT_COUNT,int64,307511,5,0.0,307506,100.0,False,87.82,False,1,270056,"[(np.int64(1), 270056), (np.int64(0), 29549), (np.int64(2), 7742)]",307511,1,87.82,0,9.61,"[('1', 87.82), ('0', 9.61), ('2', 2.52)]",False,Most frequent dominates with 87.82%,307511,0,0.0,5,low_cardinality,False,False,False,True,one_hot_encoding or label_encoding,"['1', '0', '2', '3', '4']",,,,,,,,,,,False,0.0,0.0,,,0.0,0.0,,,307511.0,0.0,4.0,4.0,0.9302,1.0,0.3443,0.3701,1.0,1.0,0.0,-1.0146,5.1807,29549.0,0.0,1.0,1.0,0.0,1.0,1.0,37455.0,12.1801,0.0,0.9302,1.0,0.3443,0.0,1.0,1.0,4.0,0.0,-1.0146,5.1808,0.0,0.0,highly_skewed,variable,0.0,non_normal,0.0,1.0,1.0,0.0,1.0,1.0,29549.0,7906.0,37455.0,12.18,37455.0,12.18,-0.1,1.96,0.0,7906.0,7906.0,2.57,0.23,164.0,0.05,0.0,2.0,164.0,0.05,5.18,left_skewed,True,True,True,True,severe,consider_log_transform,1.0,1.0,heavy_tailed,quantile_transform_or_robust_scaler,True,True,False,True,True,True,False,False,0.3,drop_or_encode,near_constant,0.0961
31,APP_EMPLOYED_BIRTH_RATIO,float64,252137,249434,98.93,2703,1.07,False,0.0,False,0.0833333333333333,12,"[(np.float64(0.0833333333333333), 12), (np.float64(0.0909090909090909), 11), (np.float64(0.2), 10)]",252137,0.0833333333333333,0.0,0.0909090909090909,0.0,"[('0.0833333333333333', 0.0), ('0.0909090909090909', 0.0), ('0.2', 0.0)]",False,Most frequent dominates with 0.0%,252137,55374,18.01,249434,very_high_cardinality,True,True,False,False,"target_encoding, hash_encoding, or embedding_layer","['0.0673290349857309', '0.1218613820294667', '0.3567809491639925', '0.2129157314833707', '0.2493319630010277']",,,,,,,,,,,False,0.0,0.0,,,0.0,0.0,,,252137.0,-0.0,0.7288,0.7288,0.1569,0.1187,0.1335,0.8514,0.0561,0.2192,0.1631,1.3474,1.5926,2.0,0.0,0.0561,0.2192,0.1631,-0.1885,0.4638,10760.0,4.2675,0.1801,0.1569,0.1187,0.1335,-0.0,0.0561,0.2192,0.7288,0.1631,1.3474,1.5926,10760.0,0.0427,highly_skewed,variable,0.0,non_normal,55374.0,0.06,0.22,0.16,-0.19,0.46,0.0,10760.0,10760.0,4.27,19.0,0.01,-0.24,0.56,0.0,4240.0,4240.0,1.68,0.07,7922.0,3.14,0.01,0.59,5044.0,2.0,1.59,right_skewed,True,True,True,True,moderate,log_transform_or_winsorize,-0.19,0.46,right_skewed,log1p,True,False,True,True,False,False,False,True,0.8,bin,high_skew,0.0
32,APP_EXT_SOURCE_MAX,float64,307339,121113,39.41,186226,60.59,False,0.41,False,0.746300213050371,1255,"[(np.float64(0.746300213050371), 1255), (np.float64(0.7136313997323308), 1059), (np.float64(0.6940926425266661), 927)]",307339,0.746300213050371,0.41,0.7136313997323308,0.34,"[('0.746300213050371', 0.41), ('0.7136313997323308', 0.34), ('0.6940926425266661', 0.3)]",False,Most frequent dominates with 0.41%,307339,172,0.06,121113,very_high_cardinality,True,True,False,False,"target_encoding, hash_encoding, or embedding_layer","['0.2629485927471776', '0.8531169206928536', '0.8626954942089866', '0.7376514560067302', '0.7240146555958384']",,,,,,,,,,,False,0.0,0.0,,,0.0,0.0,,,307339.0,0.0,0.9627,0.9627,0.6159,0.6485,0.1561,0.2535,0.5407,0.7253,0.1846,-1.0659,1.1721,0.0,0.0,0.5407,0.7253,0.1846,0.2637,1.0022,11713.0,3.8111,0.0006,0.6159,0.6485,0.1561,0.0,0.5407,0.7253,0.9627,0.1846,-1.0659,1.1721,11713.0,0.0381,highly_skewed,variable,0.0,non_normal,172.0,0.54,0.73,0.18,0.26,1.0,11713.0,0.0,11713.0,3.81,0.0,0.0,0.15,1.08,3675.0,0.0,3675.0,1.2,0.09,6092.0,1.98,0.13,0.87,6145.0,2.0,1.17,left_skewed,True,True,True,True,moderate,winsorize_lower_or_clip,0.26,1.0,left_skewed,yeo_johnson_or_square_transform,True,False,True,True,False,False,False,True,0.8,bin,high_skew,0.0
33,APP_EXT_SOURCE_MEAN,float64,307339,300347,97.72,6992,2.28,False,0.03,False,0.2858978721410488,94,"[(np.float64(0.2858978721410488), 94), (np.float64(0.2652563401861944), 65), (np.float64(0.1596792335026377), 61)]",307339,0.2858978721410488,0.03,0.2652563401861944,0.02,"[('0.2858978721410488', 0.03), ('0.2652563401861944', 0.02), ('0.1596792335026377', 0.02)]",False,Most frequent dominates with 0.03%,307339,172,0.06,300347,very_high_cardinality,True,True,False,False,"target_encoding, hash_encoding, or embedding_layer","['0.1617871134127632', '0.560550068258009', '0.5274694169892209', '0.2621989857615305', '0.1324277285475518']",,,,,,,,,,,False,0.0,0.0,,,0.0,0.0,,,307339.0,0.0,0.8789,0.8789,0.5093,0.5245,0.1498,0.2942,0.4136,0.6228,0.2092,-0.5295,-0.0619,0.0,0.0,0.4136,0.6228,0.2092,0.0999,0.9366,2652.0,0.8629,0.0006,0.5093,0.5245,0.1498,0.0,0.4136,0.6228,0.8789,0.2092,-0.5295,-0.0619,2652.0,0.0086,moderately_skewed,variable,0.0,non_normal,172.0,0.41,0.62,0.21,0.1,0.94,2652.0,0.0,2652.0,0.86,0.0,0.0,0.06,0.96,1261.0,0.0,1261.0,0.41,0.1,0.0,0.0,0.11,0.77,6148.0,2.0,-0.06,moderate_deviation,False,True,False,True,low,investigate_individually,0.1,0.94,approximately_normal,none_or_standard_scaler,False,False,False,True,False,False,False,False,0.5,keep_continuous,no_strong_signal,0.0
34,APP_EXT_SOURCE_MIN,float64,307339,139146,45.27,168193,54.73,False,0.29,False,0.0005272652387098,885,"[(np.float64(0.0005272652387098), 885), (np.float64(0.4507472818545589), 619), (np.float64(0.2858978721410488), 576)]",307339,0.0005272652387098,0.29,0.4507472818545589,0.2,"[('0.0005272652387098', 0.29), ('0.4507472818545589', 0.2), ('0.2858978721410488', 0.19)]",False,Most frequent dominates with 0.29%,307339,172,0.06,139146,very_high_cardinality,True,True,False,False,"target_encoding, hash_encoding, or embedding_layer","['0.0830369673913225', '0.4989000921899073', '0.1482089507497838', '0.4847321253197021', '0.5317654413648083']",,,,,,,,,,,False,0.0,0.0,,,0.0,0.0,,,307339.0,0.0,0.8789,0.8789,0.3996,0.4032,0.1874,0.4691,0.254,0.553,0.2991,-0.0838,-0.93,0.0,0.0,0.254,0.553,0.2991,-0.1946,1.0016,0.0,0.0,0.0006,0.3996,0.4032,0.1874,0.0,0.254,0.553,0.8789,0.2991,-0.0838,-0.93,0.0,0.0,approximately_symmetric,variable,0.0,non_normal,172.0,0.25,0.55,0.3,-0.19,1.0,0.0,0.0,0.0,0.0,0.0,0.0,-0.16,0.96,0.0,0.0,0.0,0.0,0.15,0.0,0.0,0.02,0.75,6148.0,2.0,-0.93,approximately_normal,False,False,False,False,none,none_needed,-0.19,1.0,approximately_normal,none_or_standard_scaler,False,False,False,True,False,False,False,False,0.2,keep_continuous,no_strong_signal,0.0
35,APP_EXT_SOURCE_STD,float64,270602,269867,99.73,735,0.27,False,0.0,False,0.2595072552010954,5,"[(np.float64(0.2595072552010954), 5), (np.float64(0.3422692701347568), 4), (np.float64(0.2944351124027654), 4)]",270602,0.2595072552010954,0.0,0.3422692701347568,0.0,"[('0.2595072552010954', 0.0), ('0.3422692701347568', 0.0), ('0.2944351124027654', 0.0)]",False,Most frequent dominates with 0.0%,270602,36909,12.0,269867,very_high_cardinality,True,True,False,False,"target_encoding, hash_encoding, or embedding_layer","['0.092025806870656', '0.1663043791123114', '0.1596955590581207', '0.0280636392340753', '0.0720270867249529']",,,,,,,,,,,False,0.0,0.0,,,0.0,0.0,,,270602.0,0.0,0.6519,0.6519,0.1512,0.136,0.0999,0.6606,0.0724,0.2144,0.142,0.7364,0.2028,0.0,0.0,0.0724,0.2144,0.142,-0.1406,0.4274,2770.0,1.0236,0.12,0.1512,0.136,0.0999,0.0,0.0724,0.2144,0.6519,0.142,0.7364,0.2028,2770.0,0.0102,moderately_skewed,variable,0.0,non_normal,36909.0,0.07,0.21,0.14,-0.14,0.43,0.0,2770.0,2770.0,1.02,1.0,0.0,-0.15,0.45,0.0,1682.0,1682.0,0.62,0.07,515.0,0.19,0.0,0.43,5414.0,2.0,0.2,moderate_deviation,False,True,False,True,moderate,winsorize_upper_or_clip,-0.14,0.43,approximately_normal,none_or_standard_scaler,False,False,False,True,False,False,False,False,0.5,keep_continuous,no_strong_signal,0.0
36,APP_GOODS_CREDIT_RATIO,float64,307233,3066,1.0,304167,99.0,False,35.22,False,1.0,108210,"[(np.float64(1.0), 108210), (np.float64(0.8347245409015025), 25506), (np.float64(0.8632596685082873), 14007)]",307233,1.0,35.22,0.8347245409015025,8.3,"[('1.0', 35.22), ('0.8347245409015025', 8.3), ('0.8632596685082873', 4.56)]",False,Most frequent dominates with 35.22%,307233,278,0.09,3066,very_high_cardinality,True,True,False,False,"target_encoding, hash_encoding, or embedding_layer","['0.8632615793259919', '0.8256251661745567', '0.9132090617396972', '0.7594147962561499', '0.920977251136718']",,,,,,,,,,,False,0.0,0.0,,,0.0,0.0,,,307233.0,0.1667,6.6667,6.5,0.9007,0.8938,0.0966,0.1073,0.8347,1.0,0.1653,2.6669,120.1621,0.0,0.0,0.8347,1.0,0.1653,0.5868,1.2479,244.0,0.0794,0.0009,0.9007,0.8938,0.0966,0.1667,0.8347,1.0,6.6667,0.1653,2.6669,120.1641,244.0,0.0008,highly_skewed,variable,0.0,non_normal,278.0,0.83,1.0,0.17,0.59,1.25,30.0,214.0,244.0,0.08,176.0,0.06,0.61,1.19,113.0,228.0,341.0,0.11,0.09,198.0,0.06,0.68,1.0,2973.0,0.97,120.16,right_skewed,True,True,True,True,low,investigate_individually,0.59,1.25,heavy_tailed,log1p_or_quantile_transform,True,False,False,True,True,True,False,True,0.5,drop_or_encode,near_constant,0.0
37,APP_INCOME_PER_PERSON,float64,307509,3064,1.0,304445,99.0,False,7.93,False,67500.0,24400,"[(np.float64(67500.0), 24400), (np.float64(45000.0), 20320), (np.float64(90000.0), 20311)]",307509,67500.0,7.93,45000.0,6.61,"[('67500.0', 7.93), ('45000.0', 6.61), ('90000.0', 6.61)]",False,Most frequent dominates with 7.93%,307509,2,0.0,3064,very_high_cardinality,True,True,False,False,"target_encoding, hash_encoding, or embedding_layer","['202500.0', '86850.0', '145350.0', '886500.0', '82867.5']",,,,,,,,,,,False,0.0,0.0,,,0.0,0.0,,,307509.0,2812.5,39000000.0,38997187.5,93105.8796,75000.0,101373.3634,1.0888,47250.0,112500.0,65250.0,187.3664,70683.0159,0.0,0.0,47250.0,112500.0,65250.0,-50625.0,210375.0,17410.0,5.6616,0.0,93105.8796,75000.0,101373.3634,2812.5,47250.0,112500.0,39000000.0,65250.0,187.3673,70684.1652,17410.0,0.0566,highly_skewed,variable,0.0,non_normal,2.0,47250.0,112500.0,65250.0,-50625.0,210375.0,0.0,17410.0,17410.0,5.66,4969.0,1.62,-211014.21,397225.97,0.0,1825.0,1825.0,0.59,30000.0,10734.0,3.49,18000.0,337500.0,6057.0,1.97,70683.02,right_skewed,True,True,True,True,high,robust_scaling_or_transform,-50625.0,210375.0,heavy_tailed,log1p_or_quantile_transform,True,True,False,True,True,True,False,True,0.8,drop_or_encode,near_constant,0.0
38,APP_MISSING_COUNT,int64,307511,67,0.02,307444,99.98,False,10.53,False,50,32394,"[(np.int64(50), 32394), (np.int64(49), 25383), (np.int64(48), 21504)]",307511,50,10.53,49,8.25,"[('50', 10.53), ('49', 8.25), ('48', 6.99)]",False,Most frequent dominates with 10.53%,307511,0,0.0,67,high_cardinality,True,False,False,True,"target_encoding, frequency_encoding, or hash_encoding","['2', '7', '5', '37', '57']",,,,,,,,,,,False,0.0,0.0,,,0.0,0.0,,,307511.0,0.0,66.0,66.0,31.0859,38.0,21.0403,0.6768,7.0,50.0,43.0,-0.2432,-1.6323,8602.0,0.0,7.0,50.0,43.0,-57.5,114.5,0.0,0.0,0.0,31.0859,38.0,21.0403,0.0,7.0,50.0,66.0,43.0,-0.2432,-1.6323,0.0,0.0,approximately_symmetric,variable,0.0,non_normal,0.0,7.0,50.0,43.0,-57.5,114.5,0.0,0.0,0.0,0.0,0.0,0.0,-32.04,94.21,0.0,0.0,0.0,0.0,16.0,0.0,0.0,0.0,60.0,2631.0,0.86,-1.63,light_tailed,False,False,False,False,none,none_needed,-57.5,114.5,approximately_normal,none_or_standard_scaler,False,False,False,True,True,True,False,True,0.2,drop_or_encode,near_constant,0.028
39,APP_MISSING_RATIO,float64,307511,67,0.02,307444,99.98,False,10.53,False,0.3571428571428571,32394,"[(np.float64(0.3571428571428571), 32394), (np.float64(0.35), 25383), (np.float64(0.3428571428571428), 21504)]",307511,0.3571428571428571,10.53,0.35,8.25,"[('0.3571428571428571', 10.53), ('0.35', 8.25), ('0.3428571428571428', 6.99)]",False,Most frequent dominates with 10.53%,307511,0,0.0,67,high_cardinality,True,False,False,True,"target_encoding, frequency_encoding, or hash_encoding","['0.0142857142857142', '0.05', '0.0357142857142857', '0.2642857142857143', '0.4071428571428571']",,,,,,,,,,,False,0.0,0.0,,,0.0,0.0,,,307511.0,0.0,0.4714,0.4714,0.222,0.2714,0.1503,0.6768,0.05,0.3571,0.3071,-0.2432,-1.6323,8602.0,0.0,0.05,0.3571,0.3071,-0.4107,0.8179,0.0,0.0,0.0,0.222,0.2714,0.1503,0.0,0.05,0.3571,0.4714,0.3071,-0.2432,-1.6323,0.0,0.0,approximately_symmetric,variable,0.0,non_normal,0.0,0.05,0.36,0.31,-0.41,0.82,0.0,0.0,0.0,0.0,0.0,0.0,-0.23,0.67,0.0,0.0,0.0,0.0,0.11,0.0,0.0,0.0,0.43,2631.0,0.86,-1.63,light_tailed,False,False,False,False,none,none_needed,-0.41,0.82,approximately_normal,none_or_standard_scaler,False,False,False,True,True,True,False,True,0.2,drop_or_encode,near_constant,0.028
40,APP_PHONE_BIRTH_RATIO,float64,307510,264924,86.15,42586,13.85,False,12.25,False,-0.0,37672,"[(np.float64(-0.0), 37672), (np.float64(0.0769230769230769), 14), (np.float64(0.1111111111111111), 12)]",307510,-0.0,12.25,0.0769230769230769,0.0,"[('-0.0', 12.25), ('0.0769230769230769', 0.0), ('0.1111111111111111', 0.0)]",False,Most frequent dominates with 12.25%,307510,1,0.0,264924,very_high_cardinality,True,True,False,False,"target_encoding, hash_encoding, or embedding_layer","['0.1198604798647077', '0.2231226918342224', '0.0460508843681946', '0.0449674577608309', '0.0637067742991163']",,,,,,,,,,,False,0.0,0.0,,,0.0,0.0,,,307510.0,-0.0,0.3614,0.3614,0.0631,0.0506,0.0559,0.8858,0.0171,0.0981,0.081,0.9255,0.4416,37672.0,0.0,0.0171,0.0981,0.081,-0.1044,0.2196,3620.0,1.1772,0.0,0.0631,0.0506,0.0559,-0.0,0.0171,0.0981,0.3614,0.081,0.9255,0.4416,3620.0,0.0118,moderately_skewed,variable,0.0,non_normal,1.0,0.02,0.1,0.08,-0.1,0.22,0.0,3620.0,3620.0,1.18,1.0,0.0,-0.1,0.23,0.0,2405.0,2405.0,0.78,0.04,1020.0,0.33,0.0,0.22,3076.0,1.0,0.44,moderate_deviation,False,True,False,True,moderate,winsorize_upper_or_clip,-0.1,0.22,approximately_normal,none_or_standard_scaler,False,False,False,True,False,False,False,True,0.5,bin,high_skew,0.1225
41,APP_PHONE_EMPLOYED_RATIO,float64,252134,205138,81.36,46996,18.64,False,11.46,False,-0.0,28888,"[(np.float64(-0.0), 28888), (np.float64(0.5), 51), (np.float64(1.0), 41)]",252134,-0.0,11.46,0.5,0.02,"[('-0.0', 11.46), ('0.5', 0.02), ('1.0', 0.02)]",False,Most frequent dominates with 11.46%,252134,55377,18.01,205138,very_high_cardinality,True,True,False,False,"target_encoding, hash_encoding, or embedding_layer","['1.78021978021978', '0.1085714285714285', '0.1090664272890484', '0.0274991912002588', '0.8051052086926527']",,,,,,,,,,,False,0.0,0.0,,,0.0,0.0,,,252134.0,-0.0,1784.0,1784.0,1.0991,0.4435,4.9591,4.512,0.1306,0.9195,0.789,206.2211,68343.9351,28888.0,0.0,0.1306,0.9195,0.789,-1.0529,2.103,28891.0,11.4586,0.1801,1.0991,0.4435,4.9591,-0.0,0.1306,0.9195,1784.0,0.789,206.2223,68345.2904,28891.0,0.1146,highly_skewed,variable,0.0,non_normal,55377.0,0.13,0.92,0.79,-1.05,2.1,0.0,28891.0,28891.0,11.46,17905.0,7.1,-13.78,15.98,0.0,1190.0,1190.0,0.47,0.36,25930.0,10.28,0.0,11.61,2522.0,1.0,68343.94,right_skewed,True,True,True,True,severe,consider_log_transform,-1.05,2.1,heavy_tailed,log1p_or_quantile_transform,True,True,False,True,False,False,False,True,0.8,bin,"high_skew, high_outliers",0.1146
42,BASEMENTAREA_AVG,float64,127568,3780,2.96,123788,97.04,False,11.56,False,0.0,14745,"[(np.float64(0.0), 14745), (np.float64(0.0545), 251), (np.float64(0.0818), 251)]",127568,0.0,11.56,0.0545,0.2,"[('0.0', 11.56), ('0.0545', 0.2), ('0.0818', 0.2)]",False,Most frequent dominates with 11.56%,127568,179943,58.52,3780,very_high_cardinality,True,True,False,False,"target_encoding, hash_encoding, or embedding_layer","['0.0369', '0.0391', '0.1505', '0.2854', '0.2227']",,,,,,,,,,,False,0.0,0.0,,,0.0,0.0,,,127568.0,0.0,1.0,1.0,0.0884,0.0763,0.0824,0.9321,0.0442,0.1122,0.068,3.5663,25.9291,14745.0,0.0,0.0442,0.1122,0.068,-0.0578,0.2142,7190.0,5.6362,0.5852,0.0884,0.0763,0.0824,0.0,0.0442,0.1122,1.0,0.068,3.5663,25.9301,7190.0,0.0564,highly_skewed,variable,0.0,non_normal,179943.0,0.04,0.11,0.07,-0.06,0.21,0.0,7190.0,7190.0,5.64,2434.0,1.91,-0.16,0.34,0.0,1973.0,1973.0,1.55,0.03,4629.0,3.63,0.0,0.39,1276.0,1.0,25.93,right_skewed,True,True,True,True,high,robust_scaling_or_transform,-0.06,0.21,heavy_tailed,log1p_or_quantile_transform,True,True,False,True,True,False,False,True,0.8,treat_as_categorical,"high_skew, high_outliers, discrete",0.1156
43,BASEMENTAREA_MEDI,float64,127568,3772,2.96,123796,97.04,False,11.75,False,0.0,14991,"[(np.float64(0.0), 14991), (np.float64(0.0818), 271), (np.float64(0.1091), 266)]",127568,0.0,11.75,0.0818,0.21,"[('0.0', 11.75), ('0.0818', 0.21), ('0.1091', 0.21)]",False,Most frequent dominates with 11.75%,127568,179943,58.52,3772,very_high_cardinality,True,True,False,False,"target_encoding, hash_encoding, or embedding_layer","['0.0369', '0.102', '0.1672', '0.3367', '0.2497']",,,,,,,,,,,False,0.0,0.0,,,0.0,0.0,,,127568.0,0.0,1.0,1.0,0.088,0.0758,0.0822,0.9343,0.0437,0.1116,0.0679,3.553,25.8287,14991.0,0.0,0.0437,0.1116,0.0679,-0.0581,0.2134,7188.0,5.6346,0.5852,0.088,0.0758,0.0822,0.0,0.0437,0.1116,1.0,0.0679,3.553,25.8298,7188.0,0.0563,highly_skewed,variable,0.0,non_normal,179943.0,0.04,0.11,0.07,-0.06,0.21,0.0,7188.0,7188.0,5.63,2441.0,1.91,-0.16,0.33,0.0,1991.0,1991.0,1.56,0.03,4619.0,3.62,0.0,0.38,1273.0,1.0,25.83,right_skewed,True,True,True,True,high,robust_scaling_or_transform,-0.06,0.21,heavy_tailed,log1p_or_quantile_transform,True,True,False,True,True,False,False,True,0.8,treat_as_categorical,"high_skew, high_outliers, discrete",0.1175
44,BASEMENTAREA_MODE,float64,127568,3841,3.01,123727,96.99,False,13.01,False,0.0,16598,"[(np.float64(0.0), 16598), (np.float64(0.0566), 269), (np.float64(0.0849), 265)]",127568,0.0,13.01,0.0566,0.21,"[('0.0', 13.01), ('0.0566', 0.21), ('0.0849', 0.21)]",False,Most frequent dominates with 13.01%,127568,179943,58.52,3841,very_high_cardinality,True,True,False,False,"target_encoding, hash_encoding, or embedding_layer","['0.0383', '0.1142', '0.0066', '0.2718', '0.4255']",,,,,,,,,,,False,0.0,0.0,,,0.0,0.0,,,127568.0,0.0,1.0,1.0,0.0875,0.0746,0.0843,0.963,0.0407,0.1124,0.0717,3.4815,24.4302,16598.0,0.0,0.0407,0.1124,0.0717,-0.0669,0.22,6910.0,5.4167,0.5852,0.0875,0.0746,0.0843,0.0,0.0407,0.1124,1.0,0.0717,3.4815,24.4312,6910.0,0.0542,highly_skewed,variable,0.0,non_normal,179943.0,0.04,0.11,0.07,-0.07,0.22,0.0,6910.0,6910.0,5.42,2360.0,1.85,-0.17,0.34,0.0,2063.0,2063.0,1.62,0.04,4487.0,3.52,0.0,0.4,1271.0,1.0,24.43,right_skewed,True,True,True,True,high,robust_scaling_or_transform,-0.07,0.22,heavy_tailed,log1p_or_quantile_transform,True,True,False,True,True,False,False,True,0.8,treat_as_categorical,"high_skew, high_outliers, discrete",0.1301
45,BUREAU_ACTIVE_AMT_CREDIT_SUM_DEBT_MEAN,float64,206514,158599,76.8,47915,23.2,False,10.49,False,0.0,21660,"[(np.float64(0.0), 21660), (np.float64(4.5), 77), (np.float64(225000.0), 64)]",206514,0.0,10.49,4.5,0.04,"[('0.0', 10.49), ('4.5', 0.04), ('225000.0', 0.03)]",False,Most frequent dominates with 10.49%,206514,100997,32.84,158599,very_high_cardinality,True,True,False,False,"target_encoding, hash_encoding, or embedding_layer","['122890.5', '28275.75', '351000.0', '6566449.5', '234065.25']",,,,,,,,,,,False,0.0,0.0,,,0.0,0.0,,,206514.0,-1395766.098,83624582.8013,85020348.8993,377157.5166,147523.5,940062.7222,2.4925,48129.75,359028.5625,310898.8125,15.2182,637.624,21660.0,1091.0,48129.75,359028.5625,310898.8125,-418218.4688,825376.7812,20369.0,9.8633,0.3284,377157.5166,147523.5,940062.7222,-1395766.098,48129.75,359028.5625,83624582.8013,310898.8125,15.2183,637.6394,20369.0,0.0986,highly_skewed,variable,0.0,non_normal,100997.0,48129.75,359028.56,310898.81,-418218.47,825376.78,9.0,20360.0,20369.0,9.86,11466.0,5.55,-2443030.65,3197345.68,0.0,3084.0,3084.0,1.49,123597.0,21472.0,10.4,0.0,4106033.22,3157.0,1.53,637.62,right_skewed,True,True,True,True,high,robust_scaling_or_transform,-418218.47,825376.78,heavy_tailed,quantile_transform_or_robust_scaler,True,True,False,True,False,False,False,True,0.8,bin,"high_skew, high_outliers",0.1049
46,BUREAU_ACTIVE_AMT_CREDIT_SUM_DEBT_SUM,float64,217150,153496,70.69,63654,29.31,False,14.87,False,0.0,32296,"[(np.float64(0.0), 32296), (np.float64(4.5), 106), (np.float64(225000.0), 58)]",217150,0.0,14.87,4.5,0.05,"[('0.0', 14.87), ('4.5', 0.05), ('225000.0', 0.03)]",False,Most frequent dominates with 14.87%,217150,90361,29.38,153496,very_high_cardinality,True,True,False,False,"target_encoding, hash_encoding, or embedding_layer","['245781.0', '459904.86', '5380789.5', '247265.685', '470043.0']",,,,,,,,,,,False,0.0,0.0,,,0.0,0.0,,,217150.0,-6978830.49,334498331.205,341477161.695,765096.5367,276048.0,1753502.707,2.2919,55712.1375,816669.5625,760957.425,37.8122,6137.7724,32296.0,1091.0,55712.1375,816669.5625,760957.425,-1085724.0,1958105.7,20081.0,9.2475,0.2938,765096.5367,276048.0,1753502.707,-6978830.49,55712.1375,816669.5625,334498331.205,760957.425,37.8124,6137.9137,20081.0,0.0925,highly_skewed,variable,0.0,non_normal,90361.0,55712.14,816669.56,760957.43,-1085724.0,1958105.7,8.0,20073.0,20081.0,9.25,10342.0,4.76,-4495411.58,6025604.66,1.0,3555.0,3556.0,1.64,274418.55,24129.0,11.11,0.0,7577112.6,3263.0,1.5,6137.77,right_skewed,True,True,True,True,high,robust_scaling_or_transform,-1085724.0,1958105.7,heavy_tailed,quantile_transform_or_robust_scaler,True,True,False,True,False,False,False,True,0.8,bin,"high_skew, high_outliers",0.1487
47,BUREAU_ACTIVE_AMT_CREDIT_SUM_MEAN,float64,217149,99483,45.81,117666,54.19,False,1.73,False,225000.0,3750,"[(np.float64(225000.0), 3750), (np.float64(135000.0), 3419), (np.float64(0.0), 3078)]",217149,225000.0,1.73,135000.0,1.57,"[('225000.0', 1.73), ('135000.0', 1.57), ('0.0', 1.42)]",False,Most frequent dominates with 1.73%,217149,90362,29.38,99483,very_high_cardinality,True,True,False,False,"target_encoding, hash_encoding, or embedding_layer","['240994.2825', '569820.0', '191524.5', '1567579.37625', '140732.52']",,,,,,,,,,,False,0.0,0.0,,,0.0,0.0,,,217149.0,0.0,90034675.5,90034675.5,564073.1126,274500.0,1112507.0233,1.9723,136125.0,575354.25,439229.25,14.6241,605.0693,3078.0,0.0,136125.0,575354.25,439229.25,-522718.875,1234198.125,20980.0,9.6616,0.2938,564073.1126,274500.0,1112507.0233,0.0,136125.0,575354.25,90034675.5,439229.25,14.6242,605.0833,20980.0,0.0966,highly_skewed,variable,0.0,non_normal,90362.0,136125.0,575354.25,439229.25,-522718.88,1234198.12,0.0,20980.0,20980.0,9.66,11159.0,5.14,-2773447.96,3901594.18,0.0,3407.0,3407.0,1.57,173407.5,22332.0,10.28,0.0,4924594.86,2172.0,1.0,605.07,right_skewed,True,True,True,True,high,robust_scaling_or_transform,-522718.88,1234198.12,heavy_tailed,log1p_or_quantile_transform,True,True,False,True,False,False,False,True,0.8,bin,"high_skew, high_outliers",0.0142
48,BUREAU_ACTIVE_AMT_CREDIT_SUM_OVERDUE_MEAN,float64,217150,1557,0.72,215593,99.28,False,98.54,True,0.0,213970,"[(np.float64(0.0), 213970), (np.float64(4.5), 94), (np.float64(2.25), 71)]",217150,0.0,98.54,4.5,0.04,"[('0.0', 98.54), ('4.5', 0.04), ('2.25', 0.03)]",True,Appears uniformly dominated,217150,90361,29.38,1557,very_high_cardinality,True,True,False,False,"target_encoding, hash_encoding, or embedding_layer","['0.0', '443.295', '781.5', '293.49', '630.0']",,,,,,,,,,,False,0.0,0.0,,,0.0,0.0,,,217150.0,0.0,3681063.0,3681063.0,103.9714,0.0,11019.759,105.9884,0.0,0.0,0.0,231.2969,65667.9132,213970.0,0.0,0.0,0.0,0.0,0.0,0.0,3180.0,1.4644,0.2938,103.9714,0.0,11019.759,0.0,0.0,0.0,3681063.0,0.0,231.2985,65669.4253,0.0,0.0,highly_skewed,variable,0.0,non_normal,90361.0,0.0,0.0,0.0,0.0,0.0,0.0,3180.0,3180.0,1.46,3180.0,1.46,-32955.31,33163.25,0.0,66.0,66.0,0.03,7432.83,59.0,0.03,0.0,27.0,2156.0,0.99,65667.91,right_skewed,True,True,True,True,moderate,log_transform_or_winsorize,0.0,0.0,zero_inflated,log1p_or_tweedie,True,False,False,True,True,True,True,True,0.7,drop_or_encode,near_constant,0.9854
49,BUREAU_ACTIVE_AMT_CREDIT_SUM_OVERDUE_SUM,float64,217150,1197,0.55,215953,99.45,False,98.54,True,0.0,213970,"[(np.float64(0.0), 213970), (np.float64(4.5), 243), (np.float64(9.0), 85)]",217150,0.0,98.54,4.5,0.11,"[('0.0', 98.54), ('4.5', 0.11), ('9.0', 0.04)]",True,Appears uniformly dominated,217150,90361,29.38,1197,very_high_cardinality,True,True,False,False,"target_encoding, hash_encoding, or embedding_layer","['0.0', '18040.5', '37.035', '18054.0', '574.11']",,,,,,,,,,,False,0.0,0.0,,,0.0,0.0,,,217150.0,0.0,3756681.0,3756681.0,236.7282,0.0,16606.9479,70.152,0.0,0.0,0.0,152.8079,28608.9334,213970.0,0.0,0.0,0.0,0.0,0.0,0.0,3180.0,1.4644,0.2938,236.7282,0.0,16606.9479,0.0,0.0,0.0,3756681.0,0.0,152.8089,28609.5922,0.0,0.0,highly_skewed,variable,0.0,non_normal,90361.0,0.0,0.0,0.0,0.0,0.0,0.0,3180.0,3180.0,1.46,3180.0,1.46,-49584.12,50057.57,0.0,142.0,142.0,0.07,11201.39,125.0,0.06,0.0,76.5,2158.0,0.99,28608.93,right_skewed,True,True,True,True,moderate,log_transform_or_winsorize,0.0,0.0,zero_inflated,log1p_or_tweedie,True,False,False,True,True,True,True,True,0.7,drop_or_encode,near_constant,0.9854
50,BUREAU_ACTIVE_AMT_CREDIT_SUM_SUM,float64,217150,95921,44.17,121229,55.83,False,1.7,False,225000.0,3687,"[(np.float64(225000.0), 3687), (np.float64(135000.0), 3259), (np.float64(0.0), 3079)]",217150,225000.0,1.7,135000.0,1.5,"[('225000.0', 1.7), ('135000.0', 1.5), ('0.0', 1.42)]",False,Most frequent dominates with 1.7%,217150,90361,29.38,95921,very_high_cardinality,True,True,False,False,"target_encoding, hash_encoding, or embedding_layer","['481988.565', '358798.5', '2774133.0', '495732.78', '719865.0']",,,,,,,,,,,False,0.0,0.0,,,0.0,0.0,,,217150.0,0.0,334739700.0,334739700.0,1311231.0008,647924.4,2365917.5184,1.8043,234000.0,1525499.46,1291499.46,27.1161,2810.4556,3079.0,0.0,234000.0,1525499.46,1291499.46,-1703249.19,3462748.65,17751.0,8.1745,0.2938,1311231.0008,647924.4,2365917.5184,0.0,234000.0,1525499.46,334739700.0,1291499.46,27.1163,2810.5203,17751.0,0.0817,highly_skewed,variable,0.0,non_normal,90361.0,234000.0,1525499.46,1291499.46,-1703249.19,3462748.65,0.0,17751.0,17751.0,8.17,8673.0,3.99,-5786521.55,8408983.56,0.0,3464.0,3464.0,1.6,493128.9,20014.0,9.22,0.0,10069423.43,2172.0,1.0,2810.46,right_skewed,True,True,True,True,high,robust_scaling_or_transform,-1703249.19,3462748.65,heavy_tailed,log1p_or_quantile_transform,True,True,False,True,False,False,False,True,0.8,bin,"high_skew, high_outliers",0.0142
51,BUREAU_ACTIVE_DAYS_CREDIT_MAX,float64,217150,2907,1.34,214243,98.66,False,0.31,False,-91.0,669,"[(np.float64(-91.0), 669), (np.float64(-119.0), 605), (np.float64(-112.0), 598)]",217150,-91.0,0.31,-119.0,0.28,"[('-91.0', 0.31), ('-119.0', 0.28), ('-112.0', 0.28)]",False,Most frequent dominates with 0.31%,217150,90361,29.38,2907,very_high_cardinality,True,True,False,False,"target_encoding, hash_encoding, or embedding_layer","['-103.0', '-403.0', '-970.0', '-2411.0', '-1523.0']",,,,,,,,,,,False,0.0,0.0,,,0.0,0.0,,,217150.0,-2922.0,0.0,2922.0,-416.9322,-258.0,471.0662,1.1298,-514.0,-126.0,388.0,-2.5276,7.7294,3.0,217147.0,-514.0,-126.0,388.0,-1096.0,456.0,17347.0,7.9885,0.2938,-416.9322,-258.0,471.0662,-2922.0,-514.0,-126.0,0.0,388.0,-2.5276,7.7296,17347.0,0.0799,highly_skewed,variable,0.0,non_normal,90361.0,-514.0,-126.0,388.0,-1096.0,456.0,17347.0,0.0,17347.0,7.99,6236.0,2.87,-1830.13,996.27,5247.0,0.0,5247.0,2.42,160.0,17649.0,8.13,-2563.0,-13.0,4054.0,1.87,7.73,left_skewed,True,True,True,True,high,robust_scaling_or_transform,-1096.0,456.0,heavy_tailed,quantile_transform_or_robust_scaler,True,True,False,True,True,False,False,True,0.8,treat_as_categorical,"high_skew, high_outliers, discrete",0.0
52,BUREAU_ACTIVE_DAYS_CREDIT_MEAN,float64,217150,20978,9.66,196172,90.34,False,0.09,False,-147.0,198,"[(np.float64(-147.0), 198), (np.float64(-148.0), 192), (np.float64(-168.0), 190)]",217150,-147.0,0.09,-148.0,0.09,"[('-147.0', 0.09), ('-148.0', 0.09), ('-168.0', 0.09)]",False,Most frequent dominates with 0.09%,217150,90361,29.38,20978,very_high_cardinality,True,True,False,False,"target_encoding, hash_encoding, or embedding_layer","['-572.5', '-336.75', '-1052.25', '-245.4', '-1229.4']",,,,,,,,,,,False,0.0,0.0,,,0.0,0.0,,,217150.0,-2922.0,0.0,2922.0,-650.7898,-537.3095,495.7376,0.7617,-871.5,-294.425,577.075,-1.5833,3.3565,1.0,217149.0,-871.5,-294.425,577.075,-1737.1125,571.1875,7758.0,3.5726,0.2938,-650.7898,-537.3095,495.7376,-2922.0,-871.5,-294.425,0.0,577.075,-1.5833,3.3566,7758.0,0.0357,highly_skewed,variable,0.0,non_normal,90361.0,-871.5,-294.42,577.08,-1737.11,571.19,7758.0,0.0,7758.0,3.57,1980.0,0.91,-2138.0,836.42,4581.0,0.0,4581.0,2.11,275.31,5484.0,2.53,-2572.0,-33.0,4264.0,1.96,3.36,left_skewed,True,True,True,True,moderate,winsorize_lower_or_clip,-1737.11,571.19,heavy_tailed,quantile_transform_or_robust_scaler,True,False,True,True,False,False,False,True,0.8,bin,high_skew,0.0
53,BUREAU_ACTIVE_DAYS_CREDIT_MIN,float64,217150,2922,1.35,214228,98.65,False,0.11,False,-365.0,235,"[(np.float64(-365.0), 235), (np.float64(-343.0), 225), (np.float64(-357.0), 220)]",217150,-365.0,0.11,-343.0,0.1,"[('-365.0', 0.11), ('-343.0', 0.1), ('-357.0', 0.1)]",False,Most frequent dominates with 0.11%,217150,90361,29.38,2922,very_high_cardinality,True,True,False,False,"target_encoding, hash_encoding, or embedding_layer","['-1042.0', '-1427.0', '-1237.0', '-2400.0', '-2693.0']",,,,,,,,,,,False,0.0,0.0,,,0.0,0.0,,,217150.0,-2922.0,0.0,2922.0,-938.2148,-764.0,722.5796,0.7702,-1313.0,-366.0,947.0,-1.0038,0.2834,1.0,217149.0,-1313.0,-366.0,947.0,-2733.5,1054.5,5570.0,2.565,0.2938,-938.2148,-764.0,722.5796,-2922.0,-1313.0,-366.0,0.0,947.0,-1.0038,0.2835,5570.0,0.0257,highly_skewed,variable,0.0,non_normal,90361.0,-1313.0,-366.0,947.0,-2733.5,1054.5,5570.0,0.0,5570.0,2.57,0.0,0.0,-3105.95,1229.52,0.0,0.0,0.0,0.0,447.0,0.0,0.0,-2848.0,-34.0,4307.0,1.98,0.28,left_skewed,False,True,False,True,moderate,winsorize_lower_or_clip,-2733.5,1054.5,left_skewed,yeo_johnson_or_square_transform,True,False,True,True,True,False,False,True,0.5,treat_as_categorical,"high_skew, discrete",0.0
54,BUREAU_AMT_ANNUITY_MAX,float64,80009,23582,29.47,56427,70.53,False,24.67,False,0.0,19737,"[(np.float64(0.0), 19737), (np.float64(4500.0), 961), (np.float64(13500.0), 880)]",80009,0.0,24.67,4500.0,1.2,"[('0.0', 24.67), ('4500.0', 1.2), ('13500.0', 1.1)]",False,Most frequent dominates with 24.67%,80009,227502,73.98,23582,very_high_cardinality,True,True,False,False,"target_encoding, hash_encoding, or embedding_layer","['0.0', '4050.0', '37881.0', '4343.985', '2508.39']",,,,,,,,,,,False,0.0,0.0,,,0.0,0.0,,,80009.0,0.0,59586682.5,59586682.5,34838.4465,12491.19,514661.275,14.7728,450.0,27004.5,26554.5,87.2256,8815.3712,19737.0,0.0,450.0,27004.5,26554.5,-39381.75,66836.25,4882.0,6.1018,0.7398,34838.4465,12491.19,514661.275,0.0,450.0,27004.5,59586682.5,26554.5,87.2272,8815.9222,4882.0,0.061,highly_skewed,variable,0.0,non_normal,227502.0,450.0,27004.5,26554.5,-39381.75,66836.25,0.0,4882.0,4882.0,6.1,2136.0,2.67,-1509145.38,1578822.27,0.0,133.0,133.0,0.17,12491.19,3588.0,4.48,0.0,263417.4,801.0,1.0,8815.37,right_skewed,True,True,True,True,high,robust_scaling_or_transform,-39381.75,66836.25,heavy_tailed,log1p_or_quantile_transform,True,True,False,True,False,False,False,True,0.8,bin,"high_skew, high_outliers",0.2467
55,BUREAU_AMT_ANNUITY_MEAN,float64,80009,40563,50.7,39446,49.3,False,24.67,False,0.0,19737,"[(np.float64(0.0), 19737), (np.float64(4500.0), 607), (np.float64(13500.0), 379)]",80009,0.0,24.67,4500.0,0.76,"[('0.0', 24.67), ('4500.0', 0.76), ('13500.0', 0.47)]",False,Most frequent dominates with 24.67%,80009,227502,73.98,40563,very_high_cardinality,True,True,False,False,"target_encoding, hash_encoding, or embedding_layer","['0.0', '65250.0', '11756.997', '34748.835', '31990.5']",,,,,,,,,,,False,0.0,0.0,,,0.0,0.0,,,80009.0,0.0,27282428.7525,27282428.7525,16052.2473,6494.1621,170501.5626,10.6217,242.7632,15150.015,14907.2518,104.9236,14183.7344,19737.0,0.0,242.7632,15150.015,14907.2518,-22118.1146,37510.8928,5331.0,6.663,0.7398,16052.2473,6494.1621,170501.5626,0.0,242.7632,15150.015,27282428.7525,14907.2518,104.9256,14184.6209,5331.0,0.0666,highly_skewed,variable,0.0,non_normal,227502.0,242.76,15150.01,14907.25,-22118.11,37510.89,0.0,5331.0,5331.0,6.66,2281.0,2.85,-495452.44,527556.94,0.0,128.0,128.0,0.16,6494.16,4759.0,5.95,0.0,110523.06,801.0,1.0,14183.73,right_skewed,True,True,True,True,high,robust_scaling_or_transform,-22118.11,37510.89,heavy_tailed,log1p_or_quantile_transform,True,True,False,True,False,False,False,True,0.8,bin,"high_skew, high_outliers",0.2467
56,BUREAU_AMT_CREDIT_MAX_OVERDUE_MAX,float64,183886,44798,24.36,139088,75.64,False,61.69,False,0.0,113446,"[(np.float64(0.0), 113446), (np.float64(1440.0), 318), (np.float64(225.0), 229)]",183886,0.0,61.69,1440.0,0.17,"[('0.0', 61.69), ('1440.0', 0.17), ('225.0', 0.12)]",False,Most frequent dominates with 61.69%,183886,123625,40.2,44798,very_high_cardinality,True,True,False,False,"target_encoding, hash_encoding, or embedding_layer","['5043.645', '22882.5', '12739.5', '2883.15', '16518.69']",,,,,,,,,,,False,0.0,0.0,,,0.0,0.0,,,183886.0,0.0,115987185.0,115987185.0,9396.2256,0.0,367963.5743,39.1608,0.0,5928.7612,5928.7612,265.9243,77719.081,113446.0,0.0,0.0,5928.7612,5928.7612,-8893.1419,14821.9031,20126.0,10.9448,0.402,9396.2256,0.0,367963.5743,0.0,0.0,5928.7612,115987185.0,5928.7612,265.9265,77721.1943,20126.0,0.1094,highly_skewed,variable,0.0,non_normal,123625.0,0.0,5928.76,5928.76,-8893.14,14821.9,0.0,20126.0,20126.0,10.94,10802.0,5.87,-1094494.5,1113286.95,0.0,101.0,101.0,0.05,248191.43,87.0,0.05,0.0,75627.0,1838.0,1.0,77719.08,right_skewed,True,True,True,True,severe,consider_log_transform,-8893.14,14821.9,zero_inflated,log1p_or_tweedie,True,True,False,True,False,False,True,True,1.0,bin,"high_skew, high_outliers, zero_inflated",0.6169
57,BUREAU_AMT_CREDIT_MAX_OVERDUE_MEAN,float64,183886,55265,30.05,128621,69.95,False,61.69,False,0.0,113446,"[(np.float64(0.0), 113446), (np.float64(720.0), 116), (np.float64(4.5), 113)]",183886,0.0,61.69,720.0,0.06,"[('0.0', 61.69), ('720.0', 0.06), ('4.5', 0.06)]",False,Most frequent dominates with 61.69%,183886,123625,40.2,55265,very_high_cardinality,True,True,False,False,"target_encoding, hash_encoding, or embedding_layer","['1681.029', '12980.25', '1630.5075', '73.00800000000001', '531.7425']",,,,,,,,,,,False,0.0,0.0,,,0.0,0.0,,,183886.0,0.0,115987185.0,115987185.0,5242.425,0.0,306408.2496,58.4478,0.0,2124.0,2124.0,318.2773,114889.9773,113446.0,0.0,0.0,2124.0,2124.0,-3186.0,5310.0,25423.0,13.8254,0.402,5242.425,0.0,306408.2496,0.0,0.0,2124.0,115987185.0,2124.0,318.2799,114893.1013,25423.0,0.1383,highly_skewed,variable,0.0,non_normal,123625.0,0.0,2124.0,2124.0,-3186.0,5310.0,0.0,25423.0,25423.0,13.83,15608.0,8.49,-913982.32,924467.17,0.0,73.0,73.0,0.04,206672.36,65.0,0.04,0.0,41269.5,1838.0,1.0,114889.98,right_skewed,True,True,True,True,severe,consider_log_transform,-3186.0,5310.0,zero_inflated,log1p_or_tweedie,True,True,False,True,False,False,True,True,1.0,bin,"high_skew, high_outliers, zero_inflated",0.6169
58,BUREAU_AMT_CREDIT_SUM_DEBT_MAX,float64,256131,138943,54.25,117188,45.75,False,27.66,False,0.0,70847,"[(np.float64(0.0), 70847), (np.float64(225000.0), 137), (np.float64(135000.0), 128)]",256131,0.0,27.66,225000.0,0.05,"[('0.0', 27.66), ('225000.0', 0.05), ('135000.0', 0.05)]",False,Most frequent dominates with 27.66%,256131,51380,16.71,138943,very_high_cardinality,True,True,False,False,"target_encoding, hash_encoding, or embedding_layer","['245781.0', '194620.5', '2153074.5', '185229.0', '797575.5']",,,,,,,,,,,False,0.0,0.0,,,0.0,0.0,,,256131.0,-25959.645,170100000.0,170125959.645,521627.494,149458.5,1343224.4386,2.5751,0.0,495000.0,495000.0,16.1592,1147.385,70847.0,85.0,0.0,495000.0,495000.0,-742500.0,1237500.0,25756.0,10.0558,0.1671,521627.494,149458.5,1343224.4386,-25959.645,0.0,495000.0,170100000.0,495000.0,16.1593,1147.4074,25756.0,0.1006,highly_skewed,variable,0.0,non_normal,51380.0,0.0,495000.0,495000.0,-742500.0,1237500.0,0.0,25756.0,25756.0,10.06,14110.0,5.51,-3508045.82,4551300.81,0.0,4459.0,4459.0,1.74,149458.5,35449.0,13.84,0.0,6277685.4,2647.0,1.03,1147.39,right_skewed,True,True,True,True,severe,consider_log_transform,-742500.0,1237500.0,heavy_tailed,quantile_transform_or_robust_scaler,True,True,False,True,False,False,False,True,0.8,bin,"high_skew, high_outliers",0.2766
59,BUREAU_AMT_CREDIT_SUM_DEBT_MEAN,float64,256131,169324,66.11,86807,33.89,False,27.21,False,0.0,69689,"[(np.float64(0.0), 69689), (np.float64(45000.0), 46), (np.float64(22500.0), 42)]",256131,0.0,27.21,45000.0,0.02,"[('0.0', 27.21), ('45000.0', 0.02), ('22500.0', 0.02)]",False,Most frequent dominates with 27.21%,256131,51380,16.71,169324,very_high_cardinality,True,True,False,False,"target_encoding, hash_encoding, or embedding_layer","['49156.2', '98632.5', '3464892.0', '64177.45392857144', '122510.25']",,,,,,,,,,,False,0.0,0.0,,,0.0,0.0,,,256131.0,-1083614.67,43650000.0,44733614.67,160390.077,44208.035,526650.079,3.2836,0.0,142136.25,142136.25,19.609,852.6462,69689.0,1296.0,0.0,142136.25,142136.25,-213204.375,355340.625,25083.0,9.793,0.1671,160390.077,44208.035,526650.079,-1083614.67,0.0,142136.25,43650000.0,142136.25,19.6092,852.6628,25083.0,0.0979,highly_skewed,variable,0.0,non_normal,51380.0,0.0,142136.25,142136.25,-213204.38,355340.62,9.0,25074.0,25083.0,9.79,14018.0,5.47,-1419560.16,1740340.31,0.0,2987.0,2987.0,1.17,44208.04,33604.0,13.12,0.0,1935000.0,3856.0,1.51,852.65,right_skewed,True,True,True,True,high,robust_scaling_or_transform,-213204.38,355340.62,heavy_tailed,quantile_transform_or_robust_scaler,True,True,False,True,False,False,False,True,0.8,bin,"high_skew, high_outliers",0.2721
60,BUREAU_AMT_CREDIT_SUM_DEBT_SUM,float64,263491,154999,58.83,108492,41.17,False,29.24,False,0.0,77049,"[(np.float64(0.0), 77049), (np.float64(4.5), 112), (np.float64(135000.0), 61)]",263491,0.0,29.24,4.5,0.04,"[('0.0', 29.24), ('4.5', 0.04), ('135000.0', 0.02)]",False,Most frequent dominates with 29.24%,263491,44020,14.31,154999,very_high_cardinality,True,True,False,False,"target_encoding, hash_encoding, or embedding_layer","['245781.0', '278208.0', '432130.5', '108360.0', '167517.0']",,,,,,,,,,,False,0.0,0.0,,,0.0,0.0,,,263491.0,-6981558.21,334498331.205,341479889.415,640650.2566,169020.0,1633960.9322,2.5505,0.0,660062.115,660062.115,38.9055,6723.5158,77049.0,1296.0,0.0,660062.115,660062.115,-990093.1725,1650155.2875,25404.0,9.6413,0.1431,640650.2566,169020.0,1633960.9322,-6981558.21,0.0,660062.115,334498331.205,660062.115,38.9057,6723.6434,25404.0,0.0964,highly_skewed,variable,0.0,non_normal,44020.0,0.0,660062.11,660062.11,-990093.17,1650155.29,8.0,25396.0,25404.0,9.64,13305.0,5.05,-4261232.54,5542533.05,1.0,4293.0,4294.0,1.63,169020.0,43504.0,16.51,0.0,6999643.35,3931.0,1.49,6723.52,right_skewed,True,True,True,True,high,robust_scaling_or_transform,-990093.17,1650155.29,heavy_tailed,quantile_transform_or_robust_scaler,True,True,False,True,False,False,False,True,0.8,bin,"high_skew, high_outliers",0.2924
61,BUREAU_AMT_CREDIT_SUM_LIMIT_MAX,float64,242442,34311,14.15,208131,85.85,False,79.87,False,0.0,193649,"[(np.float64(0.0), 193649), (np.float64(135000.0), 1564), (np.float64(45000.0), 921)]",242442,0.0,79.87,135000.0,0.65,"[('0.0', 79.87), ('135000.0', 0.65), ('45000.0', 0.38)]",False,Most frequent dominates with 79.87%,242442,65069,21.16,34311,very_high_cardinality,True,True,False,False,"target_encoding, hash_encoding, or embedding_layer","['31988.565', '329151.87', '58455.0', '391078.755', '5827.5']",,,,,,,,,,,False,0.0,0.0,,,0.0,0.0,,,242442.0,-1747.035,4705600.32,4707347.355,22280.6383,0.0,85261.27,3.8267,0.0,0.0,0.0,9.5329,229.7414,193649.0,1.0,0.0,0.0,0.0,0.0,0.0,48793.0,20.1256,0.2116,22280.6383,0.0,85261.27,-1747.035,0.0,0.0,4705600.32,0.0,9.5329,229.7462,0.0,0.0,highly_skewed,variable,0.0,non_normal,65069.0,0.0,0.0,0.0,0.0,0.0,1.0,48792.0,48793.0,20.13,48793.0,20.13,-233503.17,278064.45,0.0,5231.0,5231.0,2.16,57508.73,4704.0,1.94,0.0,424286.96,2426.0,1.0,229.74,right_skewed,True,True,True,True,severe,consider_log_transform,0.0,0.0,zero_inflated,yeo_johnson_power_transform,True,True,False,True,False,False,True,True,0.7,bin,"high_skew, zero_inflated",0.7987
62,BUREAU_AMT_CREDIT_SUM_LIMIT_MEAN,float64,242442,38928,16.06,203514,83.94,False,79.85,False,0.0,193590,"[(np.float64(0.0), 193590), (np.float64(22500.0), 458), (np.float64(45000.0), 327)]",242442,0.0,79.85,22500.0,0.19,"[('0.0', 79.85), ('22500.0', 0.19), ('45000.0', 0.13)]",False,Most frequent dominates with 79.85%,242442,65069,21.16,38928,very_high_cardinality,True,True,False,False,"target_encoding, hash_encoding, or embedding_layer","['7997.14125', '33504.75', '2093.27', '4064.9025', '885.7221428571429']",,,,,,,,,,,False,0.0,0.0,,,0.0,0.0,,,242442.0,-97891.6613,4500000.0,4597891.6612,5901.4756,0.0,30091.6563,5.099,0.0,0.0,0.0,28.011,2554.7702,193590.0,127.0,0.0,0.0,0.0,0.0,0.0,48852.0,20.15,0.2116,5901.4756,0.0,30091.6563,-97891.6612,0.0,0.0,4500000.0,0.0,28.0111,2554.8229,0.0,0.0,highly_skewed,variable,0.0,non_normal,65069.0,0.0,0.0,0.0,0.0,0.0,127.0,48725.0,48852.0,20.15,48852.0,20.15,-84373.49,96176.44,1.0,3252.0,3253.0,1.34,20296.82,2817.0,1.16,0.0,112811.07,2552.0,1.05,2554.77,right_skewed,True,True,True,True,severe,consider_log_transform,0.0,0.0,zero_inflated,yeo_johnson_power_transform,True,True,False,True,False,False,True,True,0.7,bin,"high_skew, zero_inflated",0.7985
63,BUREAU_AMT_CREDIT_SUM_LIMIT_SUM,float64,263491,37278,14.15,226213,85.85,False,81.46,False,0.0,214639,"[(np.float64(0.0), 214639), (np.float64(135000.0), 1031), (np.float64(45000.0), 728)]",263491,0.0,81.46,135000.0,0.39,"[('0.0', 81.46), ('135000.0', 0.39), ('45000.0', 0.28)]",False,Most frequent dominates with 81.46%,263491,44020,14.31,37278,very_high_cardinality,True,True,False,False,"target_encoding, hash_encoding, or embedding_layer","['31988.565', '131321.205', '683.865', '52049.7', '159499.53']",,,,,,,,,,,False,0.0,0.0,,,0.0,0.0,,,263491.0,-579854.115,8129328.21,8709182.325,23563.4747,0.0,100133.6115,4.2495,0.0,0.0,0.0,11.9082,400.0655,214639.0,127.0,0.0,0.0,0.0,0.0,0.0,48852.0,18.5403,0.1431,23563.4747,0.0,100133.6115,-579854.115,0.0,0.0,8129328.21,0.0,11.9082,400.0731,0.0,0.0,highly_skewed,variable,0.0,non_normal,44020.0,0.0,0.0,0.0,0.0,0.0,127.0,48725.0,48852.0,18.54,48852.0,18.54,-276837.36,323964.31,3.0,5323.0,5326.0,2.02,67540.12,4695.0,1.78,0.0,455037.54,2762.0,1.05,400.07,right_skewed,True,True,True,True,severe,consider_log_transform,0.0,0.0,zero_inflated,yeo_johnson_power_transform,True,True,False,True,False,False,True,True,0.7,bin,"high_skew, zero_inflated",0.8146
64,BUREAU_AMT_CREDIT_SUM_MAX,float64,263490,65160,24.73,198330,75.27,False,3.41,False,450000.0,8978,"[(np.float64(450000.0), 8978), (np.float64(225000.0), 8878), (np.float64(675000.0), 6506)]",263490,450000.0,3.41,225000.0,3.37,"[('450000.0', 3.41), ('225000.0', 3.37), ('675000.0', 2.47)]",False,Most frequent dominates with 3.41%,263490,44021,14.32,65160,very_high_cardinality,True,True,False,False,"target_encoding, hash_encoding, or embedding_layer","['450000.0', '42484.5', '2609302.5', '1932120.0', '165212.91']",,,,,,,,,,,False,0.0,0.0,,,0.0,0.0,,,263490.0,0.0,396000000.0,396000000.0,976004.1487,450000.0,2087565.9052,2.1389,180000.0,1043914.5,863914.5,39.5001,5517.2854,1082.0,0.0,180000.0,1043914.5,863914.5,-1115871.75,2339786.25,23469.0,8.907,0.1432,976004.1487,450000.0,2087565.9052,0.0,180000.0,1043914.5,396000000.0,863914.5,39.5003,5517.3901,23469.0,0.0891,highly_skewed,variable,0.0,non_normal,44021.0,180000.0,1043914.5,863914.5,-1115871.75,2339786.25,0.0,23469.0,23469.0,8.91,12390.0,4.7,-5286693.57,7238701.86,0.0,3795.0,3795.0,1.44,317700.0,28495.0,10.81,19350.0,8550000.0,5263.0,2.0,5517.29,right_skewed,True,True,True,True,high,robust_scaling_or_transform,-1115871.75,2339786.25,heavy_tailed,log1p_or_quantile_transform,True,True,False,True,False,False,False,True,0.8,bin,"high_skew, high_outliers",0.0041
65,BUREAU_AMT_CREDIT_SUM_MEAN,float64,263490,209581,79.54,53909,20.46,False,0.52,False,225000.0,1377,"[(np.float64(225000.0), 1377), (np.float64(135000.0), 1222), (np.float64(0.0), 1082)]",263490,225000.0,0.52,135000.0,0.46,"[('225000.0', 0.52), ('135000.0', 0.46), ('0.0', 0.41)]",False,Most frequent dominates with 0.52%,263490,44021,14.32,209581,very_high_cardinality,True,True,False,False,"target_encoding, hash_encoding, or embedding_layer","['108131.945625', '151350.345', '128355.0', '56641.5', '664159.5']",,,,,,,,,,,False,0.0,0.0,,,0.0,0.0,,,263490.0,0.0,198072344.25,198072344.25,378080.2008,195507.1841,891673.1162,2.3584,103500.0,394116.2201,290616.2201,67.623,12028.7465,1082.0,0.0,103500.0,394116.2201,290616.2201,-332424.3302,830040.5503,24086.0,9.1411,0.1432,378080.2008,195507.1841,891673.1162,0.0,103500.0,394116.2201,198072344.25,290616.2201,67.6234,12028.9748,24086.0,0.0914,highly_skewed,variable,0.0,non_normal,44021.0,103500.0,394116.22,290616.22,-332424.33,830040.55,0.0,24086.0,24086.0,9.14,12466.0,4.73,-2296939.15,3053099.55,0.0,2516.0,2516.0,0.95,114551.59,25835.0,9.8,17432.01,2973525.9,5270.0,2.0,12028.75,right_skewed,True,True,True,True,high,robust_scaling_or_transform,-332424.33,830040.55,heavy_tailed,log1p_or_quantile_transform,True,True,False,True,False,False,False,True,0.8,bin,"high_skew, high_outliers",0.0041
66,BUREAU_AMT_CREDIT_SUM_OVERDUE_MAX,float64,263491,1203,0.46,262288,99.54,False,98.73,True,0.0,260157,"[(np.float64(0.0), 260157), (np.float64(4.5), 265), (np.float64(9.0), 96)]",263491,0.0,98.73,4.5,0.1,"[('0.0', 98.73), ('4.5', 0.1), ('9.0', 0.04)]",True,Appears uniformly dominated,263491,44020,14.31,1203,very_high_cardinality,True,True,False,False,"target_encoding, hash_encoding, or embedding_layer","['0.0', '12024.0', '14445.0', '18054.0', '11875.5']",,,,,,,,,,,False,0.0,0.0,,,0.0,0.0,,,263491.0,0.0,3756681.0,3756681.0,184.9702,0.0,14388.2402,77.7868,0.0,0.0,0.0,178.4186,39601.7116,260157.0,0.0,0.0,0.0,0.0,0.0,0.0,3334.0,1.2653,0.1431,184.9702,0.0,14388.2402,0.0,0.0,0.0,3756681.0,0.0,178.4196,39602.4631,0.0,0.0,highly_skewed,variable,0.0,non_normal,44020.0,0.0,0.0,0.0,0.0,0.0,0.0,3334.0,3334.0,1.27,3334.0,1.27,-42979.75,43349.69,0.0,144.0,144.0,0.05,9704.87,124.0,0.05,0.0,31.5,2603.0,0.99,39601.71,right_skewed,True,True,True,True,moderate,log_transform_or_winsorize,0.0,0.0,zero_inflated,log1p_or_tweedie,True,False,False,True,True,True,True,True,0.7,drop_or_encode,near_constant,0.9873
67,BUREAU_AMT_CREDIT_SUM_OVERDUE_MEAN,float64,263491,1872,0.71,261619,99.29,False,98.73,True,0.0,260157,"[(np.float64(0.0), 260157), (np.float64(4.5), 60), (np.float64(2.25), 48)]",263491,0.0,98.73,4.5,0.02,"[('0.0', 98.73), ('4.5', 0.02), ('2.25', 0.02)]",True,Appears uniformly dominated,263491,44020,14.31,1872,very_high_cardinality,True,True,False,False,"target_encoding, hash_encoding, or embedding_layer","['0.0', '7545.5', '21.857142857142858', '2092.5', '22407.0']",,,,,,,,,,,False,0.0,0.0,,,0.0,0.0,,,263491.0,0.0,1617403.5,1617403.5,49.5493,0.0,5291.7346,106.7974,0.0,0.0,0.0,218.3496,55996.2373,260157.0,0.0,0.0,0.0,0.0,0.0,0.0,3334.0,1.2653,0.1431,49.5493,0.0,5291.7346,0.0,0.0,0.0,1617403.5,0.0,218.3509,55997.2999,0.0,0.0,highly_skewed,variable,0.0,non_normal,44020.0,0.0,0.0,0.0,0.0,0.0,0.0,3334.0,3334.0,1.27,3334.0,1.27,-15825.65,15924.75,0.0,78.0,78.0,0.03,3569.27,72.0,0.03,0.0,4.5,2627.0,1.0,55996.24,right_skewed,True,True,True,True,moderate,log_transform_or_winsorize,0.0,0.0,zero_inflated,log1p_or_tweedie,True,False,False,True,True,True,True,True,0.7,drop_or_encode,near_constant,0.9873
68,BUREAU_AMT_CREDIT_SUM_OVERDUE_SUM,float64,263491,1218,0.46,262273,99.54,False,98.73,True,0.0,260157,"[(np.float64(0.0), 260157), (np.float64(4.5), 263), (np.float64(9.0), 94)]",263491,0.0,98.73,4.5,0.1,"[('0.0', 98.73), ('4.5', 0.1), ('9.0', 0.04)]",True,Appears uniformly dominated,263491,44020,14.31,1218,very_high_cardinality,True,True,False,False,"target_encoding, hash_encoding, or embedding_layer","['0.0', '9099.0', '14445.0', '19408.5', '40910.625']",,,,,,,,,,,False,0.0,0.0,,,0.0,0.0,,,263491.0,0.0,3756681.0,3756681.0,223.0343,0.0,16497.1933,73.9671,0.0,0.0,0.0,152.5789,28188.9602,260157.0,0.0,0.0,0.0,0.0,0.0,0.0,3334.0,1.2653,0.1431,223.0343,0.0,16497.1933,0.0,0.0,0.0,3756681.0,0.0,152.5798,28189.4952,0.0,0.0,highly_skewed,variable,0.0,non_normal,44020.0,0.0,0.0,0.0,0.0,0.0,0.0,3334.0,3334.0,1.27,3334.0,1.27,-49268.55,49714.61,0.0,154.0,154.0,0.06,11127.36,135.0,0.05,0.0,31.5,2608.0,0.99,28188.96,right_skewed,True,True,True,True,moderate,log_transform_or_winsorize,0.0,0.0,zero_inflated,log1p_or_tweedie,True,False,False,True,True,True,True,True,0.7,drop_or_encode,near_constant,0.9873
69,BUREAU_AMT_CREDIT_SUM_SUM,float64,263491,205630,78.04,57861,21.96,False,0.51,False,225000.0,1351,"[(np.float64(225000.0), 1351), (np.float64(135000.0), 1142), (np.float64(0.0), 1083)]",263491,225000.0,0.51,135000.0,0.43,"[('225000.0', 0.51), ('135000.0', 0.43), ('0.0', 0.41)]",False,Most frequent dominates with 0.51%,263491,44020,14.31,205630,very_high_cardinality,True,True,False,False,"target_encoding, hash_encoding, or embedding_layer","['865055.565', '1044722.295', '581160.78', '1341332.325', '1273239.0']",,,,,,,,,,,False,0.0,0.0,,,0.0,0.0,,,263491.0,0.0,1017957917.385,1017957917.385,1955806.5861,961704.0,4101727.7817,2.0972,343377.27,2297720.7,1954343.43,75.8864,15688.33,1083.0,0.0,343377.27,2297720.7,1954343.43,-2588137.875,5229235.845,21991.0,8.346,0.1431,1955806.5861,961704.0,4101727.7817,0.0,343377.27,2297720.7,1017957917.385,1954343.43,75.8869,15688.6278,21991.0,0.0835,highly_skewed,variable,0.0,non_normal,44020.0,343377.27,2297720.7,1954343.43,-2588137.88,5229235.85,0.0,21991.0,21991.0,8.35,9719.0,3.69,-10349376.76,14260989.93,0.0,2561.0,2561.0,0.97,747981.0,24893.0,9.45,20790.0,14113076.85,5268.0,2.0,15688.33,right_skewed,True,True,True,True,high,robust_scaling_or_transform,-2588137.88,5229235.85,heavy_tailed,log1p_or_quantile_transform,True,True,False,True,False,False,False,True,0.8,bin,"high_skew, high_outliers",0.0041
70,BUREAU_BB_MONTHS_BALANCE_MAX_MEAN,float64,92231,3958,4.29,88273,95.71,False,36.38,False,0.0,33550,"[(np.float64(0.0), 33550), (np.float64(-1.0), 921), (np.float64(-2.0), 754)]",92231,0.0,36.38,-1.0,1.0,"[('0.0', 36.38), ('-1.0', 1.0), ('-2.0', 0.82)]",False,Most frequent dominates with 36.38%,92231,215280,70.01,3958,very_high_cardinality,True,True,False,False,"target_encoding, hash_encoding, or embedding_layer","['-15.5', '-27.75', '-4.1', '-21.53846153846154', '-18.764705882352946']",,,,,,,,,,,False,0.0,0.0,,,0.0,0.0,,,92231.0,-92.0,0.0,92.0,-7.7462,-4.0,10.4258,1.3459,-12.0,0.0,12.0,-2.2256,7.3924,33550.0,58681.0,-12.0,0.0,12.0,-30.0,18.0,3696.0,4.0073,0.7001,-7.7462,-4.0,10.4258,-92.0,-12.0,0.0,0.0,12.0,-2.2256,7.3929,3696.0,0.0401,highly_skewed,variable,0.0,non_normal,215280.0,-12.0,0.0,12.0,-30.0,18.0,3696.0,0.0,3696.0,4.01,806.0,0.87,-39.02,23.53,1678.0,0.0,1678.0,1.82,4.0,6172.0,6.69,-46.48,0.0,923.0,1.0,7.39,left_skewed,True,True,True,True,moderate,winsorize_lower_or_clip,-30.0,18.0,heavy_tailed,quantile_transform_or_robust_scaler,True,False,True,True,True,False,False,True,1.0,treat_as_categorical,"high_skew, discrete",0.3638
71,BUREAU_BB_MONTHS_BALANCE_MIN_MEAN,float64,92231,5715,6.2,86516,93.8,False,0.68,False,-17.0,629,"[(np.float64(-17.0), 629), (np.float64(-19.0), 623), (np.float64(-13.0), 619)]",92231,-17.0,0.68,-19.0,0.68,"[('-17.0', 0.68), ('-19.0', 0.68), ('-13.0', 0.67)]",False,Most frequent dominates with 0.68%,92231,215280,70.01,5715,very_high_cardinality,True,True,False,False,"target_encoding, hash_encoding, or embedding_layer","['-28.25', '-16.625', '-66.57142857142857', '-51.36363636363637', '-17.44']",,,,,,,,,,,False,0.0,0.0,,,0.0,0.0,,,92231.0,-96.0,0.0,96.0,-34.2234,-33.0,17.8152,0.5206,-45.2222,-21.0,24.2222,-0.5379,0.2386,185.0,92046.0,-45.2222,-21.0,24.2222,-81.5556,15.3333,1447.0,1.5689,0.7001,-34.2234,-33.0,17.8152,-96.0,-45.2222,-21.0,0.0,24.2222,-0.5379,0.2387,1447.0,0.0157,moderately_skewed,variable,0.0,non_normal,215280.0,-45.22,-21.0,24.22,-81.56,15.33,1447.0,0.0,1447.0,1.57,0.0,0.0,-87.67,19.22,652.0,0.0,652.0,0.71,12.0,3.0,0.0,-86.0,-2.5,1727.0,1.87,0.24,moderate_deviation,False,True,False,True,moderate,winsorize_lower_or_clip,-81.56,15.33,approximately_normal,none_or_standard_scaler,False,False,False,True,False,False,False,False,0.5,keep_continuous,no_strong_signal,0.002
72,BUREAU_BB_MONTHS_BALANCE_SIZE_MEAN,float64,92231,5673,6.15,86558,93.85,False,1.04,False,8.0,955,"[(np.float64(8.0), 955), (np.float64(9.0), 938), (np.float64(12.0), 934)]",92231,8.0,1.04,9.0,1.02,"[('8.0', 1.04), ('9.0', 1.02), ('12.0', 1.01)]",False,Most frequent dominates with 1.04%,92231,215280,70.01,5673,very_high_cardinality,True,True,False,False,"target_encoding, hash_encoding, or embedding_layer","['13.75', '15.545454545454543', '53.90909090909091', '28.176470588235293', '41.59090909090909']",,,,,,,,,,,False,0.0,0.0,,,0.0,0.0,,,92231.0,1.0,97.0,96.0,27.4772,24.75,16.8277,0.6124,15.0,37.0,22.0,0.9974,1.1679,0.0,0.0,15.0,37.0,22.0,-18.0,70.0,2130.0,2.3094,0.7001,27.4772,24.75,16.8277,1.0,15.0,37.0,97.0,22.0,0.9974,1.168,2130.0,0.0231,moderately_skewed,variable,0.0,non_normal,215280.0,15.0,37.0,22.0,-18.0,70.0,0.0,2130.0,2130.0,2.31,0.0,0.0,-23.01,77.96,0.0,1349.0,1349.0,1.46,10.75,1087.0,1.18,2.4,82.0,1824.0,1.98,1.17,moderate_deviation,True,True,True,True,moderate,winsorize_upper_or_clip,-18.0,70.0,approximately_normal,none_or_standard_scaler,False,False,True,True,False,False,False,True,0.5,bin,high_skew,0.0
73,BUREAU_BB_STATUS_0_MEAN_MEAN,float64,92231,60195,65.27,32036,34.73,False,3.35,False,1.0,3088,"[(np.float64(1.0), 3088), (np.float64(0.0), 2432), (np.float64(0.5), 932)]",92231,1.0,3.35,0.0,2.64,"[('1.0', 3.35), ('0.0', 2.64), ('0.5', 1.01)]",False,Most frequent dominates with 3.35%,92231,215280,70.01,60195,very_high_cardinality,True,True,False,False,"target_encoding, hash_encoding, or embedding_layer","['0.4069602272727273', '0.3993930905695611', '0.5890688259109311', '0.1410138248847926', '0.3790598290598291']",,,,,,,,,,,False,0.0,0.0,,,0.0,0.0,,,92231.0,0.0,1.0,1.0,0.4571,0.4364,0.2565,0.5611,0.2625,0.6316,0.3691,0.2931,-0.6525,2432.0,0.0,0.2625,0.6316,0.3691,-0.2911,1.1852,0.0,0.0,0.7001,0.4571,0.4364,0.2565,0.0,0.2625,0.6316,1.0,0.3691,0.2931,-0.6525,0.0,0.0,approximately_symmetric,variable,0.0,non_normal,215280.0,0.26,0.63,0.37,-0.29,1.19,0.0,0.0,0.0,0.0,0.0,0.0,-0.31,1.23,0.0,0.0,0.0,0.0,0.18,0.0,0.0,0.0,1.0,0.0,0.0,-0.65,approximately_normal,False,False,False,False,none,none_needed,-0.29,1.19,approximately_normal,none_or_standard_scaler,False,False,False,True,False,False,False,False,0.2,keep_continuous,no_strong_signal,0.0264
74,BUREAU_BB_STATUS_1_MEAN_MEAN,float64,92231,13162,14.27,79069,85.73,False,67.38,False,0.0,62145,"[(np.float64(0.0), 62145), (np.float64(0.0416666666666666), 209), (np.float64(0.0833333333333333), 201)]",92231,0.0,67.38,0.0416666666666666,0.23,"[('0.0', 67.38), ('0.0416666666666666', 0.23), ('0.0833333333333333', 0.22)]",False,Most frequent dominates with 67.38%,92231,215280,70.01,13162,very_high_cardinality,True,True,False,False,"target_encoding, hash_encoding, or embedding_layer","['0.2556818181818182', '0.0377272727272727', '0.0335353535353535', '0.049537037037037', '0.0667569786535303']",,,,,,,,,,,False,0.0,0.0,,,0.0,0.0,,,92231.0,0.0,0.8333,0.8333,0.0142,0.0,0.0417,2.9356,0.0,0.0083,0.0083,6.233,58.327,62145.0,0.0,0.0,0.0083,0.0083,-0.0125,0.0208,15466.0,16.7688,0.7001,0.0142,0.0,0.0417,0.0,0.0,0.0083,0.8333,0.0083,6.2331,58.3302,15466.0,0.1677,highly_skewed,variable,0.0,non_normal,215280.0,0.0,0.01,0.01,-0.01,0.02,0.0,15466.0,15466.0,16.77,11050.0,11.98,-0.11,0.14,0.0,1934.0,1934.0,2.1,0.03,1760.0,1.91,0.0,0.2,888.0,0.96,58.33,right_skewed,True,True,True,True,severe,consider_log_transform,-0.01,0.02,zero_inflated,log1p_or_tweedie,True,True,False,True,False,False,True,True,1.0,bin,"high_skew, high_outliers, zero_inflated",0.6738
75,BUREAU_BB_STATUS_2_MEAN_MEAN,float64,92231,2759,2.99,89472,97.01,False,93.79,False,0.0,86505,"[(np.float64(0.0), 86505), (np.float64(0.0166666666666666), 36), (np.float64(0.0119047619047619), 33)]",92231,0.0,93.79,0.0166666666666666,0.04,"[('0.0', 93.79), ('0.0166666666666666', 0.04), ('0.0119047619047619', 0.04)]",False,Most frequent dominates with 93.79%,92231,215280,70.01,2759,very_high_cardinality,True,True,False,False,"target_encoding, hash_encoding, or embedding_layer","['0.0', '0.0053649749373433', '0.002219755826859', '0.0722002635046113', '0.0046082949308755']",,,,,,,,,,,False,0.0,0.0,,,0.0,0.0,,,92231.0,0.0,0.2407,0.2407,0.001,0.0,0.0069,6.7643,0.0,0.0,0.0,13.2458,252.6571,86505.0,0.0,0.0,0.0,0.0,0.0,0.0,5726.0,6.2083,0.7001,0.001,0.0,0.0069,0.0,0.0,0.0,0.2407,0.0,13.2461,252.6708,0.0,0.0,highly_skewed,variable,0.0,non_normal,215280.0,0.0,0.0,0.0,0.0,0.0,0.0,5726.0,5726.0,6.21,5726.0,6.21,-0.02,0.02,0.0,1277.0,1277.0,1.38,0.0,1135.0,1.23,0.0,0.03,911.0,0.99,252.66,right_skewed,True,True,True,True,high,robust_scaling_or_transform,0.0,0.0,zero_inflated,log1p_or_tweedie,True,True,False,True,True,False,True,True,0.7,treat_as_categorical,"high_skew, zero_inflated, discrete",0.9379
76,BUREAU_BB_STATUS_3_MEAN_MEAN,float64,92231,1455,1.58,90776,98.42,False,97.02,True,0.0,89486,"[(np.float64(0.0), 89486), (np.float64(0.0138888888888888), 19), (np.float64(0.0166666666666666), 15)]",92231,0.0,97.02,0.0138888888888888,0.02,"[('0.0', 97.02), ('0.0138888888888888', 0.02), ('0.0166666666666666', 0.02)]",False,Most frequent dominates with 97.02%,92231,215280,70.01,1455,very_high_cardinality,True,True,False,False,"target_encoding, hash_encoding, or embedding_layer","['0.0', '0.0221408221408221', '0.0040322580645161', '0.0454545454545454', '0.0188914027149321']",,,,,,,,,,,False,0.0,0.0,,,0.0,0.0,,,92231.0,0.0,0.4,0.4,0.0004,0.0,0.0037,9.6271,0.0,0.0,0.0,27.4234,1783.3113,89486.0,0.0,0.0,0.0,0.0,0.0,0.0,2745.0,2.9762,0.7001,0.0004,0.0,0.0037,0.0,0.0,0.0,0.4,0.0,27.4238,1783.4081,0.0,0.0,highly_skewed,variable,0.0,non_normal,215280.0,0.0,0.0,0.0,0.0,0.0,0.0,2745.0,2745.0,2.98,2745.0,2.98,-0.01,0.01,0.0,1004.0,1004.0,1.09,0.0,851.0,0.92,0.0,0.01,913.0,0.99,1783.31,right_skewed,True,True,True,True,moderate,log_transform_or_winsorize,0.0,0.0,zero_inflated,log1p_or_tweedie,True,False,True,True,True,True,True,True,0.7,drop_or_encode,near_constant,0.9702
77,BUREAU_BB_STATUS_4_MEAN_MEAN,float64,92231,1122,1.22,91109,98.78,False,97.8,True,0.0,90204,"[(np.float64(0.0), 90204), (np.float64(0.0052083333333333), 12), (np.float64(0.0125), 12)]",92231,0.0,97.8,0.0052083333333333,0.01,"[('0.0', 97.8), ('0.0052083333333333', 0.01), ('0.0125', 0.01)]",False,Most frequent dominates with 97.8%,92231,215280,70.01,1122,very_high_cardinality,True,True,False,False,"target_encoding, hash_encoding, or embedding_layer","['0.0', '0.0027548209366391', '0.0245408009635651', '0.0227732793522267', '0.0127579365079365']",,,,,,,,,,,False,0.0,0.0,,,0.0,0.0,,,92231.0,0.0,0.1667,0.1667,0.0003,0.0,0.0027,10.5181,0.0,0.0,0.0,20.5794,667.6583,90204.0,0.0,0.0,0.0,0.0,0.0,0.0,2027.0,2.1977,0.7001,0.0003,0.0,0.0027,0.0,0.0,0.0,0.1667,0.0,20.5798,667.6945,0.0,0.0,highly_skewed,variable,0.0,non_normal,215280.0,0.0,0.0,0.0,0.0,0.0,0.0,2027.0,2027.0,2.2,2027.0,2.2,-0.01,0.01,0.0,893.0,893.0,0.97,0.0,815.0,0.88,0.0,0.01,923.0,1.0,667.66,right_skewed,True,True,True,True,moderate,log_transform_or_winsorize,0.0,0.0,zero_inflated,log1p_or_tweedie,True,False,True,True,True,True,True,True,0.7,drop_or_encode,near_constant,0.978
78,BUREAU_BB_STATUS_5_MEAN_MEAN,float64,92231,1632,1.77,90599,98.23,False,97.61,True,0.0,90025,"[(np.float64(0.0), 90025), (np.float64(0.0192307692307692), 10), (np.float64(0.0277777777777777), 10)]",92231,0.0,97.61,0.0192307692307692,0.01,"[('0.0', 97.61), ('0.0192307692307692', 0.01), ('0.0277777777777777', 0.01)]",False,Most frequent dominates with 97.61%,92231,215280,70.01,1632,very_high_cardinality,True,True,False,False,"target_encoding, hash_encoding, or embedding_layer","['0.0', '0.3780501089324619', '0.0164609053497942', '0.0206456456456456', '0.040099839185205']",,,,,,,,,,,False,0.0,0.0,,,0.0,0.0,,,92231.0,0.0,1.0,1.0,0.0022,0.0,0.026,11.671,0.0,0.0,0.0,19.0344,452.1236,90025.0,0.0,0.0,0.0,0.0,0.0,0.0,2206.0,2.3918,0.7001,0.0022,0.0,0.026,0.0,0.0,0.0,1.0,0.0,19.0348,452.1482,0.0,0.0,highly_skewed,variable,0.0,non_normal,215280.0,0.0,0.0,0.0,0.0,0.0,0.0,2206.0,2206.0,2.39,2206.0,2.39,-0.08,0.08,0.0,701.0,701.0,0.76,0.02,633.0,0.69,0.0,0.05,922.0,1.0,452.12,right_skewed,True,True,True,True,moderate,log_transform_or_winsorize,0.0,0.0,zero_inflated,log1p_or_tweedie,True,False,True,True,True,True,True,True,0.7,drop_or_encode,near_constant,0.9761
79,BUREAU_BB_STATUS_BAD_FLAG_MEAN_MEAN,float64,92231,14129,15.32,78102,84.68,False,66.33,False,0.0,61179,"[(np.float64(0.0), 61179), (np.float64(0.0416666666666666), 216), (np.float64(0.0833333333333333), 213)]",92231,0.0,66.33,0.0416666666666666,0.23,"[('0.0', 66.33), ('0.0416666666666666', 0.23), ('0.0833333333333333', 0.23)]",False,Most frequent dominates with 66.33%,92231,215280,70.01,14129,very_high_cardinality,True,True,False,False,"target_encoding, hash_encoding, or embedding_layer","['0.2556818181818182', '0.0651515151515151', '0.0112612612612612', '0.0049939951357582', '0.0197628458498023']",,,,,,,,,,,False,0.0,0.0,,,0.0,0.0,,,92231.0,0.0,1.0,1.0,0.0181,0.0,0.055,3.038,0.0,0.0102,0.0102,6.5994,63.7905,61179.0,0.0,0.0,0.0102,0.0102,-0.0153,0.0255,15222.0,16.5042,0.7001,0.0181,0.0,0.055,0.0,0.0,0.0102,1.0,0.0102,6.5996,63.794,15222.0,0.165,highly_skewed,variable,0.0,non_normal,215280.0,0.0,0.01,0.01,-0.02,0.03,0.0,15222.0,15222.0,16.5,11077.0,12.01,-0.15,0.18,0.0,1848.0,1848.0,2.0,0.04,1700.0,1.84,0.0,0.26,923.0,1.0,63.79,right_skewed,True,True,True,True,severe,consider_log_transform,-0.02,0.03,zero_inflated,log1p_or_tweedie,True,True,False,True,False,False,True,True,1.0,bin,"high_skew, high_outliers, zero_inflated",0.6633
80,BUREAU_BB_STATUS_BAD_FLAG_SUM_MEAN,float64,92231,907,0.98,91324,99.02,False,66.33,False,0.0,61179,"[(np.float64(0.0), 61179), (np.float64(1.0), 2888), (np.float64(0.5), 2198)]",92231,0.0,66.33,1.0,3.13,"[('0.0', 66.33), ('1.0', 3.13), ('0.5', 2.38)]",False,Most frequent dominates with 66.33%,92231,215280,70.01,907,very_high_cardinality,True,True,False,False,"target_encoding, hash_encoding, or embedding_layer","['3.375', '37.0', '5.2', '0.1851851851851851', '45.0']",,,,,,,,,,,False,0.0,0.0,,,0.0,0.0,,,92231.0,0.0,89.0,89.0,0.4952,0.0,2.0371,4.1134,0.0,0.2727,0.2727,14.1293,323.125,61179.0,0.0,0.0,0.2727,0.2727,-0.4091,0.6818,14093.0,15.2801,0.7001,0.4952,0.0,2.0371,0.0,0.0,0.2727,89.0,0.2727,14.1295,323.1426,14093.0,0.1528,highly_skewed,variable,0.0,non_normal,215280.0,0.0,0.27,0.27,-0.41,0.68,0.0,14093.0,14093.0,15.28,9034.0,9.79,-5.62,6.61,0.0,1096.0,1096.0,1.19,1.37,958.0,1.04,0.0,7.43,922.0,1.0,323.13,right_skewed,True,True,True,True,severe,consider_log_transform,-0.41,0.68,zero_inflated,log1p_or_tweedie,True,True,False,True,True,True,True,True,1.0,drop_or_encode,near_constant,0.6633
81,BUREAU_BB_STATUS_C_FLAG_MEAN_MEAN,float64,92231,50576,54.84,41655,45.16,False,20.15,False,0.0,18588,"[(np.float64(0.0), 18588), (np.float64(0.3333333333333333), 371), (np.float64(0.25), 348)]",92231,0.0,20.15,0.3333333333333333,0.4,"[('0.0', 20.15), ('0.3333333333333333', 0.4), ('0.25', 0.38)]",False,Most frequent dominates with 20.15%,92231,215280,70.01,50576,very_high_cardinality,True,True,False,False,"target_encoding, hash_encoding, or embedding_layer","['0.1754261363636363', '0.6415521543605035', '0.4701522435897436', '0.4422604422604422', '0.4305338850939986']",,,,,,,,,,,False,0.0,0.0,,,0.0,0.0,,,92231.0,0.0,1.0,1.0,0.3302,0.3085,0.263,0.7963,0.0933,0.5213,0.4279,0.3908,-0.8463,18588.0,0.0,0.0933,0.5213,0.4279,-0.5486,1.1632,0.0,0.0,0.7001,0.3302,0.3085,0.263,0.0,0.0933,0.5213,1.0,0.4279,0.3908,-0.8463,0.0,0.0,approximately_symmetric,variable,0.0,non_normal,215280.0,0.09,0.52,0.43,-0.55,1.16,0.0,0.0,0.0,0.0,0.0,0.0,-0.46,1.12,0.0,0.0,0.0,0.0,0.21,0.0,0.0,0.0,0.91,921.0,1.0,-0.85,approximately_normal,False,False,False,False,none,none_needed,-0.55,1.16,approximately_normal,none_or_standard_scaler,False,False,False,True,False,False,False,False,0.2,keep_continuous,no_strong_signal,0.2015
82,BUREAU_BB_STATUS_C_MEAN_MEAN,float64,92231,50576,54.84,41655,45.16,False,20.15,False,0.0,18588,"[(np.float64(0.0), 18588), (np.float64(0.3333333333333333), 371), (np.float64(0.25), 348)]",92231,0.0,20.15,0.3333333333333333,0.4,"[('0.0', 20.15), ('0.3333333333333333', 0.4), ('0.25', 0.38)]",False,Most frequent dominates with 20.15%,92231,215280,70.01,50576,very_high_cardinality,True,True,False,False,"target_encoding, hash_encoding, or embedding_layer","['0.1754261363636363', '0.6415521543605035', '0.4701522435897436', '0.4422604422604422', '0.4305338850939986']",,,,,,,,,,,False,0.0,0.0,,,0.0,0.0,,,92231.0,0.0,1.0,1.0,0.3302,0.3085,0.263,0.7963,0.0933,0.5213,0.4279,0.3908,-0.8463,18588.0,0.0,0.0933,0.5213,0.4279,-0.5486,1.1632,0.0,0.0,0.7001,0.3302,0.3085,0.263,0.0,0.0933,0.5213,1.0,0.4279,0.3908,-0.8463,0.0,0.0,approximately_symmetric,variable,0.0,non_normal,215280.0,0.09,0.52,0.43,-0.55,1.16,0.0,0.0,0.0,0.0,0.0,0.0,-0.46,1.12,0.0,0.0,0.0,0.0,0.21,0.0,0.0,0.0,0.91,921.0,1.0,-0.85,approximately_normal,False,False,False,False,none,none_needed,-0.55,1.16,approximately_normal,none_or_standard_scaler,False,False,False,True,False,False,False,False,0.2,keep_continuous,no_strong_signal,0.2015
83,BUREAU_BB_STATUS_X_FLAG_MEAN_MEAN,float64,92231,40979,44.43,51252,55.57,False,20.34,False,0.0,18761,"[(np.float64(0.0), 18761), (np.float64(1.0), 1615), (np.float64(0.5), 1151)]",92231,0.0,20.34,1.0,1.75,"[('0.0', 20.34), ('1.0', 1.75), ('0.5', 1.25)]",False,Most frequent dominates with 20.34%,92231,215280,70.01,40979,very_high_cardinality,True,True,False,False,"target_encoding, hash_encoding, or embedding_layer","['0.1619318181818181', '0.1577515015015015', '0.1208791208791208', '0.2192192192192192', '0.0958022075226851']",,,,,,,,,,,False,0.0,0.0,,,0.0,0.0,,,92231.0,0.0,1.0,1.0,0.1945,0.1111,0.2297,1.1806,0.0155,0.2907,0.2752,1.5661,2.1471,18761.0,0.0,0.0155,0.2907,0.2752,-0.3973,0.7036,4277.0,4.6373,0.7001,0.1945,0.1111,0.2297,0.0,0.0155,0.2907,1.0,0.2752,1.5661,2.1473,4277.0,0.0464,highly_skewed,variable,0.0,non_normal,215280.0,0.02,0.29,0.28,-0.4,0.7,0.0,4277.0,4277.0,4.64,0.0,0.0,-0.49,0.88,0.0,2102.0,2102.0,2.28,0.11,4526.0,4.91,0.0,1.0,0.0,0.0,2.15,right_skewed,True,True,True,True,moderate,log_transform_or_winsorize,-0.4,0.7,right_skewed,log1p,True,False,True,True,False,False,False,True,0.8,bin,high_skew,0.2034
84,BUREAU_BB_STATUS_X_MEAN_MEAN,float64,92231,40979,44.43,51252,55.57,False,20.34,False,0.0,18761,"[(np.float64(0.0), 18761), (np.float64(1.0), 1615), (np.float64(0.5), 1151)]",92231,0.0,20.34,1.0,1.75,"[('0.0', 20.34), ('1.0', 1.75), ('0.5', 1.25)]",False,Most frequent dominates with 20.34%,92231,215280,70.01,40979,very_high_cardinality,True,True,False,False,"target_encoding, hash_encoding, or embedding_layer","['0.1619318181818181', '0.1577515015015015', '0.1208791208791208', '0.2192192192192192', '0.0958022075226851']",,,,,,,,,,,False,0.0,0.0,,,0.0,0.0,,,92231.0,0.0,1.0,1.0,0.1945,0.1111,0.2297,1.1806,0.0155,0.2907,0.2752,1.5661,2.1471,18761.0,0.0,0.0155,0.2907,0.2752,-0.3973,0.7036,4277.0,4.6373,0.7001,0.1945,0.1111,0.2297,0.0,0.0155,0.2907,1.0,0.2752,1.5661,2.1473,4277.0,0.0464,highly_skewed,variable,0.0,non_normal,215280.0,0.02,0.29,0.28,-0.4,0.7,0.0,4277.0,4277.0,4.64,0.0,0.0,-0.49,0.88,0.0,2102.0,2102.0,2.28,0.11,4526.0,4.91,0.0,1.0,0.0,0.0,2.15,right_skewed,True,True,True,True,moderate,log_transform_or_winsorize,-0.4,0.7,right_skewed,log1p,True,False,True,True,False,False,False,True,0.8,bin,high_skew,0.2034
85,BUREAU_BB_STATUS_ZERO_FLAG_MEAN_MEAN,float64,92231,60195,65.27,32036,34.73,False,3.35,False,1.0,3088,"[(np.float64(1.0), 3088), (np.float64(0.0), 2432), (np.float64(0.5), 932)]",92231,1.0,3.35,0.0,2.64,"[('1.0', 3.35), ('0.0', 2.64), ('0.5', 1.01)]",False,Most frequent dominates with 3.35%,92231,215280,70.01,60195,very_high_cardinality,True,True,False,False,"target_encoding, hash_encoding, or embedding_layer","['0.4069602272727273', '0.3993930905695611', '0.5890688259109311', '0.1410138248847926', '0.3790598290598291']",,,,,,,,,,,False,0.0,0.0,,,0.0,0.0,,,92231.0,0.0,1.0,1.0,0.4571,0.4364,0.2565,0.5611,0.2625,0.6316,0.3691,0.2931,-0.6525,2432.0,0.0,0.2625,0.6316,0.3691,-0.2911,1.1852,0.0,0.0,0.7001,0.4571,0.4364,0.2565,0.0,0.2625,0.6316,1.0,0.3691,0.2931,-0.6525,0.0,0.0,approximately_symmetric,variable,0.0,non_normal,215280.0,0.26,0.63,0.37,-0.29,1.19,0.0,0.0,0.0,0.0,0.0,0.0,-0.31,1.23,0.0,0.0,0.0,0.0,0.18,0.0,0.0,0.0,1.0,0.0,0.0,-0.65,approximately_normal,False,False,False,False,none,none_needed,-0.29,1.19,approximately_normal,none_or_standard_scaler,False,False,False,True,False,False,False,False,0.2,keep_continuous,no_strong_signal,0.0264
86,BUREAU_BB_STATUS_nan_MEAN_MEAN,float64,92231,1,0.0,92230,100.0,True,100.0,True,0.0,92231,"[(np.float64(0.0), 92231)]",92231,0.0,100.0,,,"[('0.0', 100.0)]",True,Appears uniformly dominated,92231,215280,70.01,1,single_category,False,False,False,False,drop_column (constant),['0.0'],,,,,,,,,,,False,0.0,0.0,,,0.0,0.0,,,92231.0,0.0,0.0,0.0,0.0,0.0,0.0,,0.0,0.0,0.0,,,92231.0,0.0,0.0,0.0,0.0,0.0,0.0,0.0,0.0,0.7001,0.0,0.0,0.0,0.0,0.0,0.0,0.0,0.0,0.0,0.0,0.0,0.0,approximately_symmetric,constant,,constant,215280.0,0.0,0.0,0.0,0.0,0.0,0.0,0.0,0.0,0.0,0.0,0.0,,,0.0,0.0,0.0,0.0,,0.0,0.0,0.0,0.0,0.0,0.0,,moderate_deviation,False,False,False,False,none,none_needed,0.0,0.0,constant_or_near_constant,drop_column,True,False,False,True,True,True,True,False,0.2,drop_or_encode,near_constant,1.0
87,BUREAU_BUREAU_DEBT_CREDIT_RATIO_RAW_MAX,float64,254877,150668,59.11,104209,40.89,False,27.38,False,0.0,69780,"[(np.float64(0.0), 69780), (np.float64(1.0), 9806), (np.float64(1.02), 162)]",254877,0.0,27.38,1.0,3.85,"[('0.0', 27.38), ('1.0', 3.85), ('1.02', 0.06)]",False,Most frequent dominates with 27.38%,254877,52634,17.12,150668,very_high_cardinality,True,True,False,False,"target_encoding, hash_encoding, or embedding_layer","['0.54618', '0.9209329352743318', '0.6823680315737544', '0.8131828278707104', '0.292525']",,,,,,,,,,,False,0.0,0.0,,,0.0,0.0,,,254877.0,-1.6201,139396.0,139397.6201,2.7696,0.7608,399.0097,144.0662,0.0,0.952,0.952,308.9255,102266.5465,69780.0,64.0,0.0,0.952,0.952,-1.428,2.3801,1139.0,0.4469,0.1712,2.7696,0.7608,399.0097,-1.6201,0.0,0.952,139396.0,0.952,308.9273,102268.5528,1139.0,0.0045,highly_skewed,variable,0.0,non_normal,52634.0,0.0,0.95,0.95,-1.43,2.38,1.0,1138.0,1139.0,0.45,708.0,0.28,-1194.26,1199.8,0.0,33.0,33.0,0.01,0.24,1399.0,0.55,0.0,1.42,2613.0,1.03,102266.55,right_skewed,True,True,True,True,low,investigate_individually,-1.43,2.38,heavy_tailed,quantile_transform_or_robust_scaler,True,False,False,True,False,False,False,True,0.5,bin,high_skew,0.2738
88,BUREAU_BUREAU_DEBT_CREDIT_RATIO_RAW_MEAN,float64,254877,179453,70.41,75424,29.59,False,27.06,False,0.0,68967,"[(np.float64(0.0), 68967), (np.float64(1.0), 812), (np.float64(0.5), 679)]",254877,0.0,27.06,1.0,0.32,"[('0.0', 27.06), ('1.0', 0.32), ('0.5', 0.27)]",False,Most frequent dominates with 27.06%,254877,52634,17.12,179453,very_high_cardinality,True,True,False,False,"target_encoding, hash_encoding, or embedding_layer","['0.136545', '0.3282523148148148', '0.2805041552703821', '0.3202782930597492', '0.0677489333333333']",,,,,,,,,,,False,0.0,0.0,,,0.0,0.0,,,254877.0,-155.2132,7744.3181,7899.5312,0.4299,0.1882,25.7951,60.0008,0.0,0.3759,0.3759,232.3095,59868.4522,68967.0,997.0,0.0,0.3759,0.3759,-0.5638,0.9396,6768.0,2.6554,0.1712,0.4299,0.1882,25.7951,-155.2132,0.0,0.3759,7744.3181,0.3759,232.3108,59869.6267,6768.0,0.0266,highly_skewed,variable,0.0,non_normal,52634.0,0.0,0.38,0.38,-0.56,0.94,44.0,6724.0,6768.0,2.66,472.0,0.19,-76.96,77.82,1.0,49.0,50.0,0.02,0.19,698.0,0.27,0.0,1.0,2993.0,1.17,59868.45,right_skewed,True,True,True,True,moderate,winsorize_both_tails,-0.56,0.94,heavy_tailed,quantile_transform_or_robust_scaler,True,False,True,True,False,False,False,True,0.5,bin,high_skew,0.2706
89,BUREAU_BUREAU_OVERDUE_DEBT_RATIO_RAW_MAX,float64,186442,2197,1.18,184245,98.82,False,98.72,True,0.0,184056,"[(np.float64(0.0), 184056), (np.float64(1.0), 170), (np.float64(0.0147783251231527), 5)]",186442,0.0,98.72,1.0,0.09,"[('0.0', 98.72), ('1.0', 0.09), ('0.0147783251231527', 0.0)]",True,Appears uniformly dominated,186442,121069,39.37,2197,very_high_cardinality,True,True,False,False,"target_encoding, hash_encoding, or embedding_layer","['0.0', '0.0982148799936103', '0.0796624562148392', '0.1331300075036913', '0.3333333333333333']",,,,,,,,,,,False,0.0,0.0,,,0.0,0.0,,,186442.0,0.0,615.0,615.0,0.0085,0.0,1.4947,176.1478,0.0,0.0,0.0,377.8528,153933.5725,184056.0,0.0,0.0,0.0,0.0,0.0,0.0,2386.0,1.2798,0.3937,0.0085,0.0,1.4947,0.0,0.0,0.0,615.0,0.0,377.8558,153937.7008,0.0,0.0,highly_skewed,variable,0.0,non_normal,121069.0,0.0,0.0,0.0,0.0,0.0,0.0,2386.0,2386.0,1.28,2386.0,1.28,-4.48,4.49,0.0,20.0,20.0,0.01,1.01,19.0,0.01,0.0,0.0,1865.0,1.0,153933.57,right_skewed,True,True,True,True,moderate,log_transform_or_winsorize,0.0,0.0,zero_inflated,log1p_or_tweedie,True,False,False,True,True,True,True,True,0.7,drop_or_encode,near_constant,0.9872
90,BUREAU_BUREAU_OVERDUE_DEBT_RATIO_RAW_MEAN,float64,186442,2224,1.19,184218,98.81,False,98.72,True,0.0,184056,"[(np.float64(0.0), 184056), (np.float64(1.0), 51), (np.float64(0.5), 42)]",186442,0.0,98.72,1.0,0.03,"[('0.0', 98.72), ('1.0', 0.03), ('0.5', 0.02)]",True,Appears uniformly dominated,186442,121069,39.37,2224,very_high_cardinality,True,True,False,False,"target_encoding, hash_encoding, or embedding_layer","['0.0', '0.0032904746517339', '0.0137886504622365', '6.169750399319957e-05', '1.6376797353509547e-05']",,,,,,,,,,,False,0.0,0.0,,,0.0,0.0,,,186442.0,0.0,205.0,205.0,0.004,0.0,0.5544,140.3219,0.0,0.0,0.0,301.6179,104577.9685,184056.0,0.0,0.0,0.0,0.0,0.0,0.0,2386.0,1.2798,0.3937,0.004,0.0,0.5544,0.0,0.0,0.0,205.0,0.0,301.6203,104580.7731,0.0,0.0,highly_skewed,variable,0.0,non_normal,121069.0,0.0,0.0,0.0,0.0,0.0,0.0,2386.0,2386.0,1.28,2386.0,1.28,-1.66,1.67,0.0,22.0,22.0,0.01,0.37,21.0,0.01,0.0,0.0,1865.0,1.0,104577.97,right_skewed,True,True,True,True,moderate,log_transform_or_winsorize,0.0,0.0,zero_inflated,log1p_or_tweedie,True,False,False,True,True,True,True,True,0.7,drop_or_encode,near_constant,0.9872
91,BUREAU_CLOSED_AMT_CREDIT_SUM_MEAN,float64,230165,171533,74.53,58632,25.47,False,0.83,False,0.0,1903,"[(np.float64(0.0), 1903), (np.float64(225000.0), 1690), (np.float64(450000.0), 1196)]",230165,0.0,0.83,225000.0,0.73,"[('0.0', 0.83), ('225000.0', 0.73), ('450000.0', 0.52)]",False,Most frequent dominates with 0.83%,230165,77346,25.15,171533,very_high_cardinality,True,True,False,False,"target_encoding, hash_encoding, or embedding_layer","['63844.5', '43425.0', '30824.775', '53607.375', '101615.810625']",,,,,,,,,,,False,0.0,0.0,,,0.0,0.0,,,230165.0,0.0,198072344.25,198072344.25,257650.4947,125100.0,804618.1478,3.1229,68689.38,253340.3571,184650.9771,104.2434,21076.6718,1903.0,0.0,68689.38,253340.3571,184650.9771,-208287.0857,530316.8229,22856.0,9.9303,0.2515,257650.4947,125100.0,804618.1478,0.0,68689.38,253340.3571,198072344.25,184650.9771,104.2441,21077.1296,22856.0,0.0993,highly_skewed,variable,0.0,non_normal,77346.0,68689.38,253340.36,184650.98,-208287.09,530316.82,0.0,22856.0,22856.0,9.93,12323.0,5.35,-2156203.95,2671504.94,0.0,1417.0,1417.0,0.62,71145.0,25146.0,10.93,4556.16,2093068.66,4604.0,2.0,21076.67,right_skewed,True,True,True,True,high,robust_scaling_or_transform,-208287.09,530316.82,heavy_tailed,log1p_or_quantile_transform,True,True,False,True,False,False,False,True,0.8,bin,"high_skew, high_outliers",0.0083
92,BUREAU_CLOSED_AMT_CREDIT_SUM_SUM,float64,230165,168797,73.34,61368,26.66,False,0.83,False,0.0,1903,"[(np.float64(0.0), 1903), (np.float64(225000.0), 1605), (np.float64(450000.0), 1282)]",230165,0.0,0.83,225000.0,0.7,"[('0.0', 0.83), ('225000.0', 0.7), ('450000.0', 0.56)]",False,Most frequent dominates with 0.83%,230165,77346,25.15,168797,very_high_cardinality,True,True,False,False,"target_encoding, hash_encoding, or embedding_layer","['383067.0', '369488.7', '321501.645', '493951.5', '220410.0']",,,,,,,,,,,False,0.0,0.0,,,0.0,0.0,,,230165.0,0.0,1017597917.385,1017597917.385,975738.2342,427500.0,3164422.7319,3.2431,157455.0,1063836.72,906381.72,163.4633,47997.3726,1903.0,0.0,157455.0,1063836.72,906381.72,-1202117.58,2423409.3,20834.0,9.0518,0.2515,975738.2342,427500.0,3164422.7319,0.0,157455.0,1063836.72,1017597917.385,906381.72,163.4644,47998.4153,20834.0,0.0905,highly_skewed,variable,0.0,non_normal,77346.0,157455.0,1063836.72,906381.72,-1202117.58,2423409.3,0.0,20834.0,20834.0,9.05,9912.0,4.31,-8517529.96,10469006.43,0.0,1234.0,1234.0,0.54,328239.0,25302.0,10.99,6750.0,7917203.52,4591.0,1.99,47997.37,right_skewed,True,True,True,True,high,robust_scaling_or_transform,-1202117.58,2423409.3,heavy_tailed,log1p_or_quantile_transform,True,True,False,True,False,False,False,True,0.8,bin,"high_skew, high_outliers",0.0083
93,BUREAU_CLOSED_DAYS_CREDIT_MAX,float64,230165,2921,1.27,227244,98.73,False,0.13,False,-385.0,290,"[(np.float64(-385.0), 290), (np.float64(-364.0), 284), (np.float64(-420.0), 277)]",230165,-385.0,0.13,-364.0,0.12,"[('-385.0', 0.13), ('-364.0', 0.12), ('-420.0', 0.12)]",False,Most frequent dominates with 0.13%,230165,77346,25.15,2921,very_high_cardinality,True,True,False,False,"target_encoding, hash_encoding, or embedding_layer","['-476.0', '-2233.0', '-344.0', '-1024.0', '-58.0']",,,,,,,,,,,False,0.0,0.0,,,0.0,0.0,,,230165.0,-2922.0,0.0,2922.0,-907.4413,-729.0,641.3219,0.7067,-1198.0,-437.0,761.0,-1.1911,0.8598,1.0,230164.0,-1198.0,-437.0,761.0,-2339.5,704.5,12598.0,5.4735,0.2515,-907.4413,-729.0,641.3219,-2922.0,-1198.0,-437.0,0.0,761.0,-1.1911,0.8599,12598.0,0.0547,highly_skewed,variable,0.0,non_normal,77346.0,-1198.0,-437.0,761.0,-2339.5,704.5,12598.0,0.0,12598.0,5.47,0.0,0.0,-2831.41,1016.52,1437.0,0.0,1437.0,0.62,345.0,7741.0,3.36,-2779.0,-54.0,4558.0,1.98,0.86,left_skewed,False,True,True,True,high,winsorize_lower_or_clip,-2339.5,704.5,left_skewed,yeo_johnson_or_square_transform,True,True,False,True,True,False,False,True,0.8,treat_as_categorical,"high_skew, high_outliers, discrete",0.0
94,BUREAU_CLOSED_DAYS_CREDIT_MEAN,float64,230165,44873,19.5,185292,80.5,False,0.04,False,-761.0,82,"[(np.float64(-761.0), 82), (np.float64(-1066.0), 74), (np.float64(-1001.0), 74)]",230165,-761.0,0.04,-1066.0,0.03,"[('-761.0', 0.04), ('-1066.0', 0.03), ('-1001.0', 0.03)]",False,Most frequent dominates with 0.04%,230165,77346,25.15,44873,very_high_cardinality,True,True,False,False,"target_encoding, hash_encoding, or embedding_layer","['-974.5', '-1784.076923076923', '-2089.6666666666665', '-1171.375', '-1553.3076923076924']",,,,,,,,,,,False,0.0,0.0,,,0.0,0.0,,,230165.0,-2922.0,-10.0,2912.0,-1384.1578,-1366.5455,600.2706,0.4337,-1778.0,-939.0,839.0,-0.2338,-0.4497,0.0,230165.0,-1778.0,-939.0,839.0,-3036.5,319.5,0.0,0.0,0.2515,-1384.1578,-1366.5455,600.2706,-2922.0,-1778.0,-939.0,-10.0,839.0,-0.2338,-0.4497,0.0,0.0,approximately_symmetric,variable,0.0,non_normal,77346.0,-1778.0,-939.0,839.0,-3036.5,319.5,0.0,0.0,0.0,0.0,0.0,0.0,-3184.97,416.65,0.0,0.0,0.0,0.0,419.45,0.0,0.0,-2788.0,-217.0,4584.0,1.99,-0.45,approximately_normal,False,False,False,False,none,none_needed,-3036.5,319.5,approximately_normal,none_or_standard_scaler,True,False,False,True,False,False,False,False,0.2,keep_continuous,no_strong_signal,0.0
95,BUREAU_CLOSED_DAYS_CREDIT_MIN,float64,230165,2912,1.27,227253,98.73,False,0.11,False,-2871.0,256,"[(np.float64(-2871.0), 256), (np.float64(-2919.0), 255), (np.float64(-2890.0), 254)]",230165,-2871.0,0.11,-2919.0,0.11,"[('-2871.0', 0.11), ('-2919.0', 0.11), ('-2890.0', 0.11)]",False,Most frequent dominates with 0.11%,230165,77346,25.15,2912,very_high_cardinality,True,True,False,False,"target_encoding, hash_encoding, or embedding_layer","['-1437.0', '-1429.0', '-2577.0', '-1355.0', '-1418.0']",,,,,,,,,,,False,0.0,0.0,,,0.0,0.0,,,230165.0,-2922.0,-10.0,2912.0,-1875.803,-2002.0,795.37,0.424,-2609.0,-1210.0,1399.0,0.3955,-1.1316,0.0,230165.0,-2609.0,-1210.0,1399.0,-4707.5,888.5,0.0,0.0,0.2515,-1875.803,-2002.0,795.37,-2922.0,-2609.0,-1210.0,-10.0,1399.0,0.3955,-1.1316,0.0,0.0,approximately_symmetric,variable,0.0,non_normal,77346.0,-2609.0,-1210.0,1399.0,-4707.5,888.5,0.0,0.0,0.0,0.0,0.0,0.0,-4261.91,510.31,0.0,0.0,0.0,0.0,665.0,0.0,0.0,-2912.0,-234.0,4477.0,1.95,-1.13,light_tailed,False,False,False,False,none,none_needed,-4707.5,888.5,approximately_normal,none_or_standard_scaler,True,False,False,True,True,False,False,True,0.2,treat_as_categorical,discrete,0.0
96,BUREAU_CNT_CREDIT_PROLONG_MEAN,float64,263491,111,0.04,263380,99.96,False,96.77,True,0.0,254983,"[(np.float64(0.0), 254983), (np.float64(0.25), 751), (np.float64(0.1666666666666666), 675)]",263491,0.0,96.77,0.25,0.29,"[('0.0', 96.77), ('0.25', 0.29), ('0.1666666666666666', 0.26)]",False,Most frequent dominates with 96.77%,263491,44020,14.31,111,high_cardinality,True,False,False,True,"target_encoding, frequency_encoding, or hash_encoding","['0.0', '0.0952380952380952', '0.05', '0.15', '1.3333333333333333']",,,,,,,,,,,False,0.0,0.0,,,0.0,0.0,,,263491.0,0.0,6.0,6.0,0.0079,0.0,0.0665,8.3946,0.0,0.0,0.0,20.2304,804.0165,254983.0,0.0,0.0,0.0,0.0,0.0,0.0,8508.0,3.229,0.1431,0.0079,0.0,0.0665,0.0,0.0,0.0,6.0,0.0,20.2305,804.0318,0.0,0.0,highly_skewed,variable,0.0,non_normal,44020.0,0.0,0.0,0.0,0.0,0.0,0.0,8508.0,8508.0,3.23,8508.0,3.23,-0.19,0.21,0.0,2946.0,2946.0,1.12,0.04,2840.0,1.08,0.0,0.25,2088.0,0.79,804.02,right_skewed,True,True,True,True,moderate,log_transform_or_winsorize,0.0,0.0,zero_inflated,log1p_or_tweedie,True,False,True,True,True,True,True,True,0.7,drop_or_encode,near_constant,0.9677
97,BUREAU_CNT_CREDIT_PROLONG_SUM,float64,263491,10,0.0,263481,100.0,False,96.77,True,0.0,254983,"[(np.float64(0.0), 254983), (np.float64(1.0), 6869), (np.float64(2.0), 1282)]",263491,0.0,96.77,1.0,2.61,"[('0.0', 96.77), ('1.0', 2.61), ('2.0', 0.49)]",False,Most frequent dominates with 96.77%,263491,44020,14.31,10,low_cardinality,False,False,False,True,one_hot_encoding or label_encoding,"['0.0', '2.0', '6.0', '5.0', '9.0']",,,,,,,,,,,False,0.0,0.0,,,0.0,0.0,,,263491.0,0.0,9.0,9.0,0.0405,0.0,0.2472,6.1066,0.0,0.0,0.0,8.3993,103.7487,254983.0,0.0,0.0,0.0,0.0,0.0,0.0,8508.0,3.229,0.1431,0.0405,0.0,0.2472,0.0,0.0,0.0,9.0,0.0,8.3994,103.7507,0.0,0.0,highly_skewed,variable,0.0,non_normal,44020.0,0.0,0.0,0.0,0.0,0.0,0.0,8508.0,8508.0,3.23,8508.0,3.23,-0.7,0.78,0.0,8508.0,8508.0,3.23,0.17,8508.0,3.23,0.0,1.0,1639.0,0.62,103.75,right_skewed,True,True,True,True,moderate,log_transform_or_winsorize,0.0,0.0,zero_inflated,log1p_or_tweedie,True,False,True,True,True,True,True,True,0.5,drop_or_encode,near_constant,0.9677
98,BUREAU_CREDIT_ACTIVE_Active_MEAN,float64,263491,296,0.11,263195,99.89,False,17.59,False,0.0,46341,"[(np.float64(0.0), 46341), (np.float64(0.5), 35122), (np.float64(1.0), 32868)]",263491,0.0,17.59,0.5,13.33,"[('0.0', 17.59), ('0.5', 13.33), ('1.0', 12.47)]",False,Most frequent dominates with 17.59%,263491,44020,14.31,296,very_high_cardinality,True,True,False,False,"target_encoding, hash_encoding, or embedding_layer","['0.25', '0.6923076923076923', '0.1923076923076923', '0.2068965517241379', '0.5416666666666666']",,,,,,,,,,,False,0.0,0.0,,,0.0,0.0,,,263491.0,0.0,1.0,1.0,0.413,0.375,0.3084,0.7468,0.2,0.6,0.4,0.4772,-0.6152,46341.0,0.0,0.2,0.6,0.4,-0.4,1.2,0.0,0.0,0.1431,0.413,0.375,0.3084,0.0,0.2,0.6,1.0,0.4,0.4772,-0.6152,0.0,0.0,approximately_symmetric,variable,0.0,non_normal,44020.0,0.2,0.6,0.4,-0.4,1.2,0.0,0.0,0.0,0.0,0.0,0.0,-0.51,1.34,0.0,0.0,0.0,0.0,0.2,0.0,0.0,0.0,1.0,0.0,0.0,-0.62,approximately_normal,False,False,False,False,none,none_needed,-0.4,1.2,approximately_normal,none_or_standard_scaler,False,False,False,True,True,True,False,True,0.2,drop_or_encode,near_constant,0.1759
99,BUREAU_CREDIT_ACTIVE_Bad debt_MEAN,float64,263491,15,0.01,263476,99.99,False,99.99,True,0.0,263471,"[(np.float64(0.0), 263471), (np.float64(0.2), 3), (np.float64(0.1666666666666666), 2)]",263491,0.0,99.99,0.2,0.0,"[('0.0', 99.99), ('0.2', 0.0), ('0.1666666666666666', 0.0)]",True,Appears uniformly dominated,263491,44020,14.31,15,medium_cardinality,False,False,False,True,"target_encoding, leave_as_integer, or one_hot_if_dense","['0.0', '0.04', '0.1428571428571428', '0.2', '0.25']",,,,,,,,,,,False,0.0,0.0,,,0.0,0.0,,,263491.0,0.0,0.5,0.5,0.0,0.0,0.0017,137.8588,0.0,0.0,0.0,189.1483,44263.5351,263471.0,0.0,0.0,0.0,0.0,0.0,0.0,20.0,0.0076,0.1431,0.0,0.0,0.0017,0.0,0.0,0.0,0.5,0.0,189.1494,44264.3751,0.0,0.0,highly_skewed,variable,0.0,non_normal,44020.0,0.0,0.0,0.0,0.0,0.0,0.0,20.0,20.0,0.01,20.0,0.01,-0.0,0.0,0.0,20.0,20.0,0.01,0.0,20.0,0.01,0.0,0.0,20.0,0.01,44263.54,right_skewed,True,True,True,True,low,investigate_individually,0.0,0.0,zero_inflated,log1p_or_tweedie,True,False,False,True,True,True,True,True,0.5,drop_or_encode,near_constant,0.9999
100,BUREAU_CREDIT_ACTIVE_Closed_MEAN,float64,263491,304,0.12,263187,99.88,False,17.31,False,1.0,45614,"[(np.float64(1.0), 45614), (np.float64(0.5), 35376), (np.float64(0.0), 33326)]",263491,1.0,17.31,0.5,13.43,"[('1.0', 17.31), ('0.5', 13.43), ('0.0', 12.65)]",False,Most frequent dominates with 17.31%,263491,44020,14.31,304,very_high_cardinality,True,True,False,False,"target_encoding, hash_encoding, or embedding_layer","['0.75', '0.8125', '0.6842105263157895', '0.3529411764705882', '0.4583333333333333']",,,,,,,,,,,False,0.0,0.0,,,0.0,0.0,,,263491.0,0.0,1.0,1.0,0.5831,0.625,0.3087,0.5294,0.4,0.8,0.4,-0.461,-0.6324,33326.0,0.0,0.4,0.8,0.4,-0.2,1.4,0.0,0.0,0.1431,0.5831,0.625,0.3087,0.0,0.4,0.8,1.0,0.4,-0.461,-0.6324,0.0,0.0,approximately_symmetric,variable,0.0,non_normal,44020.0,0.4,0.8,0.4,-0.2,1.4,0.0,0.0,0.0,0.0,0.0,0.0,-0.34,1.51,0.0,0.0,0.0,0.0,0.2,0.0,0.0,0.0,1.0,0.0,0.0,-0.63,approximately_normal,False,False,False,False,none,none_needed,-0.2,1.4,approximately_normal,none_or_standard_scaler,False,False,False,True,True,True,False,True,0.2,drop_or_encode,near_constant,0.1265
101,BUREAU_CREDIT_ACTIVE_Sold_MEAN,float64,263491,70,0.03,263421,99.97,False,98.02,True,0.0,258265,"[(np.float64(0.0), 258265), (np.float64(0.1666666666666666), 429), (np.float64(0.2), 402)]",263491,0.0,98.02,0.1666666666666666,0.16,"[('0.0', 98.02), ('0.1666666666666666', 0.16), ('0.2', 0.15)]",True,Appears uniformly dominated,263491,44020,14.31,70,high_cardinality,True,False,False,True,"target_encoding, frequency_encoding, or hash_encoding","['0.0', '0.05', '0.0384615384615384', '0.08', '0.0227272727272727']",,,,,,,,,,,False,0.0,0.0,,,0.0,0.0,,,263491.0,0.0,1.0,1.0,0.0039,0.0,0.0384,9.8408,0.0,0.0,0.0,16.4925,351.1913,258265.0,0.0,0.0,0.0,0.0,0.0,0.0,5226.0,1.9834,0.1431,0.0039,0.0,0.0384,0.0,0.0,0.0,1.0,0.0,16.4926,351.198,0.0,0.0,highly_skewed,variable,0.0,non_normal,44020.0,0.0,0.0,0.0,0.0,0.0,0.0,5226.0,5226.0,1.98,5226.0,1.98,-0.11,0.12,0.0,2972.0,2972.0,1.13,0.03,2603.0,0.99,0.0,0.12,2620.0,0.99,351.19,right_skewed,True,True,True,True,moderate,log_transform_or_winsorize,0.0,0.0,zero_inflated,log1p_or_tweedie,True,False,False,True,True,True,True,True,0.7,drop_or_encode,near_constant,0.9802
102,BUREAU_CREDIT_ACTIVE_nan_MEAN,float64,263491,1,0.0,263490,100.0,True,100.0,True,0.0,263491,"[(np.float64(0.0), 263491)]",263491,0.0,100.0,,,"[('0.0', 100.0)]",True,Appears uniformly dominated,263491,44020,14.31,1,single_category,False,False,False,False,drop_column (constant),['0.0'],,,,,,,,,,,False,0.0,0.0,,,0.0,0.0,,,263491.0,0.0,0.0,0.0,0.0,0.0,0.0,,0.0,0.0,0.0,,,263491.0,0.0,0.0,0.0,0.0,0.0,0.0,0.0,0.0,0.1431,0.0,0.0,0.0,0.0,0.0,0.0,0.0,0.0,0.0,0.0,0.0,0.0,approximately_symmetric,constant,,constant,44020.0,0.0,0.0,0.0,0.0,0.0,0.0,0.0,0.0,0.0,0.0,0.0,,,0.0,0.0,0.0,0.0,,0.0,0.0,0.0,0.0,0.0,0.0,,moderate_deviation,False,False,False,False,none,none_needed,0.0,0.0,constant_or_near_constant,drop_column,True,False,False,True,True,True,True,False,0.2,drop_or_encode,near_constant,1.0
103,BUREAU_CREDIT_CURRENCY_currency 1_MEAN,float64,263491,57,0.02,263434,99.98,False,99.63,True,1.0,262523,"[(np.float64(1.0), 262523), (np.float64(0.75), 99), (np.float64(0.8333333333333334), 77)]",263491,1.0,99.63,0.75,0.04,"[('1.0', 99.63), ('0.75', 0.04), ('0.8333333333333334', 0.03)]",True,Appears uniformly dominated,263491,44020,14.31,57,high_cardinality,True,False,False,True,"target_encoding, frequency_encoding, or hash_encoding","['1.0', '0.9285714285714286', '0.9333333333333332', '0.9130434782608696', '0.7647058823529411']",,,,,,,,,,,False,0.0,0.0,,,0.0,0.0,,,263491.0,0.0,1.0,1.0,0.9992,1.0,0.018,0.0181,1.0,1.0,0.0,-34.7579,1540.2227,34.0,0.0,1.0,1.0,0.0,1.0,1.0,968.0,0.3674,0.1431,0.9992,1.0,0.018,0.0,1.0,1.0,1.0,0.0,-34.7581,1540.252,0.0,0.0,highly_skewed,variable,0.0,non_normal,44020.0,1.0,1.0,0.0,1.0,1.0,968.0,0.0,968.0,0.37,968.0,0.37,0.95,1.05,931.0,0.0,931.0,0.35,0.01,890.0,0.34,1.0,1.0,968.0,0.37,1540.22,left_skewed,True,True,True,True,low,investigate_individually,1.0,1.0,heavy_tailed,quantile_transform_or_robust_scaler,True,False,False,True,True,True,False,True,0.5,drop_or_encode,near_constant,0.0001
104,BUREAU_CREDIT_CURRENCY_currency 2_MEAN,float64,263491,55,0.02,263436,99.98,False,99.68,True,0.0,262645,"[(np.float64(0.0), 262645), (np.float64(0.25), 85), (np.float64(0.1666666666666666), 70)]",263491,0.0,99.68,0.25,0.03,"[('0.0', 99.68), ('0.25', 0.03), ('0.1666666666666666', 0.03)]",True,Appears uniformly dominated,263491,44020,14.31,55,high_cardinality,True,False,False,True,"target_encoding, frequency_encoding, or hash_encoding","['0.0', '0.1111111111111111', '0.0666666666666666', '0.04', '0.0277777777777777']",,,,,,,,,,,False,0.0,0.0,,,0.0,0.0,,,263491.0,0.0,1.0,1.0,0.0007,0.0,0.0174,23.7063,0.0,0.0,0.0,36.7987,1708.0981,262645.0,0.0,0.0,0.0,0.0,0.0,0.0,846.0,0.3211,0.1431,0.0007,0.0,0.0174,0.0,0.0,0.0,1.0,0.0,36.7989,1708.1305,0.0,0.0,highly_skewed,variable,0.0,non_normal,44020.0,0.0,0.0,0.0,0.0,0.0,0.0,846.0,846.0,0.32,846.0,0.32,-0.05,0.05,0.0,814.0,814.0,0.31,0.01,794.0,0.3,0.0,0.0,846.0,0.32,1708.1,right_skewed,True,True,True,True,low,investigate_individually,0.0,0.0,zero_inflated,log1p_or_tweedie,True,False,False,True,True,True,True,True,0.7,drop_or_encode,near_constant,0.9968
105,BUREAU_CREDIT_CURRENCY_currency 3_MEAN,float64,263491,33,0.01,263458,99.99,False,99.95,True,0.0,263356,"[(np.float64(0.0), 263356), (np.float64(0.125), 14), (np.float64(0.0769230769230769), 10)]",263491,0.0,99.95,0.125,0.01,"[('0.0', 99.95), ('0.125', 0.01), ('0.0769230769230769', 0.0)]",True,Appears uniformly dominated,263491,44020,14.31,33,medium_cardinality,False,False,False,True,"target_encoding, leave_as_integer, or one_hot_if_dense","['0.0', '0.0909090909090909', '0.0625', '0.0357142857142857', '0.0384615384615384']",,,,,,,,,,,False,0.0,0.0,,,0.0,0.0,,,263491.0,0.0,1.0,1.0,0.0001,0.0,0.0043,57.7207,0.0,0.0,0.0,101.7092,15882.5961,263356.0,0.0,0.0,0.0,0.0,0.0,0.0,135.0,0.0512,0.1431,0.0001,0.0,0.0043,0.0,0.0,0.0,1.0,0.0,101.7098,15882.8975,0.0,0.0,highly_skewed,variable,0.0,non_normal,44020.0,0.0,0.0,0.0,0.0,0.0,0.0,135.0,135.0,0.05,135.0,0.05,-0.01,0.01,0.0,135.0,135.0,0.05,0.0,135.0,0.05,0.0,0.0,135.0,0.05,15882.6,right_skewed,True,True,True,True,low,investigate_individually,0.0,0.0,zero_inflated,log1p_or_tweedie,True,False,False,True,True,True,True,True,0.7,drop_or_encode,near_constant,0.9995
106,BUREAU_CREDIT_CURRENCY_currency 4_MEAN,float64,263491,7,0.0,263484,100.0,False,100.0,True,0.0,263482,"[(np.float64(0.0), 263482), (np.float64(0.25), 3), (np.float64(0.1428571428571428), 2)]",263491,0.0,100.0,0.25,0.0,"[('0.0', 100.0), ('0.25', 0.0), ('0.1428571428571428', 0.0)]",True,Appears uniformly dominated,263491,44020,14.31,7,low_cardinality,False,False,False,True,one_hot_encoding or label_encoding,"['0.0', '0.25', '0.0555555555555555', '0.1111111111111111', '0.1428571428571428']",,,,,,,,,,,False,0.0,0.0,,,0.0,0.0,,,263491.0,0.0,0.5,0.5,0.0,0.0,0.0014,200.4783,0.0,0.0,0.0,255.8485,76625.4683,263482.0,0.0,0.0,0.0,0.0,0.0,0.0,9.0,0.0034,0.1431,0.0,0.0,0.0014,0.0,0.0,0.0,0.5,0.0,255.8499,76626.9224,0.0,0.0,highly_skewed,variable,0.0,non_normal,44020.0,0.0,0.0,0.0,0.0,0.0,0.0,9.0,9.0,0.0,9.0,0.0,-0.0,0.0,0.0,9.0,9.0,0.0,0.0,9.0,0.0,0.0,0.0,9.0,0.0,76625.47,right_skewed,True,True,True,True,low,investigate_individually,0.0,0.0,zero_inflated,log1p_or_tweedie,True,False,False,True,True,True,True,False,0.5,drop_or_encode,near_constant,1.0
107,BUREAU_CREDIT_CURRENCY_nan_MEAN,float64,263491,1,0.0,263490,100.0,True,100.0,True,0.0,263491,"[(np.float64(0.0), 263491)]",263491,0.0,100.0,,,"[('0.0', 100.0)]",True,Appears uniformly dominated,263491,44020,14.31,1,single_category,False,False,False,False,drop_column (constant),['0.0'],,,,,,,,,,,False,0.0,0.0,,,0.0,0.0,,,263491.0,0.0,0.0,0.0,0.0,0.0,0.0,,0.0,0.0,0.0,,,263491.0,0.0,0.0,0.0,0.0,0.0,0.0,0.0,0.0,0.1431,0.0,0.0,0.0,0.0,0.0,0.0,0.0,0.0,0.0,0.0,0.0,0.0,approximately_symmetric,constant,,constant,44020.0,0.0,0.0,0.0,0.0,0.0,0.0,0.0,0.0,0.0,0.0,0.0,,,0.0,0.0,0.0,0.0,,0.0,0.0,0.0,0.0,0.0,0.0,,moderate_deviation,False,False,False,False,none,none_needed,0.0,0.0,constant_or_near_constant,drop_column,True,False,False,True,True,True,True,False,0.2,drop_or_encode,near_constant,1.0
108,BUREAU_CREDIT_DAY_OVERDUE_MAX,float64,263491,868,0.33,262623,99.67,False,98.71,True,0.0,260094,"[(np.float64(0.0), 260094), (np.float64(30.0), 227), (np.float64(60.0), 96)]",263491,0.0,98.71,30.0,0.09,"[('0.0', 98.71), ('30.0', 0.09), ('60.0', 0.04)]",True,Appears uniformly dominated,263491,44020,14.31,868,very_high_cardinality,True,True,False,False,"target_encoding, hash_encoding, or embedding_layer","['0.0', '2609.0', '730.0', '2364.0', '2295.0']",,,,,,,,,,,False,0.0,0.0,,,0.0,0.0,,,263491.0,0.0,2792.0,2792.0,4.7728,0.0,89.1413,18.6771,0.0,0.0,0.0,23.0394,570.0781,260094.0,0.0,0.0,0.0,0.0,0.0,0.0,3397.0,1.2892,0.1431,4.7728,0.0,89.1413,0.0,0.0,0.0,2792.0,0.0,23.0395,570.089,0.0,0.0,highly_skewed,variable,0.0,non_normal,44020.0,0.0,0.0,0.0,0.0,0.0,0.0,3397.0,3397.0,1.29,3397.0,1.29,-262.65,272.2,0.0,808.0,808.0,0.31,60.13,788.0,0.3,0.0,17.0,2581.0,0.98,570.08,right_skewed,True,True,True,True,moderate,log_transform_or_winsorize,0.0,0.0,zero_inflated,log1p_or_tweedie,True,False,False,True,True,True,True,True,0.7,drop_or_encode,near_constant,0.9871
109,BUREAU_CREDIT_DAY_OVERDUE_MEAN,float64,263491,1541,0.58,261950,99.42,False,98.71,True,0.0,260094,"[(np.float64(0.0), 260094), (np.float64(5.0), 51), (np.float64(6.0), 48)]",263491,0.0,98.71,5.0,0.02,"[('0.0', 98.71), ('5.0', 0.02), ('6.0', 0.02)]",True,Appears uniformly dominated,263491,44020,14.31,1541,very_high_cardinality,True,True,False,False,"target_encoding, hash_encoding, or embedding_layer","['0.0', '775.0', '678.0', '6.333333333333333', '27.33333333333333']",,,,,,,,,,,False,0.0,0.0,,,0.0,0.0,,,263491.0,0.0,2776.0,2776.0,1.0359,0.0,25.8254,24.9313,0.0,0.0,0.0,52.9634,4026.8297,260094.0,0.0,0.0,0.0,0.0,0.0,0.0,3397.0,1.2892,0.1431,1.0359,0.0,25.8254,0.0,0.0,0.0,2776.0,0.0,52.9637,4026.9062,0.0,0.0,highly_skewed,variable,0.0,non_normal,44020.0,0.0,0.0,0.0,0.0,0.0,0.0,3397.0,3397.0,1.29,3397.0,1.29,-76.44,78.51,0.0,697.0,697.0,0.26,17.42,653.0,0.25,0.0,2.5,2619.0,0.99,4026.83,right_skewed,True,True,True,True,moderate,log_transform_or_winsorize,0.0,0.0,zero_inflated,log1p_or_tweedie,True,False,False,True,True,True,True,True,0.7,drop_or_encode,near_constant,0.9871
110,BUREAU_CREDIT_DAY_OVERDUE_SUM,float64,263491,879,0.33,262612,99.67,False,98.71,True,0.0,260094,"[(np.float64(0.0), 260094), (np.float64(30.0), 213), (np.float64(60.0), 97)]",263491,0.0,98.71,30.0,0.08,"[('0.0', 98.71), ('30.0', 0.08), ('60.0', 0.04)]",True,Appears uniformly dominated,263491,44020,14.31,879,very_high_cardinality,True,True,False,False,"target_encoding, hash_encoding, or embedding_layer","['0.0', '135.0', '172.0', '249.0', '2588.0']",,,,,,,,,,,False,0.0,0.0,,,0.0,0.0,,,263491.0,0.0,5250.0,5250.0,4.9426,0.0,92.5134,18.7177,0.0,0.0,0.0,23.6019,622.3313,260094.0,0.0,0.0,0.0,0.0,0.0,0.0,3397.0,1.2892,0.1431,4.9426,0.0,92.5134,0.0,0.0,0.0,5250.0,0.0,23.602,622.3432,0.0,0.0,highly_skewed,variable,0.0,non_normal,44020.0,0.0,0.0,0.0,0.0,0.0,0.0,3397.0,3397.0,1.29,3397.0,1.29,-272.6,282.48,0.0,808.0,808.0,0.31,62.4,796.0,0.3,0.0,17.0,2607.0,0.99,622.33,right_skewed,True,True,True,True,moderate,log_transform_or_winsorize,0.0,0.0,zero_inflated,log1p_or_tweedie,True,False,False,True,True,True,True,True,0.7,drop_or_encode,near_constant,0.9871
111,BUREAU_CREDIT_TYPE_Another type of loan_MEAN,float64,263491,38,0.01,263453,99.99,False,99.69,True,0.0,262678,"[(np.float64(0.0), 262678), (np.float64(0.25), 90), (np.float64(0.2), 84)]",263491,0.0,99.69,0.25,0.03,"[('0.0', 99.69), ('0.25', 0.03), ('0.2', 0.03)]",True,Appears uniformly dominated,263491,44020,14.31,38,medium_cardinality,False,False,False,True,"target_encoding, leave_as_integer, or one_hot_if_dense","['0.0', '0.25', '0.6666666666666666', '0.0434782608695652', '0.0294117647058823']",,,,,,,,,,,False,0.0,0.0,,,0.0,0.0,,,263491.0,0.0,1.0,1.0,0.0007,0.0,0.0179,24.5285,0.0,0.0,0.0,38.6174,1852.7384,262678.0,0.0,0.0,0.0,0.0,0.0,0.0,813.0,0.3085,0.1431,0.0007,0.0,0.0179,0.0,0.0,0.0,1.0,0.0,38.6176,1852.7736,0.0,0.0,highly_skewed,variable,0.0,non_normal,44020.0,0.0,0.0,0.0,0.0,0.0,0.0,813.0,813.0,0.31,813.0,0.31,-0.05,0.05,0.0,789.0,789.0,0.3,0.01,752.0,0.29,0.0,0.0,813.0,0.31,1852.74,right_skewed,True,True,True,True,low,investigate_individually,0.0,0.0,zero_inflated,log1p_or_tweedie,True,False,False,True,True,True,True,True,0.7,drop_or_encode,near_constant,0.9969
112,BUREAU_CREDIT_TYPE_Car loan_MEAN,float64,263491,102,0.04,263389,99.96,False,92.57,False,0.0,243916,"[(np.float64(0.0), 243916), (np.float64(0.3333333333333333), 2020), (np.float64(0.25), 1987)]",263491,0.0,92.57,0.3333333333333333,0.77,"[('0.0', 92.57), ('0.3333333333333333', 0.77), ('0.25', 0.75)]",False,Most frequent dominates with 92.57%,263491,44020,14.31,102,high_cardinality,True,False,False,True,"target_encoding, frequency_encoding, or hash_encoding","['0.0', '0.0833333333333333', '0.2727272727272727', '0.04', '0.032258064516129']",,,,,,,,,,,False,0.0,0.0,,,0.0,0.0,,,263491.0,0.0,1.0,1.0,0.0199,0.0,0.0944,4.7493,0.0,0.0,0.0,7.0112,59.1844,243916.0,0.0,0.0,0.0,0.0,0.0,0.0,19575.0,7.4291,0.1431,0.0199,0.0,0.0944,0.0,0.0,0.0,1.0,0.0,7.0113,59.1855,0.0,0.0,highly_skewed,variable,0.0,non_normal,44020.0,0.0,0.0,0.0,0.0,0.0,0.0,19575.0,19575.0,7.43,19575.0,7.43,-0.26,0.3,0.0,5718.0,5718.0,2.17,0.06,5708.0,2.17,0.0,0.5,1526.0,0.58,59.18,right_skewed,True,True,True,True,high,robust_scaling_or_transform,0.0,0.0,zero_inflated,log1p_or_tweedie,True,True,False,True,True,True,True,True,0.7,drop_or_encode,near_constant,0.9257
113,BUREAU_CREDIT_TYPE_Cash loan (non-earmarked)_MEAN,float64,263491,16,0.01,263475,99.99,False,99.99,True,0.0,263471,"[(np.float64(0.0), 263471), (np.float64(0.1111111111111111), 2), (np.float64(0.1), 2)]",263491,0.0,99.99,0.1111111111111111,0.0,"[('0.0', 99.99), ('0.1111111111111111', 0.0), ('0.1', 0.0)]",True,Appears uniformly dominated,263491,44020,14.31,16,medium_cardinality,False,False,False,True,"target_encoding, leave_as_integer, or one_hot_if_dense","['0.0', '0.0909090909090909', '0.2', '0.074074074074074', '0.0625']",,,,,,,,,,,False,0.0,0.0,,,0.0,0.0,,,263491.0,0.0,0.4,0.4,0.0,0.0,0.0016,136.9877,0.0,0.0,0.0,178.7854,37053.8942,263471.0,0.0,0.0,0.0,0.0,0.0,0.0,20.0,0.0076,0.1431,0.0,0.0,0.0016,0.0,0.0,0.0,0.4,0.0,178.7864,37054.5974,0.0,0.0,highly_skewed,variable,0.0,non_normal,44020.0,0.0,0.0,0.0,0.0,0.0,0.0,20.0,20.0,0.01,20.0,0.01,-0.0,0.0,0.0,20.0,20.0,0.01,0.0,20.0,0.01,0.0,0.0,20.0,0.01,37053.89,right_skewed,True,True,True,True,low,investigate_individually,0.0,0.0,zero_inflated,log1p_or_tweedie,True,False,False,True,True,True,True,True,0.7,drop_or_encode,near_constant,0.9999
114,BUREAU_CREDIT_TYPE_Consumer credit_MEAN,float64,263491,329,0.12,263162,99.88,False,30.32,False,1.0,79884,"[(np.float64(1.0), 79884), (np.float64(0.5), 26057), (np.float64(0.6666666666666666), 23255)]",263491,1.0,30.32,0.5,9.89,"[('1.0', 30.32), ('0.5', 9.89), ('0.6666666666666666', 8.83)]",False,Most frequent dominates with 30.32%,263491,44020,14.31,329,very_high_cardinality,True,True,False,False,"target_encoding, hash_encoding, or embedding_layer","['0.5', '0.2916666666666667', '0.5333333333333333', '0.868421052631579', '0.6071428571428571']",,,,,,,,,,,False,0.0,0.0,,,0.0,0.0,,,263491.0,0.0,1.0,1.0,0.7195,0.75,0.2772,0.3852,0.5714,1.0,0.4286,-1.0401,0.57,16642.0,0.0,0.5714,1.0,0.4286,-0.0714,1.6429,0.0,0.0,0.1431,0.7195,0.75,0.2772,0.0,0.5714,1.0,1.0,0.4286,-1.0401,0.57,0.0,0.0,highly_skewed,variable,0.0,non_normal,44020.0,0.57,1.0,0.43,-0.07,1.64,0.0,0.0,0.0,0.0,0.0,0.0,-0.11,1.55,0.0,0.0,0.0,0.0,0.25,0.0,0.0,0.0,1.0,0.0,0.0,0.57,left_skewed,False,True,False,False,none,none_needed,-0.07,1.64,left_skewed,yeo_johnson_or_square_transform,True,False,False,True,True,True,False,True,0.5,drop_or_encode,near_constant,0.0632
115,BUREAU_CREDIT_TYPE_Credit card_MEAN,float64,263491,295,0.11,263196,99.89,False,34.71,False,0.0,91449,"[(np.float64(0.0), 91449), (np.float64(0.5), 22753), (np.float64(0.3333333333333333), 22312)]",263491,0.0,34.71,0.5,8.64,"[('0.0', 34.71), ('0.5', 8.64), ('0.3333333333333333', 8.47)]",False,Most frequent dominates with 34.71%,263491,44020,14.31,295,very_high_cardinality,True,True,False,False,"target_encoding, hash_encoding, or embedding_layer","['0.5', '0.0714285714285714', '0.9090909090909092', '0.72', '0.3448275862068966']",,,,,,,,,,,False,0.0,0.0,,,0.0,0.0,,,263491.0,0.0,1.0,1.0,0.2397,0.2,0.2572,1.0733,0.0,0.3333,0.3333,1.2603,1.3585,91449.0,0.0,0.0,0.3333,0.3333,-0.5,0.8333,12679.0,4.8119,0.1431,0.2397,0.2,0.2572,0.0,0.0,0.3333,1.0,0.3333,1.2603,1.3586,12679.0,0.0481,highly_skewed,variable,0.0,non_normal,44020.0,0.0,0.33,0.33,-0.5,0.83,0.0,12679.0,12679.0,4.81,0.0,0.0,-0.53,1.01,0.0,0.0,0.0,0.0,0.2,0.0,0.0,0.0,1.0,0.0,0.0,1.36,right_skewed,True,True,True,True,moderate,log_transform_or_winsorize,-0.5,0.83,right_skewed,log1p,True,False,True,True,True,True,False,True,1.0,drop_or_encode,near_constant,0.3471
116,BUREAU_CREDIT_TYPE_Interbank credit_MEAN,float64,263491,2,0.0,263489,100.0,False,100.0,True,0.0,263490,"[(np.float64(0.0), 263490), (np.float64(0.1666666666666666), 1)]",263491,0.0,100.0,0.1666666666666666,0.0,"[('0.0', 100.0), ('0.1666666666666666', 0.0)]",True,Appears uniformly dominated,263491,44020,14.31,2,binary,False,False,False,False,binary_encoding or label_encoding,"['0.0', '0.1666666666666666']",,,,,,,,,,,False,0.0,0.0,,,0.0,0.0,,,263491.0,0.0,0.1667,0.1667,0.0,0.0,0.0003,513.3137,0.0,0.0,0.0,513.3108,263486.0,263490.0,0.0,0.0,0.0,0.0,0.0,0.0,1.0,0.0004,0.1431,0.0,0.0,0.0003,0.0,0.0,0.0,0.1667,0.0,513.3137,263491.0,0.0,0.0,highly_skewed,variable,0.0,non_normal,44020.0,0.0,0.0,0.0,0.0,0.0,0.0,1.0,1.0,0.0,1.0,0.0,-0.0,0.0,0.0,1.0,1.0,0.0,0.0,1.0,0.0,0.0,0.0,1.0,0.0,263486.0,right_skewed,True,True,True,True,low,investigate_individually,0.0,0.0,zero_inflated,log1p_or_tweedie,True,False,False,True,True,True,True,False,0.5,drop_or_encode,near_constant,1.0
117,BUREAU_CREDIT_TYPE_Loan for business development_MEAN,float64,263491,57,0.02,263434,99.98,False,99.47,True,0.0,262100,"[(np.float64(0.0), 262100), (np.float64(0.2), 141), (np.float64(0.25), 131)]",263491,0.0,99.47,0.2,0.05,"[('0.0', 99.47), ('0.2', 0.05), ('0.25', 0.05)]",True,Appears uniformly dominated,263491,44020,14.31,57,high_cardinality,True,False,False,True,"target_encoding, frequency_encoding, or hash_encoding","['0.0', '0.25', '0.3', '0.1875', '0.2666666666666666']",,,,,,,,,,,False,0.0,0.0,,,0.0,0.0,,,263491.0,0.0,1.0,1.0,0.0012,0.0,0.0221,18.0459,0.0,0.0,0.0,27.9417,1003.293,262100.0,0.0,0.0,0.0,0.0,0.0,0.0,1391.0,0.5279,0.1431,0.0012,0.0,0.0221,0.0,0.0,0.0,1.0,0.0,27.9419,1003.3121,0.0,0.0,highly_skewed,variable,0.0,non_normal,44020.0,0.0,0.0,0.0,0.0,0.0,0.0,1391.0,1391.0,0.53,1391.0,0.53,-0.06,0.07,0.0,1282.0,1282.0,0.49,0.01,1214.0,0.46,0.0,0.0,1391.0,0.53,1003.29,right_skewed,True,True,True,True,low,investigate_individually,0.0,0.0,zero_inflated,log1p_or_tweedie,True,False,False,True,True,True,True,True,0.7,drop_or_encode,near_constant,0.9947
118,BUREAU_CREDIT_TYPE_Loan for purchase of shares (margin lending)_MEAN,float64,263491,4,0.0,263487,100.0,False,100.0,True,0.0,263487,"[(np.float64(0.0), 263487), (np.float64(0.5), 2), (np.float64(0.0666666666666666), 1)]",263491,0.0,100.0,0.5,0.0,"[('0.0', 100.0), ('0.5', 0.0), ('0.0666666666666666', 0.0)]",True,Appears uniformly dominated,263491,44020,14.31,4,low_cardinality,False,False,False,True,one_hot_encoding or label_encoding,"['0.0', '0.0666666666666666', '0.0769230769230769', '0.5']",,,,,,,,,,,False,0.0,0.0,,,0.0,0.0,,,263491.0,0.0,0.5,0.5,0.0,0.0,0.0014,320.6641,0.0,0.0,0.0,353.024,126500.7427,263487.0,0.0,0.0,0.0,0.0,0.0,0.0,4.0,0.0015,0.1431,0.0,0.0,0.0014,0.0,0.0,0.0,0.5,0.0,353.026,126503.1432,0.0,0.0,highly_skewed,variable,0.0,non_normal,44020.0,0.0,0.0,0.0,0.0,0.0,0.0,4.0,4.0,0.0,4.0,0.0,-0.0,0.0,0.0,4.0,4.0,0.0,0.0,4.0,0.0,0.0,0.0,4.0,0.0,126500.74,right_skewed,True,True,True,True,low,investigate_individually,0.0,0.0,zero_inflated,log1p_or_tweedie,True,False,False,True,True,True,True,False,0.5,drop_or_encode,near_constant,1.0
119,BUREAU_CREDIT_TYPE_Loan for the purchase of equipment_MEAN,float64,263491,14,0.01,263477,99.99,False,99.99,True,0.0,263475,"[(np.float64(0.0), 263475), (np.float64(0.0588235294117647), 2), (np.float64(1.0), 2)]",263491,0.0,99.99,0.0588235294117647,0.0,"[('0.0', 99.99), ('0.0588235294117647', 0.0), ('1.0', 0.0)]",True,Appears uniformly dominated,263491,44020,14.31,14,medium_cardinality,False,False,False,True,"target_encoding, leave_as_integer, or one_hot_if_dense","['0.0', '0.25', '0.1428571428571428', '0.125', '0.0208333333333333']",,,,,,,,,,,False,0.0,0.0,,,0.0,0.0,,,263491.0,0.0,1.0,1.0,0.0,0.0,0.003,209.3104,0.0,0.0,0.0,303.0045,99763.0951,263475.0,0.0,0.0,0.0,0.0,0.0,0.0,16.0,0.0061,0.1431,0.0,0.0,0.003,0.0,0.0,0.0,1.0,0.0,303.0063,99764.9882,0.0,0.0,highly_skewed,variable,0.0,non_normal,44020.0,0.0,0.0,0.0,0.0,0.0,0.0,16.0,16.0,0.01,16.0,0.01,-0.01,0.01,0.0,16.0,16.0,0.01,0.0,16.0,0.01,0.0,0.0,16.0,0.01,99763.1,right_skewed,True,True,True,True,low,investigate_individually,0.0,0.0,zero_inflated,log1p_or_tweedie,True,False,False,True,True,True,True,True,0.5,drop_or_encode,near_constant,0.9999
120,BUREAU_CREDIT_TYPE_Loan for working capital replenishment_MEAN,float64,263491,43,0.02,263448,99.98,False,99.88,True,0.0,263162,"[(np.float64(0.0), 263162), (np.float64(0.125), 36), (np.float64(0.1666666666666666), 34)]",263491,0.0,99.88,0.125,0.01,"[('0.0', 99.88), ('0.125', 0.01), ('0.1666666666666666', 0.01)]",True,Appears uniformly dominated,263491,44020,14.31,43,medium_cardinality,False,False,False,True,"target_encoding, leave_as_integer, or one_hot_if_dense","['0.0', '0.2', '0.1428571428571428', '0.2142857142857142', '0.0526315789473684']",,,,,,,,,,,False,0.0,0.0,,,0.0,0.0,,,263491.0,0.0,1.0,1.0,0.0002,0.0,0.0088,38.2702,0.0,0.0,0.0,66.732,6075.228,263162.0,0.0,0.0,0.0,0.0,0.0,0.0,329.0,0.1249,0.1431,0.0002,0.0,0.0088,0.0,0.0,0.0,1.0,0.0,66.7324,6075.3433,0.0,0.0,highly_skewed,variable,0.0,non_normal,44020.0,0.0,0.0,0.0,0.0,0.0,0.0,329.0,329.0,0.12,329.0,0.12,-0.03,0.03,0.0,328.0,328.0,0.12,0.01,328.0,0.12,0.0,0.0,329.0,0.12,6075.23,right_skewed,True,True,True,True,low,investigate_individually,0.0,0.0,zero_inflated,log1p_or_tweedie,True,False,False,True,True,True,True,True,0.7,drop_or_encode,near_constant,0.9988
121,BUREAU_CREDIT_TYPE_Microloan_MEAN,float64,263491,194,0.07,263297,99.93,False,98.67,True,0.0,259992,"[(np.float64(0.0), 259992), (np.float64(0.5), 286), (np.float64(0.3333333333333333), 275)]",263491,0.0,98.67,0.5,0.11,"[('0.0', 98.67), ('0.5', 0.11), ('0.3333333333333333', 0.1)]",True,Appears uniformly dominated,263491,44020,14.31,194,high_cardinality,True,False,False,True,"target_encoding, frequency_encoding, or hash_encoding","['0.0', '0.9230769230769232', '0.3', '0.3157894736842105', '0.6842105263157895']",,,,,,,,,,,False,0.0,0.0,,,0.0,0.0,,,263491.0,0.0,1.0,1.0,0.0042,0.0,0.0462,10.9884,0.0,0.0,0.0,14.5971,248.2707,259992.0,0.0,0.0,0.0,0.0,0.0,0.0,3499.0,1.3279,0.1431,0.0042,0.0,0.0462,0.0,0.0,0.0,1.0,0.0,14.5971,248.2755,0.0,0.0,highly_skewed,variable,0.0,non_normal,44020.0,0.0,0.0,0.0,0.0,0.0,0.0,3499.0,3499.0,1.33,3499.0,1.33,-0.13,0.14,0.0,2410.0,2410.0,0.91,0.03,2375.0,0.9,0.0,0.12,2597.0,0.99,248.27,right_skewed,True,True,True,True,moderate,log_transform_or_winsorize,0.0,0.0,zero_inflated,log1p_or_tweedie,True,False,False,True,True,True,True,True,0.7,drop_or_encode,near_constant,0.9867
122,BUREAU_CREDIT_TYPE_Mobile operator loan_MEAN,float64,263491,2,0.0,263489,100.0,False,100.0,True,0.0,263490,"[(np.float64(0.0), 263490), (np.float64(0.0625), 1)]",263491,0.0,100.0,0.0625,0.0,"[('0.0', 100.0), ('0.0625', 0.0)]",True,Appears uniformly dominated,263491,44020,14.31,2,binary,False,False,False,False,binary_encoding or label_encoding,"['0.0', '0.0625']",,,,,,,,,,,False,0.0,0.0,,,0.0,0.0,,,263491.0,0.0,0.0625,0.0625,0.0,0.0,0.0001,513.3137,0.0,0.0,0.0,513.3108,263486.0,263490.0,0.0,0.0,0.0,0.0,0.0,0.0,1.0,0.0004,0.1431,0.0,0.0,0.0001,0.0,0.0,0.0,0.0625,0.0,513.3137,263491.0,0.0,0.0,highly_skewed,variable,0.0,non_normal,44020.0,0.0,0.0,0.0,0.0,0.0,0.0,1.0,1.0,0.0,1.0,0.0,-0.0,0.0,0.0,1.0,1.0,0.0,0.0,1.0,0.0,0.0,0.0,1.0,0.0,263486.0,right_skewed,True,True,True,True,low,investigate_individually,0.0,0.0,zero_inflated,log1p_or_tweedie,True,False,False,True,True,True,True,False,0.5,drop_or_encode,near_constant,1.0
123,BUREAU_CREDIT_TYPE_Mortgage_MEAN,float64,263491,75,0.03,263416,99.97,False,94.57,False,0.0,249186,"[(np.float64(0.0), 249186), (np.float64(0.3333333333333333), 1500), (np.float64(0.25), 1456)]",263491,0.0,94.57,0.3333333333333333,0.57,"[('0.0', 94.57), ('0.3333333333333333', 0.57), ('0.25', 0.55)]",False,Most frequent dominates with 94.57%,263491,44020,14.31,75,high_cardinality,True,False,False,True,"target_encoding, frequency_encoding, or hash_encoding","['0.0', '0.0454545454545454', '0.037037037037037', '0.1052631578947368', '0.032258064516129']",,,,,,,,,,,False,0.0,0.0,,,0.0,0.0,,,263491.0,0.0,1.0,1.0,0.0142,0.0,0.081,5.6892,0.0,0.0,0.0,8.5185,87.1234,249186.0,0.0,0.0,0.0,0.0,0.0,0.0,14305.0,5.429,0.1431,0.0142,0.0,0.081,0.0,0.0,0.0,1.0,0.0,8.5185,87.1251,0.0,0.0,highly_skewed,variable,0.0,non_normal,44020.0,0.0,0.0,0.0,0.0,0.0,0.0,14305.0,14305.0,5.43,14305.0,5.43,-0.23,0.26,0.0,4102.0,4102.0,1.56,0.05,4097.0,1.55,0.0,0.33,2488.0,0.94,87.12,right_skewed,True,True,True,True,high,robust_scaling_or_transform,0.0,0.0,zero_inflated,log1p_or_tweedie,True,True,False,True,True,True,True,True,0.7,drop_or_encode,near_constant,0.9457
124,BUREAU_CREDIT_TYPE_Real estate loan_MEAN,float64,263491,12,0.0,263479,100.0,False,99.99,True,0.0,263468,"[(np.float64(0.0), 263468), (np.float64(0.1), 6), (np.float64(0.1666666666666666), 3)]",263491,0.0,99.99,0.1,0.0,"[('0.0', 99.99), ('0.1', 0.0), ('0.1666666666666666', 0.0)]",True,Appears uniformly dominated,263491,44020,14.31,12,medium_cardinality,False,False,False,True,"target_encoding, leave_as_integer, or one_hot_if_dense","['0.0', '1.0', '0.5', '0.0909090909090909', '0.1666666666666666']",,,,,,,,,,,False,0.0,0.0,,,0.0,0.0,,,263491.0,0.0,1.0,1.0,0.0,0.0,0.0027,151.9415,0.0,0.0,0.0,254.3586,80336.4189,263468.0,0.0,0.0,0.0,0.0,0.0,0.0,23.0,0.0087,0.1431,0.0,0.0,0.0027,0.0,0.0,0.0,1.0,0.0,254.36,80337.9434,0.0,0.0,highly_skewed,variable,0.0,non_normal,44020.0,0.0,0.0,0.0,0.0,0.0,0.0,23.0,23.0,0.01,23.0,0.01,-0.01,0.01,0.0,23.0,23.0,0.01,0.0,23.0,0.01,0.0,0.0,23.0,0.01,80336.42,right_skewed,True,True,True,True,low,investigate_individually,0.0,0.0,zero_inflated,log1p_or_tweedie,True,False,False,True,True,True,True,True,0.5,drop_or_encode,near_constant,0.9999
125,BUREAU_CREDIT_TYPE_Unknown type of loan_MEAN,float64,263491,42,0.02,263449,99.98,False,99.84,True,0.0,263067,"[(np.float64(0.0), 263067), (np.float64(0.1428571428571428), 42), (np.float64(0.1666666666666666), 41)]",263491,0.0,99.84,0.1428571428571428,0.02,"[('0.0', 99.84), ('0.1428571428571428', 0.02), ('0.1666666666666666', 0.02)]",True,Appears uniformly dominated,263491,44020,14.31,42,medium_cardinality,False,False,False,True,"target_encoding, leave_as_integer, or one_hot_if_dense","['0.0', '0.1428571428571428', '0.0555555555555555', '0.0294117647058823', '0.1333333333333333']",,,,,,,,,,,False,0.0,0.0,,,0.0,0.0,,,263491.0,0.0,1.0,1.0,0.0003,0.0,0.0092,32.5525,0.0,0.0,0.0,54.867,4263.9708,263067.0,0.0,0.0,0.0,0.0,0.0,0.0,424.0,0.1609,0.1431,0.0003,0.0,0.0092,0.0,0.0,0.0,1.0,0.0,54.8673,4264.0517,0.0,0.0,highly_skewed,variable,0.0,non_normal,44020.0,0.0,0.0,0.0,0.0,0.0,0.0,424.0,424.0,0.16,424.0,0.16,-0.03,0.03,0.0,424.0,424.0,0.16,0.01,423.0,0.16,0.0,0.0,424.0,0.16,4263.97,right_skewed,True,True,True,True,low,investigate_individually,0.0,0.0,zero_inflated,log1p_or_tweedie,True,False,False,True,True,True,True,True,0.7,drop_or_encode,near_constant,0.9984
126,BUREAU_CREDIT_TYPE_nan_MEAN,float64,263491,1,0.0,263490,100.0,True,100.0,True,0.0,263491,"[(np.float64(0.0), 263491)]",263491,0.0,100.0,,,"[('0.0', 100.0)]",True,Appears uniformly dominated,263491,44020,14.31,1,single_category,False,False,False,False,drop_column (constant),['0.0'],,,,,,,,,,,False,0.0,0.0,,,0.0,0.0,,,263491.0,0.0,0.0,0.0,0.0,0.0,0.0,,0.0,0.0,0.0,,,263491.0,0.0,0.0,0.0,0.0,0.0,0.0,0.0,0.0,0.1431,0.0,0.0,0.0,0.0,0.0,0.0,0.0,0.0,0.0,0.0,0.0,0.0,approximately_symmetric,constant,,constant,44020.0,0.0,0.0,0.0,0.0,0.0,0.0,0.0,0.0,0.0,0.0,0.0,,,0.0,0.0,0.0,0.0,,0.0,0.0,0.0,0.0,0.0,0.0,,moderate_deviation,False,False,False,False,none,none_needed,0.0,0.0,constant_or_near_constant,drop_column,True,False,False,True,True,True,True,False,0.2,drop_or_encode,near_constant,1.0
127,BUREAU_DAYS_CREDIT_ENDDATE_MAX,float64,261242,13030,4.99,248212,95.01,False,0.11,False,31060.0,279,"[(np.float64(31060.0), 279), (np.float64(31061.0), 262), (np.float64(31062.0), 247)]",261242,31060.0,0.11,31061.0,0.1,"[('31060.0', 0.11), ('31061.0', 0.1), ('31062.0', 0.09)]",False,Most frequent dominates with 0.11%,261242,46269,15.05,13030,very_high_cardinality,True,True,False,False,"target_encoding, hash_encoding, or embedding_layer","['780.0', '-2053.0', '-2206.0', '10656.0', '4849.0']",,,,,,,,,,,False,0.0,0.0,,,0.0,0.0,,,261242.0,-41875.0,31199.0,73074.0,4433.042,909.0,9350.9425,2.1094,125.0,1683.0,1558.0,2.2439,3.4652,124.0,54572.0,125.0,1683.0,1558.0,-2212.0,4020.0,51845.0,19.8456,0.1505,4433.042,909.0,9350.9425,-41875.0,125.0,1683.0,31199.0,1558.0,2.2439,3.4653,51845.0,0.1985,highly_skewed,variable,0.0,non_normal,46269.0,125.0,1683.0,1558.0,-2212.0,4020.0,2230.0,49615.0,51845.0,19.85,44810.0,17.15,-23619.79,32485.87,3.0,0.0,3.0,0.0,779.0,47235.0,18.08,-2162.0,31171.0,5213.0,2.0,3.47,right_skewed,True,True,True,True,severe,consider_log_transform,-2212.0,4020.0,heavy_tailed,quantile_transform_or_robust_scaler,True,True,False,True,True,False,False,True,0.8,treat_as_categorical,"high_skew, high_outliers, discrete",0.0005
128,BUREAU_DAYS_CREDIT_ENDDATE_MEAN,float64,261242,97903,37.48,163339,62.52,False,0.02,False,0.0,62,"[(np.float64(0.0), 62), (np.float64(-25.0), 61), (np.float64(-89.0), 59)]",261242,0.0,0.02,-25.0,0.02,"[('0.0', 0.02), ('-25.0', 0.02), ('-89.0', 0.02)]",False,Most frequent dominates with 0.02%,261242,46269,15.05,97903,very_high_cardinality,True,True,False,False,"target_encoding, hash_encoding, or embedding_layer","['-349.0', '-1638.0', '-291.77777777777777', '-986.7857142857144', '5157.8']",,,,,,,,,,,False,0.0,0.0,,,0.0,0.0,,,261242.0,-41875.0,31198.0,73073.0,651.8075,-135.5778,3281.7172,5.0348,-703.5,602.5,1306.0,4.8893,33.9314,62.0,147061.0,-703.5,602.5,1306.0,-2662.5,2561.5,29570.0,11.319,0.1505,651.8075,-135.5778,3281.7172,-41875.0,-703.5,602.5,31198.0,1306.0,4.8893,33.932,29570.0,0.1132,highly_skewed,variable,0.0,non_normal,46269.0,-703.5,602.5,1306.0,-2662.5,2561.5,231.0,29339.0,29570.0,11.32,18382.0,7.04,-9193.34,10496.96,31.0,5040.0,5071.0,1.94,628.52,25607.0,9.8,-2233.3,15265.5,5225.0,2.0,33.93,right_skewed,True,True,True,True,severe,consider_log_transform,-2662.5,2561.5,heavy_tailed,quantile_transform_or_robust_scaler,True,True,False,True,False,False,False,True,0.8,bin,"high_skew, high_outliers",0.0002
129,BUREAU_DAYS_CREDIT_ENDDATE_MIN,float64,261242,6828,2.61,254414,97.39,False,0.06,False,-2359.0,168,"[(np.float64(-2359.0), 168), (np.float64(-2499.0), 158), (np.float64(-2254.0), 158)]",261242,-2359.0,0.06,-2499.0,0.06,"[('-2359.0', 0.06), ('-2499.0', 0.06), ('-2254.0', 0.06)]",False,Most frequent dominates with 0.06%,261242,46269,15.05,6828,very_high_cardinality,True,True,False,False,"target_encoding, hash_encoding, or embedding_layer","['-1072.0', '-1812.0', '-2615.0', '1486.0', '27536.0']",,,,,,,,,,,False,0.0,0.0,,,0.0,0.0,,,261242.0,-42060.0,31198.0,73258.0,-1029.5781,-1268.0,2640.3388,2.5645,-2132.0,-449.0,1683.0,6.3824,114.311,70.0,226484.0,-2132.0,-449.0,1683.0,-4656.5,2075.5,3273.0,1.2529,0.1505,-1029.5781,-1268.0,2640.3388,-42060.0,-2132.0,-449.0,31198.0,1683.0,6.3824,114.3132,3273.0,0.0125,highly_skewed,variable,0.0,non_normal,46269.0,-2132.0,-449.0,1683.0,-4656.5,2075.5,131.0,3142.0,3273.0,1.25,2641.0,1.01,-8950.59,6891.44,129.0,2121.0,2250.0,0.86,845.0,2934.0,1.12,-2701.0,3704.67,5178.0,1.98,114.31,right_skewed,True,True,True,True,moderate,winsorize_both_tails,-4656.5,2075.5,heavy_tailed,quantile_transform_or_robust_scaler,True,False,False,True,True,False,False,True,0.5,treat_as_categorical,"high_skew, discrete",0.0003
130,BUREAU_DAYS_CREDIT_MAX,float64,263491,2923,1.11,260568,98.89,False,0.26,False,-91.0,688,"[(np.float64(-91.0), 688), (np.float64(-112.0), 628), (np.float64(-119.0), 618)]",263491,-91.0,0.26,-112.0,0.24,"[('-91.0', 0.26), ('-112.0', 0.24), ('-119.0', 0.23)]",False,Most frequent dominates with 0.26%,263491,44020,14.31,2923,very_high_cardinality,True,True,False,False,"target_encoding, hash_encoding, or embedding_layer","['-103.0', '-59.0', '-1677.0', '-1277.0', '-1765.0']",,,,,,,,,,,False,0.0,0.0,,,0.0,0.0,,,263491.0,-2922.0,0.0,2922.0,-489.2978,-300.0,537.5741,1.0987,-620.0,-143.0,477.0,-2.1412,4.8579,4.0,263487.0,-620.0,-143.0,477.0,-1335.5,572.5,20536.0,7.7938,0.1431,-489.2978,-300.0,537.5741,-2922.0,-620.0,-143.0,0.0,477.0,-2.1412,4.858,20536.0,0.0779,highly_skewed,variable,0.0,non_normal,44020.0,-620.0,-143.0,477.0,-1335.5,572.5,20536.0,0.0,20536.0,7.79,8793.0,3.34,-2102.02,1123.42,8464.0,0.0,8464.0,3.21,192.0,21691.0,8.23,-2605.1,-14.0,4924.0,1.87,4.86,left_skewed,True,True,True,True,high,robust_scaling_or_transform,-1335.5,572.5,heavy_tailed,quantile_transform_or_robust_scaler,True,True,False,True,True,False,False,True,0.8,treat_as_categorical,"high_skew, high_outliers, discrete",0.0
131,BUREAU_DAYS_CREDIT_MEAN,float64,263491,64556,24.5,198935,75.5,False,0.03,False,-441.0,78,"[(np.float64(-441.0), 78), (np.float64(-400.0), 77), (np.float64(-478.0), 76)]",263491,-441.0,0.03,-400.0,0.03,"[('-441.0', 0.03), ('-400.0', 0.03), ('-478.0', 0.03)]",False,Most frequent dominates with 0.03%,263491,44020,14.31,64556,very_high_cardinality,True,True,False,False,"target_encoding, hash_encoding, or embedding_layer","['-874.0', '-2664.0', '-1374.2222222222222', '-1563.125', '-393.1']",,,,,,,,,,,False,0.0,0.0,,,0.0,0.0,,,263491.0,-2922.0,0.0,2922.0,-1083.0471,-1050.5714,563.3273,0.5201,-1434.0,-663.7639,770.2361,-0.5053,0.0869,1.0,263490.0,-1434.0,-663.7639,770.2361,-2589.3542,491.5903,3508.0,1.3314,0.1431,-1083.0471,-1050.5714,563.3273,-2922.0,-1434.0,-663.7639,0.0,770.2361,-0.5053,0.0869,3508.0,0.0133,moderately_skewed,variable,0.0,non_normal,44020.0,-1434.0,-663.76,770.24,-2589.35,491.59,3508.0,0.0,3508.0,1.33,0.0,0.0,-2773.03,606.93,1222.0,0.0,1222.0,0.46,385.07,0.0,0.0,-2648.0,-83.0,5262.0,2.0,0.09,moderate_deviation,False,True,False,True,moderate,winsorize_lower_or_clip,-2589.35,491.59,approximately_normal,none_or_standard_scaler,True,False,False,True,False,False,False,False,0.5,keep_continuous,no_strong_signal,0.0
132,BUREAU_DAYS_CREDIT_MIN,float64,263491,2922,1.11,260569,98.89,False,0.11,False,-2919.0,286,"[(np.float64(-2919.0), 286), (np.float64(-2871.0), 282), (np.float64(-2895.0), 278)]",263491,-2919.0,0.11,-2871.0,0.11,"[('-2919.0', 0.11), ('-2871.0', 0.11), ('-2895.0', 0.11)]",False,Most frequent dominates with 0.11%,263491,44020,14.31,2922,very_high_cardinality,True,True,False,False,"target_encoding, hash_encoding, or embedding_layer","['-1437.0', '-1679.0', '-2746.0', '-612.0', '-1582.0']",,,,,,,,,,,False,0.0,0.0,,,0.0,0.0,,,263491.0,-2922.0,0.0,2922.0,-1762.3749,-1827.0,863.8622,0.4902,-2583.0,-1035.0,1548.0,0.3048,-1.2323,1.0,263490.0,-2583.0,-1035.0,1548.0,-4905.0,1287.0,0.0,0.0,0.1431,-1762.3749,-1827.0,863.8622,-2922.0,-2583.0,-1035.0,0.0,1548.0,0.3048,-1.2323,0.0,0.0,approximately_symmetric,variable,0.0,non_normal,44020.0,-2583.0,-1035.0,1548.0,-4905.0,1287.0,0.0,0.0,0.0,0.0,0.0,0.0,-4353.96,829.21,0.0,0.0,0.0,0.0,768.0,0.0,0.0,-2912.0,-88.0,5086.0,1.93,-1.23,light_tailed,False,False,False,False,none,none_needed,-4905.0,1287.0,approximately_normal,none_or_standard_scaler,True,False,False,True,True,False,False,True,0.2,treat_as_categorical,discrete,0.0
133,BUREAU_DAYS_CREDIT_UPDATE_MAX,float64,263491,2663,1.01,260828,98.99,False,4.13,False,-7.0,10877,"[(np.float64(-7.0), 10877), (np.float64(-8.0), 10269), (np.float64(-6.0), 10071)]",263491,-7.0,4.13,-8.0,3.9,"[('-7.0', 4.13), ('-8.0', 3.9), ('-6.0', 3.82)]",False,Most frequent dominates with 4.13%,263491,44020,14.31,2663,very_high_cardinality,True,True,False,False,"target_encoding, hash_encoding, or embedding_layer","['-7.0', '-225.0', '-334.0', '-1091.0', '-1943.0']",,,,,,,,,,,False,0.0,0.0,,,0.0,0.0,,,263491.0,-41890.0,372.0,42262.0,-140.9933,-19.0,348.8228,2.474,-50.0,-9.0,41.0,-10.0766,794.1687,345.0,263129.0,-50.0,-9.0,41.0,-111.5,52.5,50659.0,19.2261,0.1431,-140.9933,-19.0,348.8228,-41890.0,-50.0,-9.0,372.0,41.0,-10.0767,794.1838,50659.0,0.1923,highly_skewed,variable,0.0,non_normal,44020.0,-50.0,-9.0,41.0,-111.5,52.5,50658.0,1.0,50659.0,19.23,44363.0,16.84,-1187.46,905.48,6411.0,0.0,6411.0,2.43,12.0,55145.0,20.93,-1883.1,-1.0,2997.0,1.14,794.17,left_skewed,True,True,True,True,severe,consider_log_transform,-111.5,52.5,heavy_tailed,quantile_transform_or_robust_scaler,True,True,False,True,True,False,False,True,0.8,treat_as_categorical,"high_skew, high_outliers, discrete",0.0013
134,BUREAU_DAYS_CREDIT_UPDATE_MEAN,float64,263491,55038,20.89,208453,79.11,False,0.29,False,-7.0,751,"[(np.float64(-7.0), 751), (np.float64(-14.0), 749), (np.float64(-15.0), 746)]",263491,-7.0,0.29,-14.0,0.28,"[('-7.0', 0.29), ('-14.0', 0.28), ('-15.0', 0.28)]",False,Most frequent dominates with 0.29%,263491,44020,14.31,55038,very_high_cardinality,True,True,False,False,"target_encoding, hash_encoding, or embedding_layer","['-499.875', '-2116.0', '-732.6', '-172.36363636363637', '-104.94444444444444']",,,,,,,,,,,False,0.0,0.0,,,0.0,0.0,,,263491.0,-41890.0,14.0,41904.0,-546.6325,-481.8333,453.7479,0.8301,-779.0,-208.4,570.6,-5.3396,308.8935,14.0,263476.0,-779.0,-208.4,570.6,-1634.9,647.5,6042.0,2.2931,0.1431,-546.6325,-481.8333,453.7479,-41890.0,-779.0,-208.4,14.0,570.6,-5.3397,308.8994,6042.0,0.0229,highly_skewed,variable,0.0,non_normal,44020.0,-779.0,-208.4,570.6,-1634.9,647.5,6042.0,0.0,6042.0,2.29,445.0,0.17,-1907.88,814.61,3466.0,0.0,3466.0,1.32,283.94,3131.0,1.19,-2030.55,-7.0,5014.0,1.9,308.89,left_skewed,True,True,True,True,moderate,winsorize_lower_or_clip,-1634.9,647.5,heavy_tailed,quantile_transform_or_robust_scaler,True,False,True,True,False,False,False,True,0.5,bin,high_skew,0.0001
135,BUREAU_DAYS_CREDIT_UPDATE_MIN,float64,263491,2969,1.13,260522,98.87,False,0.31,False,-18.0,804,"[(np.float64(-18.0), 804), (np.float64(-14.0), 791), (np.float64(-15.0), 791)]",263491,-18.0,0.31,-14.0,0.3,"[('-18.0', 0.31), ('-14.0', 0.3), ('-15.0', 0.3)]",False,Most frequent dominates with 0.31%,263491,44020,14.31,2969,very_high_cardinality,True,True,False,False,"target_encoding, hash_encoding, or embedding_layer","['-1185.0', '-864.0', '-953.0', '-351.0', '-1003.0']",,,,,,,,,,,False,0.0,0.0,,,0.0,0.0,,,263491.0,-41947.0,14.0,41961.0,-1181.361,-1055.0,1118.1499,0.9465,-1902.0,-474.0,1428.0,-16.5742,597.8571,14.0,263476.0,-1902.0,-474.0,1428.0,-4044.0,1668.0,90.0,0.0342,0.1431,-1181.361,-1055.0,1118.1499,-41947.0,-1902.0,-474.0,14.0,1428.0,-16.5743,597.8685,90.0,0.0003,highly_skewed,variable,0.0,non_normal,44020.0,-1902.0,-474.0,1428.0,-4044.0,1668.0,90.0,0.0,90.0,0.03,90.0,0.03,-4535.81,2173.09,90.0,0.0,90.0,0.03,671.0,90.0,0.03,-2709.0,-7.0,4775.0,1.81,597.86,left_skewed,True,True,True,True,low,investigate_individually,-4044.0,1668.0,heavy_tailed,quantile_transform_or_robust_scaler,True,False,False,True,True,False,False,True,0.5,treat_as_categorical,"high_skew, discrete",0.0001
136,BUREAU_DAYS_CREDIT_VAR,float64,227419,190248,83.66,37171,16.34,False,0.86,False,0.0,1962,"[(np.float64(0.0), 1962), (np.float64(0.5), 956), (np.float64(4.5), 166)]",227419,0.0,0.86,0.5,0.42,"[('0.0', 0.86), ('0.5', 0.42), ('4.5', 0.07)]",False,Most frequent dominates with 0.86%,227419,80092,26.05,190248,very_high_cardinality,True,True,False,False,"target_encoding, hash_encoding, or embedding_layer","['186150.0', '198589.2', '456499.0', '19548.696428571428', '1063237.3']",,,,,,,,,,,False,0.0,0.0,,,0.0,0.0,,,227419.0,0.0,4173160.5,4173160.5,490515.1917,385106.5667,467232.6465,0.9525,124895.4712,722153.9833,597258.5122,1.8149,5.759,1962.0,0.0,124895.4712,722153.9833,597258.5122,-770992.2971,1618041.7516,5989.0,2.6335,0.2605,490515.1917,385106.5667,467232.6465,0.0,124895.4712,722153.9833,4173160.5,597258.5122,1.8149,5.7592,5989.0,0.0263,highly_skewed,variable,0.0,non_normal,80092.0,124895.47,722153.98,597258.51,-770992.3,1618041.75,0.0,5989.0,5989.0,2.63,1241.0,0.55,-911182.75,1892213.13,0.0,3436.0,3436.0,1.51,286434.27,3580.0,1.57,0.5,2131917.98,4274.0,1.88,5.76,right_skewed,True,True,True,True,moderate,log_transform_or_winsorize,-770992.3,1618041.75,heavy_tailed,log1p_or_quantile_transform,True,False,True,True,False,False,False,True,0.5,bin,high_skew,0.0086
137,BUREAU_SK_ID_BUREAU_NUNIQUE,float64,263491,60,0.02,263431,99.98,False,13.69,False,1.0,36072,"[(np.float64(1.0), 36072), (np.float64(2.0), 35635), (np.float64(3.0), 32925)]",263491,1.0,13.69,2.0,13.52,"[('1.0', 13.69), ('2.0', 13.52), ('3.0', 12.5)]",False,Most frequent dominates with 13.69%,263491,44020,14.31,60,high_cardinality,True,False,False,True,"target_encoding, frequency_encoding, or hash_encoding","['8.0', '17.0', '26.0', '36.0', '41.0']",,,,,,,,,,,False,0.0,0.0,,,0.0,0.0,,,263491.0,1.0,116.0,115.0,5.5612,4.0,4.3779,0.7872,2.0,8.0,6.0,1.8238,7.4378,0.0,0.0,2.0,8.0,6.0,-7.0,17.0,5448.0,2.0676,0.1431,5.5612,4.0,4.3779,1.0,2.0,8.0,116.0,6.0,1.8238,7.438,5448.0,0.0207,highly_skewed,variable,0.0,non_normal,44020.0,2.0,8.0,6.0,-7.0,17.0,0.0,5448.0,5448.0,2.07,592.0,0.22,-7.57,18.69,0.0,4168.0,4168.0,1.58,2.0,11643.0,4.42,1.0,20.0,2469.0,0.94,7.44,right_skewed,True,True,True,True,moderate,log_transform_or_winsorize,-7.0,17.0,heavy_tailed,log1p_or_quantile_transform,True,False,True,True,True,True,False,True,0.5,drop_or_encode,near_constant,0.0
138,BUREAU_TOTAL_DEBT_CREDIT_RATIO,float64,262408,184777,70.42,77631,29.58,False,28.97,False,0.0,76030,"[(np.float64(0.0), 76030), (np.float64(1.0), 647), (np.float64(0.5), 11)]",262408,0.0,28.97,1.0,0.25,"[('0.0', 28.97), ('1.0', 0.25), ('0.5', 0.0)]",False,Most frequent dominates with 28.97%,262408,45103,14.67,184777,very_high_cardinality,True,True,False,False,"target_encoding, hash_encoding, or embedding_layer","['0.2841216332733493', '0.5340555705087062', '0.9706951724137932', '0.8094155846032968', '0.2271032022323332']",,,,,,,,,,,False,0.0,0.0,,,0.0,0.0,,,262408.0,-175.2892,7.7891,183.0783,0.2823,0.2091,0.4513,1.5989,0.0,0.4829,0.4829,-224.0258,87256.0744,76030.0,1265.0,0.0,0.4829,0.4829,-0.7244,1.2073,340.0,0.1296,0.1467,0.2823,0.2091,0.4513,-175.2892,0.0,0.4829,7.7891,0.4829,-224.0271,87257.737,340.0,0.0013,highly_skewed,variable,0.0,non_normal,45103.0,0.0,0.48,0.48,-0.72,1.21,8.0,332.0,340.0,0.13,81.0,0.03,-1.07,1.64,8.0,137.0,145.0,0.06,0.21,271.0,0.1,0.0,0.99,3890.0,1.48,87256.07,left_skewed,True,True,True,True,low,investigate_individually,-0.72,1.21,heavy_tailed,quantile_transform_or_robust_scaler,True,False,False,True,False,False,False,True,0.5,bin,high_skew,0.2897
139,BUREAU_TOTAL_OVERDUE_DEBT_RATIO,float64,186442,2995,1.61,183447,98.39,False,98.37,True,0.0,183398,"[(np.float64(0.0), 183398), (np.float64(1.0), 46), (np.float64(0.7669902912621359), 2)]",186442,0.0,98.37,1.0,0.02,"[('0.0', 98.37), ('1.0', 0.02), ('0.7669902912621359', 0.0)]",True,Appears uniformly dominated,186442,121069,39.37,2995,very_high_cardinality,True,True,False,False,"target_encoding, hash_encoding, or embedding_layer","['0.0', '0.0009014287645918', '0.0005866425992779', '0.000869059103992', '0.0004835759389432']",,,,,,,,,,,False,0.0,0.0,,,0.0,0.0,,,186442.0,-0.6242,91.0,91.6242,0.0019,0.0,0.2399,128.2231,0.0,0.0,0.0,314.4194,113520.8292,183398.0,4.0,0.0,0.0,0.0,0.0,0.0,3044.0,1.6327,0.3937,0.0019,0.0,0.2399,-0.6242,0.0,0.0,91.0,0.0,314.422,113523.8736,0.0,0.0,highly_skewed,variable,0.0,non_normal,121069.0,0.0,0.0,0.0,0.0,0.0,4.0,3040.0,3044.0,1.63,3044.0,1.63,-0.72,0.72,0.0,92.0,92.0,0.05,0.16,82.0,0.04,0.0,0.0,1869.0,1.0,113520.83,right_skewed,True,True,True,True,moderate,winsorize_both_tails,0.0,0.0,zero_inflated,yeo_johnson_power_transform,True,False,False,True,True,True,True,True,0.7,drop_or_encode,near_constant,0.9837
140,CC_AMT_BALANCE_MAX,float64,86905,56722,65.27,30183,34.73,False,31.45,False,0.0,27328,"[(np.float64(0.0), 27328), (np.float64(92043.0), 83), (np.float64(190386.0), 77)]",86905,0.0,31.45,92043.0,0.1,"[('0.0', 31.45), ('92043.0', 0.1), ('190386.0', 0.09)]",False,Most frequent dominates with 31.45%,86905,220606,71.74,56722,very_high_cardinality,True,True,False,False,"target_encoding, hash_encoding, or embedding_layer","['0.0', '93899.925', '142449.75', '93927.735', '456775.875']",,,,,,,,,,,False,0.0,0.0,,,0.0,0.0,,,86905.0,0.0,1354829.265,1354829.265,144501.3066,97424.325,172808.9792,1.1959,0.0,195182.46,195182.46,1.8132,3.9029,27328.0,0.0,0.0,195182.46,195182.46,-292773.69,487956.15,3338.0,3.841,0.7174,144501.3066,97424.325,172808.9792,0.0,0.0,195182.46,1354829.265,195182.46,1.8132,3.9032,3338.0,0.0384,highly_skewed,variable,0.0,non_normal,220606.0,0.0,195182.46,195182.46,-292773.69,487956.15,0.0,3338.0,3338.0,3.84,1158.0,1.33,-373925.63,662928.24,0.0,2002.0,2002.0,2.3,97424.32,2436.0,2.8,0.0,798230.24,870.0,1.0,3.9,right_skewed,True,True,True,True,moderate,log_transform_or_winsorize,-292773.69,487956.15,heavy_tailed,log1p_or_quantile_transform,True,False,True,True,False,False,False,True,1.0,bin,high_skew,0.3145
141,CC_AMT_BALANCE_MEAN,float64,86905,59467,68.43,27438,31.57,False,31.42,False,0.0,27305,"[(np.float64(0.0), 27305), (np.float64(46570.5), 16), (np.float64(523.5), 7)]",86905,0.0,31.42,46570.5,0.02,"[('0.0', 31.42), ('46570.5', 0.02), ('523.5', 0.01)]",False,Most frequent dominates with 31.42%,86905,220606,71.74,59467,very_high_cardinality,True,True,False,False,"target_encoding, hash_encoding, or embedding_layer","['0.0', '6405.1640625', '58604.8365', '95215.005', '5939.610000000001']",,,,,,,,,,,False,0.0,0.0,,,0.0,0.0,,,86905.0,-2930.2326,928686.3236,931616.5561,71459.927,26793.6063,109056.5182,1.5261,0.0,98610.5025,98610.5025,2.596,8.7296,27305.0,28.0,0.0,98610.5025,98610.5025,-147915.7538,246526.2562,6144.0,7.0698,0.7174,71459.927,26793.6063,109056.5182,-2930.2326,0.0,98610.5025,928686.3236,98610.5025,2.596,8.7302,6144.0,0.0707,highly_skewed,variable,0.0,non_normal,220606.0,0.0,98610.5,98610.5,-147915.75,246526.26,0.0,6144.0,6144.0,7.07,2101.0,2.42,-255709.63,398629.48,0.0,2016.0,2016.0,2.32,26793.61,11899.0,13.69,0.0,514866.23,898.0,1.03,8.73,right_skewed,True,True,True,True,high,robust_scaling_or_transform,-147915.75,246526.26,heavy_tailed,quantile_transform_or_robust_scaler,True,True,False,True,False,False,False,True,1.0,bin,"high_skew, high_outliers",0.3142
142,CC_AMT_BALANCE_SUM,float64,86905,58810,67.67,28095,32.33,False,31.42,False,0.0,27305,"[(np.float64(0.0), 27305), (np.float64(450.0), 34), (np.float64(900.0), 25)]",86905,0.0,31.42,450.0,0.04,"[('0.0', 31.42), ('450.0', 0.04), ('900.0', 0.03)]",False,Most frequent dominates with 31.42%,86905,220606,71.74,58810,very_high_cardinality,True,True,False,False,"target_encoding, hash_encoding, or embedding_layer","['0.0', '745525.62', '719300.295', '592589.475', '186182.64']",,,,,,,,,,,False,0.0,0.0,,,0.0,0.0,,,86905.0,-126000.0,29980484.415,30106484.415,2194196.0752,738575.28,3266996.393,1.4889,0.0,3075180.345,3075180.345,2.1097,4.9176,27305.0,28.0,0.0,3075180.345,3075180.345,-4612770.5175,7687950.8625,6905.0,7.9455,0.7174,2194196.0752,738575.28,3266996.393,-126000.0,0.0,3075180.345,29980484.415,3075180.345,2.1098,4.918,6905.0,0.0795,highly_skewed,variable,0.0,non_normal,220606.0,0.0,3075180.35,3075180.35,-4612770.52,7687950.86,0.0,6905.0,6905.0,7.95,1814.0,2.09,-7606793.1,11995185.25,0.0,2008.0,2008.0,2.31,738575.28,15099.0,17.37,0.0,14319718.65,898.0,1.03,4.92,right_skewed,True,True,True,True,high,robust_scaling_or_transform,-4612770.52,7687950.86,heavy_tailed,quantile_transform_or_robust_scaler,True,True,False,True,False,False,False,True,1.0,bin,"high_skew, high_outliers",0.3142
143,CC_AMT_CREDIT_LIMIT_ACTUAL_MAX,float64,86905,54,0.06,86851,99.94,False,14.52,False,135000.0,12618,"[(np.float64(135000.0), 12618), (np.float64(180000.0), 10762), (np.float64(450000.0), 9416)]",86905,135000.0,14.52,180000.0,12.38,"[('135000.0', 14.52), ('180000.0', 12.38), ('450000.0', 10.83)]",False,Most frequent dominates with 14.52%,86905,220606,71.74,54,high_cardinality,True,False,False,True,"target_encoding, frequency_encoding, or hash_encoding","['270000.0', '630000.0', '495000.0', '0.0', '18000.0']",,,,,,,,,,,False,0.0,0.0,,,0.0,0.0,,,86905.0,0.0,1350000.0,1350000.0,249709.1192,180000.0,202159.5725,0.8096,112500.0,315000.0,202500.0,1.5576,2.0908,869.0,0.0,112500.0,315000.0,202500.0,-191250.0,618750.0,6357.0,7.3149,0.7174,249709.1192,180000.0,202159.5725,0.0,112500.0,315000.0,1350000.0,202500.0,1.5577,2.0909,6357.0,0.0731,highly_skewed,variable,0.0,non_normal,220606.0,112500.0,315000.0,202500.0,-191250.0,618750.0,0.0,6357.0,6357.0,7.31,29.0,0.03,-356769.6,856187.84,0.0,2174.0,2174.0,2.5,90000.0,6148.0,7.07,4500.0,900000.0,898.0,1.03,2.09,right_skewed,True,True,True,True,high,robust_scaling_or_transform,-191250.0,618750.0,right_skewed,log1p,True,True,False,True,True,True,False,True,0.8,drop_or_encode,near_constant,0.01
144,CC_AMT_CREDIT_LIMIT_ACTUAL_MEAN,float64,86905,11313,13.02,75592,86.98,False,5.43,False,45000.0,4723,"[(np.float64(45000.0), 4723), (np.float64(180000.0), 4615), (np.float64(135000.0), 4388)]",86905,45000.0,5.43,180000.0,5.31,"[('45000.0', 5.43), ('180000.0', 5.31), ('135000.0', 5.05)]",False,Most frequent dominates with 5.43%,86905,220606,71.74,11313,very_high_cardinality,True,True,False,False,"target_encoding, hash_encoding, or embedding_layer","['270000.0', '188780.48780487804', '147777.77777777778', '207209.3023255814', '170461.95652173914']",,,,,,,,,,,False,0.0,0.0,,,0.0,0.0,,,86905.0,0.0,1350000.0,1350000.0,208260.5793,149727.2727,191529.9307,0.9197,82840.9091,268783.7838,185942.8747,1.8068,3.2232,869.0,0.0,82840.9091,268783.7838,185942.8747,-196073.4029,547698.0958,5927.0,6.8201,0.7174,208260.5793,149727.2727,191529.9307,0.0,82840.9091,268783.7838,1350000.0,185942.8747,1.8069,3.2234,5927.0,0.0682,highly_skewed,variable,0.0,non_normal,220606.0,82840.91,268783.78,185942.87,-196073.4,547698.1,0.0,5927.0,5927.0,6.82,1627.0,1.87,-366329.21,782850.37,0.0,1771.0,1771.0,2.04,77727.27,5900.0,6.79,3000.0,900000.0,893.0,1.03,3.22,right_skewed,True,True,True,True,high,robust_scaling_or_transform,-196073.4,547698.1,heavy_tailed,log1p_or_quantile_transform,True,True,False,True,False,False,False,True,0.8,bin,"high_skew, high_outliers",0.01
145,CC_AMT_DRAWINGS_ATM_CURRENT_MAX,float64,61140,1305,2.13,59835,97.87,False,16.11,False,0.0,9852,"[(np.float64(0.0), 9852), (np.float64(135000.0), 4478), (np.float64(90000.0), 4090)]",61140,0.0,16.11,135000.0,7.32,"[('0.0', 16.11), ('135000.0', 7.32), ('90000.0', 6.69)]",False,Most frequent dominates with 16.11%,61140,246371,80.12,1305,very_high_cardinality,True,True,False,False,"target_encoding, hash_encoding, or embedding_layer","['180000.0', '110250.0', '127350.0', '108900.0', '758250.0']",,,,,,,,,,,False,0.0,0.0,,,0.0,0.0,,,61140.0,0.0,2115000.0,2115000.0,106144.5625,90000.0,107504.0298,1.0128,31500.0,139500.0,108000.0,2.4743,13.4348,9852.0,0.0,31500.0,139500.0,108000.0,-130500.0,301500.0,3010.0,4.9231,0.8012,106144.5625,90000.0,107504.0298,0.0,31500.0,139500.0,2115000.0,108000.0,2.4744,13.436,3010.0,0.0492,highly_skewed,variable,0.0,non_normal,246371.0,31500.0,139500.0,108000.0,-130500.0,301500.0,0.0,3010.0,3010.0,4.92,622.0,1.02,-216367.53,428656.65,0.0,1176.0,1176.0,1.92,56250.0,1814.0,2.97,0.0,469372.5,612.0,1.0,13.43,right_skewed,True,True,True,True,moderate,log_transform_or_winsorize,-130500.0,301500.0,heavy_tailed,log1p_or_quantile_transform,True,False,True,True,True,False,False,True,0.8,treat_as_categorical,"high_skew, discrete",0.1611
146,CC_AMT_DRAWINGS_ATM_CURRENT_MEAN,float64,61140,22420,36.67,38720,63.33,False,16.11,False,0.0,9852,"[(np.float64(0.0), 9852), (np.float64(22500.0), 261), (np.float64(4500.0), 237)]",61140,0.0,16.11,22500.0,0.43,"[('0.0', 16.11), ('22500.0', 0.43), ('4500.0', 0.39)]",False,Most frequent dominates with 16.11%,61140,246371,80.12,22420,very_high_cardinality,True,True,False,False,"target_encoding, hash_encoding, or embedding_layer","['2432.4324324324325', '5287.5', '2240.322580645161', '18806.25', '475.0']",,,,,,,,,,,False,0.0,0.0,,,0.0,0.0,,,61140.0,0.0,904500.0,904500.0,12291.5861,4560.8108,21780.1256,1.772,1137.4657,15653.1929,14515.7273,7.9206,157.8599,9852.0,0.0,1137.4657,15653.1929,14515.7273,-20636.1253,37426.7838,4855.0,7.9408,0.8012,12291.5861,4560.8108,21780.1256,0.0,1137.4657,15653.1929,904500.0,14515.7273,7.9208,157.8729,4855.0,0.0794,highly_skewed,variable,0.0,non_normal,246371.0,1137.47,15653.19,14515.73,-20636.13,37426.78,0.0,4855.0,4855.0,7.94,1860.0,3.04,-53048.79,77631.96,0.0,980.0,980.0,1.6,4560.81,7554.0,12.36,0.0,92335.78,612.0,1.0,157.86,right_skewed,True,True,True,True,high,robust_scaling_or_transform,-20636.13,37426.78,heavy_tailed,log1p_or_quantile_transform,True,True,False,True,False,False,False,True,0.8,bin,"high_skew, high_outliers",0.1611
147,CC_AMT_DRAWINGS_ATM_CURRENT_SUM,float64,86905,5016,5.77,81889,94.23,False,40.98,False,0.0,35617,"[(np.float64(0.0), 35617), (np.float64(135000.0), 1299), (np.float64(90000.0), 1220)]",86905,0.0,40.98,135000.0,1.49,"[('0.0', 40.98), ('135000.0', 1.49), ('90000.0', 1.4)]",False,Most frequent dominates with 40.98%,86905,220606,71.74,5016,very_high_cardinality,True,True,False,False,"target_encoding, hash_encoding, or embedding_layer","['0.0', '43650.0', '548100.0', '1038252.51', '412203.375']",,,,,,,,,,,False,0.0,0.0,,,0.0,0.0,,,86905.0,0.0,8384850.0,8384850.0,181772.1796,67500.0,295266.6553,1.6244,0.0,247500.0,247500.0,4.1759,44.73,35617.0,0.0,0.0,247500.0,247500.0,-371250.0,618750.0,6364.0,7.3229,0.7174,181772.1796,67500.0,295266.6553,0.0,0.0,247500.0,8384850.0,247500.0,4.1759,44.7326,6364.0,0.0732,highly_skewed,variable,0.0,non_normal,220606.0,0.0,247500.0,247500.0,-371250.0,618750.0,0.0,6364.0,6364.0,7.32,1977.0,2.27,-704027.79,1067572.15,0.0,1583.0,1583.0,1.82,67500.0,12216.0,14.06,0.0,1292832.0,870.0,1.0,44.73,right_skewed,True,True,True,True,high,robust_scaling_or_transform,-371250.0,618750.0,heavy_tailed,log1p_or_quantile_transform,True,True,False,True,False,False,False,True,1.0,bin,"high_skew, high_outliers",0.4098
148,CC_AMT_DRAWINGS_CURRENT_MAX,float64,86905,24117,27.75,62788,72.25,False,31.38,False,0.0,27269,"[(np.float64(0.0), 27269), (np.float64(135000.0), 3602), (np.float64(90000.0), 3319)]",86905,0.0,31.38,135000.0,4.14,"[('0.0', 31.38), ('135000.0', 4.14), ('90000.0', 3.82)]",False,Most frequent dominates with 31.38%,86905,220606,71.74,24117,very_high_cardinality,True,True,False,False,"target_encoding, hash_encoding, or embedding_layer","['0.0', '5398.74', '128876.985', '51635.475', '88705.305']",,,,,,,,,,,False,0.0,0.0,,,0.0,0.0,,,86905.0,0.0,2115000.0,2115000.0,99849.9913,69611.31,122362.1456,1.2255,0.0,140004.45,140004.45,2.6359,13.7697,27269.0,0.0,0.0,140004.45,140004.45,-210006.675,350011.125,3875.0,4.4589,0.7174,99849.9913,69611.31,122362.1456,0.0,0.0,140004.45,2115000.0,140004.45,2.6359,13.7706,3875.0,0.0446,highly_skewed,variable,0.0,non_normal,220606.0,0.0,140004.45,140004.45,-210006.68,350011.12,0.0,3875.0,3875.0,4.46,820.0,0.94,-267236.45,466936.43,0.0,1307.0,1307.0,1.5,69611.31,2279.0,2.62,0.0,540000.0,867.0,1.0,13.77,right_skewed,True,True,True,True,moderate,log_transform_or_winsorize,-210006.68,350011.12,heavy_tailed,log1p_or_quantile_transform,True,False,True,True,False,False,False,True,1.0,bin,high_skew,0.3138
149,CC_AMT_DRAWINGS_CURRENT_MEAN,float64,86905,49079,56.47,37826,43.53,False,31.38,False,0.0,27269,"[(np.float64(0.0), 27269), (np.float64(22500.0), 141), (np.float64(11250.0), 127)]",86905,0.0,31.38,22500.0,0.16,"[('0.0', 31.38), ('22500.0', 0.16), ('11250.0', 0.15)]",False,Most frequent dominates with 31.38%,86905,220606,71.74,49079,very_high_cardinality,True,True,False,False,"target_encoding, hash_encoding, or embedding_layer","['0.0', '3282.872727272727', '13920.0', '14610.938333333334', '4444.125']",,,,,,,,,,,False,0.0,0.0,,,0.0,0.0,,,86905.0,0.0,1125000.0,1125000.0,13913.4751,3473.6719,26610.583,1.9126,0.0,18333.9979,18333.9979,7.1673,128.2658,27269.0,0.0,0.0,18333.9979,18333.9979,-27500.9969,45834.9949,6418.0,7.3851,0.7174,13913.4751,3473.6719,26610.583,0.0,0.0,18333.9979,1125000.0,18333.9979,7.1674,128.2732,6418.0,0.0739,highly_skewed,variable,0.0,non_normal,220606.0,0.0,18334.0,18334.0,-27501.0,45834.99,0.0,6418.0,6418.0,7.39,2537.0,2.92,-65918.27,93745.22,0.0,1410.0,1410.0,1.62,3473.67,18753.0,21.58,0.0,112561.26,870.0,1.0,128.27,right_skewed,True,True,True,True,high,robust_scaling_or_transform,-27501.0,45834.99,heavy_tailed,log1p_or_quantile_transform,True,True,False,True,False,False,False,True,1.0,bin,"high_skew, high_outliers",0.3138
150,CC_AMT_DRAWINGS_CURRENT_SUM,float64,86905,40377,46.46,46528,53.54,False,31.38,False,0.0,27269,"[(np.float64(0.0), 27269), (np.float64(135000.0), 925), (np.float64(90000.0), 822)]",86905,0.0,31.38,135000.0,1.06,"[('0.0', 31.38), ('135000.0', 1.06), ('90000.0', 0.95)]",False,Most frequent dominates with 31.38%,86905,220606,71.74,40377,very_high_cardinality,True,True,False,False,"target_encoding, hash_encoding, or embedding_layer","['0.0', '956862.0', '504538.785', '267650.73', '55560.78']",,,,,,,,,,,False,0.0,0.0,,,0.0,0.0,,,86905.0,0.0,18469299.195,18469299.195,278357.2799,146978.505,445012.8617,1.5987,0.0,367370.775,367370.775,6.5401,123.3856,27269.0,0.0,0.0,367370.775,367370.775,-551056.1625,918426.9375,5685.0,6.5416,0.7174,278357.2799,146978.505,445012.8617,0.0,0.0,367370.775,18469299.195,367370.775,6.5403,123.3928,5685.0,0.0654,highly_skewed,variable,0.0,non_normal,220606.0,0.0,367370.78,367370.78,-551056.16,918426.94,0.0,5685.0,5685.0,6.54,1725.0,1.98,-1056681.31,1613395.86,0.0,1359.0,1359.0,1.56,146978.51,5811.0,6.69,0.0,1893229.15,870.0,1.0,123.39,right_skewed,True,True,True,True,high,robust_scaling_or_transform,-551056.16,918426.94,heavy_tailed,log1p_or_quantile_transform,True,True,False,True,False,False,False,True,1.0,bin,"high_skew, high_outliers",0.3138
151,CC_AMT_DRAWINGS_POS_CURRENT_MAX,float64,61140,28865,47.21,32275,52.79,False,44.07,False,0.0,26944,"[(np.float64(0.0), 26944), (np.float64(45000.0), 172), (np.float64(450.0), 142)]",61140,0.0,44.07,45000.0,0.28,"[('0.0', 44.07), ('45000.0', 0.28), ('450.0', 0.23)]",False,Most frequent dominates with 44.07%,61140,246371,80.12,28865,very_high_cardinality,True,True,False,False,"target_encoding, hash_encoding, or embedding_layer","['0.0', '3333.6', '53659.395', '46246.5', '58368.96']",,,,,,,,,,,False,0.0,0.0,,,0.0,0.0,,,61140.0,0.0,2060030.16,2060030.16,43479.9932,6560.325,82772.0102,1.9037,0.0,56967.3337,56967.3337,4.9347,47.1041,26944.0,0.0,0.0,56967.3338,56967.3338,-85451.0006,142418.3344,4905.0,8.0226,0.8012,43479.9932,6560.325,82772.0102,0.0,0.0,56967.3338,2060030.16,56967.3338,4.9348,47.108,4905.0,0.0802,highly_skewed,variable,0.0,non_normal,246371.0,0.0,56967.33,56967.33,-85451.0,142418.33,0.0,4905.0,4905.0,8.02,1899.0,3.11,-204836.04,291796.02,0.0,1114.0,1114.0,1.82,6560.32,19466.0,31.84,0.0,379820.14,612.0,1.0,47.1,right_skewed,True,True,True,True,high,robust_scaling_or_transform,-85451.0,142418.33,heavy_tailed,log1p_or_quantile_transform,True,True,False,True,False,False,False,True,1.0,bin,"high_skew, high_outliers",0.4407
152,CC_AMT_DRAWINGS_POS_CURRENT_MEAN,float64,61140,33409,54.64,27731,45.36,False,44.07,False,0.0,26944,"[(np.float64(0.0), 26944), (np.float64(90.0), 13), (np.float64(56.25), 12)]",61140,0.0,44.07,90.0,0.02,"[('0.0', 44.07), ('90.0', 0.02), ('56.25', 0.02)]",False,Most frequent dominates with 44.07%,61140,246371,80.12,33409,very_high_cardinality,True,True,False,False,"target_encoding, hash_encoding, or embedding_layer","['0.0', '515.645625', '3710.054347826087', '8781.057', '34112.52851351351']",,,,,,,,,,,False,0.0,0.0,,,0.0,0.0,,,61140.0,0.0,918645.4598,918645.4598,8304.0155,309.375,22454.0897,2.704,0.0,8320.5725,8320.5725,10.8757,231.9396,26944.0,0.0,0.0,8320.5725,8320.5725,-12480.8588,20801.4312,7314.0,11.9627,0.8012,8304.0155,309.375,22454.0897,0.0,0.0,8320.5725,918645.4598,8320.5725,10.876,231.9586,7314.0,0.1196,highly_skewed,variable,0.0,non_normal,246371.0,0.0,8320.57,8320.57,-12480.86,20801.43,0.0,7314.0,7314.0,11.96,3852.0,6.3,-59058.25,75666.28,0.0,829.0,829.0,1.36,309.38,24444.0,39.98,0.0,87107.81,612.0,1.0,231.94,right_skewed,True,True,True,True,severe,consider_log_transform,-12480.86,20801.43,heavy_tailed,log1p_or_quantile_transform,True,True,False,True,False,False,False,True,1.0,bin,"high_skew, high_outliers",0.4407
153,CC_AMT_DRAWINGS_POS_CURRENT_SUM,float64,86905,31661,36.43,55244,63.57,False,60.65,False,0.0,52709,"[(np.float64(0.0), 52709), (np.float64(450.0), 113), (np.float64(45000.0), 92)]",86905,0.0,60.65,450.0,0.13,"[('0.0', 60.65), ('450.0', 0.13), ('45000.0', 0.11)]",False,Most frequent dominates with 60.65%,86905,220606,71.74,31661,very_high_cardinality,True,True,False,False,"target_encoding, hash_encoding, or embedding_layer","['0.0', '195951.375', '317057.53500000003', '1388322.945', '107893.305']",,,,,,,,,,,False,0.0,0.0,,,0.0,0.0,,,86905.0,0.0,18372909.195,18372909.195,87024.4003,0.0,297187.18,3.415,0.0,59821.965,59821.965,16.1544,574.5393,52709.0,0.0,0.0,59821.965,59821.965,-89732.9475,149554.9125,13477.0,15.5077,0.7174,87024.4003,0.0,297187.18,0.0,0.0,59821.965,18372909.195,59821.965,16.1547,574.5724,13477.0,0.1551,highly_skewed,variable,0.0,non_normal,220606.0,0.0,59821.96,59821.96,-89732.95,149554.91,0.0,13477.0,13477.0,15.51,8833.0,10.16,-804537.14,978585.94,0.0,1128.0,1128.0,1.3,200452.75,1006.0,1.16,0.0,1123825.51,870.0,1.0,574.54,right_skewed,True,True,True,True,severe,consider_log_transform,-89732.95,149554.91,zero_inflated,log1p_or_tweedie,True,True,False,True,False,False,True,True,1.0,bin,"high_skew, high_outliers, zero_inflated",0.6065
154,CC_AMT_INST_MIN_REGULARITY_MAX,float64,86905,32000,36.82,54905,63.18,False,31.79,False,0.0,27626,"[(np.float64(0.0), 27626), (np.float64(9000.0), 4720), (np.float64(2250.0), 3394)]",86905,0.0,31.79,9000.0,5.43,"[('0.0', 31.79), ('9000.0', 5.43), ('2250.0', 3.91)]",False,Most frequent dominates with 31.79%,86905,220606,71.74,32000,very_high_cardinality,True,True,False,False,"target_encoding, hash_encoding, or embedding_layer","['0.0', '10265.85', '2349.045', '23189.94', '13818.15']",,,,,,,,,,,False,0.0,0.0,,,0.0,0.0,,,86905.0,0.0,202882.005,202882.005,7245.026,4917.06,8649.9103,1.1939,0.0,9600.75,9600.75,2.0778,9.6102,27626.0,0.0,0.0,9600.75,9600.75,-14401.125,24001.875,3511.0,4.04,0.7174,7245.026,4917.06,8649.9103,0.0,0.0,9600.75,202882.005,9600.75,2.0778,9.6108,3511.0,0.0404,highly_skewed,variable,0.0,non_normal,220606.0,0.0,9600.75,9600.75,-14401.12,24001.88,0.0,3511.0,3511.0,4.04,1303.0,1.5,-18704.7,33194.76,0.0,1942.0,1942.0,2.23,4917.06,2323.0,2.67,0.0,39652.42,870.0,1.0,9.61,right_skewed,True,True,True,True,moderate,log_transform_or_winsorize,-14401.12,24001.88,heavy_tailed,log1p_or_quantile_transform,True,False,True,True,False,False,False,True,1.0,bin,high_skew,0.3179
155,CC_AMT_INST_MIN_REGULARITY_MEAN,float64,86905,57384,66.03,29521,33.97,False,31.79,False,0.0,27626,"[(np.float64(0.0), 27626), (np.float64(9000.0), 95), (np.float64(4500.0), 79)]",86905,0.0,31.79,9000.0,0.11,"[('0.0', 31.79), ('9000.0', 0.11), ('4500.0', 0.09)]",False,Most frequent dominates with 31.79%,86905,220606,71.74,57384,very_high_cardinality,True,True,False,False,"target_encoding, hash_encoding, or embedding_layer","['0.0', '13081.053103448276', '6511.3264285714295', '3632.22225', '8910.864']",,,,,,,,,,,False,0.0,0.0,,,0.0,0.0,,,86905.0,0.0,43014.1264,43014.1264,3606.6482,1698.9356,5145.8911,1.4268,0.0,5085.8729,5085.8729,2.4084,7.5039,27626.0,0.0,0.0,5085.8729,5085.8729,-7628.8093,12714.6822,5505.0,6.3345,0.7174,3606.6482,1698.9356,5145.8911,0.0,0.0,5085.8729,43014.1264,5085.8729,2.4084,7.5044,5505.0,0.0633,highly_skewed,variable,0.0,non_normal,220606.0,0.0,5085.87,5085.87,-7628.81,12714.68,0.0,5505.0,5505.0,6.33,1591.0,1.83,-11831.03,19044.32,0.0,2079.0,2079.0,2.39,1698.94,7736.0,8.9,0.0,23511.36,870.0,1.0,7.5,right_skewed,True,True,True,True,high,robust_scaling_or_transform,-7628.81,12714.68,heavy_tailed,log1p_or_quantile_transform,True,True,False,True,False,False,False,True,1.0,bin,"high_skew, high_outliers",0.3179
156,CC_AMT_PAYMENT_CURRENT_MAX,float64,61060,25753,42.18,35307,57.82,False,2.11,False,22500.0,1291,"[(np.float64(22500.0), 1291), (np.float64(13500.0), 1247), (np.float64(45000.0), 1238)]",61060,22500.0,2.11,13500.0,2.04,"[('22500.0', 2.11), ('13500.0', 2.04), ('45000.0', 2.03)]",False,Most frequent dominates with 2.11%,61060,246451,80.14,25753,very_high_cardinality,True,True,False,False,"target_encoding, hash_encoding, or embedding_layer","['55485.0', '28883.385', '54630.36', '344290.5', '23728.23']",,,,,,,,,,,False,0.0,0.0,,,0.0,0.0,,,61060.0,0.0,4289207.445,4289207.445,118779.5363,65250.0,149525.3729,1.2588,22500.0,156600.0,134100.0,3.0936,22.2057,129.0,0.0,22500.0,156600.0,134100.0,-178650.0,357750.0,4669.0,7.6466,0.8014,118779.5363,65250.0,149525.3729,0.0,22500.0,156600.0,4289207.445,134100.0,3.0937,22.2077,4669.0,0.0765,highly_skewed,variable,0.0,non_normal,246451.0,22500.0,156600.0,134100.0,-178650.0,357750.0,0.0,4669.0,4669.0,7.65,1107.0,1.81,-329796.58,567355.65,0.0,1084.0,1084.0,1.78,50850.0,5124.0,8.39,1045.68,747851.91,1222.0,2.0,22.21,right_skewed,True,True,True,True,high,robust_scaling_or_transform,-178650.0,357750.0,heavy_tailed,log1p_or_quantile_transform,True,True,False,True,False,False,False,True,0.8,bin,"high_skew, high_outliers",0.0021
157,CC_AMT_PAYMENT_CURRENT_MEAN,float64,61060,56763,92.96,4297,7.04,False,0.21,False,0.0,129,"[(np.float64(0.0), 129), (np.float64(9000.0), 91), (np.float64(4500.0), 85)]",61060,0.0,0.21,9000.0,0.15,"[('0.0', 0.21), ('9000.0', 0.15), ('4500.0', 0.14)]",False,Most frequent dominates with 0.21%,61060,246451,80.14,56763,very_high_cardinality,True,True,False,False,"target_encoding, hash_encoding, or embedding_layer","['4843.064189189189', '3287.9591129032256', '1349.6816842105263', '2043.91125', '24630.75710526316']",,,,,,,,,,,False,0.0,0.0,,,0.0,0.0,,,61060.0,0.0,1125000.0,1125000.0,18028.6762,9808.7364,28294.1239,1.5694,4670.1598,21395.9117,16725.7519,8.7251,166.7905,129.0,0.0,4670.1598,21395.9117,16725.7519,-20418.468,46484.5395,4666.0,7.6417,0.8014,18028.6762,9808.7364,28294.1239,0.0,4670.1598,21395.9117,1125000.0,16725.7519,8.7253,166.8042,4666.0,0.0764,highly_skewed,variable,0.0,non_normal,246451.0,4670.16,21395.91,16725.75,-20418.47,46484.54,0.0,4666.0,4666.0,7.64,2058.0,3.37,-66853.7,102911.05,0.0,905.0,905.0,1.48,6444.67,5389.0,8.83,251.85,121334.84,1222.0,2.0,166.79,right_skewed,True,True,True,True,high,robust_scaling_or_transform,-20418.47,46484.54,heavy_tailed,log1p_or_quantile_transform,True,True,False,True,False,False,False,True,0.8,bin,"high_skew, high_outliers",0.0021
158,CC_AMT_PAYMENT_CURRENT_SUM,float64,86905,54228,62.4,32677,37.6,False,29.89,False,0.0,25974,"[(np.float64(0.0), 25974), (np.float64(225000.0), 112), (np.float64(45000.0), 83)]",86905,0.0,29.89,225000.0,0.13,"[('0.0', 29.89), ('225000.0', 0.13), ('45000.0', 0.1)]",False,Most frequent dominates with 29.89%,86905,220606,71.74,54228,very_high_cardinality,True,True,False,False,"target_encoding, hash_encoding, or embedding_layer","['0.0', '81440.235', '174330.45', '72359.955', '225208.935']",,,,,,,,,,,False,0.0,0.0,,,0.0,0.0,,,86905.0,0.0,19347594.795,19347594.795,307243.4521,145804.5,469461.5187,1.528,0.0,441567.9,441567.9,5.6713,98.769,25974.0,0.0,0.0,441567.9,441567.9,-662351.85,1103919.75,4484.0,5.1597,0.7174,307243.4521,145804.5,469461.5187,0.0,0.0,441567.9,19347594.795,441567.9,5.6714,98.7747,4484.0,0.0516,highly_skewed,variable,0.0,non_normal,220606.0,0.0,441567.9,441567.9,-662351.85,1103919.75,0.0,4484.0,4484.0,5.16,1175.0,1.35,-1101141.1,1715628.01,0.0,1282.0,1282.0,1.48,145804.5,7139.0,8.21,0.0,1955564.59,870.0,1.0,98.77,right_skewed,True,True,True,True,high,robust_scaling_or_transform,-662351.85,1103919.75,heavy_tailed,log1p_or_quantile_transform,True,True,False,True,False,False,False,True,0.8,bin,"high_skew, high_outliers",0.2989
159,CC_AMT_PAYMENT_TOTAL_CURRENT_MAX,float64,86905,30350,34.92,56555,65.08,False,30.17,False,0.0,26218,"[(np.float64(0.0), 26218), (np.float64(13500.0), 1188), (np.float64(22500.0), 1188)]",86905,0.0,30.17,13500.0,1.37,"[('0.0', 30.17), ('13500.0', 1.37), ('22500.0', 1.37)]",False,Most frequent dominates with 30.17%,86905,220606,71.74,30350,very_high_cardinality,True,True,False,False,"target_encoding, hash_encoding, or embedding_layer","['0.0', '143325.0', '160151.355', '885071.475', '84673.485']",,,,,,,,,,,False,0.0,0.0,,,0.0,0.0,,,86905.0,0.0,4278315.69,4278315.69,81876.3609,24355.71,135156.9264,1.6507,0.0,108900.0,108900.0,3.4662,26.3418,26218.0,0.0,0.0,108900.0,108900.0,-163350.0,272250.0,6561.0,7.5496,0.7174,81876.3609,24355.71,135156.9264,0.0,0.0,108900.0,4278315.69,108900.0,3.4662,26.3434,6561.0,0.0755,highly_skewed,variable,0.0,non_normal,220606.0,0.0,108900.0,108900.0,-163350.0,272250.0,0.0,6561.0,6561.0,7.55,3289.0,3.78,-323594.42,487347.14,0.0,1513.0,1513.0,1.74,24355.71,15579.0,17.93,0.0,627639.57,869.0,1.0,26.34,right_skewed,True,True,True,True,high,robust_scaling_or_transform,-163350.0,272250.0,heavy_tailed,log1p_or_quantile_transform,True,True,False,True,False,False,False,True,1.0,bin,"high_skew, high_outliers",0.3017
160,CC_AMT_PAYMENT_TOTAL_CURRENT_MEAN,float64,86905,57831,66.55,29074,33.45,False,30.17,False,0.0,26218,"[(np.float64(0.0), 26218), (np.float64(11250.0), 50), (np.float64(9000.0), 40)]",86905,0.0,30.17,11250.0,0.06,"[('0.0', 30.17), ('11250.0', 0.06), ('9000.0', 0.05)]",False,Most frequent dominates with 30.17%,86905,220606,71.74,57831,very_high_cardinality,True,True,False,False,"target_encoding, hash_encoding, or embedding_layer","['0.0', '3937.5', '9340.966216216217', '40652.7825', '7653.836842105263']",,,,,,,,,,,False,0.0,0.0,,,0.0,0.0,,,86905.0,0.0,1125000.0,1125000.0,10427.5389,4093.9719,21755.9849,2.0864,0.0,12003.03,12003.03,10.5577,263.9003,26218.0,0.0,0.0,12003.03,12003.03,-18004.545,30007.575,7410.0,8.5266,0.7174,10427.5389,4093.9719,21755.9849,0.0,0.0,12003.03,1125000.0,12003.03,10.5578,263.9156,7410.0,0.0853,highly_skewed,variable,0.0,non_normal,220606.0,0.0,12003.03,12003.03,-18004.55,30007.58,0.0,7410.0,7410.0,8.53,3197.0,3.68,-54840.42,75695.49,0.0,1259.0,1259.0,1.45,4093.97,9481.0,10.91,0.0,89282.48,870.0,1.0,263.9,right_skewed,True,True,True,True,high,robust_scaling_or_transform,-18004.55,30007.58,heavy_tailed,log1p_or_quantile_transform,True,True,False,True,False,False,False,True,1.0,bin,"high_skew, high_outliers",0.3017
161,CC_AMT_PAYMENT_TOTAL_CURRENT_SUM,float64,86905,52944,60.92,33961,39.08,False,30.17,False,0.0,26218,"[(np.float64(0.0), 26218), (np.float64(225000.0), 117), (np.float64(135000.0), 76)]",86905,0.0,30.17,225000.0,0.13,"[('0.0', 30.17), ('225000.0', 0.13), ('135000.0', 0.09)]",False,Most frequent dominates with 30.17%,86905,220606,71.74,52944,very_high_cardinality,True,True,False,False,"target_encoding, hash_encoding, or embedding_layer","['0.0', '312415.02', '4799419.245', '376715.25', '97301.565']",,,,,,,,,,,False,0.0,0.0,,,0.0,0.0,,,86905.0,0.0,19210117.365,19210117.365,283534.5677,123576.75,450927.6004,1.5904,0.0,399150.0,399150.0,5.9706,108.5219,26218.0,0.0,0.0,399150.0,399150.0,-598725.0,997875.0,5074.0,5.8386,0.7174,283534.5677,123576.75,450927.6004,0.0,0.0,399150.0,19210117.365,399150.0,5.9707,108.5282,5074.0,0.0584,highly_skewed,variable,0.0,non_normal,220606.0,0.0,399150.0,399150.0,-598725.0,997875.0,0.0,5074.0,5074.0,5.84,1387.0,1.6,-1069248.23,1636317.37,0.0,1292.0,1292.0,1.49,123576.75,8819.0,10.15,0.0,1881810.05,870.0,1.0,108.52,right_skewed,True,True,True,True,high,robust_scaling_or_transform,-598725.0,997875.0,heavy_tailed,log1p_or_quantile_transform,True,True,False,True,False,False,False,True,1.0,bin,"high_skew, high_outliers",0.3017
162,CC_AMT_RECEIVABLE_PRINCIPAL_MAX,float64,86905,46271,53.24,40634,46.76,False,32.24,False,0.0,28020,"[(np.float64(0.0), 28020), (np.float64(180000.0), 1446), (np.float64(135000.0), 1406)]",86905,0.0,32.24,180000.0,1.66,"[('0.0', 32.24), ('180000.0', 1.66), ('135000.0', 1.62)]",False,Most frequent dominates with 32.24%,86905,220606,71.74,46271,very_high_cardinality,True,True,False,False,"target_encoding, hash_encoding, or embedding_layer","['0.0', '347493.96', '179797.635', '237193.785', '89979.48']",,,,,,,,,,,False,0.0,0.0,,,0.0,0.0,,,86905.0,0.0,1354829.265,1354829.265,137947.7485,90000.0,166084.8631,1.204,0.0,180000.0,180000.0,1.84,4.0261,28020.0,0.0,0.0,180000.0,180000.0,-270000.0,450000.0,3387.0,3.8974,0.7174,137947.7485,90000.0,166084.8631,0.0,0.0,180000.0,1354829.265,180000.0,1.84,4.0264,3387.0,0.039,highly_skewed,variable,0.0,non_normal,220606.0,0.0,180000.0,180000.0,-270000.0,450000.0,0.0,3387.0,3387.0,3.9,1440.0,1.66,-360306.84,636202.34,0.0,2021.0,2021.0,2.33,90000.0,2620.0,3.01,0.0,764544.92,870.0,1.0,4.03,right_skewed,True,True,True,True,moderate,log_transform_or_winsorize,-270000.0,450000.0,heavy_tailed,log1p_or_quantile_transform,True,False,True,True,False,False,False,True,1.0,bin,high_skew,0.3224
163,CC_AMT_RECEIVABLE_PRINCIPAL_MEAN,float64,86905,58549,67.37,28356,32.63,False,32.21,False,0.0,27991,"[(np.float64(0.0), 27991), (np.float64(45000.0), 28), (np.float64(4500.0), 19)]",86905,0.0,32.21,45000.0,0.03,"[('0.0', 32.21), ('45000.0', 0.03), ('4500.0', 0.02)]",False,Most frequent dominates with 32.21%,86905,220606,71.74,58549,very_high_cardinality,True,True,False,False,"target_encoding, hash_encoding, or embedding_layer","['0.0', '35263.67015625', '20916.315', '23615.16893617021', '232841.3919230769']",,,,,,,,,,,False,0.0,0.0,,,0.0,0.0,,,86905.0,-2930.2326,884547.8807,887478.1133,68748.9719,25546.9941,105308.9657,1.5318,0.0,94436.1266,94436.1266,2.6124,8.8452,27991.0,34.0,0.0,94436.1266,94436.1266,-141654.1899,236090.3165,6216.0,7.1526,0.7174,68748.9719,25546.9941,105308.9657,-2930.2326,0.0,94436.1266,884547.8807,94436.1266,2.6125,8.8458,6216.0,0.0715,highly_skewed,variable,0.0,non_normal,220606.0,0.0,94436.13,94436.13,-141654.19,236090.32,0.0,6216.0,6216.0,7.15,2157.0,2.48,-247177.93,384675.87,0.0,2032.0,2032.0,2.34,25546.99,12058.0,13.87,0.0,498531.27,904.0,1.04,8.85,right_skewed,True,True,True,True,high,robust_scaling_or_transform,-141654.19,236090.32,heavy_tailed,quantile_transform_or_robust_scaler,True,True,False,True,False,False,False,True,1.0,bin,"high_skew, high_outliers",0.3221
164,CC_AMT_RECEIVABLE_PRINCIPAL_SUM,float64,86905,57768,66.47,29137,33.53,False,32.21,False,0.0,27991,"[(np.float64(0.0), 27991), (np.float64(45000.0), 98), (np.float64(90000.0), 58)]",86905,0.0,32.21,45000.0,0.11,"[('0.0', 32.21), ('45000.0', 0.11), ('90000.0', 0.07)]",False,Most frequent dominates with 32.21%,86905,220606,71.74,57768,very_high_cardinality,True,True,False,False,"target_encoding, hash_encoding, or embedding_layer","['0.0', '13249041.345', '3435696.765', '2456438.895', '3287982.105']",,,,,,,,,,,False,0.0,0.0,,,0.0,0.0,,,86905.0,-126000.0,28641132.495,28767132.495,2106048.9352,706354.785,3139087.5002,1.4905,0.0,2946160.665,2946160.665,2.1082,4.8706,27991.0,34.0,0.0,2946160.665,2946160.665,-4419240.9975,7365401.6625,6934.0,7.9788,0.7174,2106048.9352,706354.785,3139087.5002,-126000.0,0.0,2946160.665,28641132.495,2946160.665,2.1082,4.8709,6934.0,0.0798,highly_skewed,variable,0.0,non_normal,220606.0,0.0,2946160.67,2946160.67,-4419241.0,7365401.66,0.0,6934.0,6934.0,7.98,1853.0,2.13,-7311213.57,11523311.44,0.0,2005.0,2005.0,2.31,706354.78,15148.0,17.43,0.0,13778055.25,904.0,1.04,4.87,right_skewed,True,True,True,True,high,robust_scaling_or_transform,-4419241.0,7365401.66,heavy_tailed,quantile_transform_or_robust_scaler,True,True,False,True,False,False,False,True,1.0,bin,"high_skew, high_outliers",0.3221
165,CC_AMT_TOTAL_RECEIVABLE_MAX,float64,86905,56422,64.92,30483,35.08,False,31.68,False,0.0,27528,"[(np.float64(0.0), 27528), (np.float64(67.5), 143), (np.float64(45000.0), 94)]",86905,0.0,31.68,67.5,0.16,"[('0.0', 31.68), ('67.5', 0.16), ('45000.0', 0.11)]",False,Most frequent dominates with 31.68%,86905,220606,71.74,56422,very_high_cardinality,True,True,False,False,"target_encoding, hash_encoding, or embedding_layer","['0.0', '266045.22', '240010.245', '54324.0', '187847.685']",,,,,,,,,,,False,0.0,0.0,,,0.0,0.0,,,86905.0,0.0,1354829.265,1354829.265,143488.4872,96866.37,171674.7913,1.1964,0.0,194503.32,194503.32,1.8147,3.913,27528.0,0.0,0.0,194503.32,194503.32,-291754.98,486258.3,3296.0,3.7926,0.7174,143488.4872,96866.37,171674.7913,0.0,0.0,194503.32,1354829.265,194503.32,1.8148,3.9133,3296.0,0.0379,highly_skewed,variable,0.0,non_normal,220606.0,0.0,194503.32,194503.32,-291754.98,486258.3,0.0,3296.0,3296.0,3.79,1130.0,1.3,-371535.89,658512.86,0.0,2006.0,2006.0,2.31,96866.37,2419.0,2.78,0.0,791724.82,870.0,1.0,3.91,right_skewed,True,True,True,True,moderate,log_transform_or_winsorize,-291754.98,486258.3,heavy_tailed,log1p_or_quantile_transform,True,False,True,True,False,False,False,True,1.0,bin,high_skew,0.3168
166,CC_AMT_TOTAL_RECEIVABLE_MEAN,float64,86905,59521,68.49,27384,31.51,False,31.22,False,0.0,27131,"[(np.float64(0.0), 27131), (np.float64(0.9642857142857144), 31), (np.float64(45000.0), 22)]",86905,0.0,31.22,0.9642857142857144,0.04,"[('0.0', 31.22), ('0.9642857142857144', 0.04), ('45000.0', 0.03)]",False,Most frequent dominates with 31.22%,86905,220606,71.74,59521,very_high_cardinality,True,True,False,False,"target_encoding, hash_encoding, or embedding_layer","['0.0', '80701.47', '46733.63163157895', '308988.5806451613', '30955.06125']",,,,,,,,,,,False,0.0,0.0,,,0.0,0.0,,,86905.0,-2930.2326,913096.6393,916026.8718,70985.789,26559.8,108442.4341,1.5277,0.0,97909.0241,97909.0241,2.5991,8.7481,27131.0,456.0,0.0,97909.0241,97909.0241,-146863.5361,244772.5602,6153.0,7.0801,0.7174,70985.789,26559.8,108442.4341,-2930.2326,0.0,97909.0241,913096.6393,97909.0241,2.5991,8.7487,6153.0,0.0708,highly_skewed,variable,0.0,non_normal,220606.0,0.0,97909.02,97909.02,-146863.54,244772.56,0.0,6153.0,6153.0,7.08,2124.0,2.44,-254341.51,396313.09,0.0,2033.0,2033.0,2.34,26559.8,11922.0,13.72,0.0,511745.39,1326.0,1.53,8.75,right_skewed,True,True,True,True,high,robust_scaling_or_transform,-146863.54,244772.56,heavy_tailed,quantile_transform_or_robust_scaler,True,True,False,True,False,False,False,True,1.0,bin,"high_skew, high_outliers",0.3122
167,CC_AMT_TOTAL_RECEIVABLE_SUM,float64,86905,58867,67.74,28038,32.26,False,31.22,False,0.0,27131,"[(np.float64(0.0), 27131), (np.float64(67.5), 137), (np.float64(45000.0), 40)]",86905,0.0,31.22,67.5,0.16,"[('0.0', 31.22), ('67.5', 0.16), ('45000.0', 0.05)]",False,Most frequent dominates with 31.22%,86905,220606,71.74,58867,very_high_cardinality,True,True,False,False,"target_encoding, hash_encoding, or embedding_layer","['0.0', '8973935.325', '3601735.92', '7891777.305', '268743.735']",,,,,,,,,,,False,0.0,0.0,,,0.0,0.0,,,86905.0,-172641.24,30461241.915,30633883.155,2186740.0625,729873.225,3263125.987,1.4922,0.0,3061620.855,3061620.855,2.1168,4.9717,27131.0,456.0,0.0,3061620.855,3061620.855,-4592431.2825,7654052.1375,6935.0,7.98,0.7174,2186740.0625,729873.225,3263125.987,-172641.24,0.0,3061620.855,30461241.915,3061620.855,2.1168,4.9721,6935.0,0.0798,highly_skewed,variable,0.0,non_normal,220606.0,0.0,3061620.85,3061620.85,-4592431.28,7654052.14,0.0,6935.0,6935.0,7.98,1840.0,2.12,-7602637.9,11976118.02,0.0,2008.0,2008.0,2.31,729873.22,15248.0,17.55,0.0,14302254.85,1326.0,1.53,4.97,right_skewed,True,True,True,True,high,robust_scaling_or_transform,-4592431.28,7654052.14,heavy_tailed,quantile_transform_or_robust_scaler,True,True,False,True,False,False,False,True,1.0,bin,"high_skew, high_outliers",0.3122
168,CC_BALANCE_LIMIT_RATIO_MAX,float64,86036,56087,65.19,29949,34.81,False,30.92,False,0.0,26600,"[(np.float64(0.0), 26600), (np.float64(1.0227), 324), (np.float64(1.0577), 188)]",86036,0.0,30.92,1.0227,0.38,"[('0.0', 30.92), ('1.0227', 0.38), ('1.0577', 0.22)]",False,Most frequent dominates with 30.92%,86036,221475,72.02,56087,very_high_cardinality,True,True,False,False,"target_encoding, hash_encoding, or embedding_layer","['0.0', '1.0551102', '1.0217979', '1.113575', '1.0793253333333337']",,,,,,,,,,,False,0.0,0.0,,,0.0,0.0,,,86036.0,0.0,11.7775,11.7775,0.6311,0.9526,0.4821,0.7639,0.0,1.0448,1.0448,-0.235,1.79,26600.0,0.0,0.0,1.0448,1.0448,-1.5672,2.6121,15.0,0.0174,0.7202,0.6311,0.9526,0.4821,0.0,0.0,1.0448,11.7775,1.0448,-0.235,1.7902,15.0,0.0002,approximately_symmetric,variable,0.0,non_normal,221475.0,0.0,1.04,1.04,-1.57,2.61,0.0,15.0,15.0,0.02,2.0,0.0,-0.82,2.08,0.0,27.0,27.0,0.03,0.14,30157.0,35.05,0.0,1.15,861.0,1.0,1.79,moderate_deviation,True,False,True,True,low,investigate_individually,-1.57,2.61,approximately_normal,none_or_standard_scaler,False,False,False,True,False,False,False,False,0.4,keep_continuous,no_strong_signal,0.3092
169,CC_BALANCE_LIMIT_RATIO_MEAN,float64,86036,59104,68.7,26932,31.3,False,30.89,False,0.0,26577,"[(np.float64(0.0), 26577), (np.float64(0.258725), 5), (np.float64(0.25), 4)]",86036,0.0,30.89,0.258725,0.01,"[('0.0', 30.89), ('0.258725', 0.01), ('0.25', 0.0)]",False,Most frequent dominates with 30.89%,86036,221475,72.02,59104,very_high_cardinality,True,True,False,False,"target_encoding, hash_encoding, or embedding_layer","['0.0', '0.8904512511776753', '0.274619619047619', '0.2341486055555555', '0.1031004795081967']",,,,,,,,,,,False,0.0,0.0,,,0.0,0.0,,,86036.0,-0.0848,2.1388,2.2236,0.327,0.2534,0.3254,0.9952,0.0,0.592,0.592,0.5574,-1.0278,26577.0,28.0,0.0,0.592,0.592,-0.888,1.48,3.0,0.0035,0.7202,0.327,0.2534,0.3254,-0.0848,0.0,0.592,2.1388,0.592,0.5574,-1.0278,3.0,0.0,moderately_skewed,variable,0.0,non_normal,221475.0,0.0,0.59,0.59,-0.89,1.48,0.0,3.0,3.0,0.0,0.0,0.0,-0.65,1.3,0.0,4.0,4.0,0.0,0.25,2.0,0.0,0.0,1.01,889.0,1.03,-1.03,light_tailed,False,True,False,True,low,investigate_individually,-0.89,1.48,approximately_normal,none_or_standard_scaler,False,False,False,True,False,False,False,False,0.7,keep_continuous,no_strong_signal,0.3089
170,CC_CC_LATE_FLAG_MEAN,float64,86905,1422,1.64,85483,98.36,False,79.42,False,0.0,69023,"[(np.float64(0.0), 69023), (np.float64(0.0104166666666666), 890), (np.float64(0.0208333333333333), 591)]",86905,0.0,79.42,0.0104166666666666,1.02,"[('0.0', 79.42), ('0.0104166666666666', 1.02), ('0.0208333333333333', 0.68)]",False,Most frequent dominates with 79.42%,86905,220606,71.74,1422,very_high_cardinality,True,True,False,False,"target_encoding, hash_encoding, or embedding_layer","['0.0', '0.0219780219780219', '0.0289855072463768', '0.7916666666666666', '0.2933333333333333']",,,,,,,,,,,False,0.0,0.0,,,0.0,0.0,,,86905.0,0.0,0.9895,0.9895,0.0208,0.0,0.0776,3.7324,0.0,0.0,0.0,6.4251,49.391,69023.0,0.0,0.0,0.0,0.0,0.0,0.0,17882.0,20.5765,0.7174,0.0208,0.0,0.0776,0.0,0.0,0.0,0.9895,0.0,6.4252,49.3939,0.0,0.0,highly_skewed,variable,0.0,non_normal,220606.0,0.0,0.0,0.0,0.0,0.0,0.0,17882.0,17882.0,20.58,17882.0,20.58,-0.21,0.25,0.0,1668.0,1668.0,1.92,0.05,1548.0,1.78,0.0,0.44,869.0,1.0,49.39,right_skewed,True,True,True,True,severe,consider_log_transform,0.0,0.0,zero_inflated,log1p_or_tweedie,True,True,False,True,True,False,True,True,0.7,treat_as_categorical,"high_skew, zero_inflated, discrete",0.7942
171,CC_CC_LATE_FLAG_SUM,float64,86905,91,0.1,86814,99.9,False,79.42,False,0.0,69023,"[(np.float64(0.0), 69023), (np.float64(1.0), 5477), (np.float64(2.0), 2627)]",86905,0.0,79.42,1.0,6.3,"[('0.0', 79.42), ('1.0', 6.3), ('2.0', 3.02)]",False,Most frequent dominates with 79.42%,86905,220606,71.74,91,high_cardinality,True,False,False,True,"target_encoding, frequency_encoding, or hash_encoding","['0.0', '62.0', '11.0', '39.0', '74.0']",,,,,,,,,,,False,0.0,0.0,,,0.0,0.0,,,86905.0,0.0,94.0,94.0,1.5433,0.0,6.2381,4.042,0.0,0.0,0.0,6.9816,58.0609,69023.0,0.0,0.0,0.0,0.0,0.0,0.0,17882.0,20.5765,0.7174,1.5433,0.0,6.2381,0.0,0.0,0.0,94.0,0.0,6.9817,58.0643,0.0,0.0,highly_skewed,variable,0.0,non_normal,220606.0,0.0,0.0,0.0,0.0,0.0,0.0,17882.0,17882.0,20.58,17882.0,20.58,-17.17,20.26,0.0,1565.0,1565.0,1.8,4.21,1482.0,1.71,0.0,35.0,850.0,0.98,58.06,right_skewed,True,True,True,True,severe,consider_log_transform,0.0,0.0,zero_inflated,log1p_or_tweedie,True,True,False,True,True,True,True,True,0.7,drop_or_encode,near_constant,0.7942
172,CC_CNT_DRAWINGS_ATM_CURRENT_MAX,float64,61140,44,0.07,61096,99.93,False,16.11,False,0.0,9852,"[(np.float64(0.0), 9852), (np.float64(3.0), 8965), (np.float64(4.0), 8024)]",61140,0.0,16.11,3.0,14.66,"[('0.0', 16.11), ('3.0', 14.66), ('4.0', 13.12)]",False,Most frequent dominates with 16.11%,61140,246371,80.12,44,medium_cardinality,False,False,False,True,"target_encoding, leave_as_integer, or one_hot_if_dense","['4.0', '10.0', '14.0', '31.0', '34.0']",,,,,,,,,,,False,0.0,0.0,,,0.0,0.0,,,61140.0,0.0,51.0,51.0,3.9959,3.0,3.6392,0.9107,2.0,6.0,4.0,1.9598,7.8541,9852.0,0.0,2.0,6.0,4.0,-4.0,12.0,1856.0,3.0357,0.8012,3.9959,3.0,3.6392,0.0,2.0,6.0,51.0,4.0,1.9599,7.8549,1856.0,0.0304,highly_skewed,variable,0.0,non_normal,246371.0,2.0,6.0,4.0,-4.0,12.0,0.0,1856.0,1856.0,3.04,399.0,0.65,-6.92,14.91,0.0,1093.0,1093.0,1.79,2.0,1429.0,2.34,0.0,17.0,516.0,0.84,7.85,right_skewed,True,True,True,True,moderate,log_transform_or_winsorize,-4.0,12.0,heavy_tailed,log1p_or_quantile_transform,True,False,True,True,True,True,False,True,0.8,drop_or_encode,near_constant,0.1611
173,CC_CNT_DRAWINGS_ATM_CURRENT_MEAN,float64,61140,3385,5.54,57755,94.46,False,16.11,False,0.0,9852,"[(np.float64(0.0), 9852), (np.float64(1.0), 1244), (np.float64(0.5), 916)]",61140,0.0,16.11,1.0,2.03,"[('0.0', 16.11), ('1.0', 2.03), ('0.5', 1.5)]",False,Most frequent dominates with 16.11%,61140,246371,80.12,3385,very_high_cardinality,True,True,False,False,"target_encoding, hash_encoding, or embedding_layer","['0.054054054054054', '0.325', '0.146067415730337', '0.4534883720930232', '1.6956521739130437']",,,,,,,,,,,False,0.0,0.0,,,0.0,0.0,,,61140.0,0.0,35.0,35.0,0.5662,0.2708,0.8804,1.5548,0.063,0.7313,0.6683,6.2356,114.673,9852.0,0.0,0.063,0.7313,0.6683,-0.9395,1.7339,4499.0,7.3585,0.8012,0.5662,0.2708,0.8804,0.0,0.063,0.7313,35.0,0.6683,6.2358,114.6825,4499.0,0.0736,highly_skewed,variable,0.0,non_normal,246371.0,0.06,0.73,0.67,-0.94,1.73,0.0,4499.0,4499.0,7.36,1688.0,2.76,-2.07,3.21,0.0,1051.0,1051.0,1.72,0.26,5190.0,8.49,0.0,3.84,612.0,1.0,114.67,right_skewed,True,True,True,True,high,robust_scaling_or_transform,-0.94,1.73,heavy_tailed,log1p_or_quantile_transform,True,True,False,True,False,False,False,True,0.8,bin,"high_skew, high_outliers",0.1611
174,CC_CNT_DRAWINGS_ATM_CURRENT_SUM,float64,86905,163,0.19,86742,99.81,False,40.98,False,0.0,35617,"[(np.float64(0.0), 35617), (np.float64(3.0), 3041), (np.float64(2.0), 2969)]",86905,0.0,40.98,3.0,3.5,"[('0.0', 40.98), ('3.0', 3.5), ('2.0', 3.42)]",False,Most frequent dominates with 40.98%,86905,220606,71.74,163,high_cardinality,True,False,False,True,"target_encoding, frequency_encoding, or hash_encoding","['0.0', '10.0', '90.0', '65.0', '123.0']",,,,,,,,,,,False,0.0,0.0,,,0.0,0.0,,,86905.0,0.0,390.0,390.0,9.5052,3.0,15.1715,1.5961,0.0,13.0,13.0,3.1446,19.5849,35617.0,0.0,0.0,13.0,13.0,-19.5,32.5,6470.0,7.4449,0.7174,9.5052,3.0,15.1715,0.0,0.0,13.0,390.0,13.0,3.1447,19.5861,6470.0,0.0744,highly_skewed,variable,0.0,non_normal,220606.0,0.0,13.0,13.0,-19.5,32.5,0.0,6470.0,6470.0,7.44,2080.0,2.39,-36.01,55.02,0.0,1755.0,1755.0,2.02,3.0,15485.0,17.82,0.0,69.0,846.0,0.97,19.58,right_skewed,True,True,True,True,high,robust_scaling_or_transform,-19.5,32.5,heavy_tailed,log1p_or_quantile_transform,True,True,False,True,True,True,False,True,1.0,drop_or_encode,near_constant,0.4098
175,CC_CNT_DRAWINGS_CURRENT_MAX,float64,86905,119,0.14,86786,99.86,False,31.91,False,0.0,27733,"[(np.float64(0.0), 27733), (np.float64(4.0), 6665), (np.float64(3.0), 6457)]",86905,0.0,31.91,4.0,7.67,"[('0.0', 31.91), ('4.0', 7.67), ('3.0', 7.43)]",False,Most frequent dominates with 31.91%,86905,220606,71.74,119,high_cardinality,True,False,False,True,"target_encoding, frequency_encoding, or hash_encoding","['0.0', '54.0', '41.0', '76.0', '81.0']",,,,,,,,,,,False,0.0,0.0,,,0.0,0.0,,,86905.0,0.0,165.0,165.0,6.8036,3.0,10.5724,1.5539,0.0,8.0,8.0,3.352,17.2773,27733.0,0.0,0.0,8.0,8.0,-12.0,20.0,7280.0,8.377,0.7174,6.8036,3.0,10.5724,0.0,0.0,8.0,165.0,8.0,3.3521,17.2784,7280.0,0.0838,highly_skewed,variable,0.0,non_normal,220606.0,0.0,8.0,8.0,-12.0,20.0,0.0,7280.0,7280.0,8.38,3101.0,3.57,-24.91,38.52,0.0,2036.0,2036.0,2.34,3.0,8467.0,9.74,0.0,51.0,833.0,0.96,17.28,right_skewed,True,True,True,True,high,robust_scaling_or_transform,-12.0,20.0,heavy_tailed,log1p_or_quantile_transform,True,True,False,True,True,True,False,True,1.0,drop_or_encode,near_constant,0.3191
176,CC_CNT_DRAWINGS_CURRENT_MEAN,float64,86905,6584,7.58,80321,92.42,False,31.91,False,0.0,27733,"[(np.float64(0.0), 27733), (np.float64(1.0), 859), (np.float64(0.5), 587)]",86905,0.0,31.91,1.0,0.99,"[('0.0', 31.91), ('1.0', 0.99), ('0.5', 0.68)]",False,Most frequent dominates with 31.91%,86905,220606,71.74,6584,very_high_cardinality,True,True,False,False,"target_encoding, hash_encoding, or embedding_layer","['0.0', '7.277777777777778', '2.411764705882353', '1.1470588235294117', '0.6891891891891891']",,,,,,,,,,,False,0.0,0.0,,,0.0,0.0,,,86905.0,0.0,118.25,118.25,1.5417,0.2162,3.6932,2.3956,0.0,1.3243,1.3243,5.9897,65.0786,27733.0,0.0,0.0,1.3243,1.3243,-1.9865,3.3108,11343.0,13.0522,0.7174,1.5417,0.2162,3.6932,0.0,0.0,1.3243,118.25,1.3243,5.9898,65.0824,11343.0,0.1305,highly_skewed,variable,0.0,non_normal,220606.0,0.0,1.32,1.32,-1.99,3.31,0.0,11343.0,11343.0,13.05,7051.0,8.11,-9.54,12.62,0.0,1859.0,1859.0,2.14,0.22,21500.0,24.74,0.0,17.67,866.0,1.0,65.08,right_skewed,True,True,True,True,severe,consider_log_transform,-1.99,3.31,heavy_tailed,log1p_or_quantile_transform,True,True,False,True,False,False,False,True,1.0,bin,"high_skew, high_outliers",0.3191
177,CC_CNT_DRAWINGS_CURRENT_SUM,float64,86905,548,0.63,86357,99.37,False,31.91,False,0.0,27733,"[(np.float64(0.0), 27733), (np.float64(1.0), 2283), (np.float64(4.0), 2074)]",86905,0.0,31.91,1.0,2.63,"[('0.0', 31.91), ('1.0', 2.63), ('4.0', 2.39)]",False,Most frequent dominates with 31.91%,86905,220606,71.74,548,very_high_cardinality,True,True,False,False,"target_encoding, hash_encoding, or embedding_layer","['0.0', '66.0', '177.0', '319.0', '440.0']",,,,,,,,,,,False,0.0,0.0,,,0.0,0.0,,,86905.0,0.0,2298.0,2298.0,26.043,9.0,52.1184,2.0012,0.0,30.0,30.0,7.2163,122.7763,27733.0,0.0,0.0,30.0,30.0,-45.0,75.0,7572.0,8.713,0.7174,26.043,9.0,52.1184,0.0,0.0,30.0,2298.0,30.0,7.2164,122.7834,7572.0,0.0871,highly_skewed,variable,0.0,non_normal,220606.0,0.0,30.0,30.0,-45.0,75.0,0.0,7572.0,7572.0,8.71,3568.0,4.11,-130.31,182.4,0.0,1567.0,1567.0,1.8,9.0,11469.0,13.2,0.0,238.0,865.0,1.0,122.78,right_skewed,True,True,True,True,high,robust_scaling_or_transform,-45.0,75.0,heavy_tailed,log1p_or_quantile_transform,True,True,False,True,True,True,False,True,1.0,drop_or_encode,near_constant,0.3191
178,CC_CNT_DRAWINGS_POS_CURRENT_MAX,float64,61140,123,0.2,61017,99.8,False,44.07,False,0.0,26944,"[(np.float64(0.0), 26944), (np.float64(1.0), 5931), (np.float64(2.0), 3403)]",61140,0.0,44.07,1.0,9.7,"[('0.0', 44.07), ('1.0', 9.7), ('2.0', 5.57)]",False,Most frequent dominates with 44.07%,61140,246371,80.12,123,high_cardinality,True,False,False,True,"target_encoding, frequency_encoding, or hash_encoding","['0.0', '25.0', '49.0', '55.0', '95.0']",,,,,,,,,,,False,0.0,0.0,,,0.0,0.0,,,61140.0,0.0,165.0,165.0,6.4095,1.0,11.6916,1.8241,0.0,8.0,8.0,3.1902,14.7476,26944.0,0.0,0.0,8.0,8.0,-12.0,20.0,5978.0,9.7776,0.8012,6.4095,1.0,11.6916,0.0,0.0,8.0,165.0,8.0,3.1902,14.7489,5978.0,0.0978,highly_skewed,variable,0.0,non_normal,246371.0,0.0,8.0,8.0,-12.0,20.0,0.0,5978.0,5978.0,9.78,2673.0,4.37,-28.67,41.48,0.0,1455.0,1455.0,2.38,1.0,17052.0,27.89,0.0,54.0,609.0,1.0,14.75,right_skewed,True,True,True,True,high,robust_scaling_or_transform,-12.0,20.0,heavy_tailed,log1p_or_quantile_transform,True,True,False,True,True,True,False,True,1.0,drop_or_encode,near_constant,0.4407
179,CC_CNT_DRAWINGS_POS_CURRENT_MEAN,float64,61140,5024,8.22,56116,91.78,False,44.07,False,0.0,26944,"[(np.float64(0.0), 26944), (np.float64(1.0), 540), (np.float64(0.5), 366)]",61140,0.0,44.07,1.0,0.88,"[('0.0', 44.07), ('1.0', 0.88), ('0.5', 0.6)]",False,Most frequent dominates with 44.07%,61140,246371,80.12,5024,very_high_cardinality,True,True,False,False,"target_encoding, hash_encoding, or embedding_layer","['0.0', '0.1034482758620689', '10.047619047619047', '2.0357142857142856', '9.628571428571428']",,,,,,,,,,,False,0.0,0.0,,,0.0,0.0,,,61140.0,0.0,118.25,118.25,1.7501,0.0455,4.2749,2.4427,0.0,1.4286,1.4286,5.3478,50.2581,26944.0,0.0,0.0,1.4286,1.4286,-2.1429,3.5714,9000.0,14.7203,0.8012,1.7501,0.0455,4.2749,0.0,0.0,1.4286,118.25,1.4286,5.348,50.2623,9000.0,0.1472,highly_skewed,variable,0.0,non_normal,246371.0,0.0,1.43,1.43,-2.14,3.57,0.0,9000.0,9000.0,14.72,5761.0,9.42,-11.07,14.57,0.0,1347.0,1347.0,2.2,0.05,23927.0,39.13,0.0,20.28,612.0,1.0,50.26,right_skewed,True,True,True,True,severe,consider_log_transform,-2.14,3.57,heavy_tailed,log1p_or_quantile_transform,True,True,False,True,False,False,False,True,1.0,bin,"high_skew, high_outliers",0.4407
180,CC_CNT_DRAWINGS_POS_CURRENT_SUM,float64,86905,532,0.61,86373,99.39,False,60.65,False,0.0,52709,"[(np.float64(0.0), 52709), (np.float64(1.0), 3995), (np.float64(2.0), 2164)]",86905,0.0,60.65,1.0,4.6,"[('0.0', 60.65), ('1.0', 4.6), ('2.0', 2.49)]",False,Most frequent dominates with 60.65%,86905,220606,71.74,532,very_high_cardinality,True,True,False,False,"target_encoding, hash_encoding, or embedding_layer","['0.0', '104.0', '188.0', '456.0', '453.0']",,,,,,,,,,,False,0.0,0.0,,,0.0,0.0,,,86905.0,0.0,2298.0,2298.0,16.3873,0.0,48.9713,2.9884,0.0,9.0,9.0,8.4641,156.7986,52709.0,0.0,0.0,9.0,9.0,-13.5,22.5,15072.0,17.3431,0.7174,16.3873,0.0,48.9713,0.0,0.0,9.0,2298.0,9.0,8.4642,156.8077,15072.0,0.1734,highly_skewed,variable,0.0,non_normal,220606.0,0.0,9.0,9.0,-13.5,22.5,0.0,15072.0,15072.0,17.34,11166.0,12.85,-130.53,163.3,0.0,1660.0,1660.0,1.91,33.03,1503.0,1.73,0.0,224.0,864.0,0.99,156.8,right_skewed,True,True,True,True,severe,consider_log_transform,-13.5,22.5,zero_inflated,log1p_or_tweedie,True,True,False,True,True,True,True,True,1.0,drop_or_encode,near_constant,0.6065
181,CC_CNT_INSTALMENT_MATURE_CUM_MAX,float64,86905,120,0.14,86785,99.86,False,31.52,False,0.0,27390,"[(np.float64(0.0), 27390), (np.float64(5.0), 3588), (np.float64(6.0), 3440)]",86905,0.0,31.52,5.0,4.13,"[('0.0', 31.52), ('5.0', 4.13), ('6.0', 3.96)]",False,Most frequent dominates with 31.52%,86905,220606,71.74,120,high_cardinality,True,False,False,True,"target_encoding, frequency_encoding, or hash_encoding","['0.0', '8.0', '17.0', '51.0', '49.0']",,,,,,,,,,,False,0.0,0.0,,,0.0,0.0,,,86905.0,0.0,120.0,120.0,16.2876,8.0,21.6514,1.3293,0.0,23.0,23.0,1.757,2.6714,27390.0,0.0,0.0,23.0,23.0,-34.5,57.5,6271.0,7.2159,0.7174,16.2876,8.0,21.6514,0.0,0.0,23.0,120.0,23.0,1.757,2.6716,6271.0,0.0722,highly_skewed,variable,0.0,non_normal,220606.0,0.0,23.0,23.0,-34.5,57.5,0.0,6271.0,6271.0,7.22,755.0,0.87,-48.67,81.24,0.0,1868.0,1868.0,2.15,8.0,8346.0,9.6,0.0,91.0,845.0,0.97,2.67,right_skewed,True,True,True,True,high,robust_scaling_or_transform,-34.5,57.5,right_skewed,log1p,True,True,False,True,True,True,False,True,1.0,drop_or_encode,near_constant,0.3152
182,CC_CNT_INSTALMENT_MATURE_CUM_MEAN,float64,86905,13923,16.02,72982,83.98,False,31.52,False,0.0,27390,"[(np.float64(0.0), 27390), (np.float64(2.142857142857143), 1086), (np.float64(2.625), 980)]",86905,0.0,31.52,2.142857142857143,1.25,"[('0.0', 31.52), ('2.142857142857143', 1.25), ('2.625', 1.13)]",False,Most frequent dominates with 31.52%,86905,220606,71.74,13923,very_high_cardinality,True,True,False,False,"target_encoding, hash_encoding, or embedding_layer","['0.0', '14.552083333333334', '44.93258426966292', '52.614583333333336', '47.333333333333336']",,,,,,,,,,,False,0.0,0.0,,,0.0,0.0,,,86905.0,0.0,73.0625,73.0625,10.2023,3.8889,13.5393,1.3271,0.0,15.3667,15.3667,1.459,1.13,27390.0,0.0,0.0,15.3667,15.3667,-23.05,38.4167,5629.0,6.4772,0.7174,10.2023,3.8889,13.5393,0.0,0.0,15.3667,73.0625,15.3667,1.459,1.1301,5629.0,0.0648,highly_skewed,variable,0.0,non_normal,220606.0,0.0,15.37,15.37,-23.05,38.42,0.0,5629.0,5629.0,6.48,56.0,0.06,-30.42,50.82,0.0,732.0,732.0,0.84,3.89,14629.0,16.83,0.0,50.11,868.0,1.0,1.13,right_skewed,True,True,True,True,high,robust_scaling_or_transform,-23.05,38.42,right_skewed,log1p,True,True,False,True,False,False,False,True,1.0,bin,"high_skew, high_outliers",0.3152
183,CC_DRAWING_LIMIT_RATIO_MAX,float64,86036,24356,28.31,61680,71.69,False,31.65,False,0.0,27231,"[(np.float64(0.0), 27231), (np.float64(1.0), 11569), (np.float64(0.5), 1573)]",86036,0.0,31.65,1.0,13.45,"[('0.0', 31.65), ('1.0', 13.45), ('0.5', 1.83)]",False,Most frequent dominates with 31.65%,86036,221475,72.02,24356,very_high_cardinality,True,True,False,False,"target_encoding, hash_encoding, or embedding_layer","['0.0', '0.840684', '0.977068', '0.4798173333333333', '0.6249166666666667']",,,,,,,,,,,False,0.0,0.0,,,0.0,0.0,,,86036.0,0.0,12.5211,12.5211,0.4837,0.4992,0.4372,0.9038,0.0,0.918,0.918,1.2754,17.6024,27231.0,0.0,0.0,0.918,0.918,-1.377,2.295,99.0,0.1151,0.7202,0.4837,0.4992,0.4372,0.0,0.0,0.918,12.5211,0.918,1.2754,17.6035,99.0,0.0012,highly_skewed,variable,0.0,non_normal,221475.0,0.0,0.92,0.92,-1.38,2.29,0.0,99.0,99.0,0.12,34.0,0.04,-0.83,1.8,0.0,321.0,321.0,0.37,0.5,50.0,0.06,0.0,1.33,861.0,1.0,17.6,right_skewed,True,True,True,True,low,investigate_individually,-1.38,2.29,heavy_tailed,log1p_or_quantile_transform,True,False,False,True,False,False,False,True,0.7,bin,high_skew,0.3165
184,CC_DRAWING_LIMIT_RATIO_MEAN,float64,86036,48938,56.88,37098,43.12,False,31.65,False,0.0,27231,"[(np.float64(0.0), 27231), (np.float64(0.1428571428571428), 177), (np.float64(0.0333333333333333), 137)]",86036,0.0,31.65,0.1428571428571428,0.21,"[('0.0', 31.65), ('0.1428571428571428', 0.21), ('0.0333333333333333', 0.16)]",False,Most frequent dominates with 31.65%,86036,221475,72.02,48938,very_high_cardinality,True,True,False,False,"target_encoding, hash_encoding, or embedding_layer","['0.0', '0.2536991388888889', '0.0214583333333333', '0.3235195714285714', '0.2329968148148148']",,,,,,,,,,,False,0.0,0.0,,,0.0,0.0,,,86036.0,0.0,3.105,3.105,0.0642,0.0314,0.0987,1.538,0.0,0.0891,0.0891,4.5125,50.3003,27231.0,0.0,0.0,0.0891,0.0891,-0.1337,0.2228,4680.0,5.4396,0.7202,0.0642,0.0314,0.0987,0.0,0.0,0.0891,3.105,0.0891,4.5126,50.3033,4680.0,0.0544,highly_skewed,variable,0.0,non_normal,221475.0,0.0,0.09,0.09,-0.13,0.22,0.0,4680.0,4680.0,5.44,1550.0,1.8,-0.23,0.36,0.0,1507.0,1507.0,1.75,0.03,6350.0,7.38,0.0,0.46,861.0,1.0,50.3,right_skewed,True,True,True,True,high,robust_scaling_or_transform,-0.13,0.22,heavy_tailed,log1p_or_quantile_transform,True,True,False,True,False,False,False,True,1.0,bin,"high_skew, high_outliers",0.3165
185,CC_MONTHS_BALANCE_MAX,float64,86905,5,0.01,86900,99.99,False,59.87,False,-1.0,52030,"[(np.float64(-1.0), 52030), (np.float64(-2.0), 28062), (np.float64(-3.0), 5225)]",86905,-1.0,59.87,-2.0,32.29,"[('-1.0', 59.87), ('-2.0', 32.29), ('-3.0', 6.01)]",False,Most frequent dominates with 59.87%,86905,220606,71.74,5,low_cardinality,False,False,False,True,one_hot_encoding or label_encoding,"['-1.0', '-2.0', '-4.0', '-3.0', '-5.0']",,,,,,,,,,,False,0.0,0.0,,,0.0,0.0,,,86905.0,-5.0,-1.0,4.0,-1.498,-1.0,0.6928,0.4625,-2.0,-1.0,1.0,-1.375,1.6916,0.0,86905.0,-2.0,-1.0,1.0,-3.5,0.5,1588.0,1.8273,0.7174,-1.498,-1.0,0.6928,-5.0,-2.0,-1.0,-1.0,1.0,-1.375,1.6918,1588.0,0.0183,highly_skewed,variable,0.0,non_normal,220606.0,-2.0,-1.0,1.0,-3.5,0.5,1588.0,0.0,1588.0,1.83,0.0,0.0,-3.58,0.58,1588.0,0.0,1588.0,1.83,0.47,1588.0,1.83,-4.0,-1.0,1.0,0.0,1.69,left_skewed,True,True,True,True,moderate,winsorize_lower_or_clip,-3.5,0.5,left_skewed,yeo_johnson_or_square_transform,True,False,False,True,True,True,False,False,0.3,drop_or_encode,near_constant,0.0
186,CC_MONTHS_BALANCE_MIN,float64,86905,96,0.11,86809,99.89,False,10.91,False,-96.0,9484,"[(np.float64(-96.0), 9484), (np.float64(-8.0), 4212), (np.float64(-9.0), 3828)]",86905,-96.0,10.91,-8.0,4.85,"[('-96.0', 10.91), ('-8.0', 4.85), ('-9.0', 4.4)]",False,Most frequent dominates with 10.91%,86905,220606,71.74,96,high_cardinality,True,False,False,True,"target_encoding, frequency_encoding, or hash_encoding","['-6.0', '-56.0', '-40.0', '-78.0', '-45.0']",,,,,,,,,,,False,0.0,0.0,,,0.0,0.0,,,86905.0,-96.0,-1.0,95.0,-37.5845,-22.0,33.6006,0.894,-76.0,-10.0,66.0,-0.7672,-1.0714,0.0,86905.0,-76.0,-10.0,66.0,-175.0,89.0,0.0,0.0,0.7174,-37.5845,-22.0,33.6006,-96.0,-76.0,-10.0,-1.0,66.0,-0.7672,-1.0714,0.0,0.0,moderately_skewed,variable,0.0,non_normal,220606.0,-76.0,-10.0,66.0,-175.0,89.0,0.0,0.0,0.0,0.0,0.0,0.0,-138.39,63.22,0.0,0.0,0.0,0.0,14.0,10178.0,11.71,-96.0,-2.0,380.0,0.44,-1.07,light_tailed,False,True,False,False,none,none_needed,-175.0,89.0,approximately_normal,none_or_standard_scaler,False,False,False,True,True,True,False,True,0.5,drop_or_encode,near_constant,0.0
187,CC_MONTHS_BALANCE_SIZE,float64,86905,128,0.15,86777,99.85,False,7.08,False,96.0,6153,"[(np.float64(96.0), 6153), (np.float64(8.0), 4032), (np.float64(7.0), 4004)]",86905,96.0,7.08,8.0,4.64,"[('96.0', 7.08), ('8.0', 4.64), ('7.0', 4.61)]",False,Most frequent dominates with 7.08%,86905,220606,71.74,128,high_cardinality,True,False,False,True,"target_encoding, frequency_encoding, or hash_encoding","['6.0', '68.0', '89.0', '34.0', '103.0']",,,,,,,,,,,False,0.0,0.0,,,0.0,0.0,,,86905.0,1.0,192.0,191.0,37.1436,22.0,33.6985,0.9072,10.0,75.0,65.0,0.7733,-1.0522,0.0,0.0,10.0,75.0,65.0,-87.5,172.5,2.0,0.0023,0.7174,37.1436,22.0,33.6985,1.0,10.0,75.0,192.0,65.0,0.7733,-1.0522,2.0,0.0,moderately_skewed,variable,0.0,non_normal,220606.0,10.0,75.0,65.0,-87.5,172.5,0.0,2.0,2.0,0.0,0.0,0.0,-63.95,138.24,0.0,2.0,2.0,0.0,15.0,210.0,0.24,2.0,96.0,879.0,1.01,-1.05,light_tailed,False,True,False,True,low,investigate_individually,-87.5,172.5,approximately_normal,none_or_standard_scaler,True,False,False,True,True,True,False,True,0.5,drop_or_encode,near_constant,0.0
188,CC_NAME_CONTRACT_STATUS_Active_MEAN,float64,86905,1004,1.16,85901,98.84,False,83.1,False,1.0,72218,"[(np.float64(1.0), 72218), (np.float64(0.75), 316), (np.float64(0.8571428571428571), 283)]",86905,1.0,83.1,0.75,0.36,"[('1.0', 83.1), ('0.75', 0.36), ('0.8571428571428571', 0.33)]",False,Most frequent dominates with 83.1%,86905,220606,71.74,1004,very_high_cardinality,True,True,False,False,"target_encoding, hash_encoding, or embedding_layer","['1.0', '0.9270833333333334', '0.8222222222222222', '0.6438356164383562', '0.5416666666666666']",,,,,,,,,,,False,0.0,0.0,,,0.0,0.0,,,86905.0,0.0,1.0,1.0,0.9669,1.0,0.1063,0.1099,1.0,1.0,0.0,-4.4188,23.3769,67.0,0.0,1.0,1.0,0.0,1.0,1.0,14687.0,16.9001,0.7174,0.9669,1.0,0.1063,0.0,1.0,1.0,1.0,0.0,-4.4189,23.3783,0.0,0.0,highly_skewed,variable,0.0,non_normal,220606.0,1.0,1.0,0.0,1.0,1.0,14687.0,0.0,14687.0,16.9,14687.0,16.9,0.65,1.29,2020.0,0.0,2020.0,2.32,0.07,1847.0,2.13,0.44,1.0,859.0,0.99,23.38,left_skewed,True,True,True,True,severe,consider_log_transform,1.0,1.0,heavy_tailed,quantile_transform_or_robust_scaler,True,True,False,True,True,False,False,True,0.5,treat_as_categorical,"high_skew, discrete",0.0008
189,CC_NAME_CONTRACT_STATUS_Approved_MEAN,float64,86905,6,0.01,86899,99.99,False,99.99,True,0.0,86900,"[(np.float64(0.0), 86900), (np.float64(0.0112359550561797), 1), (np.float64(0.0106382978723404), 1)]",86905,0.0,99.99,0.0112359550561797,0.0,"[('0.0', 99.99), ('0.0112359550561797', 0.0), ('0.0106382978723404', 0.0)]",True,Appears uniformly dominated,86905,220606,71.74,6,low_cardinality,False,False,False,True,one_hot_encoding or label_encoding,"['0.0', '0.0112359550561797', '0.0106382978723404', '0.0105263157894736', '0.0119047619047619']",,,,,,,,,,,False,0.0,0.0,,,0.0,0.0,,,86905.0,0.0,0.0119,0.0119,0.0,0.0,0.0001,131.9742,0.0,0.0,0.0,132.2555,17528.9937,86900.0,0.0,0.0,0.0,0.0,0.0,0.0,5.0,0.0058,0.7174,0.0,0.0,0.0001,0.0,0.0,0.0,0.0119,0.0,132.2578,17530.0023,0.0,0.0,highly_skewed,variable,0.0,non_normal,220606.0,0.0,0.0,0.0,0.0,0.0,0.0,5.0,5.0,0.01,5.0,0.01,-0.0,0.0,0.0,5.0,5.0,0.01,0.0,5.0,0.01,0.0,0.0,5.0,0.01,17528.99,right_skewed,True,True,True,True,low,investigate_individually,0.0,0.0,zero_inflated,log1p_or_tweedie,True,False,False,True,True,True,True,False,0.5,drop_or_encode,near_constant,0.9999
190,CC_NAME_CONTRACT_STATUS_Completed_MEAN,float64,86905,925,1.06,85980,98.94,False,87.79,False,0.0,76297,"[(np.float64(0.0), 76297), (np.float64(0.25), 276), (np.float64(0.3333333333333333), 223)]",86905,0.0,87.79,0.25,0.32,"[('0.0', 87.79), ('0.25', 0.32), ('0.3333333333333333', 0.26)]",False,Most frequent dominates with 87.79%,86905,220606,71.74,925,very_high_cardinality,True,True,False,False,"target_encoding, hash_encoding, or embedding_layer","['0.0', '0.0365853658536585', '0.2840909090909091', '0.2254901960784313', '0.2212389380530973']",,,,,,,,,,,False,0.0,0.0,,,0.0,0.0,,,86905.0,0.0,1.0,1.0,0.0292,0.0,0.1012,3.4692,0.0,0.0,0.0,4.5341,24.2554,76297.0,0.0,0.0,0.0,0.0,0.0,0.0,10608.0,12.2064,0.7174,0.0292,0.0,0.1012,0.0,0.0,0.0,1.0,0.0,4.5342,24.2568,0.0,0.0,highly_skewed,variable,0.0,non_normal,220606.0,0.0,0.0,0.0,0.0,0.0,0.0,10608.0,10608.0,12.21,10608.0,12.21,-0.27,0.33,0.0,2172.0,2172.0,2.5,0.07,1827.0,2.1,0.0,0.52,870.0,1.0,24.26,right_skewed,True,True,True,True,severe,consider_log_transform,0.0,0.0,zero_inflated,log1p_or_tweedie,True,True,False,True,True,False,True,True,0.7,treat_as_categorical,"high_skew, zero_inflated, discrete",0.8779
191,CC_NAME_CONTRACT_STATUS_Demand_MEAN,float64,86905,16,0.02,86889,99.98,False,99.98,True,0.0,86890,"[(np.float64(0.0), 86890), (np.float64(0.7363636363636363), 1), (np.float64(0.5730337078651685), 1)]",86905,0.0,99.98,0.7363636363636363,0.0,"[('0.0', 99.98), ('0.7363636363636363', 0.0), ('0.5730337078651685', 0.0)]",True,Appears uniformly dominated,86905,220606,71.74,16,medium_cardinality,False,False,False,True,"target_encoding, leave_as_integer, or one_hot_if_dense","['0.0', '0.5632183908045977', '0.5638297872340425', '0.4545454545454545', '0.0285714285714285']",,,,,,,,,,,False,0.0,0.0,,,0.0,0.0,,,86905.0,0.0,0.9158,0.9158,0.0001,0.0,0.0087,82.7849,0.0,0.0,0.0,86.6597,7747.5395,86890.0,0.0,0.0,0.0,0.0,0.0,0.0,15.0,0.0173,0.7174,0.0001,0.0,0.0087,0.0,0.0,0.0,0.9158,0.0,86.6612,7747.9854,0.0,0.0,highly_skewed,variable,0.0,non_normal,220606.0,0.0,0.0,0.0,0.0,0.0,0.0,15.0,15.0,0.02,15.0,0.02,-0.03,0.03,0.0,15.0,15.0,0.02,0.01,14.0,0.02,0.0,0.0,15.0,0.02,7747.54,right_skewed,True,True,True,True,low,investigate_individually,0.0,0.0,zero_inflated,log1p_or_tweedie,True,False,False,True,True,True,True,True,0.7,drop_or_encode,near_constant,0.9998
192,CC_NAME_CONTRACT_STATUS_Refused_MEAN,float64,86905,14,0.02,86891,99.98,False,99.98,True,0.0,86891,"[(np.float64(0.0), 86891), (np.float64(0.0117647058823529), 2), (np.float64(0.0131578947368421), 1)]",86905,0.0,99.98,0.0117647058823529,0.0,"[('0.0', 99.98), ('0.0117647058823529', 0.0), ('0.0131578947368421', 0.0)]",True,Appears uniformly dominated,86905,220606,71.74,14,medium_cardinality,False,False,False,True,"target_encoding, leave_as_integer, or one_hot_if_dense","['0.0', '0.0131578947368421', '0.0128205128205128', '0.0117647058823529', '0.0111111111111111']",,,,,,,,,,,False,0.0,0.0,,,0.0,0.0,,,86905.0,0.0,0.0139,0.0139,0.0,0.0,0.0002,78.9785,0.0,0.0,0.0,79.3629,6328.2206,86891.0,0.0,0.0,0.0,0.0,0.0,0.0,14.0,0.0161,0.7174,0.0,0.0,0.0002,0.0,0.0,0.0,0.0139,0.0,79.3643,6328.5848,0.0,0.0,highly_skewed,variable,0.0,non_normal,220606.0,0.0,0.0,0.0,0.0,0.0,0.0,14.0,14.0,0.02,14.0,0.02,-0.0,0.0,0.0,14.0,14.0,0.02,0.0,14.0,0.02,0.0,0.0,14.0,0.02,6328.22,right_skewed,True,True,True,True,low,investigate_individually,0.0,0.0,zero_inflated,log1p_or_tweedie,True,False,False,True,True,True,True,True,0.5,drop_or_encode,near_constant,0.9998
193,CC_NAME_CONTRACT_STATUS_Sent proposal_MEAN,float64,86905,34,0.04,86871,99.96,False,99.47,True,0.0,86445,"[(np.float64(0.0), 86445), (np.float64(0.0106382978723404), 28), (np.float64(0.0117647058823529), 25)]",86905,0.0,99.47,0.0106382978723404,0.03,"[('0.0', 99.47), ('0.0106382978723404', 0.03), ('0.0117647058823529', 0.03)]",True,Appears uniformly dominated,86905,220606,71.74,34,medium_cardinality,False,False,False,True,"target_encoding, leave_as_integer, or one_hot_if_dense","['0.0', '0.0120481927710843', '0.0123456790123456', '0.0119047619047619', '0.0108695652173913']",,,,,,,,,,,False,0.0,0.0,,,0.0,0.0,,,86905.0,0.0,0.0244,0.0244,0.0001,0.0,0.0009,13.8106,0.0,0.0,0.0,14.0322,201.3481,86445.0,0.0,0.0,0.0,0.0,0.0,0.0,460.0,0.5293,0.7174,0.0001,0.0,0.0009,0.0,0.0,0.0,0.0244,0.0,14.0324,201.3598,0.0,0.0,highly_skewed,variable,0.0,non_normal,220606.0,0.0,0.0,0.0,0.0,0.0,0.0,460.0,460.0,0.53,460.0,0.53,-0.0,0.0,0.0,460.0,460.0,0.53,0.0,460.0,0.53,0.0,0.0,460.0,0.53,201.35,right_skewed,True,True,True,True,low,investigate_individually,0.0,0.0,zero_inflated,log1p_or_tweedie,True,False,False,True,True,True,True,True,0.7,drop_or_encode,near_constant,0.9947
194,CC_NAME_CONTRACT_STATUS_Signed_MEAN,float64,86905,252,0.29,86653,99.71,False,95.06,True,0.0,82614,"[(np.float64(0.0), 82614), (np.float64(0.1428571428571428), 135), (np.float64(0.125), 131)]",86905,0.0,95.06,0.1428571428571428,0.16,"[('0.0', 95.06), ('0.1428571428571428', 0.16), ('0.125', 0.15)]",False,Most frequent dominates with 95.06%,86905,220606,71.74,252,very_high_cardinality,True,True,False,False,"target_encoding, hash_encoding, or embedding_layer","['0.0', '0.0128205128205128', '0.3698630136986301', '0.0235294117647058', '0.4805194805194805']",,,,,,,,,,,False,0.0,0.0,,,0.0,0.0,,,86905.0,0.0,1.0,1.0,0.0037,0.0,0.0319,8.5286,0.0,0.0,0.0,18.6819,463.4523,82614.0,0.0,0.0,0.0,0.0,0.0,0.0,4291.0,4.9376,0.7174,0.0037,0.0,0.0319,0.0,0.0,0.0,1.0,0.0,18.6822,463.479,0.0,0.0,highly_skewed,variable,0.0,non_normal,220606.0,0.0,0.0,0.0,0.0,0.0,0.0,4291.0,4291.0,4.94,4291.0,4.94,-0.09,0.1,0.0,938.0,938.0,1.08,0.02,683.0,0.79,0.0,0.1,811.0,0.93,463.45,right_skewed,True,True,True,True,moderate,log_transform_or_winsorize,0.0,0.0,zero_inflated,log1p_or_tweedie,True,False,True,True,True,True,True,True,0.7,drop_or_encode,near_constant,0.9506
195,CC_NAME_CONTRACT_STATUS_nan_MEAN,float64,86905,1,0.0,86904,100.0,True,100.0,True,0.0,86905,"[(np.float64(0.0), 86905)]",86905,0.0,100.0,,,"[('0.0', 100.0)]",True,Appears uniformly dominated,86905,220606,71.74,1,single_category,False,False,False,False,drop_column (constant),['0.0'],,,,,,,,,,,False,0.0,0.0,,,0.0,0.0,,,86905.0,0.0,0.0,0.0,0.0,0.0,0.0,,0.0,0.0,0.0,,,86905.0,0.0,0.0,0.0,0.0,0.0,0.0,0.0,0.0,0.7174,0.0,0.0,0.0,0.0,0.0,0.0,0.0,0.0,0.0,0.0,0.0,0.0,approximately_symmetric,constant,,constant,220606.0,0.0,0.0,0.0,0.0,0.0,0.0,0.0,0.0,0.0,0.0,0.0,,,0.0,0.0,0.0,0.0,,0.0,0.0,0.0,0.0,0.0,0.0,,moderate_deviation,False,False,False,False,none,none_needed,0.0,0.0,constant_or_near_constant,drop_column,True,False,False,True,True,True,True,False,0.2,drop_or_encode,near_constant,1.0
196,CC_PAYMENT_MIN_RATIO_MAX,float64,59269,47187,79.61,12082,20.39,False,1.33,False,2.0,789,"[(np.float64(2.0), 789), (np.float64(4.0), 442), (np.float64(3.0), 337)]",59269,2.0,1.33,4.0,0.75,"[('2.0', 1.33), ('4.0', 0.75), ('3.0', 0.57)]",False,Most frequent dominates with 1.33%,59269,248242,80.73,47187,very_high_cardinality,True,True,False,False,"target_encoding, hash_encoding, or embedding_layer","['6.165', '1.4455530491793902', '2.3254011316952177', '15.489725545893672', '108.0']",,,,,,,,,,,False,0.0,0.0,,,0.0,0.0,,,59269.0,0.0,2975900.0,2975900.0,187.5425,16.971,13581.6123,72.4188,4.067,21.8303,17.7633,189.4485,39731.6774,121.0,0.0,4.067,21.8303,17.7633,-22.578,48.4753,7224.0,12.1885,0.8073,187.5425,16.971,13581.6123,0.0,4.067,21.8303,2975900.0,17.7633,189.4533,39735.0295,7224.0,0.1219,highly_skewed,variable,0.0,non_normal,248242.0,4.07,21.83,17.76,-22.58,48.48,0.0,7224.0,7224.0,12.19,5106.0,8.61,-40557.29,40932.38,0.0,19.0,19.0,0.03,10.72,5233.0,8.83,1.0,995.78,1101.0,1.86,39731.68,right_skewed,True,True,True,True,severe,consider_log_transform,-22.58,48.48,heavy_tailed,log1p_or_quantile_transform,True,True,False,True,False,False,False,True,0.8,bin,"high_skew, high_outliers",0.002
197,CC_PAYMENT_MIN_RATIO_MEAN,float64,59269,58279,98.33,990,1.67,False,0.33,False,1.0,193,"[(np.float64(1.0), 193), (np.float64(0.0), 121), (np.float64(2.0), 24)]",59269,1.0,0.33,0.0,0.2,"[('1.0', 0.33), ('0.0', 0.2), ('2.0', 0.04)]",False,Most frequent dominates with 0.33%,59269,248242,80.73,58279,very_high_cardinality,True,True,False,False,"target_encoding, hash_encoding, or embedding_layer","['1.1777430423082598', '1.0466968130720338', '1.1631762218629524', '1.230266780202763', '1.4734100156871257']",,,,,,,,,,,False,0.0,0.0,,,0.0,0.0,,,59269.0,0.0,496093.0801,496093.0801,20.0554,2.3798,2047.4643,102.0905,1.4075,4.9608,3.5533,240.0504,58141.631,121.0,0.0,1.4075,4.9608,3.5533,-3.9224,10.2907,6962.0,11.7464,0.8073,20.0554,2.3798,2047.4643,0.0,1.4075,4.9608,496093.0801,3.5533,240.0565,58146.5363,6962.0,0.1175,highly_skewed,variable,0.0,non_normal,248242.0,1.41,4.96,3.55,-3.92,10.29,0.0,6962.0,6962.0,11.75,4377.0,7.38,-6122.34,6162.45,0.0,11.0,11.0,0.02,1.19,8413.0,14.19,0.76,98.43,1185.0,2.0,58141.63,right_skewed,True,True,True,True,severe,consider_log_transform,-3.92,10.29,heavy_tailed,log1p_or_quantile_transform,True,True,False,True,False,False,False,True,0.8,bin,"high_skew, high_outliers",0.002
198,CC_PAYMENT_TOTAL_RATIO_MAX,float64,59775,56912,95.21,2863,4.79,False,3.17,False,0.0,1897,"[(np.float64(0.0), 1897), (np.float64(1.0), 33), (np.float64(-1.0), 19)]",59775,0.0,3.17,1.0,0.06,"[('0.0', 3.17), ('1.0', 0.06), ('-1.0', 0.03)]",False,Most frequent dominates with 3.17%,59775,247736,80.56,56912,very_high_cardinality,True,True,False,False,"target_encoding, hash_encoding, or embedding_layer","['0.1663049533930368', '0.39156644197279', '4.858356815391275', '0.0525159939961176', '0.0931518853766919']",,,,,,,,,,,False,0.0,0.0,,,0.0,0.0,,,59775.0,-32.7701,2525801.0,2525833.7701,248.1034,0.607,14593.7728,58.8213,0.1075,5.9307,5.8233,142.2388,22176.8937,1897.0,26.0,0.1075,5.9307,5.8233,-8.6274,14.6656,12246.0,20.4868,0.8056,248.1034,0.607,14593.7728,-32.7701,0.1075,5.9307,2525801.0,5.8233,142.2423,22178.7489,12246.0,0.2049,highly_skewed,variable,0.0,non_normal,247736.0,0.11,5.93,5.82,-8.63,14.67,1.0,12245.0,12246.0,20.49,10933.0,18.29,-43533.21,44029.42,0.0,33.0,33.0,0.06,0.55,17040.0,28.51,0.0,1349.56,624.0,1.04,22176.89,right_skewed,True,True,True,True,severe,consider_log_transform,-8.63,14.67,heavy_tailed,quantile_transform_or_robust_scaler,True,True,False,True,False,False,False,True,0.8,bin,"high_skew, high_outliers",0.0317
199,CC_PAYMENT_TOTAL_RATIO_MEAN,float64,59775,57349,95.94,2426,4.06,False,3.16,False,0.0,1886,"[(np.float64(0.0), 1886), (np.float64(1.0), 15), (np.float64(-1.0), 11)]",59775,0.0,3.16,1.0,0.03,"[('0.0', 3.16), ('1.0', 0.03), ('-1.0', 0.02)]",False,Most frequent dominates with 3.16%,59775,247736,80.56,57349,very_high_cardinality,True,True,False,False,"target_encoding, hash_encoding, or embedding_layer","['-2.593249949553239', '0.0381380454056896', '0.1424948768893842', '0.036166836830378', '0.0489126220623376']",,,,,,,,,,,False,0.0,0.0,,,0.0,0.0,,,59775.0,-87765.1175,410582.2605,498347.378,20.6758,0.0987,1896.661,91.7336,0.0468,0.5867,0.54,176.3866,37277.5988,1886.0,2498.0,0.0468,0.5867,0.54,-0.7632,1.3966,13174.0,22.0393,0.8056,20.6758,0.0987,1896.661,-87765.1175,0.0468,0.5867,410582.2605,0.54,176.391,37280.7173,13174.0,0.2204,highly_skewed,variable,0.0,non_normal,247736.0,0.05,0.59,0.54,-0.76,1.4,2015.0,11159.0,13174.0,22.04,11233.0,18.79,-5669.31,5710.66,6.0,23.0,29.0,0.05,0.08,17938.0,30.01,-16.37,107.19,1196.0,2.0,37277.6,right_skewed,True,True,True,True,severe,consider_log_transform,-0.76,1.4,heavy_tailed,quantile_transform_or_robust_scaler,True,True,False,True,False,False,False,True,0.8,bin,"high_skew, high_outliers",0.0316
200,CC_RECEIVABLE_LIMIT_RATIO_MAX,float64,86036,55701,64.74,30335,35.26,False,31.1,False,0.0,26756,"[(np.float64(0.0), 26756), (np.float64(1.0227), 322), (np.float64(1.0577), 188)]",86036,0.0,31.1,1.0227,0.37,"[('0.0', 31.1), ('1.0227', 0.37), ('1.0577', 0.22)]",False,Most frequent dominates with 31.1%,86036,221475,72.02,55701,very_high_cardinality,True,True,False,False,"target_encoding, hash_encoding, or embedding_layer","['0.0', '1.048959', '1.023996', '1.0376536666666667', '1.0599166153846151']",,,,,,,,,,,False,0.0,0.0,,,0.0,0.0,,,86036.0,0.0,11.1795,11.1795,0.6265,0.9467,0.4788,0.7643,0.0,1.0361,1.0361,-0.2532,1.2131,26756.0,0.0,0.0,1.0361,1.0361,-1.5541,2.5902,14.0,0.0163,0.7202,0.6265,0.9467,0.4788,0.0,0.0,1.0361,11.1795,1.0361,-0.2532,1.2132,14.0,0.0002,approximately_symmetric,variable,0.0,non_normal,221475.0,0.0,1.04,1.04,-1.55,2.59,0.0,14.0,14.0,0.02,2.0,0.0,-0.81,2.06,0.0,28.0,28.0,0.03,0.14,30130.0,35.02,0.0,1.14,861.0,1.0,1.21,moderate_deviation,True,False,True,True,low,investigate_individually,-1.55,2.59,approximately_normal,none_or_standard_scaler,False,False,False,True,False,False,False,False,0.4,keep_continuous,no_strong_signal,0.311
201,CC_RECEIVABLE_LIMIT_RATIO_MEAN,float64,86036,58877,68.43,27159,31.57,False,31.05,False,0.0,26711,"[(np.float64(0.0), 26711), (np.float64(0.3333333333333333), 10), (np.float64(2.1428571428571428e-05), 10)]",86036,0.0,31.05,0.3333333333333333,0.01,"[('0.0', 31.05), ('0.3333333333333333', 0.01), ('2.1428571428571428e-05', 0.01)]",False,Most frequent dominates with 31.05%,86036,221475,72.02,58877,very_high_cardinality,True,True,False,False,"target_encoding, hash_encoding, or embedding_layer","['0.0', '0.05076975', '0.6622554725274725', '0.0266189375', '0.013880294117647']",,,,,,,,,,,False,0.0,0.0,,,0.0,0.0,,,86036.0,-0.0848,2.1731,2.2579,0.3247,0.2514,0.3232,0.9954,0.0,0.5888,0.5888,0.5559,-1.0294,26711.0,71.0,0.0,0.5888,0.5888,-0.8832,1.4721,4.0,0.0046,0.7202,0.3247,0.2514,0.3232,-0.0848,0.0,0.5888,2.1731,0.5888,0.5559,-1.0294,4.0,0.0,moderately_skewed,variable,0.0,non_normal,221475.0,0.0,0.59,0.59,-0.88,1.47,0.0,4.0,4.0,0.0,0.0,0.0,-0.64,1.29,0.0,5.0,5.0,0.01,0.25,4.0,0.0,0.0,1.0,932.0,1.08,-1.03,light_tailed,False,True,False,True,low,investigate_individually,-0.88,1.47,approximately_normal,none_or_standard_scaler,False,False,False,True,False,False,False,False,0.7,keep_continuous,no_strong_signal,0.3105
202,CC_SK_DPD_DEF_MAX,float64,86905,52,0.06,86853,99.94,False,82.92,False,0.0,72063,"[(np.float64(0.0), 72063), (np.float64(1.0), 12568), (np.float64(8.0), 929)]",86905,0.0,82.92,1.0,14.46,"[('0.0', 82.92), ('1.0', 14.46), ('8.0', 1.07)]",False,Most frequent dominates with 82.92%,86905,220606,71.74,52,high_cardinality,True,False,False,True,"target_encoding, frequency_encoding, or hash_encoding","['0.0', '17.0', '91.0', '61.0', '130.0']",,,,,,,,,,,False,0.0,0.0,,,0.0,0.0,,,86905.0,0.0,2800.0,2800.0,0.78,0.0,23.8145,30.5305,0.0,0.0,0.0,98.4186,10193.4316,72063.0,0.0,0.0,0.0,0.0,0.0,0.0,14842.0,17.0784,0.7174,0.78,0.0,23.8145,0.0,0.0,0.0,2800.0,0.0,98.4203,10194.0181,0.0,0.0,highly_skewed,variable,0.0,non_normal,220606.0,0.0,0.0,0.0,0.0,0.0,0.0,14842.0,14842.0,17.08,14842.0,17.08,-70.66,72.22,0.0,25.0,25.0,0.03,16.06,23.0,0.03,0.0,8.0,774.0,0.89,10193.43,right_skewed,True,True,True,True,severe,consider_log_transform,0.0,0.0,zero_inflated,log1p_or_tweedie,True,True,False,True,True,True,True,True,0.7,drop_or_encode,near_constant,0.8292
203,CC_SK_DPD_DEF_MEAN,float64,86905,1548,1.78,85357,98.22,False,82.92,False,0.0,72063,"[(np.float64(0.0), 72063), (np.float64(0.0104166666666666), 923), (np.float64(0.0208333333333333), 555)]",86905,0.0,82.92,0.0104166666666666,1.06,"[('0.0', 82.92), ('0.0104166666666666', 1.06), ('0.0208333333333333', 0.64)]",False,Most frequent dominates with 82.92%,86905,220606,71.74,1548,very_high_cardinality,True,True,False,False,"target_encoding, hash_encoding, or embedding_layer","['0.0', '0.2962962962962963', '0.0945945945945946', '0.5729166666666666', '0.2093023255813953']",,,,,,,,,,,False,0.0,0.0,,,0.0,0.0,,,86905.0,0.0,1309.6,1309.6,0.1269,0.0,10.034,79.0886,0.0,0.0,0.0,111.8728,13040.9844,72063.0,0.0,0.0,0.0,0.0,0.0,0.0,14842.0,17.0784,0.7174,0.1269,0.0,10.034,0.0,0.0,0.0,1309.6,0.0,111.8747,13041.7348,0.0,0.0,highly_skewed,variable,0.0,non_normal,220606.0,0.0,0.0,0.0,0.0,0.0,0.0,14842.0,14842.0,17.08,14842.0,17.08,-29.98,30.23,0.0,13.0,13.0,0.01,6.77,13.0,0.01,0.0,0.58,862.0,0.99,13040.98,right_skewed,True,True,True,True,severe,consider_log_transform,0.0,0.0,zero_inflated,log1p_or_tweedie,True,True,False,True,True,False,True,True,0.7,treat_as_categorical,"high_skew, zero_inflated, discrete",0.8292
204,CC_SK_DPD_DEF_SUM,float64,86905,217,0.25,86688,99.75,False,82.92,False,0.0,72063,"[(np.float64(0.0), 72063), (np.float64(1.0), 3361), (np.float64(2.0), 2038)]",86905,0.0,82.92,1.0,3.87,"[('0.0', 82.92), ('1.0', 3.87), ('2.0', 2.35)]",False,Most frequent dominates with 82.92%,86905,220606,71.74,217,very_high_cardinality,True,True,False,False,"target_encoding, hash_encoding, or embedding_layer","['0.0', '88.0', '116385.0', '294.0', '106.0']",,,,,,,,,,,False,0.0,0.0,,,0.0,0.0,,,86905.0,0.0,124412.0,124412.0,10.6122,0.0,921.0133,86.7886,0.0,0.0,0.0,111.6863,12965.8724,72063.0,0.0,0.0,0.0,0.0,0.0,0.0,14842.0,17.0784,0.7174,10.6122,0.0,921.0133,0.0,0.0,0.0,124412.0,0.0,111.6882,12966.6185,0.0,0.0,highly_skewed,variable,0.0,non_normal,220606.0,0.0,0.0,0.0,0.0,0.0,0.0,14842.0,14842.0,17.08,14842.0,17.08,-2752.43,2773.65,0.0,12.0,12.0,0.01,621.22,12.0,0.01,0.0,27.0,866.0,1.0,12965.87,right_skewed,True,True,True,True,severe,consider_log_transform,0.0,0.0,zero_inflated,log1p_or_tweedie,True,True,False,True,True,True,True,True,0.7,drop_or_encode,near_constant,0.8292
205,CC_SK_DPD_MAX,float64,86905,409,0.47,86496,99.53,False,79.42,False,0.0,69023,"[(np.float64(0.0), 69023), (np.float64(1.0), 11586), (np.float64(8.0), 1416)]",86905,0.0,79.42,1.0,13.33,"[('0.0', 79.42), ('1.0', 13.33), ('8.0', 1.63)]",False,Most frequent dominates with 79.42%,86905,220606,71.74,409,very_high_cardinality,True,True,False,False,"target_encoding, hash_encoding, or embedding_layer","['0.0', '141.0', '1492.0', '261.0', '1833.0']",,,,,,,,,,,False,0.0,0.0,,,0.0,0.0,,,86905.0,0.0,2831.0,2831.0,16.9535,0.0,143.5671,8.4683,0.0,0.0,0.0,10.514,118.8725,69023.0,0.0,0.0,0.0,0.0,0.0,0.0,17882.0,20.5765,0.7174,16.9535,0.0,143.5671,0.0,0.0,0.0,2831.0,0.0,10.5142,118.8794,0.0,0.0,highly_skewed,variable,0.0,non_normal,220606.0,0.0,0.0,0.0,0.0,0.0,0.0,17882.0,17882.0,20.58,17882.0,20.58,-413.75,447.65,0.0,1008.0,1008.0,1.16,96.84,963.0,1.11,0.0,669.0,869.0,1.0,118.87,right_skewed,True,True,True,True,severe,consider_log_transform,0.0,0.0,zero_inflated,log1p_or_tweedie,True,True,False,True,True,True,True,True,0.7,drop_or_encode,near_constant,0.7942
206,CC_SK_DPD_MEAN,float64,86905,3606,4.15,83299,95.85,False,79.42,False,0.0,69023,"[(np.float64(0.0), 69023), (np.float64(0.0104166666666666), 879), (np.float64(0.0208333333333333), 543)]",86905,0.0,79.42,0.0104166666666666,1.01,"[('0.0', 79.42), ('0.0104166666666666', 1.01), ('0.0208333333333333', 0.62)]",False,Most frequent dominates with 79.42%,86905,220606,71.74,3606,very_high_cardinality,True,True,False,False,"target_encoding, hash_encoding, or embedding_layer","['0.0', '386.96774193548384', '3.3125', '2.3', '0.4588235294117647']",,,,,,,,,,,False,0.0,0.0,,,0.0,0.0,,,86905.0,0.0,1386.9479,1386.9479,4.2091,0.0,44.6023,10.5966,0.0,0.0,0.0,13.8538,233.474,69023.0,0.0,0.0,0.0,0.0,0.0,0.0,17882.0,20.5765,0.7174,4.2091,0.0,44.6023,0.0,0.0,0.0,1386.9479,0.0,13.854,233.4875,0.0,0.0,highly_skewed,variable,0.0,non_normal,220606.0,0.0,0.0,0.0,0.0,0.0,0.0,17882.0,17882.0,20.58,17882.0,20.58,-129.6,138.02,0.0,798.0,798.0,0.92,30.08,763.0,0.88,0.0,100.72,870.0,1.0,233.47,right_skewed,True,True,True,True,severe,consider_log_transform,0.0,0.0,zero_inflated,log1p_or_tweedie,True,True,False,True,True,False,True,True,0.7,treat_as_categorical,"high_skew, zero_inflated, discrete",0.7942
207,CC_SK_DPD_SUM,float64,86905,1464,1.68,85441,98.32,False,79.42,False,0.0,69023,"[(np.float64(0.0), 69023), (np.float64(1.0), 3188), (np.float64(2.0), 1896)]",86905,0.0,79.42,1.0,3.67,"[('0.0', 79.42), ('1.0', 3.67), ('2.0', 2.18)]",False,Most frequent dominates with 79.42%,86905,220606,71.74,1464,very_high_cardinality,True,True,False,False,"target_encoding, hash_encoding, or embedding_layer","['0.0', '30160.0', '46917.0', '726.0', '11522.0']",,,,,,,,,,,False,0.0,0.0,,,0.0,0.0,,,86905.0,0.0,133147.0,133147.0,352.6712,0.0,3854.1542,10.9285,0.0,0.0,0.0,14.4628,263.431,69023.0,0.0,0.0,0.0,0.0,0.0,0.0,17882.0,20.5765,0.7174,352.6712,0.0,3854.1542,0.0,0.0,0.0,133147.0,0.0,14.4631,263.4462,0.0,0.0,highly_skewed,variable,0.0,non_normal,220606.0,0.0,0.0,0.0,0.0,0.0,0.0,17882.0,17882.0,20.58,17882.0,20.58,-11209.79,11915.13,0.0,770.0,770.0,0.89,2599.63,733.0,0.84,0.0,7700.88,870.0,1.0,263.43,right_skewed,True,True,True,True,severe,consider_log_transform,0.0,0.0,zero_inflated,log1p_or_tweedie,True,True,False,True,True,False,True,True,0.7,treat_as_categorical,"high_skew, zero_inflated, discrete",0.7942
208,CC_SK_ID_PREV_NUNIQUE,float64,86905,4,0.0,86901,100.0,False,99.38,True,1.0,86363,"[(np.float64(1.0), 86363), (np.float64(2.0), 538), (np.float64(3.0), 3)]",86905,1.0,99.38,2.0,0.62,"[('1.0', 99.38), ('2.0', 0.62), ('3.0', 0.0)]",True,Appears uniformly dominated,86905,220606,71.74,4,low_cardinality,False,False,False,True,one_hot_encoding or label_encoding,"['1.0', '2.0', '3.0', '4.0']",,,,,,,,,,,False,0.0,0.0,,,0.0,0.0,,,86905.0,1.0,4.0,3.0,1.0063,1.0,0.08,0.0795,1.0,1.0,0.0,13.0234,180.6695,0.0,0.0,1.0,1.0,0.0,1.0,1.0,542.0,0.6237,0.7174,1.0063,1.0,0.08,1.0,1.0,1.0,4.0,0.0,13.0236,180.6799,0.0,0.0,highly_skewed,variable,0.0,non_normal,220606.0,1.0,1.0,0.0,1.0,1.0,0.0,542.0,542.0,0.62,542.0,0.62,0.77,1.25,0.0,542.0,542.0,0.62,0.05,542.0,0.62,1.0,1.0,542.0,0.62,180.67,right_skewed,True,True,True,True,low,investigate_individually,1.0,1.0,heavy_tailed,log1p_or_quantile_transform,True,False,False,True,True,True,False,False,0.3,drop_or_encode,near_constant,0.0
209,CNT_CHILDREN,int64,307511,15,0.0,307496,100.0,False,70.04,False,0,215371,"[(np.int64(0), 215371), (np.int64(1), 61119), (np.int64(2), 26749)]",307511,0,70.04,1,19.88,"[('0', 70.04), ('1', 19.88), ('2', 8.7)]",False,Most frequent dominates with 70.04%,307511,0,0.0,15,medium_cardinality,False,False,False,True,"target_encoding, leave_as_integer, or one_hot_if_dense","['0', '3', '5', '9', '10']",,,,,,,,,,,False,0.0,0.0,,,0.0,0.0,,,307511.0,0.0,19.0,19.0,0.4171,0.0,0.7221,1.7315,0.0,1.0,1.0,1.9746,7.904,215371.0,0.0,0.0,1.0,1.0,-1.5,2.5,4272.0,1.3892,0.0,0.4171,0.0,0.7221,0.0,0.0,1.0,19.0,1.0,1.9746,7.9041,4272.0,0.0139,highly_skewed,variable,0.0,non_normal,0.0,0.0,1.0,1.0,-1.5,2.5,0.0,4272.0,4272.0,1.39,126.0,0.04,-1.75,2.58,0.0,4272.0,4272.0,1.39,0.49,4272.0,1.39,0.0,3.0,555.0,0.18,7.9,right_skewed,True,True,True,True,moderate,log_transform_or_winsorize,-1.5,2.5,zero_inflated,log1p_or_tweedie,True,False,False,True,True,True,True,True,0.5,drop_or_encode,near_constant,0.7004
210,CNT_FAM_MEMBERS,float64,307509,17,0.01,307492,99.99,False,51.5,False,2.0,158357,"[(np.float64(2.0), 158357), (np.float64(1.0), 67847), (np.float64(3.0), 52601)]",307509,2.0,51.5,1.0,22.06,"[('2.0', 51.5), ('1.0', 22.06), ('3.0', 17.11)]",False,Most frequent dominates with 51.5%,307509,2,0.0,17,medium_cardinality,False,False,False,True,"target_encoding, leave_as_integer, or one_hot_if_dense","['1.0', '4.0', '9.0', '10.0', '12.0']",,,,,,,,,,,False,0.0,0.0,,,0.0,0.0,,,307509.0,1.0,20.0,19.0,2.1527,2.0,0.9107,0.423,2.0,3.0,1.0,0.9875,2.8019,0.0,0.0,2.0,3.0,1.0,0.5,4.5,4007.0,1.3031,0.0,2.1527,2.0,0.9107,1.0,2.0,3.0,20.0,1.0,0.9875,2.802,4007.0,0.013,moderately_skewed,variable,0.0,non_normal,2.0,2.0,3.0,1.0,0.5,4.5,0.0,4007.0,4007.0,1.3,121.0,0.04,-0.58,4.88,0.0,4007.0,4007.0,1.3,0.61,529.0,0.17,1.0,5.0,529.0,0.17,2.8,moderate_deviation,True,True,True,True,moderate,winsorize_upper_or_clip,0.5,4.5,approximately_normal,none_or_standard_scaler,False,False,False,True,True,True,False,True,0.5,drop_or_encode,near_constant,0.0
211,CODE_GENDER,object,307511,3,0.0,307508,100.0,False,65.83,False,F,202448,"[('F', 202448), ('M', 105059), ('XNA', 4)]",307511,F,65.83,M,34.16,"[('F', 65.83), ('M', 34.16), ('XNA', 0.0)]",False,Most frequent dominates with 65.83%,307511,0,0.0,3,low_cardinality,False,False,False,False,one_hot_encoding or label_encoding,"['M', 'F', 'XNA']",0.0,0.0,F,65.83,1.0,33.33,True,moderately_skewed,0.5846,False,False,0.0,0.0,,,3.0,2.0,"f(202448), m(105059), xna(4)","f(32678), m(16066)",,,,,,,,,,,,,,,,,,,,,,,,,,,,,,,,,,,,,,,,,,,,,,,,,,,,,,,,,,,,,,,,,,,,,,,,,,,,,,,,,,,,,,,,
212,COMMONAREA_AVG,float64,92646,3181,3.43,89465,96.57,False,9.11,False,0.0,8442,"[(np.float64(0.0), 8442), (np.float64(0.0079), 544), (np.float64(0.0078), 475)]",92646,0.0,9.11,0.0079,0.59,"[('0.0', 9.11), ('0.0079', 0.59), ('0.0078', 0.51)]",False,Most frequent dominates with 9.11%,92646,214865,69.87,3181,very_high_cardinality,True,True,False,False,"target_encoding, hash_encoding, or embedding_layer","['0.0143', '0.0956', '0.1801', '0.3545', '0.4934']",,,,,,,,,,,False,0.0,0.0,,,0.0,0.0,,,92646.0,0.0,1.0,1.0,0.0446,0.0211,0.076,1.704,0.0078,0.0515,0.0437,5.4572,45.9855,8442.0,0.0,0.0078,0.0515,0.0437,-0.0578,0.117,7942.0,8.5724,0.6987,0.0446,0.0211,0.076,0.0,0.0078,0.0515,1.0,0.0437,5.4573,45.988,7942.0,0.0857,highly_skewed,variable,0.0,non_normal,214865.0,0.01,0.05,0.04,-0.06,0.12,0.0,7942.0,7942.0,8.57,3696.0,3.99,-0.18,0.27,0.0,1705.0,1705.0,1.84,0.02,8580.0,9.26,0.0,0.38,927.0,1.0,45.99,right_skewed,True,True,True,True,high,robust_scaling_or_transform,-0.06,0.12,heavy_tailed,log1p_or_quantile_transform,True,True,False,True,True,False,False,True,0.8,treat_as_categorical,"high_skew, high_outliers, discrete",0.0911
213,COMMONAREA_MEDI,float64,92646,3202,3.46,89444,96.54,False,9.38,False,0.0,8691,"[(np.float64(0.0), 8691), (np.float64(0.0079), 581), (np.float64(0.008), 486)]",92646,0.0,9.38,0.0079,0.63,"[('0.0', 9.38), ('0.0079', 0.63), ('0.008', 0.52)]",False,Most frequent dominates with 9.38%,92646,214865,69.87,3202,very_high_cardinality,True,True,False,False,"target_encoding, hash_encoding, or embedding_layer","['0.0144', '0.0609', '0.2525', '0.1187', '0.1363']",,,,,,,,,,,False,0.0,0.0,,,0.0,0.0,,,92646.0,0.0,1.0,1.0,0.0446,0.0208,0.0761,1.7075,0.0079,0.0513,0.0434,5.4192,45.2611,8691.0,0.0,0.0079,0.0513,0.0434,-0.0572,0.1164,8004.0,8.6393,0.6987,0.0446,0.0208,0.0761,0.0,0.0079,0.0513,1.0,0.0434,5.4192,45.2636,8004.0,0.0864,highly_skewed,variable,0.0,non_normal,214865.0,0.01,0.05,0.04,-0.06,0.12,0.0,8004.0,8004.0,8.64,3780.0,4.08,-0.18,0.27,0.0,1723.0,1723.0,1.86,0.02,8662.0,9.35,0.0,0.38,927.0,1.0,45.26,right_skewed,True,True,True,True,high,robust_scaling_or_transform,-0.06,0.12,heavy_tailed,log1p_or_quantile_transform,True,True,False,True,True,False,False,True,0.8,treat_as_categorical,"high_skew, high_outliers, discrete",0.0938
214,COMMONAREA_MODE,float64,92646,3128,3.38,89518,96.62,False,10.46,False,0.0,9690,"[(np.float64(0.0), 9690), (np.float64(0.008), 546), (np.float64(0.0079), 543)]",92646,0.0,10.46,0.008,0.59,"[('0.0', 10.46), ('0.008', 0.59), ('0.0079', 0.59)]",False,Most frequent dominates with 10.46%,92646,214865,69.87,3128,very_high_cardinality,True,True,False,False,"target_encoding, hash_encoding, or embedding_layer","['0.0144', '0.37', '0.3211', '0.2469', '0.1811']",,,,,,,,,,,False,0.0,0.0,,,0.0,0.0,,,92646.0,0.0,1.0,1.0,0.0426,0.019,0.0744,1.7494,0.0072,0.049,0.0418,5.6205,48.8583,9690.0,0.0,0.0072,0.049,0.0418,-0.0555,0.1117,7938.0,8.5681,0.6987,0.0426,0.019,0.0744,0.0,0.0072,0.049,1.0,0.0418,5.6206,48.861,7938.0,0.0857,highly_skewed,variable,0.0,non_normal,214865.0,0.01,0.05,0.04,-0.06,0.11,0.0,7938.0,7938.0,8.57,3763.0,4.06,-0.18,0.27,0.0,1693.0,1693.0,1.83,0.02,8790.0,9.49,0.0,0.37,927.0,1.0,48.86,right_skewed,True,True,True,True,high,robust_scaling_or_transform,-0.06,0.11,heavy_tailed,log1p_or_quantile_transform,True,True,False,True,True,False,False,True,0.8,treat_as_categorical,"high_skew, high_outliers, discrete",0.1046
215,DAYS_BIRTH,int64,307511,17460,5.68,290051,94.32,False,0.01,False,-13749,43,"[(np.int64(-13749), 43), (np.int64(-13481), 42), (np.int64(-10020), 41)]",307511,-13749,0.01,-13481,0.01,"[('-13749', 0.01), ('-13481', 0.01), ('-10020', 0.01)]",False,Most frequent dominates with 0.01%,307511,0,0.0,17460,very_high_cardinality,True,True,False,False,"target_encoding, hash_encoding, or embedding_layer","['-9461', '-19972', '-18027', '-18129', '-18004']",,,,,,,,,,,False,0.0,0.0,,,0.0,0.0,,,307511.0,-25229.0,-7489.0,17740.0,-16036.9951,-15750.0,4363.9886,0.2721,-19682.0,-12413.0,7269.0,-0.1157,-1.0491,0.0,307511.0,-19682.0,-12413.0,7269.0,-30585.5,-1509.5,0.0,0.0,0.0,-16036.9951,-15750.0,4363.9886,-25229.0,-19682.0,-12413.0,-7489.0,7269.0,-0.1157,-1.0491,0.0,0.0,approximately_symmetric,variable,0.0,non_normal,0.0,-19682.0,-12413.0,7269.0,-30585.5,-1509.5,0.0,0.0,0.0,0.0,0.0,0.0,-29128.96,-2945.03,0.0,0.0,0.0,0.0,3630.0,0.0,0.0,-24419.0,-8263.0,6149.0,2.0,-1.05,light_tailed,False,False,False,False,none,none_needed,-30585.5,-1509.5,approximately_normal,none_or_standard_scaler,True,False,False,True,False,False,False,False,0.2,keep_continuous,no_strong_signal,0.0
216,DAYS_EMPLOYED,float64,252137,12573,4.99,239564,95.01,False,0.06,False,-200.0,156,"[(np.float64(-200.0), 156), (np.float64(-224.0), 152), (np.float64(-230.0), 151)]",252137,-200.0,0.06,-224.0,0.06,"[('-200.0', 0.06), ('-224.0', 0.06), ('-230.0', 0.06)]",False,Most frequent dominates with 0.06%,252137,55374,18.01,12573,very_high_cardinality,True,True,False,False,"target_encoding, hash_encoding, or embedding_layer","['-637.0', '-3659.0', '-3191.0', '-5871.0', '-16452.0']",,,,,,,,,,,False,0.0,0.0,,,0.0,0.0,,,252137.0,-17912.0,0.0,17912.0,-2384.1693,-1648.0,2338.3602,0.9808,-3175.0,-767.0,2408.0,-1.9683,4.7525,2.0,252135.0,-3175.0,-767.0,2408.0,-6787.0,2845.0,15149.0,6.0082,0.1801,-2384.1693,-1648.0,2338.3602,-17912.0,-3175.0,-767.0,0.0,2408.0,-1.9683,4.7527,15149.0,0.0601,highly_skewed,variable,0.0,non_normal,55374.0,-3175.0,-767.0,2408.0,-6787.0,2845.0,15149.0,0.0,15149.0,6.01,3832.0,1.52,-9399.25,4630.91,5644.0,0.0,5644.0,2.24,1066.0,13162.0,5.22,-11338.28,-111.0,5033.0,2.0,4.75,left_skewed,True,True,True,True,high,robust_scaling_or_transform,-6787.0,2845.0,heavy_tailed,quantile_transform_or_robust_scaler,True,True,False,True,True,False,False,True,0.8,treat_as_categorical,"high_skew, high_outliers, discrete",0.0
217,DAYS_EMPLOYED_ANOM,int64,307511,2,0.0,307509,100.0,False,81.99,False,0,252137,"[(np.int64(0), 252137), (np.int64(1), 55374)]",307511,0,81.99,1,18.01,"[('0', 81.99), ('1', 18.01)]",False,Most frequent dominates with 81.99%,307511,0,0.0,2,binary,False,False,False,False,binary_encoding or label_encoding,"['0', '1']",,,,,,,,,,,False,0.0,0.0,,,0.0,0.0,,,307511.0,0.0,1.0,1.0,0.1801,0.0,0.3842,2.1339,0.0,0.0,0.0,1.6652,0.773,252137.0,0.0,0.0,0.0,0.0,0.0,0.0,55374.0,18.0072,0.0,0.1801,0.0,0.3842,0.0,0.0,0.0,1.0,0.0,1.6652,0.773,0.0,0.0,highly_skewed,variable,0.0,non_normal,0.0,0.0,0.0,0.0,0.0,0.0,0.0,55374.0,55374.0,18.01,55374.0,18.01,-0.97,1.33,0.0,0.0,0.0,0.0,0.26,0.0,0.0,0.0,1.0,0.0,0.0,0.77,right_skewed,False,True,True,True,severe,review_data_source,0.0,0.0,zero_inflated,log1p_or_tweedie,True,True,False,True,True,True,True,False,0.5,drop_or_encode,near_constant,0.8199
218,DAYS_ID_PUBLISH,int64,307511,6168,2.01,301343,97.99,False,0.05,False,-4053,169,"[(np.int64(-4053), 169), (np.int64(-4095), 162), (np.int64(-4046), 161)]",307511,-4053,0.05,-4095,0.05,"[('-4053', 0.05), ('-4095', 0.05), ('-4046', 0.05)]",False,Most frequent dominates with 0.05%,307511,0,0.0,6168,very_high_cardinality,True,True,False,False,"target_encoding, hash_encoding, or embedding_layer","['-2120', '-623', '-3788', '-3575', '-3214']",,,,,,,,,,,False,0.0,0.0,,,0.0,0.0,,,307511.0,-7197.0,0.0,7197.0,-2994.2024,-3254.0,1509.4504,0.5041,-4299.0,-1720.0,2579.0,0.3493,-1.1068,16.0,307495.0,-4299.0,-1720.0,2579.0,-8167.5,2148.5,0.0,0.0,0.0,-2994.2024,-3254.0,1509.4504,-7197.0,-4299.0,-1720.0,0.0,2579.0,0.3493,-1.1068,0.0,0.0,approximately_symmetric,variable,0.0,non_normal,0.0,-4299.0,-1720.0,2579.0,-8167.5,2148.5,0.0,0.0,0.0,0.0,0.0,0.0,-7522.55,1534.15,0.0,0.0,0.0,0.0,1186.0,0.0,0.0,-5447.0,-61.0,6128.0,1.99,-1.11,light_tailed,False,False,False,False,none,none_needed,-8167.5,2148.5,approximately_normal,none_or_standard_scaler,True,False,False,True,True,False,False,True,0.2,treat_as_categorical,discrete,0.0001
219,DAYS_LAST_PHONE_CHANGE,float64,307510,3773,1.23,303737,98.77,False,12.25,False,0.0,37672,"[(np.float64(0.0), 37672), (np.float64(-1.0), 2812), (np.float64(-2.0), 2318)]",307510,0.0,12.25,-1.0,0.91,"[('0.0', 12.25), ('-1.0', 0.91), ('-2.0', 0.75)]",False,Most frequent dominates with 12.25%,307510,1,0.0,3773,very_high_cardinality,True,True,False,False,"target_encoding, hash_encoding, or embedding_layer","['-1134.0', '-1773.0', '-1123.0', '-34.0', '-2238.0']",,,,,,,,,,,False,0.0,0.0,,,0.0,0.0,,,307510.0,-4292.0,0.0,4292.0,-962.8588,-757.0,826.8085,0.8587,-1570.0,-274.0,1296.0,-0.7136,-0.3086,37672.0,269838.0,-1570.0,-274.0,1296.0,-3514.0,1670.0,435.0,0.1415,0.0,-962.8588,-757.0,826.8085,-4292.0,-1570.0,-274.0,0.0,1296.0,-0.7136,-0.3086,435.0,0.0014,moderately_skewed,variable,0.0,non_normal,1.0,-1570.0,-274.0,1296.0,-3514.0,1670.0,435.0,0.0,435.0,0.14,0.0,0.0,-3443.28,1517.57,640.0,0.0,640.0,0.21,627.0,30.0,0.01,-3149.0,0.0,3067.0,1.0,-0.31,moderate_deviation,False,True,False,True,low,investigate_individually,-3514.0,1670.0,approximately_normal,none_or_standard_scaler,True,False,False,True,True,False,False,True,0.5,treat_as_categorical,discrete,0.1225
220,DAYS_REGISTRATION,float64,307511,15688,5.1,291823,94.9,False,0.04,False,-1.0,113,"[(np.float64(-1.0), 113), (np.float64(-7.0), 98), (np.float64(-6.0), 96)]",307511,-1.0,0.04,-7.0,0.03,"[('-1.0', 0.04), ('-7.0', 0.03), ('-6.0', 0.03)]",False,Most frequent dominates with 0.04%,307511,0,0.0,15688,very_high_cardinality,True,True,False,False,"target_encoding, hash_encoding, or embedding_layer","['-3648.0', '-5786.0', '-10353.0', '-7931.0', '-15901.0']",,,,,,,,,,,False,0.0,0.0,,,0.0,0.0,,,307511.0,-24672.0,0.0,24672.0,-4986.1203,-4504.0,3522.8863,0.7065,-7479.5,-2010.0,5469.5,-0.5909,-0.3214,80.0,307431.0,-7479.5,-2010.0,5469.5,-15683.75,6194.25,659.0,0.2143,0.0,-4986.1203,-4504.0,3522.8863,-24672.0,-7479.5,-2010.0,0.0,5469.5,-0.5909,-0.3213,659.0,0.0021,moderately_skewed,variable,0.0,non_normal,0.0,-7479.5,-2010.0,5469.5,-15683.75,6194.25,659.0,0.0,659.0,0.21,1.0,0.0,-15554.78,5582.54,749.0,0.0,749.0,0.24,2699.0,67.0,0.02,-13879.0,-50.0,6126.0,1.99,-0.32,moderate_deviation,False,True,False,True,low,investigate_individually,-15683.75,6194.25,approximately_normal,none_or_standard_scaler,True,False,False,True,False,False,False,False,0.5,keep_continuous,no_strong_signal,0.0003
221,DEF_30_CNT_SOCIAL_CIRCLE,float64,306490,10,0.0,306480,100.0,False,88.53,False,0.0,271324,"[(np.float64(0.0), 271324), (np.float64(1.0), 28328), (np.float64(2.0), 5323)]",306490,0.0,88.53,1.0,9.24,"[('0.0', 88.53), ('1.0', 9.24), ('2.0', 1.74)]",False,Most frequent dominates with 88.53%,306490,1021,0.33,10,low_cardinality,False,False,False,True,one_hot_encoding or label_encoding,"['2.0', '1.0', '4.0', '6.0', '34.0']",,,,,,,,,,,False,0.0,0.0,,,0.0,0.0,,,306490.0,0.0,34.0,34.0,0.1434,0.0,0.4467,3.1146,0.0,0.0,0.0,5.1835,126.3104,271324.0,0.0,0.0,0.0,0.0,0.0,0.0,35166.0,11.4738,0.0033,0.1434,0.0,0.4467,0.0,0.0,0.0,34.0,0.0,5.1835,126.3124,0.0,0.0,highly_skewed,variable,0.0,non_normal,1021.0,0.0,0.0,0.0,0.0,0.0,0.0,35166.0,35166.0,11.47,35166.0,11.47,-1.2,1.48,0.0,6838.0,6838.0,2.23,0.3,6838.0,2.23,0.0,2.0,1515.0,0.49,126.31,right_skewed,True,True,True,True,severe,consider_log_transform,0.0,0.0,zero_inflated,log1p_or_tweedie,True,True,False,True,True,True,True,True,0.5,drop_or_encode,near_constant,0.8853
222,DEF_60_CNT_SOCIAL_CIRCLE,float64,306490,9,0.0,306481,100.0,False,91.59,False,0.0,280721,"[(np.float64(0.0), 280721), (np.float64(1.0), 21841), (np.float64(2.0), 3170)]",306490,0.0,91.59,1.0,7.13,"[('0.0', 91.59), ('1.0', 7.13), ('2.0', 1.03)]",False,Most frequent dominates with 91.59%,306490,1021,0.33,9,low_cardinality,False,False,False,True,one_hot_encoding or label_encoding,"['2.0', '0.0', '1.0', '3.0', '5.0']",,,,,,,,,,,False,0.0,0.0,,,0.0,0.0,,,306490.0,0.0,24.0,24.0,0.1,0.0,0.3623,3.6211,0.0,0.0,0.0,5.2779,86.5614,280721.0,0.0,0.0,0.0,0.0,0.0,0.0,25769.0,8.4078,0.0033,0.1,0.0,0.3623,0.0,0.0,0.0,24.0,0.0,5.2779,86.5629,0.0,0.0,highly_skewed,variable,0.0,non_normal,1021.0,0.0,0.0,0.0,0.0,0.0,0.0,25769.0,25769.0,8.41,25769.0,8.41,-0.99,1.19,0.0,3928.0,3928.0,1.28,0.24,3928.0,1.28,0.0,2.0,758.0,0.25,86.56,right_skewed,True,True,True,True,high,robust_scaling_or_transform,0.0,0.0,zero_inflated,log1p_or_tweedie,True,True,False,True,True,True,True,False,0.5,drop_or_encode,near_constant,0.9159
223,ELEVATORS_AVG,float64,143620,257,0.18,143363,99.82,False,59.68,False,0.0,85718,"[(np.float64(0.0), 85718), (np.float64(0.08), 9886), (np.float64(0.16), 8806)]",143620,0.0,59.68,0.08,6.88,"[('0.0', 59.68), ('0.08', 6.88), ('0.16', 6.13)]",False,Most frequent dominates with 59.68%,143620,163891,53.3,257,very_high_cardinality,True,True,False,False,"target_encoding, hash_encoding, or embedding_layer","['0.0', '0.056', '0.248', '0.1644', '0.2144']",,,,,,,,,,,False,0.0,0.0,,,0.0,0.0,,,143620.0,0.0,1.0,1.0,0.0789,0.0,0.1346,1.7048,0.0,0.12,0.12,2.4394,7.8691,85718.0,0.0,0.0,0.12,0.12,-0.18,0.3,10420.0,7.2553,0.533,0.0789,0.0,0.1346,0.0,0.0,0.12,1.0,0.12,2.4394,7.8694,10420.0,0.0726,highly_skewed,variable,0.0,non_normal,163891.0,0.0,0.12,0.12,-0.18,0.3,0.0,10420.0,10420.0,7.26,2440.0,1.7,-0.32,0.48,0.0,2440.0,2440.0,1.7,0.09,3509.0,2.44,0.0,0.6,1357.0,0.94,7.87,right_skewed,True,True,True,True,high,robust_scaling_or_transform,-0.18,0.3,heavy_tailed,log1p_or_quantile_transform,True,True,False,True,True,True,False,True,1.0,drop_or_encode,near_constant,0.5968
224,ELEVATORS_MEDI,float64,143620,46,0.03,143574,99.97,False,60.59,False,0.0,87026,"[(np.float64(0.0), 87026), (np.float64(0.08), 10832), (np.float64(0.16), 9278)]",143620,0.0,60.59,0.08,7.54,"[('0.0', 60.59), ('0.08', 7.54), ('0.16', 6.46)]",False,Most frequent dominates with 60.59%,143620,163891,53.3,46,medium_cardinality,False,False,False,True,"target_encoding, leave_as_integer, or one_hot_if_dense","['0.0', '0.32', '0.44', '0.9', '0.84']",,,,,,,,,,,False,0.0,0.0,,,0.0,0.0,,,143620.0,0.0,1.0,1.0,0.0781,0.0,0.1345,1.7222,0.0,0.12,0.12,2.4578,7.9637,87026.0,0.0,0.0,0.12,0.12,-0.18,0.3,10383.0,7.2295,0.533,0.0781,0.0,0.1345,0.0,0.0,0.12,1.0,0.12,2.4578,7.964,10383.0,0.0723,highly_skewed,variable,0.0,non_normal,163891.0,0.0,0.12,0.12,-0.18,0.3,0.0,10383.0,10383.0,7.23,2429.0,1.69,-0.33,0.48,0.0,2429.0,2429.0,1.69,0.09,3525.0,2.45,0.0,0.6,1366.0,0.95,7.96,right_skewed,True,True,True,True,high,robust_scaling_or_transform,-0.18,0.3,zero_inflated,log1p_or_tweedie,True,True,False,True,True,True,True,True,1.0,drop_or_encode,near_constant,0.6059
225,ELEVATORS_MODE,float64,143620,26,0.02,143594,99.98,False,62.32,False,0.0,89498,"[(np.float64(0.0), 89498), (np.float64(0.0806), 11629), (np.float64(0.1611), 9675)]",143620,0.0,62.32,0.0806,8.1,"[('0.0', 62.32), ('0.0806', 8.1), ('0.1611', 6.74)]",False,Most frequent dominates with 62.32%,143620,163891,53.3,26,medium_cardinality,False,False,False,True,"target_encoding, leave_as_integer, or one_hot_if_dense","['0.0', '0.282', '0.3625', '0.5236', '1.0']",,,,,,,,,,,False,0.0,0.0,,,0.0,0.0,,,143620.0,0.0,1.0,1.0,0.0745,0.0,0.1323,1.7755,0.0,0.1208,0.1208,2.5523,8.5976,89498.0,0.0,0.0,0.1208,0.1208,-0.1812,0.302,9732.0,6.7762,0.533,0.0745,0.0,0.1323,0.0,0.0,0.1208,1.0,0.1208,2.5523,8.5979,9732.0,0.0678,highly_skewed,variable,0.0,non_normal,163891.0,0.0,0.12,0.12,-0.18,0.3,0.0,9732.0,9732.0,6.78,3355.0,2.34,-0.32,0.47,0.0,3355.0,3355.0,2.34,0.09,3355.0,2.34,0.0,0.6,1291.0,0.9,8.6,right_skewed,True,True,True,True,high,robust_scaling_or_transform,-0.18,0.3,zero_inflated,log1p_or_tweedie,True,True,False,True,True,True,True,True,1.0,drop_or_encode,near_constant,0.6232
226,EMERGENCYSTATE_MODE,object,161756,2,0.0,161754,100.0,False,98.56,True,No,159428,"[('No', 159428), ('Yes', 2328)]",161756,No,98.56,Yes,1.44,"[('No', 98.56), ('Yes', 1.44)]",True,Appears uniformly dominated,161756,145755,47.4,2,binary,False,False,False,False,binary_encoding or label_encoding,"['No', 'Yes']",145755.0,47.4,No,98.56,0.0,0.0,False,highly_dominant,0.1087,False,False,0.0,0.0,,,2.0,2.0,"no(159428), yes(2328)","no(26179), yes(356)",,,,,,,,,,,,,,,,,,,,,,,,,,,,,,,,,,,,,,,,,,,,,,,,,,,,,,,,,,,,,,,,,,,,,,,,,,,,,,,,,,,,,,,,
227,ENTRANCES_AVG,float64,152683,285,0.19,152398,99.81,False,22.27,False,0.1379,34007,"[(np.float64(0.1379), 34007), (np.float64(0.069), 22956), (np.float64(0.1034), 19533)]",152683,0.1379,22.27,0.069,15.04,"[('0.1379', 22.27), ('0.069', 15.04), ('0.1034', 12.79)]",False,Most frequent dominates with 22.27%,152683,154828,50.35,285,very_high_cardinality,True,True,False,False,"target_encoding, hash_encoding, or embedding_layer","['0.069', '0.0803', '0.9655', '0.1179', '0.2145']",,,,,,,,,,,False,0.0,0.0,,,0.0,0.0,,,152683.0,0.0,1.0,1.0,0.1497,0.1379,0.1,0.6682,0.069,0.2069,0.1379,2.3997,11.5928,323.0,0.0,0.069,0.2069,0.1379,-0.1378,0.4137,3882.0,2.5425,0.5035,0.1497,0.1379,0.1,0.0,0.069,0.2069,1.0,0.1379,2.3997,11.5932,3882.0,0.0254,highly_skewed,variable,0.0,non_normal,154828.0,0.07,0.21,0.14,-0.14,0.41,0.0,3882.0,3882.0,2.54,863.0,0.57,-0.15,0.45,0.0,2214.0,2214.0,1.45,0.07,1706.0,1.12,0.03,0.52,1744.0,1.14,11.59,right_skewed,True,True,True,True,moderate,log_transform_or_winsorize,-0.14,0.41,heavy_tailed,log1p_or_quantile_transform,True,False,True,True,True,True,False,True,0.5,drop_or_encode,near_constant,0.0021
228,ENTRANCES_MEDI,float64,152683,46,0.03,152637,99.97,False,23.27,False,0.1379,35535,"[(np.float64(0.1379), 35535), (np.float64(0.069), 24193), (np.float64(0.1034), 20492)]",152683,0.1379,23.27,0.069,15.85,"[('0.1379', 23.27), ('0.069', 15.85), ('0.1034', 13.42)]",False,Most frequent dominates with 23.27%,152683,154828,50.35,46,medium_cardinality,False,False,False,True,"target_encoding, leave_as_integer, or one_hot_if_dense","['0.069', '0.3793', '0.0862', '0.5862', '0.7241']",,,,,,,,,,,False,0.0,0.0,,,0.0,0.0,,,152683.0,0.0,1.0,1.0,0.1492,0.1379,0.1004,0.6727,0.069,0.2069,0.1379,2.3877,11.4737,329.0,0.0,0.069,0.2069,0.1379,-0.1378,0.4137,3893.0,2.5497,0.5035,0.1492,0.1379,0.1004,0.0,0.069,0.2069,1.0,0.1379,2.3877,11.4741,3893.0,0.0255,highly_skewed,variable,0.0,non_normal,154828.0,0.07,0.21,0.14,-0.14,0.41,0.0,3893.0,3893.0,2.55,863.0,0.57,-0.15,0.45,0.0,2226.0,2226.0,1.46,0.07,1711.0,1.12,0.03,0.52,1742.0,1.14,11.47,right_skewed,True,True,True,True,moderate,log_transform_or_winsorize,-0.14,0.41,heavy_tailed,log1p_or_quantile_transform,True,False,True,True,True,True,False,True,0.5,drop_or_encode,near_constant,0.0022
229,ENTRANCES_MODE,float64,152683,30,0.02,152653,99.98,False,23.61,False,0.1379,36041,"[(np.float64(0.1379), 36041), (np.float64(0.069), 26704), (np.float64(0.1034), 20533)]",152683,0.1379,23.61,0.069,17.49,"[('0.1379', 23.61), ('0.069', 17.49), ('0.1034', 13.45)]",False,Most frequent dominates with 23.61%,152683,154828,50.35,30,medium_cardinality,False,False,False,True,"target_encoding, leave_as_integer, or one_hot_if_dense","['0.069', '0.3103', '0.4483', '0.6897', '0.8621']",,,,,,,,,,,False,0.0,0.0,,,0.0,0.0,,,152683.0,0.0,1.0,1.0,0.1452,0.1379,0.101,0.6955,0.069,0.2069,0.1379,2.3923,11.422,387.0,0.0,0.069,0.2069,0.1379,-0.1378,0.4137,3840.0,2.515,0.5035,0.1452,0.1379,0.101,0.0,0.069,0.2069,1.0,0.1379,2.3923,11.4225,3840.0,0.0252,highly_skewed,variable,0.0,non_normal,154828.0,0.07,0.21,0.14,-0.14,0.41,0.0,3840.0,3840.0,2.52,859.0,0.56,-0.16,0.45,0.0,2628.0,2628.0,1.72,0.07,1697.0,1.11,0.03,0.52,1783.0,1.17,11.42,right_skewed,True,True,True,True,moderate,log_transform_or_winsorize,-0.14,0.41,heavy_tailed,log1p_or_quantile_transform,True,False,True,True,True,True,False,True,0.5,drop_or_encode,near_constant,0.0025
230,EXT_SOURCE_1,float64,134133,114584,85.43,19549,14.57,False,0.0,False,0.6227066347478732,5,"[(np.float64(0.6227066347478732), 5), (np.float64(0.528197430013715), 5), (np.float64(0.4990017461254777), 5)]",134133,0.6227066347478732,0.0,0.528197430013715,0.0,"[('0.6227066347478732', 0.0), ('0.528197430013715', 0.0), ('0.4990017461254777', 0.0)]",False,Most frequent dominates with 0.0%,134133,173378,56.38,114584,very_high_cardinality,True,True,False,False,"target_encoding, hash_encoding, or embedding_layer","['0.0830369673913225', '0.3434592967896681', '0.2675216296877956', '0.2117578022529641', '0.7850698127541171']",,,,,,,,,,,False,0.0,0.0,,,0.0,0.0,,,134133.0,0.0146,0.9627,0.9481,0.5021,0.506,0.2111,0.4203,0.334,0.6751,0.341,-0.0688,-0.9652,0.0,0.0,0.334,0.6751,0.341,-0.1776,1.1866,0.0,0.0,0.5638,0.5021,0.506,0.2111,0.0146,0.334,0.6751,0.9627,0.341,-0.0688,-0.9652,0.0,0.0,approximately_symmetric,variable,0.0,non_normal,173378.0,0.33,0.68,0.34,-0.18,1.19,0.0,0.0,0.0,0.0,0.0,0.0,-0.13,1.14,0.0,0.0,0.0,0.0,0.17,0.0,0.0,0.08,0.89,2684.0,2.0,-0.97,approximately_normal,False,False,False,False,none,none_needed,-0.18,1.19,approximately_normal,none_or_standard_scaler,False,False,False,True,False,False,False,False,0.2,keep_continuous,no_strong_signal,0.0
231,EXT_SOURCE_2,float64,306851,119831,39.05,187020,60.95,False,0.23,False,0.2858978721410488,721,"[(np.float64(0.2858978721410488), 721), (np.float64(0.2622583692422573), 417), (np.float64(0.2652563401861944), 343)]",306851,0.2858978721410488,0.23,0.2622583692422573,0.14,"[('0.2858978721410488', 0.23), ('0.2622583692422573', 0.14), ('0.2652563401861944', 0.11)]",False,Most frequent dominates with 0.23%,306851,660,0.21,119831,very_high_cardinality,True,True,False,False,"target_encoding, hash_encoding, or embedding_layer","['0.2629485927471776', '0.3503576730780357', '0.3810117710759585', '0.7848345149129441', '0.1417418829157293']",,,,,,,,,,,False,0.0,0.0,,,0.0,0.0,,,306851.0,0.0,0.855,0.855,0.5144,0.566,0.1911,0.3714,0.3925,0.6636,0.2712,-0.7936,-0.2691,0.0,0.0,0.3925,0.6636,0.2712,-0.0143,1.0704,0.0,0.0,0.0021,0.5144,0.566,0.1911,0.0,0.3925,0.6636,0.855,0.2712,-0.7936,-0.2691,0.0,0.0,moderately_skewed,variable,0.0,non_normal,660.0,0.39,0.66,0.27,-0.01,1.07,0.0,0.0,0.0,0.0,0.0,0.0,-0.06,1.09,0.0,0.0,0.0,0.0,0.12,0.0,0.0,0.03,0.78,6137.0,2.0,-0.27,moderate_deviation,False,True,False,False,none,none_needed,-0.01,1.07,approximately_normal,none_or_standard_scaler,False,False,False,True,False,False,False,False,0.5,keep_continuous,no_strong_signal,0.0
232,EXT_SOURCE_3,float64,246546,814,0.33,245732,99.67,False,0.59,False,0.746300213050371,1460,"[(np.float64(0.746300213050371), 1460), (np.float64(0.7136313997323308), 1315), (np.float64(0.6940926425266661), 1276)]",246546,0.746300213050371,0.59,0.7136313997323308,0.53,"[('0.746300213050371', 0.59), ('0.7136313997323308', 0.53), ('0.6940926425266661', 0.52)]",False,Most frequent dominates with 0.59%,246546,60965,19.83,814,very_high_cardinality,True,True,False,False,"target_encoding, hash_encoding, or embedding_layer","['0.1393757800997895', '0.4632753280912678', '0.6041125998015721', '0.158554899794863', '0.0353564629252589']",,,,,,,,,,,False,0.0,0.0,,,0.0,0.0,,,246546.0,0.0005,0.896,0.8955,0.5109,0.5353,0.1948,0.3814,0.3706,0.6691,0.2984,-0.4094,-0.6635,0.0,0.0,0.3706,0.6691,0.2984,-0.077,1.1167,0.0,0.0,0.1983,0.5109,0.5353,0.1948,0.0005,0.3706,0.6691,0.896,0.2984,-0.4094,-0.6635,0.0,0.0,approximately_symmetric,variable,0.0,non_normal,60965.0,0.37,0.67,0.3,-0.08,1.12,0.0,0.0,0.0,0.0,0.0,0.0,-0.07,1.1,0.0,0.0,0.0,0.0,0.15,0.0,0.0,0.06,0.83,4904.0,1.99,-0.66,approximately_normal,False,False,False,False,none,none_needed,-0.08,1.12,approximately_normal,none_or_standard_scaler,False,False,False,True,True,True,False,True,0.2,drop_or_encode,near_constant,0.0
233,FLAG_CONT_MOBILE,int64,307511,2,0.0,307509,100.0,False,99.81,True,1,306937,"[(np.int64(1), 306937), (np.int64(0), 574)]",307511,1,99.81,0,0.19,"[('1', 99.81), ('0', 0.19)]",True,Appears uniformly dominated,307511,0,0.0,2,binary,False,False,False,False,binary_encoding or label_encoding,"['1', '0']",,,,,,,,,,,False,0.0,0.0,,,0.0,0.0,,,307511.0,0.0,1.0,1.0,0.9981,1.0,0.0432,0.0432,1.0,1.0,0.0,-23.0811,530.7353,574.0,0.0,1.0,1.0,0.0,1.0,1.0,574.0,0.1867,0.0,0.9981,1.0,0.0432,0.0,1.0,1.0,1.0,0.0,-23.0812,530.744,0.0,0.0,highly_skewed,variable,0.0,non_normal,0.0,1.0,1.0,0.0,1.0,1.0,574.0,0.0,574.0,0.19,574.0,0.19,0.87,1.13,574.0,0.0,574.0,0.19,0.03,574.0,0.19,1.0,1.0,574.0,0.19,530.74,left_skewed,True,True,True,True,low,investigate_individually,1.0,1.0,heavy_tailed,quantile_transform_or_robust_scaler,True,False,False,True,True,True,False,False,0.3,drop_or_encode,near_constant,0.0019
234,FLAG_DOCUMENT_10,int64,307511,2,0.0,307509,100.0,False,100.0,True,0,307504,"[(np.int64(0), 307504), (np.int64(1), 7)]",307511,0,100.0,1,0.0,"[('0', 100.0), ('1', 0.0)]",True,Appears uniformly dominated,307511,0,0.0,2,binary,False,False,False,False,binary_encoding or label_encoding,"['0', '1']",,,,,,,,,,,False,0.0,0.0,,,0.0,0.0,,,307511.0,0.0,1.0,1.0,0.0,0.0,0.0048,209.5931,0.0,0.0,0.0,209.588,43925.1429,307504.0,0.0,0.0,0.0,0.0,0.0,0.0,7.0,0.0023,0.0,0.0,0.0,0.0048,0.0,0.0,0.0,1.0,0.0,209.5891,43925.8571,0.0,0.0,highly_skewed,variable,0.0,non_normal,0.0,0.0,0.0,0.0,0.0,0.0,0.0,7.0,7.0,0.0,7.0,0.0,-0.01,0.01,0.0,7.0,7.0,0.0,0.0,7.0,0.0,0.0,0.0,7.0,0.0,43925.14,right_skewed,True,True,True,True,low,investigate_individually,0.0,0.0,zero_inflated,log1p_or_tweedie,True,False,False,True,True,True,True,False,0.5,drop_or_encode,near_constant,1.0
235,FLAG_DOCUMENT_11,int64,307511,2,0.0,307509,100.0,False,99.61,True,0,306308,"[(np.int64(0), 306308), (np.int64(1), 1203)]",307511,0,99.61,1,0.39,"[('0', 99.61), ('1', 0.39)]",True,Appears uniformly dominated,307511,0,0.0,2,binary,False,False,False,False,binary_encoding or label_encoding,"['0', '1']",,,,,,,,,,,False,0.0,0.0,,,0.0,0.0,,,307511.0,0.0,1.0,1.0,0.0039,0.0,0.0624,15.9568,0.0,0.0,0.0,15.8942,250.624,306308.0,0.0,0.0,0.0,0.0,0.0,0.0,1203.0,0.3912,0.0,0.0039,0.0,0.0624,0.0,0.0,0.0,1.0,0.0,15.8942,250.6281,0.0,0.0,highly_skewed,variable,0.0,non_normal,0.0,0.0,0.0,0.0,0.0,0.0,0.0,1203.0,1203.0,0.39,1203.0,0.39,-0.18,0.19,0.0,1203.0,1203.0,0.39,0.04,1203.0,0.39,0.0,0.0,1203.0,0.39,250.62,right_skewed,True,True,True,True,low,investigate_individually,0.0,0.0,zero_inflated,log1p_or_tweedie,True,False,False,True,True,True,True,False,0.5,drop_or_encode,near_constant,0.9961
236,FLAG_DOCUMENT_12,int64,307511,2,0.0,307509,100.0,False,100.0,True,0,307509,"[(np.int64(0), 307509), (np.int64(1), 2)]",307511,0,100.0,1,0.0,"[('0', 100.0), ('1', 0.0)]",True,Appears uniformly dominated,307511,0,0.0,2,binary,False,False,False,False,binary_encoding or label_encoding,"['0', '1']",,,,,,,,,,,False,0.0,0.0,,,0.0,0.0,,,307511.0,0.0,1.0,1.0,0.0,0.0,0.0026,392.1161,0.0,0.0,0.0,392.1129,153750.5,307509.0,0.0,0.0,0.0,0.0,0.0,0.0,2.0,0.0007,0.0,0.0,0.0,0.0026,0.0,0.0,0.0,1.0,0.0,392.1148,153753.0,0.0,0.0,highly_skewed,variable,0.0,non_normal,0.0,0.0,0.0,0.0,0.0,0.0,0.0,2.0,2.0,0.0,2.0,0.0,-0.01,0.01,0.0,2.0,2.0,0.0,0.0,2.0,0.0,0.0,0.0,2.0,0.0,153750.5,right_skewed,True,True,True,True,low,investigate_individually,0.0,0.0,zero_inflated,log1p_or_tweedie,True,False,False,True,True,True,True,False,0.5,drop_or_encode,near_constant,1.0
237,FLAG_DOCUMENT_13,int64,307511,2,0.0,307509,100.0,False,99.65,True,0,306427,"[(np.int64(0), 306427), (np.int64(1), 1084)]",307511,0,99.65,1,0.35,"[('0', 99.65), ('1', 0.35)]",True,Appears uniformly dominated,307511,0,0.0,2,binary,False,False,False,False,binary_encoding or label_encoding,"['0', '1']",,,,,,,,,,,False,0.0,0.0,,,0.0,0.0,,,307511.0,0.0,1.0,1.0,0.0035,0.0,0.0593,16.8132,0.0,0.0,0.0,16.7537,278.6853,306427.0,0.0,0.0,0.0,0.0,0.0,0.0,1084.0,0.3525,0.0,0.0035,0.0,0.0593,0.0,0.0,0.0,1.0,0.0,16.7537,278.6898,0.0,0.0,highly_skewed,variable,0.0,non_normal,0.0,0.0,0.0,0.0,0.0,0.0,0.0,1084.0,1084.0,0.35,1084.0,0.35,-0.17,0.18,0.0,1084.0,1084.0,0.35,0.04,1084.0,0.35,0.0,0.0,1084.0,0.35,278.69,right_skewed,True,True,True,True,low,investigate_individually,0.0,0.0,zero_inflated,log1p_or_tweedie,True,False,False,True,True,True,True,False,0.5,drop_or_encode,near_constant,0.9965
238,FLAG_DOCUMENT_14,int64,307511,2,0.0,307509,100.0,False,99.71,True,0,306608,"[(np.int64(0), 306608), (np.int64(1), 903)]",307511,0,99.71,1,0.29,"[('0', 99.71), ('1', 0.29)]",True,Appears uniformly dominated,307511,0,0.0,2,binary,False,False,False,False,binary_encoding or label_encoding,"['0', '1']",,,,,,,,,,,False,0.0,0.0,,,0.0,0.0,,,307511.0,0.0,1.0,1.0,0.0029,0.0,0.0541,18.4267,0.0,0.0,0.0,18.3724,335.5467,306608.0,0.0,0.0,0.0,0.0,0.0,0.0,903.0,0.2936,0.0,0.0029,0.0,0.0541,0.0,0.0,0.0,1.0,0.0,18.3725,335.5522,0.0,0.0,highly_skewed,variable,0.0,non_normal,0.0,0.0,0.0,0.0,0.0,0.0,0.0,903.0,903.0,0.29,903.0,0.29,-0.16,0.17,0.0,903.0,903.0,0.29,0.04,903.0,0.29,0.0,0.0,903.0,0.29,335.55,right_skewed,True,True,True,True,low,investigate_individually,0.0,0.0,zero_inflated,log1p_or_tweedie,True,False,False,True,True,True,True,False,0.5,drop_or_encode,near_constant,0.9971
239,FLAG_DOCUMENT_15,int64,307511,2,0.0,307509,100.0,False,99.88,True,0,307139,"[(np.int64(0), 307139), (np.int64(1), 372)]",307511,0,99.88,1,0.12,"[('0', 99.88), ('1', 0.12)]",True,Appears uniformly dominated,307511,0,0.0,2,binary,False,False,False,False,binary_encoding or label_encoding,"['0', '1']",,,,,,,,,,,False,0.0,0.0,,,0.0,0.0,,,307511.0,0.0,1.0,1.0,0.0012,0.0,0.0348,28.734,0.0,0.0,0.0,28.6992,821.6437,307139.0,0.0,0.0,0.0,0.0,0.0,0.0,372.0,0.121,0.0,0.0012,0.0,0.0348,0.0,0.0,0.0,1.0,0.0,28.6993,821.6571,0.0,0.0,highly_skewed,variable,0.0,non_normal,0.0,0.0,0.0,0.0,0.0,0.0,0.0,372.0,372.0,0.12,372.0,0.12,-0.1,0.11,0.0,372.0,372.0,0.12,0.02,372.0,0.12,0.0,0.0,372.0,0.12,821.64,right_skewed,True,True,True,True,low,investigate_individually,0.0,0.0,zero_inflated,log1p_or_tweedie,True,False,False,True,True,True,True,False,0.5,drop_or_encode,near_constant,0.9988
240,FLAG_DOCUMENT_16,int64,307511,2,0.0,307509,100.0,False,99.01,True,0,304458,"[(np.int64(0), 304458), (np.int64(1), 3053)]",307511,0,99.01,1,0.99,"[('0', 99.01), ('1', 0.99)]",True,Appears uniformly dominated,307511,0,0.0,2,binary,False,False,False,False,binary_encoding or label_encoding,"['0', '1']",,,,,,,,,,,False,0.0,0.0,,,0.0,0.0,,,307511.0,0.0,1.0,1.0,0.0099,0.0,0.0991,9.9862,0.0,0.0,0.0,9.8861,95.7342,304458.0,0.0,0.0,0.0,0.0,0.0,0.0,3053.0,0.9928,0.0,0.0099,0.0,0.0991,0.0,0.0,0.0,1.0,0.0,9.8861,95.7358,0.0,0.0,highly_skewed,variable,0.0,non_normal,0.0,0.0,0.0,0.0,0.0,0.0,0.0,3053.0,3053.0,0.99,3053.0,0.99,-0.29,0.31,0.0,3053.0,3053.0,0.99,0.07,3053.0,0.99,0.0,0.0,3053.0,0.99,95.73,right_skewed,True,True,True,True,low,investigate_individually,0.0,0.0,zero_inflated,log1p_or_tweedie,True,False,False,True,True,True,True,False,0.5,drop_or_encode,near_constant,0.9901
241,FLAG_DOCUMENT_17,int64,307511,2,0.0,307509,100.0,False,99.97,True,0,307429,"[(np.int64(0), 307429), (np.int64(1), 82)]",307511,0,99.97,1,0.03,"[('0', 99.97), ('1', 0.03)]",True,Appears uniformly dominated,307511,0,0.0,2,binary,False,False,False,False,binary_encoding or label_encoding,"['0', '1']",,,,,,,,,,,False,0.0,0.0,,,0.0,0.0,,,307511.0,0.0,1.0,1.0,0.0003,0.0,0.0163,61.2303,0.0,0.0,0.0,61.2138,3745.1344,307429.0,0.0,0.0,0.0,0.0,0.0,0.0,82.0,0.0267,0.0,0.0003,0.0,0.0163,0.0,0.0,0.0,1.0,0.0,61.2141,3745.1953,0.0,0.0,highly_skewed,variable,0.0,non_normal,0.0,0.0,0.0,0.0,0.0,0.0,0.0,82.0,82.0,0.03,82.0,0.03,-0.05,0.05,0.0,82.0,82.0,0.03,0.01,82.0,0.03,0.0,0.0,82.0,0.03,3745.13,right_skewed,True,True,True,True,low,investigate_individually,0.0,0.0,zero_inflated,log1p_or_tweedie,True,False,False,True,True,True,True,False,0.5,drop_or_encode,near_constant,0.9997
242,FLAG_DOCUMENT_18,int64,307511,2,0.0,307509,100.0,False,99.19,True,0,305011,"[(np.int64(0), 305011), (np.int64(1), 2500)]",307511,0,99.19,1,0.81,"[('0', 99.19), ('1', 0.81)]",True,Appears uniformly dominated,307511,0,0.0,2,binary,False,False,False,False,binary_encoding or label_encoding,"['0', '1']",,,,,,,,,,,False,0.0,0.0,,,0.0,0.0,,,307511.0,0.0,1.0,1.0,0.0081,0.0,0.0898,11.0456,0.0,0.0,0.0,10.955,118.0126,305011.0,0.0,0.0,0.0,0.0,0.0,0.0,2500.0,0.813,0.0,0.0081,0.0,0.0898,0.0,0.0,0.0,1.0,0.0,10.9551,118.0145,0.0,0.0,highly_skewed,variable,0.0,non_normal,0.0,0.0,0.0,0.0,0.0,0.0,0.0,2500.0,2500.0,0.81,2500.0,0.81,-0.26,0.28,0.0,2500.0,2500.0,0.81,0.06,2500.0,0.81,0.0,0.0,2500.0,0.81,118.01,right_skewed,True,True,True,True,low,investigate_individually,0.0,0.0,zero_inflated,log1p_or_tweedie,True,False,False,True,True,True,True,False,0.5,drop_or_encode,near_constant,0.9919
243,FLAG_DOCUMENT_19,int64,307511,2,0.0,307509,100.0,False,99.94,True,0,307328,"[(np.int64(0), 307328), (np.int64(1), 183)]",307511,0,99.94,1,0.06,"[('0', 99.94), ('1', 0.06)]",True,Appears uniformly dominated,307511,0,0.0,2,binary,False,False,False,False,binary_encoding or label_encoding,"['0', '1']",,,,,,,,,,,False,0.0,0.0,,,0.0,0.0,,,307511.0,0.0,1.0,1.0,0.0006,0.0,0.0244,40.9804,0.0,0.0,0.0,40.9559,1675.3886,307328.0,0.0,0.0,0.0,0.0,0.0,0.0,183.0,0.0595,0.0,0.0006,0.0,0.0244,0.0,0.0,0.0,1.0,0.0,40.9561,1675.4158,0.0,0.0,highly_skewed,variable,0.0,non_normal,0.0,0.0,0.0,0.0,0.0,0.0,0.0,183.0,183.0,0.06,183.0,0.06,-0.07,0.07,0.0,183.0,183.0,0.06,0.02,183.0,0.06,0.0,0.0,183.0,0.06,1675.39,right_skewed,True,True,True,True,low,investigate_individually,0.0,0.0,zero_inflated,log1p_or_tweedie,True,False,False,True,True,True,True,False,0.5,drop_or_encode,near_constant,0.9994
244,FLAG_DOCUMENT_2,int64,307511,2,0.0,307509,100.0,False,100.0,True,0,307498,"[(np.int64(0), 307498), (np.int64(1), 13)]",307511,0,100.0,1,0.0,"[('0', 100.0), ('1', 0.0)]",True,Appears uniformly dominated,307511,0,0.0,2,binary,False,False,False,False,binary_encoding or label_encoding,"['0', '1']",,,,,,,,,,,False,0.0,0.0,,,0.0,0.0,,,307511.0,0.0,1.0,1.0,0.0,0.0,0.0065,153.7978,0.0,0.0,0.0,153.7911,23649.6923,307498.0,0.0,0.0,0.0,0.0,0.0,0.0,13.0,0.0042,0.0,0.0,0.0,0.0065,0.0,0.0,0.0,1.0,0.0,153.7918,23650.0769,0.0,0.0,highly_skewed,variable,0.0,non_normal,0.0,0.0,0.0,0.0,0.0,0.0,0.0,13.0,13.0,0.0,13.0,0.0,-0.02,0.02,0.0,13.0,13.0,0.0,0.0,13.0,0.0,0.0,0.0,13.0,0.0,23649.69,right_skewed,True,True,True,True,low,investigate_individually,0.0,0.0,zero_inflated,log1p_or_tweedie,True,False,False,True,True,True,True,False,0.5,drop_or_encode,near_constant,1.0
245,FLAG_DOCUMENT_20,int64,307511,2,0.0,307509,100.0,False,99.95,True,0,307355,"[(np.int64(0), 307355), (np.int64(1), 156)]",307511,0,99.95,1,0.05,"[('0', 99.95), ('1', 0.05)]",True,Appears uniformly dominated,307511,0,0.0,2,binary,False,False,False,False,binary_encoding or label_encoding,"['0', '1']",,,,,,,,,,,False,0.0,0.0,,,0.0,0.0,,,307511.0,0.0,1.0,1.0,0.0005,0.0,0.0225,44.3873,0.0,0.0,0.0,44.3647,1966.2249,307355.0,0.0,0.0,0.0,0.0,0.0,0.0,156.0,0.0507,0.0,0.0005,0.0,0.0225,0.0,0.0,0.0,1.0,0.0,44.3649,1966.2569,0.0,0.0,highly_skewed,variable,0.0,non_normal,0.0,0.0,0.0,0.0,0.0,0.0,0.0,156.0,156.0,0.05,156.0,0.05,-0.07,0.07,0.0,156.0,156.0,0.05,0.02,156.0,0.05,0.0,0.0,156.0,0.05,1966.22,right_skewed,True,True,True,True,low,investigate_individually,0.0,0.0,zero_inflated,log1p_or_tweedie,True,False,False,True,True,True,True,False,0.5,drop_or_encode,near_constant,0.9995
246,FLAG_DOCUMENT_21,int64,307511,2,0.0,307509,100.0,False,99.97,True,0,307408,"[(np.int64(0), 307408), (np.int64(1), 103)]",307511,0,99.97,1,0.03,"[('0', 99.97), ('1', 0.03)]",True,Appears uniformly dominated,307511,0,0.0,2,binary,False,False,False,False,binary_encoding or label_encoding,"['0', '1']",,,,,,,,,,,False,0.0,0.0,,,0.0,0.0,,,307511.0,0.0,1.0,1.0,0.0003,0.0,0.0183,54.6311,0.0,0.0,0.0,54.6127,2980.544,307408.0,0.0,0.0,0.0,0.0,0.0,0.0,103.0,0.0335,0.0,0.0003,0.0,0.0183,0.0,0.0,0.0,1.0,0.0,54.6129,2980.5925,0.0,0.0,highly_skewed,variable,0.0,non_normal,0.0,0.0,0.0,0.0,0.0,0.0,0.0,103.0,103.0,0.03,103.0,0.03,-0.05,0.06,0.0,103.0,103.0,0.03,0.01,103.0,0.03,0.0,0.0,103.0,0.03,2980.54,right_skewed,True,True,True,True,low,investigate_individually,0.0,0.0,zero_inflated,log1p_or_tweedie,True,False,False,True,True,True,True,False,0.5,drop_or_encode,near_constant,0.9997
247,FLAG_DOCUMENT_3,int64,307511,2,0.0,307509,100.0,False,71.0,False,1,218340,"[(np.int64(1), 218340), (np.int64(0), 89171)]",307511,1,71.0,0,29.0,"[('1', 71.0), ('0', 29.0)]",False,Most frequent dominates with 71.0%,307511,0,0.0,2,binary,False,False,False,False,binary_encoding or label_encoding,"['1', '0']",,,,,,,,,,,False,0.0,0.0,,,0.0,0.0,,,307511.0,0.0,1.0,1.0,0.71,1.0,0.4538,0.6391,0.0,1.0,1.0,-0.9257,-1.143,89171.0,0.0,0.0,1.0,1.0,-1.5,2.5,0.0,0.0,0.0,0.71,1.0,0.4538,0.0,0.0,1.0,1.0,1.0,-0.9257,-1.143,0.0,0.0,moderately_skewed,variable,0.0,non_normal,0.0,0.0,1.0,1.0,-1.5,2.5,0.0,0.0,0.0,0.0,0.0,0.0,-0.65,2.07,0.0,0.0,0.0,0.0,0.31,0.0,0.0,0.0,1.0,0.0,0.0,-1.14,light_tailed,False,True,False,False,none,none_needed,-1.5,2.5,approximately_normal,none_or_standard_scaler,False,False,False,True,True,True,False,False,0.3,drop_or_encode,near_constant,0.29
248,FLAG_DOCUMENT_4,int64,307511,2,0.0,307509,100.0,False,99.99,True,0,307486,"[(np.int64(0), 307486), (np.int64(1), 25)]",307511,0,99.99,1,0.01,"[('0', 99.99), ('1', 0.01)]",True,Appears uniformly dominated,307511,0,0.0,2,binary,False,False,False,False,binary_encoding or label_encoding,"['0', '1']",,,,,,,,,,,False,0.0,0.0,,,0.0,0.0,,,307511.0,0.0,1.0,1.0,0.0001,0.0,0.009,110.903,0.0,0.0,0.0,110.8938,12295.4401,307486.0,0.0,0.0,0.0,0.0,0.0,0.0,25.0,0.0081,0.0,0.0001,0.0,0.009,0.0,0.0,0.0,1.0,0.0,110.8944,12295.64,0.0,0.0,highly_skewed,variable,0.0,non_normal,0.0,0.0,0.0,0.0,0.0,0.0,0.0,25.0,25.0,0.01,25.0,0.01,-0.03,0.03,0.0,25.0,25.0,0.01,0.01,25.0,0.01,0.0,0.0,25.0,0.01,12295.44,right_skewed,True,True,True,True,low,investigate_individually,0.0,0.0,zero_inflated,log1p_or_tweedie,True,False,False,True,True,True,True,False,0.5,drop_or_encode,near_constant,0.9999
249,FLAG_DOCUMENT_5,int64,307511,2,0.0,307509,100.0,False,98.49,True,0,302863,"[(np.int64(0), 302863), (np.int64(1), 4648)]",307511,0,98.49,1,1.51,"[('0', 98.49), ('1', 1.51)]",True,Appears uniformly dominated,307511,0,0.0,2,binary,False,False,False,False,binary_encoding or label_encoding,"['0', '1']",,,,,,,,,,,False,0.0,0.0,,,0.0,0.0,,,307511.0,0.0,1.0,1.0,0.0151,0.0,0.122,8.0722,0.0,0.0,0.0,7.9483,61.1752,302863.0,0.0,0.0,0.0,0.0,0.0,0.0,4648.0,1.5115,0.0,0.0151,0.0,0.122,0.0,0.0,0.0,1.0,0.0,7.9483,61.1762,0.0,0.0,highly_skewed,variable,0.0,non_normal,0.0,0.0,0.0,0.0,0.0,0.0,0.0,4648.0,4648.0,1.51,4648.0,1.51,-0.35,0.38,0.0,4648.0,4648.0,1.51,0.08,4648.0,1.51,0.0,1.0,0.0,0.0,61.18,right_skewed,True,True,True,True,moderate,log_transform_or_winsorize,0.0,0.0,zero_inflated,log1p_or_tweedie,True,False,False,True,True,True,True,False,0.5,drop_or_encode,near_constant,0.9849
250,FLAG_DOCUMENT_6,int64,307511,2,0.0,307509,100.0,False,91.19,False,0,280433,"[(np.int64(0), 280433), (np.int64(1), 27078)]",307511,0,91.19,1,8.81,"[('0', 91.19), ('1', 8.81)]",False,Most frequent dominates with 91.19%,307511,0,0.0,2,binary,False,False,False,False,binary_encoding or label_encoding,"['0', '1']",,,,,,,,,,,False,0.0,0.0,,,0.0,0.0,,,307511.0,0.0,1.0,1.0,0.0881,0.0,0.2834,3.2182,0.0,0.0,0.0,2.9074,6.453,280433.0,0.0,0.0,0.0,0.0,0.0,0.0,27078.0,8.8055,0.0,0.0881,0.0,0.2834,0.0,0.0,0.0,1.0,0.0,2.9074,6.4532,0.0,0.0,highly_skewed,variable,0.0,non_normal,0.0,0.0,0.0,0.0,0.0,0.0,0.0,27078.0,27078.0,8.81,27078.0,8.81,-0.76,0.94,0.0,27078.0,27078.0,8.81,0.19,27078.0,8.81,0.0,1.0,0.0,0.0,6.45,right_skewed,True,True,True,True,high,robust_scaling_or_transform,0.0,0.0,zero_inflated,log1p_or_tweedie,True,True,False,True,True,True,True,False,0.5,drop_or_encode,near_constant,0.9119
251,FLAG_DOCUMENT_7,int64,307511,2,0.0,307509,100.0,False,99.98,True,0,307452,"[(np.int64(0), 307452), (np.int64(1), 59)]",307511,0,99.98,1,0.02,"[('0', 99.98), ('1', 0.02)]",True,Appears uniformly dominated,307511,0,0.0,2,binary,False,False,False,False,binary_encoding or label_encoding,"['0', '1']",,,,,,,,,,,False,0.0,0.0,,,0.0,0.0,,,307511.0,0.0,1.0,1.0,0.0002,0.0,0.0139,72.1877,0.0,0.0,0.0,72.1738,5207.051,307452.0,0.0,0.0,0.0,0.0,0.0,0.0,59.0,0.0192,0.0,0.0002,0.0,0.0139,0.0,0.0,0.0,1.0,0.0,72.1741,5207.1357,0.0,0.0,highly_skewed,variable,0.0,non_normal,0.0,0.0,0.0,0.0,0.0,0.0,0.0,59.0,59.0,0.02,59.0,0.02,-0.04,0.04,0.0,59.0,59.0,0.02,0.01,59.0,0.02,0.0,0.0,59.0,0.02,5207.05,right_skewed,True,True,True,True,low,investigate_individually,0.0,0.0,zero_inflated,log1p_or_tweedie,True,False,False,True,True,True,True,False,0.5,drop_or_encode,near_constant,0.9998
252,FLAG_DOCUMENT_8,int64,307511,2,0.0,307509,100.0,False,91.86,False,0,282487,"[(np.int64(0), 282487), (np.int64(1), 25024)]",307511,0,91.86,1,8.14,"[('0', 91.86), ('1', 8.14)]",False,Most frequent dominates with 91.86%,307511,0,0.0,2,binary,False,False,False,False,binary_encoding or label_encoding,"['0', '1']",,,,,,,,,,,False,0.0,0.0,,,0.0,0.0,,,307511.0,0.0,1.0,1.0,0.0814,0.0,0.2734,3.3599,0.0,0.0,0.0,3.0622,7.3772,282487.0,0.0,0.0,0.0,0.0,0.0,0.0,25024.0,8.1376,0.0,0.0814,0.0,0.2734,0.0,0.0,0.0,1.0,0.0,3.0622,7.3774,0.0,0.0,highly_skewed,variable,0.0,non_normal,0.0,0.0,0.0,0.0,0.0,0.0,0.0,25024.0,25024.0,8.14,25024.0,8.14,-0.74,0.9,0.0,25024.0,25024.0,8.14,0.18,25024.0,8.14,0.0,1.0,0.0,0.0,7.38,right_skewed,True,True,True,True,high,robust_scaling_or_transform,0.0,0.0,zero_inflated,log1p_or_tweedie,True,True,False,True,True,True,True,False,0.5,drop_or_encode,near_constant,0.9186
253,FLAG_DOCUMENT_9,int64,307511,2,0.0,307509,100.0,False,99.61,True,0,306313,"[(np.int64(0), 306313), (np.int64(1), 1198)]",307511,0,99.61,1,0.39,"[('0', 99.61), ('1', 0.39)]",True,Appears uniformly dominated,307511,0,0.0,2,binary,False,False,False,False,binary_encoding or label_encoding,"['0', '1']",,,,,,,,,,,False,0.0,0.0,,,0.0,0.0,,,307511.0,0.0,1.0,1.0,0.0039,0.0,0.0623,15.9902,0.0,0.0,0.0,15.9277,251.6909,306313.0,0.0,0.0,0.0,0.0,0.0,0.0,1198.0,0.3896,0.0,0.0039,0.0,0.0623,0.0,0.0,0.0,1.0,0.0,15.9278,251.695,0.0,0.0,highly_skewed,variable,0.0,non_normal,0.0,0.0,0.0,0.0,0.0,0.0,0.0,1198.0,1198.0,0.39,1198.0,0.39,-0.18,0.19,0.0,1198.0,1198.0,0.39,0.04,1198.0,0.39,0.0,0.0,1198.0,0.39,251.69,right_skewed,True,True,True,True,low,investigate_individually,0.0,0.0,zero_inflated,log1p_or_tweedie,True,False,False,True,True,True,True,False,0.5,drop_or_encode,near_constant,0.9961
254,FLAG_EMAIL,int64,307511,2,0.0,307509,100.0,False,94.33,False,0,290069,"[(np.int64(0), 290069), (np.int64(1), 17442)]",307511,0,94.33,1,5.67,"[('0', 94.33), ('1', 5.67)]",False,Most frequent dominates with 94.33%,307511,0,0.0,2,binary,False,False,False,False,binary_encoding or label_encoding,"['0', '1']",,,,,,,,,,,False,0.0,0.0,,,0.0,0.0,,,307511.0,0.0,1.0,1.0,0.0567,0.0,0.2313,4.0781,0.0,0.0,0.0,3.8328,12.6906,290069.0,0.0,0.0,0.0,0.0,0.0,0.0,17442.0,5.672,0.0,0.0567,0.0,0.2313,0.0,0.0,0.0,1.0,0.0,3.8329,12.6908,0.0,0.0,highly_skewed,variable,0.0,non_normal,0.0,0.0,0.0,0.0,0.0,0.0,0.0,17442.0,17442.0,5.67,17442.0,5.67,-0.64,0.75,0.0,17442.0,17442.0,5.67,0.16,17442.0,5.67,0.0,1.0,0.0,0.0,12.69,right_skewed,True,True,True,True,high,robust_scaling_or_transform,0.0,0.0,zero_inflated,log1p_or_tweedie,True,True,False,True,True,True,True,False,0.5,drop_or_encode,near_constant,0.9433
255,FLAG_EMP_PHONE,int64,307511,2,0.0,307509,100.0,False,81.99,False,1,252125,"[(np.int64(1), 252125), (np.int64(0), 55386)]",307511,1,81.99,0,18.01,"[('1', 81.99), ('0', 18.01)]",False,Most frequent dominates with 81.99%,307511,0,0.0,2,binary,False,False,False,False,binary_encoding or label_encoding,"['1', '0']",,,,,,,,,,,False,0.0,0.0,,,0.0,0.0,,,307511.0,0.0,1.0,1.0,0.8199,1.0,0.3843,0.4687,1.0,1.0,0.0,-1.6649,0.7718,55386.0,0.0,1.0,1.0,0.0,1.0,1.0,55386.0,18.0111,0.0,0.8199,1.0,0.3843,0.0,1.0,1.0,1.0,0.0,-1.6649,0.7719,0.0,0.0,highly_skewed,variable,0.0,non_normal,0.0,1.0,1.0,0.0,1.0,1.0,55386.0,0.0,55386.0,18.01,55386.0,18.01,-0.33,1.97,0.0,0.0,0.0,0.0,0.26,0.0,0.0,0.0,1.0,0.0,0.0,0.77,left_skewed,False,True,True,True,severe,review_data_source,1.0,1.0,left_skewed,yeo_johnson_or_square_transform,True,True,False,True,True,True,False,False,0.3,drop_or_encode,near_constant,0.1801
256,FLAG_MOBIL,int64,307511,2,0.0,307509,100.0,False,100.0,True,1,307510,"[(np.int64(1), 307510), (np.int64(0), 1)]",307511,1,100.0,0,0.0,"[('1', 100.0), ('0', 0.0)]",True,Appears uniformly dominated,307511,0,0.0,2,binary,False,False,False,False,binary_encoding or label_encoding,"['1', '0']",,,,,,,,,,,False,0.0,0.0,,,0.0,0.0,,,307511.0,0.0,1.0,1.0,1.0,1.0,0.0018,0.0018,1.0,1.0,0.0,-554.534,307506.0,1.0,0.0,1.0,1.0,0.0,1.0,1.0,1.0,0.0003,0.0,1.0,1.0,0.0018,0.0,1.0,1.0,1.0,0.0,-554.5367,307511.0,0.0,0.0,highly_skewed,variable,0.0,non_normal,0.0,1.0,1.0,0.0,1.0,1.0,1.0,0.0,1.0,0.0,1.0,0.0,0.99,1.01,1.0,0.0,1.0,0.0,0.0,1.0,0.0,1.0,1.0,1.0,0.0,307506.0,left_skewed,True,True,True,True,low,investigate_individually,1.0,1.0,heavy_tailed,quantile_transform_or_robust_scaler,True,False,False,True,True,True,False,False,0.3,drop_or_encode,near_constant,0.0
257,FLAG_OWN_CAR,object,307511,2,0.0,307509,100.0,False,65.99,False,N,202924,"[('N', 202924), ('Y', 104587)]",307511,N,65.99,Y,34.01,"[('N', 65.99), ('Y', 34.01)]",False,Most frequent dominates with 65.99%,307511,0,0.0,2,binary,False,False,False,False,binary_encoding or label_encoding,"['N', 'Y']",0.0,0.0,N,65.99,0.0,0.0,False,moderately_skewed,0.9249,False,False,0.0,0.0,,,2.0,2.0,"n(202924), y(104587)","n(32311), y(16433)",,,,,,,,,,,,,,,,,,,,,,,,,,,,,,,,,,,,,,,,,,,,,,,,,,,,,,,,,,,,,,,,,,,,,,,,,,,,,,,,,,,,,,,,
258,FLAG_OWN_REALTY,object,307511,2,0.0,307509,100.0,False,69.37,False,Y,213312,"[('Y', 213312), ('N', 94199)]",307511,Y,69.37,N,30.63,"[('Y', 69.37), ('N', 30.63)]",False,Most frequent dominates with 69.37%,307511,0,0.0,2,binary,False,False,False,False,binary_encoding or label_encoding,"['Y', 'N']",0.0,0.0,Y,69.37,0.0,0.0,False,moderately_skewed,0.8889,False,False,0.0,0.0,,,2.0,2.0,"y(213312), n(94199)","y(33658), n(15086)",,,,,,,,,,,,,,,,,,,,,,,,,,,,,,,,,,,,,,,,,,,,,,,,,,,,,,,,,,,,,,,,,,,,,,,,,,,,,,,,,,,,,,,,
259,FLAG_PHONE,int64,307511,2,0.0,307509,100.0,False,71.89,False,0,221080,"[(np.int64(0), 221080), (np.int64(1), 86431)]",307511,0,71.89,1,28.11,"[('0', 71.89), ('1', 28.11)]",False,Most frequent dominates with 71.89%,307511,0,0.0,2,binary,False,False,False,False,binary_encoding or label_encoding,"['1', '0']",,,,,,,,,,,False,0.0,0.0,,,0.0,0.0,,,307511.0,0.0,1.0,1.0,0.2811,0.0,0.4495,1.5993,0.0,1.0,1.0,0.9741,-1.0512,221080.0,0.0,0.0,1.0,1.0,-1.5,2.5,0.0,0.0,0.0,0.2811,0.0,0.4495,0.0,0.0,1.0,1.0,1.0,0.9741,-1.0512,0.0,0.0,moderately_skewed,variable,0.0,non_normal,0.0,0.0,1.0,1.0,-1.5,2.5,0.0,0.0,0.0,0.0,0.0,0.0,-1.07,1.63,0.0,0.0,0.0,0.0,0.3,0.0,0.0,0.0,1.0,0.0,0.0,-1.05,light_tailed,False,True,False,False,none,none_needed,-1.5,2.5,zero_inflated,log1p_or_tweedie,True,False,False,True,True,True,True,False,0.5,drop_or_encode,near_constant,0.7189
260,FLAG_WORK_PHONE,int64,307511,2,0.0,307509,100.0,False,80.06,False,0,246203,"[(np.int64(0), 246203), (np.int64(1), 61308)]",307511,0,80.06,1,19.94,"[('0', 80.06), ('1', 19.94)]",False,Most frequent dominates with 80.06%,307511,0,0.0,2,binary,False,False,False,False,binary_encoding or label_encoding,"['0', '1']",,,,,,,,,,,False,0.0,0.0,,,0.0,0.0,,,307511.0,0.0,1.0,1.0,0.1994,0.0,0.3995,2.004,0.0,0.0,0.0,1.5049,0.2649,246203.0,0.0,0.0,0.0,0.0,0.0,0.0,61308.0,19.9368,0.0,0.1994,0.0,0.3995,0.0,0.0,0.0,1.0,0.0,1.5049,0.2649,0.0,0.0,highly_skewed,variable,0.0,non_normal,0.0,0.0,0.0,0.0,0.0,0.0,0.0,61308.0,61308.0,19.94,61308.0,19.94,-1.0,1.4,0.0,0.0,0.0,0.0,0.27,0.0,0.0,0.0,1.0,0.0,0.0,0.26,right_skewed,False,True,True,True,severe,review_data_source,0.0,0.0,zero_inflated,log1p_or_tweedie,True,True,False,True,True,True,True,False,0.5,drop_or_encode,near_constant,0.8006
261,FLOORSMAX_AVG,float64,154491,403,0.26,154088,99.74,False,40.05,False,0.1667,61875,"[(np.float64(0.1667), 61875), (np.float64(0.3333), 31909), (np.float64(0.0417), 14600)]",154491,0.1667,40.05,0.3333,20.65,"[('0.1667', 40.05), ('0.3333', 20.65), ('0.0417', 9.45)]",False,Most frequent dominates with 40.05%,154491,153020,49.76,403,very_high_cardinality,True,True,False,False,"target_encoding, hash_encoding, or embedding_layer","['0.0833', '0.1388', '0.1525', '0.28', '0.3175']",,,,,,,,,,,False,0.0,0.0,,,0.0,0.0,,,154491.0,0.0,1.0,1.0,0.2263,0.1667,0.1446,0.6392,0.1667,0.3333,0.1666,1.2264,2.4324,2938.0,0.0,0.1667,0.3333,0.1666,-0.0832,0.5832,5215.0,3.3756,0.4976,0.2263,0.1667,0.1446,0.0,0.1667,0.3333,1.0,0.1666,1.2265,2.4325,5215.0,0.0338,highly_skewed,variable,0.0,non_normal,153020.0,0.17,0.33,0.17,-0.08,0.58,0.0,5215.0,5215.0,3.38,557.0,0.36,-0.21,0.66,0.0,2611.0,2611.0,1.69,0.08,4764.0,3.08,0.0,0.67,1112.0,0.72,2.43,right_skewed,True,True,True,True,moderate,log_transform_or_winsorize,-0.08,0.58,right_skewed,log1p,True,False,True,True,True,True,False,True,0.8,drop_or_encode,near_constant,0.019
262,FLOORSMAX_MEDI,float64,154491,49,0.03,154442,99.97,False,41.17,False,0.1667,63607,"[(np.float64(0.1667), 63607), (np.float64(0.3333), 33279), (np.float64(0.0417), 14832)]",154491,0.1667,41.17,0.3333,21.54,"[('0.1667', 41.17), ('0.3333', 21.54), ('0.0417', 9.6)]",False,Most frequent dominates with 41.17%,154491,153020,49.76,49,medium_cardinality,False,False,False,True,"target_encoding, leave_as_integer, or one_hot_if_dense","['0.0833', '0.2083', '0.4792', '0.875', '0.75']",,,,,,,,,,,False,0.0,0.0,,,0.0,0.0,,,154491.0,0.0,1.0,1.0,0.2259,0.1667,0.1451,0.6422,0.1667,0.3333,0.1666,1.2402,2.4684,2995.0,0.0,0.1667,0.3333,0.1666,-0.0832,0.5832,5360.0,3.4695,0.4976,0.2259,0.1667,0.1451,0.0,0.1667,0.3333,1.0,0.1666,1.2402,2.4686,5360.0,0.0347,highly_skewed,variable,0.0,non_normal,153020.0,0.17,0.33,0.17,-0.08,0.58,0.0,5360.0,5360.0,3.47,574.0,0.37,-0.21,0.66,0.0,2734.0,2734.0,1.77,0.08,4921.0,3.19,0.0,0.67,1059.0,0.69,2.47,right_skewed,True,True,True,True,moderate,log_transform_or_winsorize,-0.08,0.58,right_skewed,log1p,True,False,True,True,True,True,False,True,0.8,drop_or_encode,near_constant,0.0194
263,FLOORSMAX_MODE,float64,154491,25,0.02,154466,99.98,False,42.43,False,0.1667,65550,"[(np.float64(0.1667), 65550), (np.float64(0.3333), 34373), (np.float64(0.0417), 15616)]",154491,0.1667,42.43,0.3333,22.25,"[('0.1667', 42.43), ('0.3333', 22.25), ('0.0417', 10.11)]",False,Most frequent dominates with 42.43%,154491,153020,49.76,25,medium_cardinality,False,False,False,True,"target_encoding, leave_as_integer, or one_hot_if_dense","['0.0833', '0.375', '0.125', '0.9583', '0.7083']",,,,,,,,,,,False,0.0,0.0,,,0.0,0.0,,,154491.0,0.0,1.0,1.0,0.2223,0.1667,0.1437,0.6464,0.1667,0.3333,0.1666,1.2443,2.5356,3415.0,0.0,0.1667,0.3333,0.1666,-0.0832,0.5832,5104.0,3.3038,0.4976,0.2223,0.1667,0.1437,0.0,0.1667,0.3333,1.0,0.1666,1.2443,2.5357,5104.0,0.033,highly_skewed,variable,0.0,non_normal,153020.0,0.17,0.33,0.17,-0.08,0.58,0.0,5104.0,5104.0,3.3,547.0,0.35,-0.21,0.65,0.0,2638.0,2638.0,1.71,0.08,4713.0,3.05,0.0,0.67,928.0,0.6,2.54,right_skewed,True,True,True,True,moderate,log_transform_or_winsorize,-0.08,0.58,right_skewed,log1p,True,False,True,True,True,True,False,True,0.8,drop_or_encode,near_constant,0.0221
264,FLOORSMIN_AVG,float64,98869,305,0.31,98564,99.69,False,33.25,False,0.2083,32875,"[(np.float64(0.2083), 32875), (np.float64(0.375), 17845), (np.float64(0.0417), 17776)]",98869,0.2083,33.25,0.375,18.05,"[('0.2083', 33.25), ('0.375', 18.05), ('0.0417', 17.98)]",False,Most frequent dominates with 33.25%,98869,208642,67.85,305,very_high_cardinality,True,True,False,False,"target_encoding, hash_encoding, or embedding_layer","['0.125', '0.3417', '0.6725', '0.6833', '0.3175']",,,,,,,,,,,False,0.0,0.0,,,0.0,0.0,,,98869.0,0.0,1.0,1.0,0.2319,0.2083,0.1614,0.6959,0.0833,0.375,0.2917,0.9542,1.3381,2320.0,0.0,0.0833,0.375,0.2917,-0.3542,0.8126,343.0,0.3469,0.6785,0.2319,0.2083,0.1614,0.0,0.0833,0.375,1.0,0.2917,0.9542,1.3383,343.0,0.0035,moderately_skewed,variable,0.0,non_normal,208642.0,0.08,0.38,0.29,-0.35,0.81,0.0,343.0,343.0,0.35,0.0,0.0,-0.25,0.72,0.0,591.0,591.0,0.6,0.15,0.0,0.0,0.0,0.71,591.0,0.6,1.34,moderate_deviation,True,True,True,True,low,investigate_individually,-0.35,0.81,approximately_normal,none_or_standard_scaler,False,False,False,True,True,True,False,True,0.5,drop_or_encode,near_constant,0.0235
265,FLOORSMIN_MEDI,float64,98869,47,0.05,98822,99.95,False,34.12,False,0.2083,33737,"[(np.float64(0.2083), 33737), (np.float64(0.375), 18538), (np.float64(0.0417), 18090)]",98869,0.2083,34.12,0.375,18.75,"[('0.2083', 34.12), ('0.375', 18.75), ('0.0417', 18.3)]",False,Most frequent dominates with 34.12%,98869,208642,67.85,47,medium_cardinality,False,False,False,True,"target_encoding, leave_as_integer, or one_hot_if_dense","['0.125', '0.5', '0.5833', '0.6458', '0.75']",,,,,,,,,,,False,0.0,0.0,,,0.0,0.0,,,98869.0,0.0,1.0,1.0,0.2316,0.2083,0.1619,0.6991,0.0833,0.375,0.2917,0.9602,1.3464,2351.0,0.0,0.0833,0.375,0.2917,-0.3542,0.8126,344.0,0.3479,0.6785,0.2316,0.2083,0.1619,0.0,0.0833,0.375,1.0,0.2917,0.9602,1.3466,344.0,0.0035,moderately_skewed,variable,0.0,non_normal,208642.0,0.08,0.38,0.29,-0.35,0.81,0.0,344.0,344.0,0.35,0.0,0.0,-0.25,0.72,0.0,553.0,553.0,0.56,0.17,0.0,0.0,0.0,0.71,553.0,0.56,1.35,moderate_deviation,True,True,True,True,low,investigate_individually,-0.35,0.81,approximately_normal,none_or_standard_scaler,False,False,False,True,True,True,False,True,0.5,drop_or_encode,near_constant,0.0238
266,FLOORSMIN_MODE,float64,98869,25,0.03,98844,99.97,False,34.8,False,0.2083,34403,"[(np.float64(0.2083), 34403), (np.float64(0.375), 19042), (np.float64(0.0417), 18917)]",98869,0.2083,34.8,0.375,19.26,"[('0.2083', 34.8), ('0.375', 19.26), ('0.0417', 19.13)]",False,Most frequent dominates with 34.8%,98869,208642,67.85,25,medium_cardinality,False,False,False,True,"target_encoding, leave_as_integer, or one_hot_if_dense","['0.125', '0.2083', '0.625', '0.5833', '0.75']",,,,,,,,,,,False,0.0,0.0,,,0.0,0.0,,,98869.0,0.0,1.0,1.0,0.2281,0.2083,0.1612,0.7067,0.0833,0.375,0.2917,0.9638,1.3536,2517.0,0.0,0.0833,0.375,0.2917,-0.3542,0.8126,320.0,0.3237,0.6785,0.2281,0.2083,0.1612,0.0,0.0833,0.375,1.0,0.2917,0.9638,1.3537,320.0,0.0032,moderately_skewed,variable,0.0,non_normal,208642.0,0.08,0.38,0.29,-0.35,0.81,0.0,320.0,320.0,0.32,0.0,0.0,-0.26,0.71,0.0,480.0,480.0,0.49,0.17,0.0,0.0,0.0,0.71,480.0,0.49,1.35,moderate_deviation,True,True,True,True,low,investigate_individually,-0.35,0.81,approximately_normal,none_or_standard_scaler,False,False,False,True,True,True,False,True,0.5,drop_or_encode,near_constant,0.0255
267,FONDKAPREMONT_MODE,object,97216,4,0.0,97212,100.0,False,75.94,False,reg oper account,73830,"[('reg oper account', 73830), ('reg oper spec account', 12080), ('not specified', 5687)]",97216,reg oper account,75.94,reg oper spec account,12.43,"[('reg oper account', 75.94), ('reg oper spec account', 12.43), ('not specified', 5.85)]",False,Most frequent dominates with 75.94%,97216,210295,68.39,4,low_cardinality,False,False,False,False,one_hot_encoding or label_encoding,"['reg oper account', 'org spec account', 'reg oper spec account', 'not specified']",210295.0,68.39,reg oper account,75.94,0.0,0.0,False,moderately_skewed,0.5763,False,False,0.0,0.0,,,4.0,4.0,"reg oper account(73830), reg oper spec account(12080), not specified(5687)","reg oper account(12124), reg oper spec account(1990), org spec account(920)",,,,,,,,,,,,,,,,,,,,,,,,,,,,,,,,,,,,,,,,,,,,,,,,,,,,,,,,,,,,,,,,,,,,,,,,,,,,,,,,,,,,,,,,
268,HOUR_APPR_PROCESS_START,int64,307511,24,0.01,307487,99.99,False,12.27,False,10,37722,"[(np.int64(10), 37722), (np.int64(11), 37229), (np.int64(12), 34233)]",307511,10,12.27,11,12.11,"[('10', 12.27), ('11', 12.11), ('12', 11.13)]",False,Most frequent dominates with 12.27%,307511,0,0.0,24,medium_cardinality,False,False,False,True,"target_encoding, leave_as_integer, or one_hot_if_dense","['10', '16', '7', '19', '4']",,,,,,,,,,,False,0.0,0.0,,,0.0,0.0,,,307511.0,0.0,23.0,23.0,12.0634,12.0,3.2658,0.2707,10.0,14.0,4.0,-0.028,-0.1942,40.0,0.0,10.0,14.0,4.0,4.0,20.0,2257.0,0.734,0.0,12.0634,12.0,3.2658,0.0,10.0,14.0,23.0,4.0,-0.028,-0.1942,2257.0,0.0073,approximately_symmetric,variable,0.0,non_normal,0.0,10.0,14.0,4.0,4.0,20.0,1661.0,596.0,2257.0,0.73,0.0,0.0,2.27,21.86,431.0,191.0,622.0,0.2,2.0,167.0,0.05,4.0,19.0,3453.0,1.12,-0.19,approximately_normal,False,False,False,True,low,investigate_individually,4.0,20.0,approximately_normal,none_or_standard_scaler,False,False,False,True,True,True,False,True,0.2,drop_or_encode,near_constant,0.0001
269,HOUSETYPE_MODE,object,153214,3,0.0,153211,100.0,False,98.23,True,block of flats,150503,"[('block of flats', 150503), ('specific housing', 1499), ('terraced house', 1212)]",153214,block of flats,98.23,specific housing,0.98,"[('block of flats', 98.23), ('specific housing', 0.98), ('terraced house', 0.79)]",True,Appears uniformly dominated,153214,154297,50.18,3,low_cardinality,False,False,False,False,one_hot_encoding or label_encoding,"['block of flats', 'terraced house', 'specific housing']",154297.0,50.18,block of flats,98.23,2.0,66.67,True,highly_dominant,0.092,False,False,0.0,0.0,,,3.0,3.0,"block of flats(150503), specific housing(1499), terraced house(1212)","block of flats(24659), specific housing(262), terraced house(204)",,,,,,,,,,,,,,,,,,,,,,,,,,,,,,,,,,,,,,,,,,,,,,,,,,,,,,,,,,,,,,,,,,,,,,,,,,,,,,,,,,,,,,,,
270,INS_AMT_INSTALMENT_MAX,float64,291643,236626,81.14,55017,18.86,False,0.15,False,45000.0,451,"[(np.float64(45000.0), 451), (np.float64(90000.0), 328), (np.float64(22500.0), 295)]",291643,45000.0,0.15,90000.0,0.11,"[('45000.0', 0.15), ('90000.0', 0.11), ('22500.0', 0.1)]",False,Most frequent dominates with 0.15%,291643,15868,5.16,236626,very_high_cardinality,True,True,False,False,"target_encoding, hash_encoding, or embedding_layer","['53093.745', '24065.775', '25923.42', '1254571.38', '5590.98']",,,,,,,,,,,False,0.0,0.0,,,0.0,0.0,,,291643.0,0.0,3771487.845,3771487.845,136338.7914,35341.92,245477.4919,1.8005,14012.4825,130235.0175,116222.535,3.3346,14.5619,3.0,0.0,14012.4825,130235.0175,116222.535,-160321.32,304568.82,39076.0,13.3986,0.0516,136338.7914,35341.92,245477.4919,0.0,14012.4825,130235.0175,3771487.845,116222.535,3.3346,14.5621,39076.0,0.134,highly_skewed,variable,0.0,non_normal,15868.0,14012.48,130235.02,116222.53,-160321.32,304568.82,0.0,39076.0,39076.0,13.4,23767.0,8.15,-600093.68,872771.27,0.0,8034.0,8034.0,2.75,26653.95,60228.0,20.65,3225.58,1184490.8,5834.0,2.0,14.56,right_skewed,True,True,True,True,severe,consider_log_transform,-160321.32,304568.82,heavy_tailed,log1p_or_quantile_transform,True,True,False,True,False,False,False,True,0.8,bin,"high_skew, high_outliers",0.0
271,INS_AMT_INSTALMENT_MEAN,float64,291643,288020,98.76,3623,1.24,False,0.01,False,12074.31,18,"[(np.float64(12074.31), 18), (np.float64(17077.965), 17), (np.float64(9425.835), 16)]",291643,12074.31,0.01,17077.965,0.01,"[('12074.31', 0.01), ('17077.965', 0.01), ('9425.835', 0.01)]",False,Most frequent dominates with 0.01%,291643,15868,5.16,288020,very_high_cardinality,True,True,False,False,"target_encoding, hash_encoding, or embedding_layer","['11559.24710526316', '10210.03415492958', '10638.466363636364', '5664.7125', '7536.962213114754']",,,,,,,,,,,False,0.0,0.0,,,0.0,0.0,,,291643.0,0.0,2504589.66,2504589.66,18392.6115,12572.652,23337.9723,1.2689,7799.5133,21376.1359,13576.6226,18.6379,1117.0895,3.0,0.0,7799.5133,21376.1359,13576.6226,-12565.4206,41741.0698,22250.0,7.6292,0.0516,18392.6115,12572.652,23337.9723,0.0,7799.5133,21376.1359,2504589.66,13576.6226,18.638,1117.1087,22250.0,0.0763,highly_skewed,variable,0.0,non_normal,15868.0,7799.51,21376.14,13576.62,-12565.42,41741.07,0.0,22250.0,22250.0,7.63,8934.0,3.06,-51621.31,88406.53,0.0,3627.0,3627.0,1.24,5810.98,21181.0,7.26,2426.05,95971.22,5834.0,2.0,1117.09,right_skewed,True,True,True,True,high,robust_scaling_or_transform,-12565.42,41741.07,heavy_tailed,log1p_or_quantile_transform,True,True,False,True,False,False,False,True,0.8,bin,"high_skew, high_outliers",0.0
272,INS_AMT_INSTALMENT_SUM,float64,291643,287801,98.68,3842,1.32,False,0.01,False,204935.58,17,"[(np.float64(204935.58), 17), (np.float64(56555.01), 16), (np.float64(127421.28), 12)]",291643,204935.58,0.01,56555.01,0.01,"[('204935.58', 0.01), ('56555.01', 0.01), ('127421.28', 0.0)]",False,Most frequent dominates with 0.01%,291643,15868,5.16,287801,very_high_cardinality,True,True,False,False,"target_encoding, hash_encoding, or embedding_layer","['219625.695', '200023.38', '151784.505', '24103.08', '4662625.95']",,,,,,,,,,,False,0.0,0.0,,,0.0,0.0,,,291643.0,0.0,23274726.93,23274726.93,672415.8603,328372.155,880091.0769,1.3088,134672.76,843257.0025,708584.2425,2.8096,12.64,3.0,0.0,134672.76,843257.0025,708584.2425,-928203.6038,1906133.3662,25351.0,8.6925,0.0516,672415.8603,328372.155,880091.0769,0.0,134672.76,843257.0025,23274726.93,708584.2425,2.8096,12.6403,25351.0,0.0869,highly_skewed,variable,0.0,non_normal,15868.0,134672.76,843257.0,708584.24,-928203.6,1906133.37,0.0,25351.0,25351.0,8.69,9360.0,3.21,-1967857.37,3312689.09,0.0,6680.0,6680.0,2.29,240411.82,34793.0,11.93,22030.81,4165655.36,5834.0,2.0,12.64,right_skewed,True,True,True,True,high,robust_scaling_or_transform,-928203.6,1906133.37,heavy_tailed,log1p_or_quantile_transform,True,True,False,True,False,False,False,True,0.8,bin,"high_skew, high_outliers",0.0
273,INS_AMT_PAYMENT_MAX,float64,291635,229572,78.72,62063,21.28,False,0.3,False,45000.0,884,"[(np.float64(45000.0), 884), (np.float64(225000.0), 725), (np.float64(90000.0), 658)]",291635,45000.0,0.3,225000.0,0.25,"[('45000.0', 0.3), ('225000.0', 0.25), ('90000.0', 0.23)]",False,Most frequent dominates with 0.3%,291635,15876,5.16,229572,very_high_cardinality,True,True,False,False,"target_encoding, hash_encoding, or embedding_layer","['53093.745', '301069.71', '160191.27', '24744.06', '6808.32']",,,,,,,,,,,False,0.0,0.0,,,0.0,0.0,,,291635.0,0.225,3771487.845,3771487.62,138179.176,36000.0,247788.0456,1.7932,14097.1725,132987.5325,118890.36,3.3028,14.2279,0.0,0.0,14097.1725,132987.5325,118890.36,-164238.3675,311323.0725,38985.0,13.3677,0.0516,138179.176,36000.0,247788.0456,0.225,14097.1725,132987.5325,3771487.845,118890.36,3.3028,14.2282,38985.0,0.1337,highly_skewed,variable,0.0,non_normal,15876.0,14097.17,132987.53,118890.36,-164238.37,311323.07,0.0,38985.0,38985.0,13.37,23535.0,8.07,-605184.96,881543.31,0.0,8282.0,8282.0,2.84,27276.93,60149.0,20.62,3224.87,1190779.36,5834.0,2.0,14.23,right_skewed,True,True,True,True,severe,consider_log_transform,-164238.37,311323.07,heavy_tailed,log1p_or_quantile_transform,True,True,False,True,False,False,False,True,0.8,bin,"high_skew, high_outliers",0.0
274,INS_AMT_PAYMENT_MEAN,float64,291635,288396,98.89,3239,1.11,False,0.01,False,17077.965,17,"[(np.float64(17077.965), 17), (np.float64(9425.835), 16), (np.float64(17001.0), 14)]",291635,17077.965,0.01,9425.835,0.01,"[('17077.965', 0.01), ('9425.835', 0.01), ('17001.0', 0.0)]",False,Most frequent dominates with 0.01%,291635,15876,5.16,288396,very_high_cardinality,True,True,False,False,"target_encoding, hash_encoding, or embedding_layer","['11559.24710526316', '38248.4594117647', '7334.955', '9765.287068965516', '8824.185000000001']",,,,,,,,,,,False,0.0,0.0,,,0.0,0.0,,,291635.0,0.189,2504589.66,2504589.471,18754.3102,12225.7558,25105.3561,1.3386,7478.3702,21352.8647,13874.4945,16.0984,850.0533,0.0,0.0,7478.3702,21352.8647,13874.4945,-13333.3715,42164.6063,24082.0,8.2576,0.0516,18754.3102,12225.7558,25105.3561,0.189,7478.3702,21352.8647,2504589.66,13874.4945,16.0985,850.0679,24082.0,0.0826,highly_skewed,variable,0.0,non_normal,15876.0,7478.37,21352.86,13874.49,-13333.37,42164.61,0.0,24082.0,24082.0,8.26,10508.0,3.6,-56561.76,94070.38,0.0,4040.0,4040.0,1.39,5822.93,23787.0,8.16,2258.78,106922.85,5834.0,2.0,850.05,right_skewed,True,True,True,True,high,robust_scaling_or_transform,-13333.37,42164.61,heavy_tailed,log1p_or_quantile_transform,True,True,False,True,False,False,False,True,0.8,bin,"high_skew, high_outliers",0.0
275,INS_AMT_PAYMENT_MIN,float64,291635,134230,46.03,157405,53.97,False,0.9,False,67.5,2615,"[(np.float64(67.5), 2615), (np.float64(0.045), 1060), (np.float64(0.0), 955)]",291635,67.5,0.9,0.045,0.36,"[('67.5', 0.9), ('0.045', 0.36), ('0.0', 0.33)]",False,Most frequent dominates with 0.9%,291635,15876,5.16,134230,very_high_cardinality,True,True,False,False,"target_encoding, hash_encoding, or embedding_layer","['9251.775', '5880.87', '11636.82', '4461.03', '1804.95']",,,,,,,,,,,False,0.0,0.0,,,0.0,0.0,,,291635.0,0.0,2504589.66,2504589.66,5198.1333,2314.8,14424.5178,2.7749,40.995,7105.7475,7064.7525,59.7937,7117.0957,955.0,0.0,40.995,7105.7475,7064.7525,-10556.1337,17702.8762,15683.0,5.3776,0.0516,5198.1333,2314.8,14424.5178,0.0,40.995,7105.7475,2504589.66,7064.7525,59.794,7117.2178,15683.0,0.0538,highly_skewed,variable,0.0,non_normal,15876.0,40.99,7105.75,7064.75,-10556.13,17702.88,0.0,15683.0,15683.0,5.38,5433.0,1.86,-38075.42,48471.69,0.0,1482.0,1482.0,0.51,2309.67,24359.0,8.35,0.14,37339.15,5727.0,1.96,7117.1,right_skewed,True,True,True,True,high,robust_scaling_or_transform,-10556.13,17702.88,heavy_tailed,log1p_or_quantile_transform,True,True,False,True,False,False,False,True,0.8,bin,"high_skew, high_outliers",0.0033
276,INS_AMT_PAYMENT_SUM,float64,291643,287364,98.53,4279,1.47,False,0.01,False,204935.58,26,"[(np.float64(204935.58), 26), (np.float64(56555.01), 24), (np.float64(127421.28), 17)]",291643,204935.58,0.01,56555.01,0.01,"[('204935.58', 0.01), ('56555.01', 0.01), ('127421.28', 0.01)]",False,Most frequent dominates with 0.01%,291643,15868,5.16,287364,very_high_cardinality,True,True,False,False,"target_encoding, hash_encoding, or embedding_layer","['219625.695', '803241.9450000001', '76613.76', '72924.615', '57095.01']",,,,,,,,,,,False,0.0,0.0,,,0.0,0.0,,,291643.0,0.0,25537053.78,25537053.78,678585.3635,318619.485,916168.0696,1.3501,130826.9925,833093.9325,702266.94,2.9215,13.8151,8.0,0.0,130826.9925,833093.9325,702266.94,-922573.4175,1886494.3425,26982.0,9.2517,0.0516,678585.3635,318619.485,916168.0696,0.0,130826.9925,833093.9325,25537053.78,702266.94,2.9215,13.8153,26982.0,0.0925,highly_skewed,variable,0.0,non_normal,15868.0,130826.99,833093.93,702266.94,-922573.42,1886494.34,0.0,26982.0,26982.0,9.25,10593.0,3.63,-2069918.85,3427089.57,0.0,6780.0,6780.0,2.32,234072.63,36838.0,12.63,21409.9,4347412.58,5834.0,2.0,13.82,right_skewed,True,True,True,True,high,robust_scaling_or_transform,-922573.42,1886494.34,heavy_tailed,log1p_or_quantile_transform,True,True,False,True,False,False,False,True,0.8,bin,"high_skew, high_outliers",0.0
277,INS_DAYS_ENTRY_PAYMENT_MAX,float64,291635,2937,1.01,288698,98.99,False,1.72,False,-31.0,5008,"[(np.float64(-31.0), 5008), (np.float64(-30.0), 4978), (np.float64(-28.0), 4945)]",291635,-31.0,1.72,-30.0,1.71,"[('-31.0', 1.72), ('-30.0', 1.71), ('-28.0', 1.7)]",False,Most frequent dominates with 1.72%,291635,15876,5.16,2937,very_high_cardinality,True,True,False,False,"target_encoding, hash_encoding, or embedding_layer","['-49.0', '-2092.0', '-374.0', '-1174.0', '-2327.0']",,,,,,,,,,,False,0.0,0.0,,,0.0,0.0,,,291635.0,-3071.0,-1.0,3070.0,-327.7846,-66.0,536.8682,1.6379,-384.0,-26.0,358.0,-2.4372,5.8152,0.0,291635.0,-384.0,-26.0,358.0,-921.0,511.0,31308.0,10.7353,0.0516,-327.7846,-66.0,536.8682,-3071.0,-384.0,-26.0,-1.0,358.0,-2.4372,5.8153,31308.0,0.1074,highly_skewed,variable,0.0,non_normal,15876.0,-384.0,-26.0,358.0,-921.0,511.0,31308.0,0.0,31308.0,10.74,18383.0,6.3,-1938.39,1282.82,9769.0,0.0,9769.0,3.35,56.0,77340.0,26.52,-2455.66,-4.0,5104.0,1.75,5.82,left_skewed,True,True,True,True,severe,consider_log_transform,-921.0,511.0,heavy_tailed,quantile_transform_or_robust_scaler,True,True,False,True,True,False,False,True,0.8,treat_as_categorical,"high_skew, high_outliers, discrete",0.0
278,INS_DAYS_ENTRY_PAYMENT_MEAN,float64,291635,212229,72.77,79406,27.23,False,0.01,False,-143.0,33,"[(np.float64(-143.0), 33), (np.float64(-124.0), 32), (np.float64(-201.0), 31)]",291635,-143.0,0.01,-124.0,0.01,"[('-143.0', 0.01), ('-124.0', 0.01), ('-201.0', 0.01)]",False,Most frequent dominates with 0.01%,291635,15876,5.16,212229,very_high_cardinality,True,True,False,False,"target_encoding, hash_encoding, or embedding_layer","['-315.42105263157896', '-296.86046511627904', '-454.78', '-940.896551724138', '-1894.217391304348']",,,,,,,,,,,False,0.0,0.0,,,0.0,0.0,,,291635.0,-3071.0,-3.0,3068.0,-920.9612,-807.5818,597.0247,0.6483,-1311.8422,-431.61,880.2322,-0.7894,0.1074,0.0,291635.0,-1311.8422,-431.61,880.2322,-2632.1905,888.7384,2488.0,0.8531,0.0516,-920.9612,-807.5818,597.0247,-3071.0,-1311.8422,-431.61,-3.0,880.2322,-0.7895,0.1074,2488.0,0.0085,moderately_skewed,variable,0.0,non_normal,15876.0,-1311.84,-431.61,880.23,-2632.19,888.74,2488.0,0.0,2488.0,0.85,0.0,0.0,-2712.04,870.11,1788.0,0.0,1788.0,0.61,424.5,1.0,0.0,-2592.5,-99.15,5832.0,2.0,0.11,moderate_deviation,False,True,False,True,low,investigate_individually,-2632.19,888.74,approximately_normal,none_or_standard_scaler,True,False,False,True,False,False,False,False,0.5,keep_continuous,no_strong_signal,0.0
279,INS_DAYS_ENTRY_PAYMENT_MIN,float64,291635,3035,1.04,288600,98.96,False,0.32,False,-2919.0,942,"[(np.float64(-2919.0), 942), (np.float64(-2918.0), 884), (np.float64(-2920.0), 871)]",291635,-2919.0,0.32,-2918.0,0.3,"[('-2919.0', 0.32), ('-2918.0', 0.3), ('-2920.0', 0.3)]",False,Most frequent dominates with 0.32%,291635,15876,5.16,3035,very_high_cardinality,True,True,False,False,"target_encoding, hash_encoding, or embedding_layer","['-587.0', '-783.0', '-329.0', '-2152.0', '-2860.0']",,,,,,,,,,,False,0.0,0.0,,,0.0,0.0,,,291635.0,-4921.0,-3.0,4918.0,-1596.9549,-1553.0,912.2607,0.5713,-2483.0,-727.0,1756.0,-0.0354,-1.439,0.0,291635.0,-2483.0,-727.0,1756.0,-5117.0,1907.0,0.0,0.0,0.0516,-1596.9549,-1553.0,912.2607,-4921.0,-2483.0,-727.0,-3.0,1756.0,-0.0354,-1.439,0.0,0.0,approximately_symmetric,variable,0.0,non_normal,15876.0,-2483.0,-727.0,1756.0,-5117.0,1907.0,0.0,0.0,0.0,0.0,0.0,0.0,-4333.74,1139.83,1.0,0.0,1.0,0.0,874.0,0.0,0.0,-2936.0,-162.0,5685.0,1.95,-1.44,light_tailed,False,False,False,False,none,none_needed,-5117.0,1907.0,approximately_normal,none_or_standard_scaler,True,False,False,True,True,False,False,True,0.2,treat_as_categorical,discrete,0.0
280,INS_DAYS_INSTALMENT_MAX,float64,291643,2918,1.0,288725,99.0,False,1.64,False,-7.0,4786,"[(np.float64(-7.0), 4786), (np.float64(-21.0), 4747), (np.float64(-14.0), 4732)]",291643,-7.0,1.64,-21.0,1.63,"[('-7.0', 1.64), ('-21.0', 1.63), ('-14.0', 1.62)]",False,Most frequent dominates with 1.64%,291643,15868,5.16,2918,very_high_cardinality,True,True,False,False,"target_encoding, hash_encoding, or embedding_layer","['-25.0', '-1323.0', '-1261.0', '-2066.0', '-2512.0']",,,,,,,,,,,False,0.0,0.0,,,0.0,0.0,,,291643.0,-2922.0,-1.0,2921.0,-319.6352,-49.0,539.6509,1.6883,-373.0,-18.0,355.0,-2.441,5.8032,0.0,291643.0,-373.0,-18.0,355.0,-905.5,514.5,31681.0,10.8629,0.0516,-319.6352,-49.0,539.6509,-2922.0,-373.0,-18.0,-1.0,355.0,-2.441,5.8034,31681.0,0.1086,highly_skewed,variable,0.0,non_normal,15868.0,-373.0,-18.0,355.0,-905.5,514.5,31681.0,0.0,31681.0,10.86,18856.0,6.47,-1938.59,1299.32,9818.0,0.0,9818.0,3.37,43.0,90199.0,30.93,-2451.0,-3.0,3458.0,1.19,5.8,left_skewed,True,True,True,True,severe,consider_log_transform,-905.5,514.5,heavy_tailed,quantile_transform_or_robust_scaler,True,True,False,True,True,False,False,True,0.8,treat_as_categorical,"high_skew, high_outliers, discrete",0.0
281,INS_DAYS_INSTALMENT_MEAN,float64,291643,183580,62.95,108063,37.05,False,0.06,False,-144.0,170,"[(np.float64(-144.0), 170), (np.float64(-164.0), 163), (np.float64(-148.0), 158)]",291643,-144.0,0.06,-164.0,0.06,"[('-144.0', 0.06), ('-164.0', 0.06), ('-148.0', 0.05)]",False,Most frequent dominates with 0.06%,291643,15868,5.16,183580,very_high_cardinality,True,True,False,False,"target_encoding, hash_encoding, or embedding_layer","['-295.0', '-380.1515151515151', '-268.42105263157896', '-1279.857142857143', '-764.8085106382979']",,,,,,,,,,,False,0.0,0.0,,,0.0,0.0,,,291643.0,-2922.0,-3.0,2919.0,-909.6623,-795.9535,598.4617,0.6579,-1301.9598,-419.0,882.9598,-0.7899,0.1103,0.0,291643.0,-1301.9598,-419.0,882.9598,-2626.3995,905.4397,2515.0,0.8624,0.0516,-909.6623,-795.9535,598.4617,-2922.0,-1301.9598,-419.0,-3.0,882.9598,-0.7899,0.1103,2515.0,0.0086,moderately_skewed,variable,0.0,non_normal,15868.0,-1301.96,-419.0,882.96,-2626.4,905.44,2515.0,0.0,2515.0,0.86,0.0,0.0,-2705.05,885.72,1846.0,0.0,1846.0,0.63,425.69,0.0,0.0,-2588.0,-86.0,5772.0,1.98,0.11,moderate_deviation,False,True,False,True,low,investigate_individually,-2626.4,905.44,approximately_normal,none_or_standard_scaler,True,False,False,True,False,False,False,False,0.5,keep_continuous,no_strong_signal,0.0
282,INS_DAYS_INSTALMENT_MIN,float64,291643,2920,1.0,288723,99.0,False,0.39,False,-2919.0,1133,"[(np.float64(-2919.0), 1133), (np.float64(-2921.0), 1124), (np.float64(-2920.0), 1117)]",291643,-2919.0,0.39,-2921.0,0.39,"[('-2919.0', 0.39), ('-2921.0', 0.39), ('-2920.0', 0.38)]",False,Most frequent dominates with 0.39%,291643,15868,5.16,2920,very_high_cardinality,True,True,False,False,"target_encoding, hash_encoding, or embedding_layer","['-565.0', '-776.0', '-2046.0', '-2843.0', '-916.0']",,,,,,,,,,,False,0.0,0.0,,,0.0,0.0,,,291643.0,-2922.0,-3.0,2919.0,-1584.9491,-1539.0,913.708,0.5765,-2471.0,-713.0,1758.0,-0.0378,-1.4386,0.0,291643.0,-2471.0,-713.0,1758.0,-5108.0,1924.0,0.0,0.0,0.0516,-1584.9491,-1539.0,913.708,-2922.0,-2471.0,-713.0,-3.0,1758.0,-0.0378,-1.4386,0.0,0.0,approximately_symmetric,variable,0.0,non_normal,15868.0,-2471.0,-713.0,1758.0,-5108.0,1924.0,0.0,0.0,0.0,0.0,0.0,0.0,-4326.07,1156.17,0.0,0.0,0.0,0.0,875.0,0.0,0.0,-2920.0,-149.0,5086.0,1.74,-1.44,light_tailed,False,False,False,False,none,none_needed,-5108.0,1924.0,approximately_normal,none_or_standard_scaler,True,False,False,True,True,False,False,True,0.2,treat_as_categorical,discrete,0.0
283,INS_DBD_MAX,float64,291635,422,0.14,291213,99.86,False,7.55,False,30.0,22006,"[(np.float64(30.0), 22006), (np.float64(31.0), 10532), (np.float64(29.0), 10457)]",291635,30.0,7.55,31.0,3.61,"[('30.0', 7.55), ('31.0', 3.61), ('29.0', 3.59)]",False,Most frequent dominates with 7.55%,291635,15876,5.16,422,very_high_cardinality,True,True,False,False,"target_encoding, hash_encoding, or embedding_layer","['31.0', '122.0', '242.0', '193.0', '492.0']",,,,,,,,,,,False,0.0,0.0,,,0.0,0.0,,,291635.0,0.0,3189.0,3189.0,37.8504,31.0,28.9675,0.7653,23.0,43.0,20.0,10.3241,634.9148,802.0,0.0,23.0,43.0,20.0,-7.0,73.0,21729.0,7.4508,0.0516,37.8504,31.0,28.9675,0.0,23.0,43.0,3189.0,20.0,10.3242,634.9257,21729.0,0.0745,highly_skewed,variable,0.0,non_normal,15876.0,23.0,43.0,20.0,-7.0,73.0,0.0,21729.0,21729.0,7.45,8432.0,2.89,-49.05,124.75,0.0,4921.0,4921.0,1.69,10.0,16173.0,5.55,6.0,148.0,5408.0,1.85,634.91,right_skewed,True,True,True,True,high,robust_scaling_or_transform,-7.0,73.0,heavy_tailed,log1p_or_quantile_transform,True,True,False,True,True,True,False,True,0.8,drop_or_encode,near_constant,0.0028
284,INS_DBD_MEAN,float64,291635,57205,19.62,234430,80.38,False,0.41,False,10.0,1201,"[(np.float64(10.0), 1201), (np.float64(9.0), 1161), (np.float64(8.0), 1097)]",291635,10.0,0.41,9.0,0.4,"[('10.0', 0.41), ('9.0', 0.4), ('8.0', 0.38)]",False,Most frequent dominates with 0.41%,291635,15876,5.16,57205,very_high_cardinality,True,True,False,False,"target_encoding, hash_encoding, or embedding_layer","['20.42105263157895', '22.97058823529412', '26.52380952380953', '12.306122448979592', '3.601769911504425']",,,,,,,,,,,False,0.0,0.0,,,0.0,0.0,,,291635.0,0.0,295.0,295.0,12.2677,10.1216,9.143,0.7453,6.6752,15.1429,8.4677,3.6384,35.6256,802.0,0.0,6.6752,15.1429,8.4677,-6.0264,27.8444,15151.0,5.1952,0.0516,12.2677,10.1216,9.143,0.0,6.6752,15.1429,295.0,8.4677,3.6384,35.6262,15151.0,0.052,highly_skewed,variable,0.0,non_normal,15876.0,6.68,15.14,8.47,-6.03,27.84,0.0,15151.0,15151.0,5.2,4401.0,1.51,-15.16,39.7,0.0,4735.0,4735.0,1.62,3.98,11017.0,3.78,1.47,45.55,5834.0,2.0,35.63,right_skewed,True,True,True,True,high,robust_scaling_or_transform,-6.03,27.84,heavy_tailed,log1p_or_quantile_transform,True,True,False,True,False,False,False,True,0.8,bin,"high_skew, high_outliers",0.0028
285,INS_DBD_SUM,float64,291643,3224,1.11,288419,98.89,False,0.28,False,0.0,810,"[(np.float64(0.0), 810), (np.float64(116.0), 748), (np.float64(85.0), 742)]",291643,0.0,0.28,116.0,0.26,"[('0.0', 0.28), ('116.0', 0.26), ('85.0', 0.25)]",False,Most frequent dominates with 0.28%,291643,15868,5.16,3224,very_high_cardinality,True,True,False,False,"target_encoding, hash_encoding, or embedding_layer","['388.0', '898.0', '532.0', '1787.0', '2681.0']",,,,,,,,,,,False,0.0,0.0,,,0.0,0.0,,,291643.0,0.0,10529.0,10529.0,390.6542,266.0,405.1669,1.0371,133.0,507.0,374.0,3.2453,22.6223,810.0,0.0,133.0,507.0,374.0,-428.0,1068.0,17787.0,6.0989,0.0516,390.6542,266.0,405.1669,0.0,133.0,507.0,10529.0,374.0,3.2453,22.6227,17787.0,0.061,highly_skewed,variable,0.0,non_normal,15868.0,133.0,507.0,374.0,-428.0,1068.0,0.0,17787.0,17787.0,6.1,5155.0,1.77,-824.85,1606.15,0.0,5419.0,5419.0,1.86,160.0,16632.0,5.7,15.0,1899.0,5751.0,1.97,22.62,right_skewed,True,True,True,True,high,robust_scaling_or_transform,-428.0,1068.0,heavy_tailed,log1p_or_quantile_transform,True,True,False,True,True,False,False,True,0.8,treat_as_categorical,"high_skew, high_outliers, discrete",0.0028
286,INS_DPD_MAX,float64,291635,1642,0.56,289993,99.44,False,46.85,False,0.0,136636,"[(np.float64(0.0), 136636), (np.float64(1.0), 15612), (np.float64(2.0), 12914)]",291635,0.0,46.85,1.0,5.35,"[('0.0', 46.85), ('1.0', 5.35), ('2.0', 4.43)]",False,Most frequent dominates with 46.85%,291635,15876,5.16,1642,very_high_cardinality,True,True,False,False,"target_encoding, hash_encoding, or embedding_layer","['0.0', '1283.0', '1689.0', '1078.0', '957.0']",,,,,,,,,,,False,0.0,0.0,,,0.0,0.0,,,291635.0,0.0,2884.0,2884.0,18.3756,1.0,110.6535,6.0218,0.0,9.0,9.0,13.2121,210.1627,136636.0,0.0,0.0,9.0,9.0,-13.5,22.5,34695.0,11.8967,0.0516,18.3756,1.0,110.6535,0.0,0.0,9.0,2884.0,9.0,13.2121,210.1663,34695.0,0.119,highly_skewed,variable,0.0,non_normal,15876.0,0.0,9.0,9.0,-13.5,22.5,0.0,34695.0,34695.0,11.9,12931.0,4.43,-313.58,350.34,0.0,2971.0,2971.0,1.02,1.0,87669.0,30.06,0.0,357.0,2911.0,1.0,210.16,right_skewed,True,True,True,True,severe,consider_log_transform,-13.5,22.5,heavy_tailed,log1p_or_quantile_transform,True,True,False,True,True,True,False,True,1.0,drop_or_encode,near_constant,0.4685
287,INS_DPD_MEAN,float64,291635,23566,8.08,268069,91.92,False,46.85,False,0.0,136636,"[(np.float64(0.0), 136636), (np.float64(0.5), 1399), (np.float64(0.1666666666666666), 1390)]",291635,0.0,46.85,0.5,0.48,"[('0.0', 46.85), ('0.5', 0.48), ('0.1666666666666666', 0.48)]",False,Most frequent dominates with 46.85%,291635,15876,5.16,23566,very_high_cardinality,True,True,False,False,"target_encoding, hash_encoding, or embedding_layer","['0.0', '0.1976744186046511', '14.1', '0.0239520958083832', '0.8112244897959183']",,,,,,,,,,,False,0.0,0.0,,,0.0,0.0,,,291635.0,0.0,1885.3864,1885.3864,1.066,0.0385,9.1047,8.5409,0.0,0.5185,0.5185,80.3204,11768.8982,136636.0,0.0,0.0,0.5185,0.5185,-0.7778,1.2963,39297.0,13.4747,0.0516,1.066,0.0385,9.1047,0.0,0.0,0.5185,1885.3864,0.5185,80.3208,11769.1,39297.0,0.1347,highly_skewed,variable,0.0,non_normal,15876.0,0.0,0.52,0.52,-0.78,1.3,0.0,39297.0,39297.0,13.47,25939.0,8.89,-26.25,28.38,0.0,1388.0,1388.0,0.48,0.04,102290.0,35.07,0.0,14.27,2917.0,1.0,11768.9,right_skewed,True,True,True,True,severe,consider_log_transform,-0.78,1.3,heavy_tailed,log1p_or_quantile_transform,True,True,False,True,False,False,False,True,1.0,bin,"high_skew, high_outliers",0.4685
288,INS_DPD_SUM,float64,291643,2077,0.71,289566,99.29,False,46.85,False,0.0,136644,"[(np.float64(0.0), 136644), (np.float64(1.0), 11685), (np.float64(2.0), 8258)]",291643,0.0,46.85,1.0,4.01,"[('0.0', 46.85), ('1.0', 4.01), ('2.0', 2.83)]",False,Most frequent dominates with 46.85%,291643,15868,5.16,2077,very_high_cardinality,True,True,False,False,"target_encoding, hash_encoding, or embedding_layer","['0.0', '521.0', '1209.0', '1074.0', '834.0']",,,,,,,,,,,False,0.0,0.0,,,0.0,0.0,,,291643.0,0.0,82957.0,82957.0,42.6343,1.0,337.0768,7.9062,0.0,21.0,21.0,102.0462,18333.8383,136644.0,0.0,0.0,21.0,21.0,-31.5,52.5,41570.0,14.2537,0.0516,42.6343,1.0,337.0768,0.0,0.0,21.0,82957.0,21.0,102.0467,18334.1526,41570.0,0.1425,highly_skewed,variable,0.0,non_normal,15868.0,0.0,21.0,21.0,-31.5,52.5,0.0,41570.0,41570.0,14.25,28572.0,9.8,-968.6,1053.86,0.0,1580.0,1580.0,0.54,1.0,111815.0,38.34,0.0,611.0,2916.0,1.0,18333.84,right_skewed,True,True,True,True,severe,consider_log_transform,-31.5,52.5,heavy_tailed,log1p_or_quantile_transform,True,True,False,True,True,True,False,True,1.0,drop_or_encode,near_constant,0.4685
289,INS_LAST365_AMT_PAYMENT_MEAN,float64,217478,205538,94.51,11940,5.49,False,0.04,False,9000.0,78,"[(np.float64(9000.0), 78), (np.float64(2250.0), 66), (np.float64(4500.0), 56)]",217478,9000.0,0.04,2250.0,0.03,"[('9000.0', 0.04), ('2250.0', 0.03), ('4500.0', 0.03)]",False,Most frequent dominates with 0.04%,217478,90033,29.28,205538,very_high_cardinality,True,True,False,False,"target_encoding, hash_encoding, or embedding_layer","['12905.2725', '8107.2972972972975', '4340.738076923077', '8300.601', '90128.35125']",,,,,,,,,,,False,0.0,0.0,,,0.0,0.0,,,217478.0,0.045,2504589.66,2504589.615,31339.701,14824.575,69811.0975,2.2276,8315.0817,29124.6764,20809.5947,10.8888,193.8925,0.0,0.0,8315.0817,29124.6764,20809.5947,-22899.3103,60339.0684,22102.0,10.1629,0.2928,31339.701,14824.575,69811.0975,0.045,8315.0817,29124.6764,2504589.66,20809.5947,10.8889,193.897,22102.0,0.1016,highly_skewed,variable,0.0,non_normal,90033.0,8315.08,29124.68,20809.59,-22899.31,60339.07,0.0,22102.0,22102.0,10.16,12655.0,5.82,-178093.59,240772.99,0.0,3055.0,3055.0,1.4,8248.78,23510.0,10.81,115.67,292175.14,4350.0,2.0,193.89,right_skewed,True,True,True,True,severe,consider_log_transform,-22899.31,60339.07,heavy_tailed,log1p_or_quantile_transform,True,True,False,True,False,False,False,True,0.8,bin,"high_skew, high_outliers",0.0
290,INS_LAST365_AMT_PAYMENT_SUM,float64,217508,205801,94.62,11707,5.38,False,0.03,False,108000.0,72,"[(np.float64(108000.0), 72), (np.float64(54000.0), 43), (np.float64(81000.0), 38)]",217508,108000.0,0.03,54000.0,0.02,"[('108000.0', 0.03), ('54000.0', 0.02), ('81000.0', 0.02)]",False,Most frequent dominates with 0.03%,217508,90003,29.27,205801,very_high_cardinality,True,True,False,False,"target_encoding, hash_encoding, or embedding_layer","['154863.27', '167349.96000000002', '787163.985', '248202.9', '716400.0']",,,,,,,,,,,False,0.0,0.0,,,0.0,0.0,,,217508.0,0.0,15092871.12,15092871.12,326690.9923,164444.805,448751.7876,1.3736,71550.0,393081.6263,321531.6263,3.6405,26.356,30.0,0.0,71550.0,393081.6263,321531.6263,-410747.4394,875379.0656,19308.0,8.8769,0.2927,326690.9923,164444.805,448751.7876,0.0,71550.0,393081.6263,15092871.12,321531.6263,3.6406,26.3567,19308.0,0.0888,highly_skewed,variable,0.0,non_normal,90003.0,71550.0,393081.63,321531.63,-410747.44,875379.07,0.0,19308.0,19308.0,8.88,8454.0,3.89,-1019564.37,1672946.36,0.0,4881.0,4881.0,2.24,116998.36,23537.0,10.82,1120.0,2191405.35,4352.0,2.0,26.36,right_skewed,True,True,True,True,high,robust_scaling_or_transform,-410747.44,875379.07,heavy_tailed,log1p_or_quantile_transform,True,True,False,True,False,False,False,True,0.8,bin,"high_skew, high_outliers",0.0001
291,INS_LAST365_DPD_MAX,float64,217478,192,0.09,217286,99.91,False,71.41,False,0.0,155299,"[(np.float64(0.0), 155299), (np.float64(1.0), 12884), (np.float64(2.0), 9356)]",217478,0.0,71.41,1.0,5.92,"[('0.0', 71.41), ('1.0', 5.92), ('2.0', 4.3)]",False,Most frequent dominates with 71.41%,217478,90033,29.28,192,high_cardinality,True,False,False,True,"target_encoding, frequency_encoding, or hash_encoding","['0.0', '68.0', '193.0', '112.0', '131.0']",,,,,,,,,,,False,0.0,0.0,,,0.0,0.0,,,217478.0,0.0,340.0,340.0,1.7821,0.0,6.6712,3.7435,0.0,1.0,1.0,15.7695,435.8895,155299.0,0.0,0.0,1.0,1.0,-1.5,2.5,39939.0,18.3646,0.2928,1.7821,0.0,6.6712,0.0,0.0,1.0,340.0,1.0,15.7696,435.8995,39939.0,0.1836,highly_skewed,variable,0.0,non_normal,90033.0,0.0,1.0,1.0,-1.5,2.5,0.0,39939.0,39939.0,18.36,25530.0,11.74,-18.23,21.8,0.0,3055.0,3055.0,1.4,4.5,2716.0,1.25,0.0,27.0,2041.0,0.94,435.89,right_skewed,True,True,True,True,severe,consider_log_transform,-1.5,2.5,zero_inflated,log1p_or_tweedie,True,True,False,True,True,True,True,True,1.0,drop_or_encode,near_constant,0.7141
292,INS_LAST365_DPD_MEAN,float64,217478,2884,1.33,214594,98.67,False,71.41,False,0.0,155299,"[(np.float64(0.0), 155299), (np.float64(0.5), 1651), (np.float64(0.0833333333333333), 1531)]",217478,0.0,71.41,0.5,0.76,"[('0.0', 71.41), ('0.5', 0.76), ('0.0833333333333333', 0.7)]",False,Most frequent dominates with 71.41%,217478,90033,29.28,2884,very_high_cardinality,True,True,False,False,"target_encoding, hash_encoding, or embedding_layer","['0.0', '0.6585365853658537', '1.0588235294117647', '2.862068965517241', '4.291666666666667']",,,,,,,,,,,False,0.0,0.0,,,0.0,0.0,,,217478.0,0.0,159.4615,159.4615,0.2411,0.0,1.2592,5.2222,0.0,0.0833,0.0833,42.3601,3859.1278,155299.0,0.0,0.0,0.0833,0.0833,-0.125,0.2083,41890.0,19.2617,0.2928,0.2411,0.0,1.2592,0.0,0.0,0.0833,159.4615,0.0833,42.3604,3859.2166,41890.0,0.1926,highly_skewed,variable,0.0,non_normal,90033.0,0.0,0.08,0.08,-0.12,0.21,0.0,41890.0,41890.0,19.26,33886.0,15.58,-3.54,4.02,0.0,1666.0,1666.0,0.77,0.85,1463.0,0.67,0.0,3.45,2175.0,1.0,3859.13,right_skewed,True,True,True,True,severe,consider_log_transform,-0.12,0.21,zero_inflated,log1p_or_tweedie,True,True,False,True,True,False,True,True,1.0,treat_as_categorical,"high_skew, high_outliers, zero_inflated, discrete",0.7141
293,INS_LAST365_DPD_SUM,float64,217508,410,0.19,217098,99.81,False,71.41,False,0.0,155329,"[(np.float64(0.0), 155329), (np.float64(1.0), 9790), (np.float64(2.0), 6734)]",217508,0.0,71.41,1.0,4.5,"[('0.0', 71.41), ('1.0', 4.5), ('2.0', 3.1)]",False,Most frequent dominates with 71.41%,217508,90003,29.27,410,very_high_cardinality,True,True,False,False,"target_encoding, hash_encoding, or embedding_layer","['0.0', '43.0', '319.0', '446.0', '373.0']",,,,,,,,,,,False,0.0,0.0,,,0.0,0.0,,,217508.0,0.0,8596.0,8596.0,4.0659,0.0,32.0656,7.8865,0.0,1.0,1.0,118.1139,25945.1461,155329.0,0.0,0.0,1.0,1.0,-1.5,2.5,45655.0,20.99,0.2927,4.0659,0.0,32.0656,0.0,0.0,1.0,8596.0,1.0,118.1147,25945.7426,45655.0,0.2099,highly_skewed,variable,0.0,non_normal,90003.0,0.0,1.0,1.0,-1.5,2.5,0.0,45655.0,45655.0,20.99,35833.0,16.47,-92.13,100.26,0.0,807.0,807.0,0.37,21.63,674.0,0.31,0.0,55.0,2166.0,1.0,25945.15,right_skewed,True,True,True,True,severe,consider_log_transform,-1.5,2.5,zero_inflated,log1p_or_tweedie,True,True,False,True,True,True,True,True,1.0,drop_or_encode,near_constant,0.7141
294,INS_LAST365_LATE_PAYMENT_FLAG_MEAN,float64,217508,659,0.3,216849,99.7,False,71.41,False,0.0,155329,"[(np.float64(0.0), 155329), (np.float64(0.0833333333333333), 2520), (np.float64(0.0769230769230769), 2364)]",217508,0.0,71.41,0.0833333333333333,1.16,"[('0.0', 71.41), ('0.0833333333333333', 1.16), ('0.0769230769230769', 1.09)]",False,Most frequent dominates with 71.41%,217508,90003,29.27,659,very_high_cardinality,True,True,False,False,"target_encoding, hash_encoding, or embedding_layer","['0.0', '0.1379310344827586', '0.6851851851851852', '0.5806451612903226', '0.7647058823529411']",,,,,,,,,,,False,0.0,0.0,,,0.0,0.0,,,217508.0,0.0,1.0,1.0,0.0526,0.0,0.1129,2.1481,0.0,0.0488,0.0488,2.8006,9.2145,155329.0,0.0,0.0,0.0488,0.0488,-0.0732,0.122,34845.0,16.0201,0.2927,0.0526,0.0,0.1129,0.0,0.0,0.0488,1.0,0.0488,2.8007,9.2148,34845.0,0.1602,highly_skewed,variable,0.0,non_normal,90003.0,0.0,0.05,0.05,-0.07,0.12,0.0,34845.0,34845.0,16.02,22851.0,10.51,-0.29,0.39,0.0,6409.0,6409.0,2.95,0.08,6382.0,2.93,0.0,0.5,1479.0,0.68,9.21,right_skewed,True,True,True,True,severe,consider_log_transform,-0.07,0.12,zero_inflated,log1p_or_tweedie,True,True,False,True,True,True,True,True,1.0,drop_or_encode,near_constant,0.7141
295,INS_LAST365_LATE_PAYMENT_FLAG_SUM,float64,217508,54,0.02,217454,99.98,False,71.41,False,0.0,155329,"[(np.float64(0.0), 155329), (np.float64(1.0), 24900), (np.float64(2.0), 12220)]",217508,0.0,71.41,1.0,11.45,"[('0.0', 71.41), ('1.0', 11.45), ('2.0', 5.62)]",False,Most frequent dominates with 71.41%,217508,90003,29.27,54,high_cardinality,True,False,False,True,"target_encoding, frequency_encoding, or hash_encoding","['0.0', '10.0', '26.0', '23.0', '57.0']",,,,,,,,,,,False,0.0,0.0,,,0.0,0.0,,,217508.0,0.0,95.0,95.0,0.8579,0.0,2.09,2.4363,0.0,1.0,1.0,5.2817,66.8819,155329.0,0.0,0.0,1.0,1.0,-1.5,2.5,25059.0,11.521,0.2927,0.8579,0.0,2.09,0.0,0.0,1.0,95.0,1.0,5.2818,66.8835,25059.0,0.1152,highly_skewed,variable,0.0,non_normal,90003.0,0.0,1.0,1.0,-1.5,2.5,0.0,25059.0,25059.0,11.52,12353.0,5.68,-5.41,7.13,0.0,4395.0,4395.0,2.02,1.41,4395.0,2.02,0.0,10.0,1598.0,0.73,66.88,right_skewed,True,True,True,True,severe,consider_log_transform,-1.5,2.5,zero_inflated,log1p_or_tweedie,True,True,False,True,True,True,True,True,1.0,drop_or_encode,near_constant,0.7141
296,INS_LAST365_PAY_DIFF_MEAN,float64,217478,57326,26.36,160152,73.64,False,70.3,False,0.0,152877,"[(np.float64(0.0), 152877), (np.float64(-4500.0), 144), (np.float64(-22500.0), 127)]",217478,0.0,70.3,-4500.0,0.07,"[('0.0', 70.3), ('-4500.0', 0.07), ('-22500.0', 0.06)]",False,Most frequent dominates with 70.3%,217478,90033,29.28,57326,very_high_cardinality,True,True,False,False,"target_encoding, hash_encoding, or embedding_layer","['0.0', '4.0875', '6328.263', '1155.1875', '3540.804375']",,,,,,,,,,,False,0.0,0.0,,,0.0,0.0,,,217478.0,-405000.0,93145.5,498145.5,-1177.271,0.0,10594.3213,8.9991,0.0,0.0,0.0,-11.116,200.5759,152877.0,20997.0,0.0,0.0,0.0,0.0,0.0,64601.0,29.7046,0.2928,-1177.271,0.0,10594.3213,-405000.0,0.0,0.0,93145.5,0.0,-11.116,200.5806,0.0,0.0,highly_skewed,variable,0.0,non_normal,90033.0,0.0,0.0,0.0,0.0,0.0,20997.0,43604.0,64601.0,29.7,64601.0,29.7,-32960.23,30605.69,3334.0,87.0,3421.0,1.57,7145.87,2912.0,1.34,-45000.0,10054.46,4328.0,1.99,200.58,left_skewed,True,True,True,True,severe,consider_log_transform,0.0,0.0,zero_inflated,yeo_johnson_power_transform,True,True,False,True,False,False,True,True,0.7,bin,"high_skew, zero_inflated",0.703
297,INS_LAST365_PAY_DIFF_SUM,float64,217508,51840,23.83,165668,76.17,False,70.3,False,0.0,152907,"[(np.float64(0.0), 152907), (np.float64(2250.0), 570), (np.float64(-45000.0), 448)]",217508,0.0,70.3,2250.0,0.26,"[('0.0', 70.3), ('2250.0', 0.26), ('-45000.0', 0.21)]",False,Most frequent dominates with 70.3%,217508,90003,29.27,51840,very_high_cardinality,True,True,False,False,"target_encoding, hash_encoding, or embedding_layer","['0.0', '2722.365', '44944.65000000001', '-5142.015000000004', '7832.564999999999']",,,,,,,,,,,False,0.0,0.0,,,0.0,0.0,,,217508.0,-3195000.0,1522301.85,4717301.85,-13231.8627,0.0,125528.6876,9.4868,0.0,0.0,0.0,-6.5443,68.8147,152907.0,20997.0,0.0,0.0,0.0,0.0,0.0,64601.0,29.7005,0.2927,-13231.8627,0.0,125528.6876,-3195000.0,0.0,0.0,1522301.85,0.0,-6.5443,68.8164,0.0,0.0,highly_skewed,variable,0.0,non_normal,90003.0,0.0,0.0,0.0,0.0,0.0,20997.0,43604.0,64601.0,29.7,64601.0,29.7,-389817.93,363354.2,4343.0,433.0,4776.0,2.2,84669.1,4112.0,1.89,-642890.69,176480.15,4352.0,2.0,68.81,left_skewed,True,True,True,True,severe,consider_log_transform,0.0,0.0,zero_inflated,yeo_johnson_power_transform,True,True,False,True,False,False,True,True,0.7,bin,"high_skew, zero_inflated",0.703
298,INS_LAST365_PAY_PERC_MAX,float64,217478,21543,9.91,195935,90.09,False,89.81,False,1.0,195317,"[(np.float64(1.0), 195317), (np.float64(16.550610110657377), 5), (np.float64(20.54231717337716), 5)]",217478,1.0,89.81,16.550610110657377,0.0,"[('1.0', 89.81), ('16.550610110657377', 0.0), ('20.54231717337716', 0.0)]",False,Most frequent dominates with 89.81%,217478,90033,29.28,21543,very_high_cardinality,True,True,False,False,"target_encoding, hash_encoding, or embedding_layer","['1.0', '7.478592528886064', '2.0819836420651088', '5.28934321492461', '11.496929891879336']",,,,,,,,,,,False,0.0,0.0,,,0.0,0.0,,,217478.0,0.0056,193600.0,193599.9944,6.5645,1.0,560.97,85.4553,1.0,1.0,0.0,252.7914,76025.8944,0.0,0.0,1.0,1.0,0.0,1.0,1.0,22161.0,10.19,0.2928,6.5645,1.0,560.97,0.0056,1.0,1.0,193600.0,0.0,252.7932,76027.6424,0.0,0.0,highly_skewed,variable,0.0,non_normal,90033.0,1.0,1.0,0.0,1.0,1.0,563.0,21598.0,22161.0,10.19,22161.0,10.19,-1676.35,1689.47,0.0,69.0,69.0,0.03,378.37,64.0,0.03,1.0,18.95,2736.0,1.26,76025.89,right_skewed,True,True,True,True,severe,consider_log_transform,1.0,1.0,heavy_tailed,log1p_or_quantile_transform,True,True,False,True,False,False,False,True,0.5,bin,high_skew,0.0
299,INS_LAST365_PAY_PERC_MEAN,float64,217478,23437,10.78,194041,89.22,False,70.3,False,1.0,152877,"[(np.float64(1.0), 152877), (np.float64(0.9230769230769232), 2864), (np.float64(0.8571428571428571), 2264)]",217478,1.0,70.3,0.9230769230769232,1.32,"[('1.0', 70.3), ('0.9230769230769232', 1.32), ('0.8571428571428571', 1.04)]",False,Most frequent dominates with 70.3%,217478,90033,29.28,23437,very_high_cardinality,True,True,False,False,"target_encoding, hash_encoding, or embedding_layer","['1.0', '1.2113525719928562', '3.065399345327507', '5.328014757382254', '0.6067351053240976']",,,,,,,,,,,False,0.0,0.0,,,0.0,0.0,,,217478.0,0.0056,21563.9277,21563.9221,1.5517,1.0,66.8757,43.0984,1.0,1.0,0.0,264.5796,77662.3816,0.0,0.0,1.0,1.0,0.0,1.0,1.0,64601.0,29.7046,0.2928,1.5517,1.0,66.8757,0.0056,1.0,1.0,21563.9277,0.0,264.5814,77664.1672,0.0,0.0,highly_skewed,variable,0.0,non_normal,90033.0,1.0,1.0,0.0,1.0,1.0,43329.0,21272.0,64601.0,29.7,64601.0,29.7,-199.08,202.18,0.0,59.0,59.0,0.03,45.11,51.0,0.02,0.62,2.95,4350.0,2.0,77662.38,right_skewed,True,True,True,True,severe,consider_log_transform,1.0,1.0,heavy_tailed,log1p_or_quantile_transform,True,True,False,True,False,False,False,True,0.5,bin,high_skew,0.0
300,INS_LATE_PAYMENT_FLAG_MEAN,float64,291643,4972,1.7,286671,98.3,False,46.85,False,0.0,136644,"[(np.float64(0.0), 136644), (np.float64(0.1666666666666666), 2812), (np.float64(0.1428571428571428), 2807)]",291643,0.0,46.85,0.1666666666666666,0.96,"[('0.0', 46.85), ('0.1666666666666666', 0.96), ('0.1428571428571428', 0.96)]",False,Most frequent dominates with 46.85%,291643,15868,5.16,4972,very_high_cardinality,True,True,False,False,"target_encoding, hash_encoding, or embedding_layer","['0.0', '0.0375', '0.4520547945205479', '0.4157303370786517', '0.1079136690647482']",,,,,,,,,,,False,0.0,0.0,,,0.0,0.0,,,291643.0,0.0,1.0,1.0,0.0758,0.0185,0.116,1.5309,0.0,0.1111,0.1111,2.1673,5.9561,136644.0,0.0,0.0,0.1111,0.1111,-0.1667,0.2778,21423.0,7.3456,0.0516,0.0758,0.0185,0.116,0.0,0.0,0.1111,1.0,0.1111,2.1673,5.9562,21423.0,0.0735,highly_skewed,variable,0.0,non_normal,15868.0,0.0,0.11,0.11,-0.17,0.28,0.0,21423.0,21423.0,7.35,4652.0,1.6,-0.27,0.42,0.0,5920.0,5920.0,2.03,0.02,71214.0,24.42,0.0,0.5,2244.0,0.77,5.96,right_skewed,True,True,True,True,high,robust_scaling_or_transform,-0.17,0.28,heavy_tailed,log1p_or_quantile_transform,True,True,False,True,True,False,False,True,1.0,treat_as_categorical,"high_skew, high_outliers, discrete",0.4685
301,INS_LATE_PAYMENT_FLAG_SUM,float64,291643,102,0.03,291541,99.97,False,46.85,False,0.0,136644,"[(np.float64(0.0), 136644), (np.float64(1.0), 37002), (np.float64(2.0), 21685)]",291643,0.0,46.85,1.0,12.69,"[('0.0', 46.85), ('1.0', 12.69), ('2.0', 7.44)]",False,Most frequent dominates with 46.85%,291643,15868,5.16,102,high_cardinality,True,False,False,True,"target_encoding, frequency_encoding, or hash_encoding","['0.0', '27.0', '39.0', '62.0', '85.0']",,,,,,,,,,,False,0.0,0.0,,,0.0,0.0,,,291643.0,0.0,159.0,159.0,3.407,1.0,6.3972,1.8777,0.0,4.0,4.0,3.8124,23.9522,136644.0,0.0,0.0,4.0,4.0,-6.0,10.0,28078.0,9.6275,0.0516,3.407,1.0,6.3972,0.0,0.0,4.0,159.0,4.0,3.8125,23.9526,28078.0,0.0963,highly_skewed,variable,0.0,non_normal,15868.0,0.0,4.0,4.0,-6.0,10.0,0.0,28078.0,28078.0,9.63,13118.0,4.5,-15.78,22.6,0.0,6611.0,6611.0,2.27,1.0,50039.0,17.16,0.0,30.0,2861.0,0.98,23.95,right_skewed,True,True,True,True,high,robust_scaling_or_transform,-6.0,10.0,heavy_tailed,log1p_or_quantile_transform,True,True,False,True,True,True,False,True,1.0,drop_or_encode,near_constant,0.4685
302,INS_NUM_INSTALMENT_VERSION_NUNIQUE,float64,291643,49,0.02,291594,99.98,False,43.01,False,2.0,125422,"[(np.float64(2.0), 125422), (np.float64(1.0), 87740), (np.float64(3.0), 47350)]",291643,2.0,43.01,1.0,30.08,"[('2.0', 43.01), ('1.0', 30.08), ('3.0', 16.24)]",False,Most frequent dominates with 43.01%,291643,15868,5.16,49,medium_cardinality,False,False,False,True,"target_encoding, leave_as_integer, or one_hot_if_dense","['2.0', '9.0', '22.0', '35.0', '30.0']",,,,,,,,,,,False,0.0,0.0,,,0.0,0.0,,,291643.0,1.0,53.0,52.0,2.2753,2.0,1.8152,0.7978,1.0,3.0,2.0,6.1112,71.09,0.0,0.0,1.0,3.0,2.0,-2.0,6.0,6879.0,2.3587,0.0516,2.2753,2.0,1.8152,1.0,1.0,3.0,53.0,2.0,6.1112,71.0912,6879.0,0.0236,highly_skewed,variable,0.0,non_normal,15868.0,1.0,3.0,2.0,-2.0,6.0,0.0,6879.0,6879.0,2.36,2936.0,1.01,-3.17,7.72,0.0,4938.0,4938.0,1.69,1.0,4938.0,1.69,1.0,10.0,2362.0,0.81,71.09,right_skewed,True,True,True,True,moderate,log_transform_or_winsorize,-2.0,6.0,heavy_tailed,log1p_or_quantile_transform,True,False,True,True,True,True,False,True,0.5,drop_or_encode,near_constant,0.0
303,INS_PAY_DIFF_MAX,float64,291635,103609,35.53,188026,64.47,False,57.08,False,0.0,166470,"[(np.float64(0.0), 166470), (np.float64(4500.0), 1026), (np.float64(6750.0), 789)]",291635,0.0,57.08,4500.0,0.35,"[('0.0', 57.08), ('4500.0', 0.35), ('6750.0', 0.27)]",False,Most frequent dominates with 57.08%,291635,15876,5.16,103609,very_high_cardinality,True,True,False,False,"target_encoding, hash_encoding, or embedding_layer","['0.0', '19810.53', '13473.315', '8266.77', '5281.11']",,,,,,,,,,,False,0.0,0.0,,,0.0,0.0,,,291635.0,-38991.06,2424726.405,2463717.465,6724.3167,0.0,15175.3398,2.2568,0.0,9047.6325,9047.6325,28.694,3169.1572,166470.0,19.0,0.0,9047.6325,9047.6325,-13571.4488,22619.0812,25742.0,8.8268,0.0516,6724.3167,0.0,15175.3398,-38991.06,0.0,9047.6325,2424726.405,9047.6325,28.6942,3169.2115,25742.0,0.0883,highly_skewed,variable,0.0,non_normal,15876.0,0.0,9047.63,9047.63,-13571.45,22619.08,1.0,25741.0,25742.0,8.83,10423.0,3.57,-38801.7,52250.34,1.0,3751.0,3752.0,1.29,10235.77,3505.0,1.2,0.0,55781.7,2936.0,1.01,3169.16,right_skewed,True,True,True,True,high,robust_scaling_or_transform,-13571.45,22619.08,heavy_tailed,quantile_transform_or_robust_scaler,True,True,False,True,False,False,False,True,1.0,bin,"high_skew, high_outliers",0.5708
304,INS_PAY_DIFF_MEAN,float64,291635,137929,47.3,153706,52.7,False,50.51,False,0.0,147318,"[(np.float64(0.0), 147318), (np.float64(-2250.0), 69), (np.float64(-9000.0), 67)]",291635,0.0,50.51,-2250.0,0.02,"[('0.0', 50.51), ('-2250.0', 0.02), ('-9000.0', 0.02)]",False,Most frequent dominates with 50.51%,291635,15876,5.16,137929,very_high_cardinality,True,True,False,False,"target_encoding, hash_encoding, or embedding_layer","['0.0', '850.0487837837838', '4581.915', '-3271.5', '1435.5787499999997']",,,,,,,,,,,False,0.0,0.0,,,0.0,0.0,,,291635.0,-337496.805,146145.9,483642.705,-363.856,0.0,5210.9676,14.3215,0.0,446.7613,446.7613,-12.1974,352.8227,147318.0,33336.0,0.0,446.7613,446.7613,-670.1419,1116.9032,70261.0,24.0921,0.0516,-363.856,0.0,5210.9676,-337496.805,0.0,446.7613,146145.9,446.7613,-12.1974,352.8287,70261.0,0.2409,highly_skewed,variable,0.0,non_normal,15876.0,0.0,446.76,446.76,-670.14,1116.9,28600.0,41661.0,70261.0,24.09,51167.0,17.54,-15996.76,15269.05,4505.0,257.0,4762.0,1.63,3514.8,3903.0,1.34,-21386.05,6443.83,5834.0,2.0,352.82,left_skewed,True,True,True,True,severe,consider_log_transform,-670.14,1116.9,heavy_tailed,quantile_transform_or_robust_scaler,True,True,False,True,False,False,False,True,1.0,bin,"high_skew, high_outliers",0.5051
305,INS_PAY_DIFF_SUM,float64,291643,127986,43.88,163657,56.12,False,50.52,False,0.0,147326,"[(np.float64(0.0), 147326), (np.float64(2250.0), 535), (np.float64(-45000.0), 424)]",291643,0.0,50.52,2250.0,0.18,"[('0.0', 50.52), ('2250.0', 0.18), ('-45000.0', 0.15)]",False,Most frequent dominates with 50.52%,291643,15868,5.16,127986,very_high_cardinality,True,True,False,False,"target_encoding, hash_encoding, or embedding_layer","['0.0', '31617.18', '35340.075000000004', '-94296.28500000002', '2648.25']",,,,,,,,,,,False,0.0,0.0,,,0.0,0.0,,,291643.0,-4417384.23,3037735.575,7455119.805,-6310.4395,0.0,174979.0885,27.7285,0.0,15896.97,15896.97,-4.169,50.1361,147326.0,33336.0,0.0,15896.97,15896.97,-23845.455,39742.425,72892.0,24.9936,0.0516,-6310.4395,0.0,174979.0885,-4417384.23,0.0,15896.97,3037735.575,15896.97,-4.1691,50.137,72892.0,0.2499,highly_skewed,variable,0.0,non_normal,15868.0,0.0,15896.97,15896.97,-23845.46,39742.43,28545.0,44347.0,72892.0,24.99,54999.0,18.86,-531247.71,518626.83,5674.0,1429.0,7103.0,2.44,118023.4,5694.0,1.95,-810000.0,372321.3,5828.0,2.0,50.14,left_skewed,True,True,True,True,severe,consider_log_transform,-23845.46,39742.43,heavy_tailed,quantile_transform_or_robust_scaler,True,True,False,True,False,False,False,True,1.0,bin,"high_skew, high_outliers",0.5052
306,INS_PAY_DIFF_VAR,float64,290947,144095,49.53,146852,50.47,False,50.4,False,0.0,146632,"[(np.float64(0.0), 146632), (np.float64(0.0018225000000058), 4), (np.float64(0.0032400000000104), 3)]",290947,0.0,50.4,0.0018225000000058,0.0,"[('0.0', 50.4), ('0.0018225000000058', 0.0), ('0.0032400000000104', 0.0)]",False,Most frequent dominates with 50.4%,290947,16564,5.39,144095,very_high_cardinality,True,True,False,False,"target_encoding, hash_encoding, or embedding_layer","['0.0', '38817911.87918582', '375115541.40186393', '5775230836.334951', '50453994.07584643']",,,,,,,,,,,False,0.0,0.0,,,0.0,0.0,,,290947.0,0.0,445993643959.2246,445993643959.2246,343075814.1443,0.0,3494271630.995,10.1851,0.0,11242174.0521,11242174.0521,37.8342,2651.8535,146632.0,0.0,0.0,11242174.0521,11242174.0521,-16863261.0781,28105435.1302,49961.0,17.1719,0.0539,343075814.1443,0.0,3494271630.995,0.0,0.0,11242174.0521,445993643959.2246,11242174.0521,37.8344,2651.8991,49961.0,0.1717,highly_skewed,variable,0.0,non_normal,16564.0,0.0,11242174.05,11242174.05,-16863261.08,28105435.13,0.0,49961.0,49961.0,17.17,40402.0,13.89,-10139739078.84,10825890707.13,0.0,2192.0,2192.0,0.75,2356886215.11,1928.0,0.66,0.0,8152651431.75,2910.0,1.0,2651.85,right_skewed,True,True,True,True,severe,consider_log_transform,-16863261.08,28105435.13,heavy_tailed,log1p_or_quantile_transform,True,True,False,True,False,False,False,True,1.0,bin,"high_skew, high_outliers",0.504
307,INS_PAY_PERC_MAX,float64,291632,36091,12.38,255541,87.62,False,87.21,False,1.0,254334,"[(np.float64(1.0), 254334), (np.float64(2.0), 9), (np.float64(11.897835664714233), 7)]",291632,1.0,87.21,2.0,0.0,"[('1.0', 87.21), ('2.0', 0.0), ('11.897835664714233', 0.0)]",False,Most frequent dominates with 87.21%,291632,15879,5.16,36091,very_high_cardinality,True,True,False,False,"target_encoding, hash_encoding, or embedding_layer","['1.0', '3.740559575539873', '5.679331268726238', '7.272727272727272', '2.108125359197229']",,,,,,,,,,,False,0.0,0.0,,,0.0,0.0,,,291632.0,0.5122,194250.0,194249.4878,13.6414,1.0,887.4844,65.058,1.0,1.0,0.0,153.9562,28680.8183,0.0,0.0,1.0,1.0,0.0,1.0,1.0,37298.0,12.7894,0.0516,13.6414,1.0,887.4844,0.5122,1.0,1.0,194250.0,0.0,153.957,28681.3101,0.0,0.0,highly_skewed,variable,0.0,non_normal,15879.0,1.0,1.0,0.0,1.0,1.0,80.0,37218.0,37298.0,12.79,37298.0,12.79,-2648.81,2676.09,0.0,150.0,150.0,0.05,598.61,135.0,0.05,1.0,21.97,2997.0,1.03,28680.82,right_skewed,True,True,True,True,severe,consider_log_transform,1.0,1.0,heavy_tailed,log1p_or_quantile_transform,True,True,False,True,False,False,False,True,0.5,bin,high_skew,0.0
308,INS_PAY_PERC_MEAN,float64,291632,42700,14.64,248932,85.36,False,50.52,False,1.0,147322,"[(np.float64(1.0), 147322), (np.float64(0.8571428571428571), 2968), (np.float64(0.9230769230769232), 2557)]",291632,1.0,50.52,0.8571428571428571,1.02,"[('1.0', 50.52), ('0.8571428571428571', 1.02), ('0.9230769230769232', 0.88)]",False,Most frequent dominates with 50.52%,291632,15879,5.16,42700,very_high_cardinality,True,True,False,False,"target_encoding, hash_encoding, or embedding_layer","['1.0', '1.0189654752369297', '1.475469338164084', '1.1955566119582912', '1.0483926975090294']",,,,,,,,,,,False,0.0,0.0,,,0.0,0.0,,,291632.0,0.3333,8482.4462,8482.1128,1.383,1.0,30.179,21.8218,0.9538,1.0,0.0462,159.9068,32788.3513,0.0,0.0,0.9538,1.0,0.0462,0.8846,1.0692,62855.0,21.5528,0.0516,1.383,1.0,30.179,0.3333,0.9538,1.0,8482.4462,0.0462,159.9077,32788.9135,62855.0,0.2155,highly_skewed,variable,0.0,non_normal,15879.0,0.95,1.0,0.05,0.88,1.07,36476.0,26379.0,62855.0,21.55,39147.0,13.42,-89.15,91.92,0.0,149.0,149.0,0.05,20.36,132.0,0.05,0.67,2.07,5727.0,1.96,32788.35,right_skewed,True,True,True,True,severe,consider_log_transform,0.88,1.07,heavy_tailed,log1p_or_quantile_transform,True,True,False,True,False,False,False,True,0.8,bin,"high_skew, high_outliers",0.0
309,INS_PAY_PERC_VAR,float64,290944,143641,49.37,147303,50.63,False,50.4,False,0.0,146637,"[(np.float64(0.0), 146637), (np.float64(0.0094339622641509), 8), (np.float64(0.0042366637194223), 7)]",290944,0.0,50.4,0.0094339622641509,0.0,"[('0.0', 50.4), ('0.0094339622641509', 0.0), ('0.0042366637194223', 0.0)]",False,Most frequent dominates with 50.4%,290944,16567,5.39,143641,very_high_cardinality,True,True,False,False,"target_encoding, hash_encoding, or embedding_layer","['0.0', '0.0521371893838939', '0.0489908363298783', '0.4566290853764506', '0.0230348651074623']",,,,,,,,,,,False,0.0,0.0,,,0.0,0.0,,,290944.0,0.0,967504461.5628,967504461.5628,20769.1511,0.0,3333715.379,160.5128,0.0,0.0843,0.0843,231.4101,59242.9466,146637.0,0.0,0.0,0.0843,0.0843,-0.1265,0.2108,32746.0,11.2551,0.0539,20769.1511,0.0,3333715.379,0.0,0.0,0.0843,967504461.5628,0.0843,231.4113,59243.9648,32746.0,0.1126,highly_skewed,variable,0.0,non_normal,16567.0,0.0,0.08,0.08,-0.13,0.21,0.0,32746.0,32746.0,11.26,25781.0,8.86,-9980376.99,10021915.29,0.0,37.0,37.0,0.01,2248591.02,34.0,0.01,0.0,13.99,2910.0,1.0,59242.95,right_skewed,True,True,True,True,severe,consider_log_transform,-0.13,0.21,heavy_tailed,log1p_or_quantile_transform,True,True,False,True,False,False,False,True,1.0,bin,"high_skew, high_outliers",0.504
310,INS_SK_ID_PREV_NUNIQUE,float64,291643,25,0.01,291618,99.99,False,28.05,False,1.0,81817,"[(np.float64(1.0), 81817), (np.float64(2.0), 71164), (np.float64(3.0), 51981)]",291643,1.0,28.05,2.0,24.4,"[('1.0', 28.05), ('2.0', 24.4), ('3.0', 17.82)]",False,Most frequent dominates with 28.05%,291643,15868,5.16,25,medium_cardinality,False,False,False,True,"target_encoding, leave_as_integer, or one_hot_if_dense","['1.0', '2.0', '10.0', '14.0', '21.0']",,,,,,,,,,,False,0.0,0.0,,,0.0,0.0,,,291643.0,1.0,26.0,25.0,2.926,2.0,2.041,0.6976,1.0,4.0,3.0,1.655,4.2178,0.0,0.0,1.0,4.0,3.0,-3.5,8.5,5980.0,2.0505,0.0516,2.926,2.0,2.041,1.0,1.0,4.0,26.0,3.0,1.655,4.2179,5980.0,0.0205,highly_skewed,variable,0.0,non_normal,15868.0,1.0,4.0,3.0,-3.5,8.5,0.0,5980.0,5980.0,2.05,404.0,0.14,-3.2,9.05,0.0,3429.0,3429.0,1.18,1.0,10400.0,3.57,1.0,10.0,2018.0,0.69,4.22,right_skewed,True,True,True,True,moderate,log_transform_or_winsorize,-3.5,8.5,heavy_tailed,log1p_or_quantile_transform,True,False,True,True,True,True,False,True,0.5,drop_or_encode,near_constant,0.0
311,INS_UNDERPAY_FLAG_MEAN,float64,291643,4892,1.68,286751,98.32,False,57.09,False,0.0,166497,"[(np.float64(0.0), 166497), (np.float64(0.2857142857142857), 3011), (np.float64(0.1538461538461538), 2685)]",291643,0.0,57.09,0.2857142857142857,1.03,"[('0.0', 57.09), ('0.2857142857142857', 1.03), ('0.1538461538461538', 0.92)]",False,Most frequent dominates with 57.09%,291643,15868,5.16,4892,very_high_cardinality,True,True,False,False,"target_encoding, hash_encoding, or embedding_layer","['0.0', '0.7445255474452555', '0.5660377358490566', '0.1843971631205673', '0.2348993288590604']",,,,,,,,,,,False,0.0,0.0,,,0.0,0.0,,,291643.0,0.0,1.0,1.0,0.084,0.0,0.15,1.7859,0.0,0.1091,0.1091,2.3848,6.1099,166497.0,0.0,0.0,0.1091,0.1091,-0.1636,0.2727,32171.0,11.031,0.0516,0.084,0.0,0.15,0.0,0.0,0.1091,1.0,0.1091,2.3848,6.11,32171.0,0.1103,highly_skewed,variable,0.0,non_normal,15868.0,0.0,0.11,0.11,-0.16,0.27,0.0,32171.0,32171.0,11.03,13476.0,4.62,-0.37,0.53,0.0,7552.0,7552.0,2.59,0.1,8065.0,2.77,0.0,0.67,2708.0,0.93,6.11,right_skewed,True,True,True,True,severe,consider_log_transform,-0.16,0.27,heavy_tailed,log1p_or_quantile_transform,True,True,False,True,True,False,False,True,1.0,treat_as_categorical,"high_skew, high_outliers, discrete",0.5709
312,INS_UNDERPAY_FLAG_SUM,float64,291643,126,0.04,291517,99.96,False,57.09,False,0.0,166497,"[(np.float64(0.0), 166497), (np.float64(2.0), 39116), (np.float64(4.0), 19762)]",291643,0.0,57.09,2.0,13.41,"[('0.0', 57.09), ('2.0', 13.41), ('4.0', 6.78)]",False,Most frequent dominates with 57.09%,291643,15868,5.16,126,high_cardinality,True,False,False,True,"target_encoding, frequency_encoding, or hash_encoding","['0.0', '40.0', '27.0', '143.0', '92.0']",,,,,,,,,,,False,0.0,0.0,,,0.0,0.0,,,291643.0,0.0,154.0,154.0,3.84,0.0,8.0165,2.0877,0.0,4.0,4.0,4.0009,24.5664,166497.0,0.0,0.0,4.0,4.0,-6.0,10.0,32824.0,11.2549,0.0516,3.84,0.0,8.0165,0.0,0.0,4.0,154.0,4.0,4.0009,24.5668,32824.0,0.1125,highly_skewed,variable,0.0,non_normal,15868.0,0.0,4.0,4.0,-6.0,10.0,0.0,32824.0,32824.0,11.25,18151.0,6.22,-20.21,27.89,0.0,7233.0,7233.0,2.48,5.41,6293.0,2.16,0.0,38.0,2872.0,0.98,24.57,right_skewed,True,True,True,True,severe,consider_log_transform,-6.0,10.0,heavy_tailed,log1p_or_quantile_transform,True,True,False,True,True,True,False,True,1.0,drop_or_encode,near_constant,0.5709
313,LANDAREA_AVG,float64,124921,3527,2.82,121394,97.18,False,12.49,False,0.0,15600,"[(np.float64(0.0), 15600), (np.float64(0.0631), 189), (np.float64(0.0316), 187)]",124921,0.0,12.49,0.0631,0.15,"[('0.0', 12.49), ('0.0631', 0.15), ('0.0316', 0.15)]",False,Most frequent dominates with 12.49%,124921,182590,59.38,3527,very_high_cardinality,True,True,False,False,"target_encoding, hash_encoding, or embedding_layer","['0.0369', '0.0293', '0.0757', '0.2031', '0.1975']",,,,,,,,,,,False,0.0,0.0,,,0.0,0.0,,,124921.0,0.0,1.0,1.0,0.0663,0.0481,0.0812,1.2239,0.0187,0.0856,0.0669,4.4586,34.7434,15600.0,0.0,0.0187,0.0856,0.0669,-0.0816,0.1859,6888.0,5.5139,0.5938,0.0663,0.0481,0.0812,0.0,0.0187,0.0856,1.0,0.0669,4.4587,34.7448,6888.0,0.0551,highly_skewed,variable,0.0,non_normal,182590.0,0.02,0.09,0.07,-0.08,0.19,0.0,6888.0,6888.0,5.51,2550.0,2.04,-0.18,0.31,0.0,2089.0,2089.0,1.67,0.03,4990.0,3.99,0.0,0.37,1249.0,1.0,34.74,right_skewed,True,True,True,True,high,robust_scaling_or_transform,-0.08,0.19,heavy_tailed,log1p_or_quantile_transform,True,True,False,True,True,False,False,True,0.8,treat_as_categorical,"high_skew, high_outliers, discrete",0.1249
314,LANDAREA_MEDI,float64,124921,3560,2.85,121361,97.15,False,12.74,False,0.0,15919,"[(np.float64(0.0), 15919), (np.float64(0.0193), 197), (np.float64(0.0642), 194)]",124921,0.0,12.74,0.0193,0.16,"[('0.0', 12.74), ('0.0193', 0.16), ('0.0642', 0.16)]",False,Most frequent dominates with 12.74%,124921,182590,59.38,3560,very_high_cardinality,True,True,False,False,"target_encoding, hash_encoding, or embedding_layer","['0.0375', '0.1005', '0.1344', '0.1999', '0.2293']",,,,,,,,,,,False,0.0,0.0,,,0.0,0.0,,,124921.0,0.0,1.0,1.0,0.0672,0.0487,0.0822,1.2233,0.0187,0.0868,0.0681,4.3682,33.2366,15919.0,0.0,0.0187,0.0868,0.0681,-0.0834,0.189,6873.0,5.5019,0.5938,0.0672,0.0487,0.0822,0.0,0.0187,0.0868,1.0,0.0681,4.3683,33.238,6873.0,0.055,highly_skewed,variable,0.0,non_normal,182590.0,0.02,0.09,0.07,-0.08,0.19,0.0,6873.0,6873.0,5.5,2548.0,2.04,-0.18,0.31,0.0,2133.0,2133.0,1.71,0.03,4993.0,4.0,0.0,0.38,1250.0,1.0,33.24,right_skewed,True,True,True,True,high,robust_scaling_or_transform,-0.08,0.19,heavy_tailed,log1p_or_quantile_transform,True,True,False,True,True,False,False,True,0.8,treat_as_categorical,"high_skew, high_outliers, discrete",0.1274
315,LANDAREA_MODE,float64,124921,3563,2.85,121358,97.15,False,13.97,False,0.0,17453,"[(np.float64(0.0), 17453), (np.float64(0.0194), 208), (np.float64(0.0645), 193)]",124921,0.0,13.97,0.0194,0.17,"[('0.0', 13.97), ('0.0194', 0.17), ('0.0645', 0.15)]",False,Most frequent dominates with 13.97%,124921,182590,59.38,3563,very_high_cardinality,True,True,False,False,"target_encoding, hash_encoding, or embedding_layer","['0.0377', '0.0974', '0.1516', '0.2334', '0.2374']",,,,,,,,,,,False,0.0,0.0,,,0.0,0.0,,,124921.0,0.0,1.0,1.0,0.065,0.0458,0.0818,1.2585,0.0166,0.0841,0.0675,4.377,33.2719,17453.0,0.0,0.0166,0.0841,0.0675,-0.0846,0.1853,7033.0,5.63,0.5938,0.065,0.0458,0.0818,0.0,0.0166,0.0841,1.0,0.0675,4.377,33.2733,7033.0,0.0563,highly_skewed,variable,0.0,non_normal,182590.0,0.02,0.08,0.07,-0.08,0.19,0.0,7033.0,7033.0,5.63,2591.0,2.07,-0.18,0.31,0.0,2140.0,2140.0,1.71,0.03,5196.0,4.16,0.0,0.38,1250.0,1.0,33.27,right_skewed,True,True,True,True,high,robust_scaling_or_transform,-0.08,0.19,heavy_tailed,log1p_or_quantile_transform,True,True,False,True,True,False,False,True,0.8,treat_as_categorical,"high_skew, high_outliers, discrete",0.1397
316,LIVE_CITY_NOT_WORK_CITY,int64,307511,2,0.0,307509,100.0,False,82.04,False,0,252296,"[(np.int64(0), 252296), (np.int64(1), 55215)]",307511,0,82.04,1,17.96,"[('0', 82.04), ('1', 17.96)]",False,Most frequent dominates with 82.04%,307511,0,0.0,2,binary,False,False,False,False,binary_encoding or label_encoding,"['0', '1']",,,,,,,,,,,False,0.0,0.0,,,0.0,0.0,,,307511.0,0.0,1.0,1.0,0.1796,0.0,0.3838,2.1376,0.0,0.0,0.0,1.6698,0.7882,252296.0,0.0,0.0,0.0,0.0,0.0,0.0,55215.0,17.9555,0.0,0.1796,0.0,0.3838,0.0,0.0,0.0,1.0,0.0,1.6698,0.7882,0.0,0.0,highly_skewed,variable,0.0,non_normal,0.0,0.0,0.0,0.0,0.0,0.0,0.0,55215.0,55215.0,17.96,55215.0,17.96,-0.97,1.33,0.0,0.0,0.0,0.0,0.26,0.0,0.0,0.0,1.0,0.0,0.0,0.79,right_skewed,False,True,True,True,severe,review_data_source,0.0,0.0,zero_inflated,log1p_or_tweedie,True,True,False,True,True,True,True,False,0.5,drop_or_encode,near_constant,0.8204
317,LIVE_REGION_NOT_WORK_REGION,int64,307511,2,0.0,307509,100.0,False,95.93,True,0,295008,"[(np.int64(0), 295008), (np.int64(1), 12503)]",307511,0,95.93,1,4.07,"[('0', 95.93), ('1', 4.07)]",False,Most frequent dominates with 95.93%,307511,0,0.0,2,binary,False,False,False,False,binary_encoding or label_encoding,"['0', '1']",,,,,,,,,,,False,0.0,0.0,,,0.0,0.0,,,307511.0,0.0,1.0,1.0,0.0407,0.0,0.1975,4.8575,0.0,0.0,0.0,4.6516,19.6374,295008.0,0.0,0.0,0.0,0.0,0.0,0.0,12503.0,4.0659,0.0,0.0407,0.0,0.1975,0.0,0.0,0.0,1.0,0.0,4.6516,19.6377,0.0,0.0,highly_skewed,variable,0.0,non_normal,0.0,0.0,0.0,0.0,0.0,0.0,0.0,12503.0,12503.0,4.07,12503.0,4.07,-0.55,0.63,0.0,12503.0,12503.0,4.07,0.13,12503.0,4.07,0.0,1.0,0.0,0.0,19.64,right_skewed,True,True,True,True,moderate,log_transform_or_winsorize,0.0,0.0,zero_inflated,log1p_or_tweedie,True,False,True,True,True,True,True,False,0.5,drop_or_encode,near_constant,0.9593
318,LIVINGAPARTMENTS_AVG,float64,97312,1868,1.92,95444,98.08,False,4.39,False,0.0504,4272,"[(np.float64(0.0504), 4272), (np.float64(0.0672), 4231), (np.float64(0.0756), 2778)]",97312,0.0504,4.39,0.0672,4.35,"[('0.0504', 4.39), ('0.0672', 4.35), ('0.0756', 2.85)]",False,Most frequent dominates with 4.39%,97312,210199,68.35,1868,very_high_cardinality,True,True,False,False,"target_encoding, hash_encoding, or embedding_layer","['0.0202', '0.0198', '0.3463', '0.0738', '0.5161']",,,,,,,,,,,False,0.0,0.0,,,0.0,0.0,,,97312.0,0.0,1.0,1.0,0.1008,0.0756,0.0926,0.9186,0.0504,0.121,0.0706,3.0422,16.4897,418.0,0.0,0.0504,0.121,0.0706,-0.0555,0.2269,7881.0,8.0987,0.6835,0.1008,0.0756,0.0926,0.0,0.0504,0.121,1.0,0.0706,3.0422,16.4906,7881.0,0.081,highly_skewed,variable,0.0,non_normal,210199.0,0.05,0.12,0.07,-0.06,0.23,0.0,7881.0,7881.0,8.1,2656.0,2.73,-0.18,0.38,0.0,1746.0,1746.0,1.79,0.03,6275.0,6.45,0.0,0.45,1897.0,1.95,16.49,right_skewed,True,True,True,True,high,robust_scaling_or_transform,-0.06,0.23,heavy_tailed,log1p_or_quantile_transform,True,True,False,True,True,False,False,True,0.8,treat_as_categorical,"high_skew, high_outliers, discrete",0.0043
319,LIVINGAPARTMENTS_MEDI,float64,97312,1097,1.13,96215,98.87,False,4.62,False,0.0513,4500,"[(np.float64(0.0513), 4500), (np.float64(0.0684), 4497), (np.float64(0.077), 2926)]",97312,0.0513,4.62,0.0684,4.62,"[('0.0513', 4.62), ('0.0684', 4.62), ('0.077', 3.01)]",False,Most frequent dominates with 4.62%,97312,210199,68.35,1097,very_high_cardinality,True,True,False,False,"target_encoding, hash_encoding, or embedding_layer","['0.0205', '0.0487', '0.336', '0.3309', '0.0688']",,,,,,,,,,,False,0.0,0.0,,,0.0,0.0,,,97312.0,0.0,1.0,1.0,0.102,0.0761,0.0936,0.9185,0.0513,0.1231,0.0718,2.9882,15.6962,433.0,0.0,0.0513,0.1231,0.0718,-0.0564,0.2308,7927.0,8.146,0.6835,0.102,0.0761,0.0936,0.0,0.0513,0.1231,1.0,0.0718,2.9883,15.6971,7927.0,0.0815,highly_skewed,variable,0.0,non_normal,210199.0,0.05,0.12,0.07,-0.06,0.23,0.0,7927.0,7927.0,8.15,2653.0,2.73,-0.18,0.38,0.0,1769.0,1769.0,1.82,0.03,6259.0,6.43,0.0,0.46,1914.0,1.97,15.7,right_skewed,True,True,True,True,high,robust_scaling_or_transform,-0.06,0.23,heavy_tailed,log1p_or_quantile_transform,True,True,False,True,True,False,False,True,0.8,treat_as_categorical,"high_skew, high_outliers, discrete",0.0044
320,LIVINGAPARTMENTS_MODE,float64,97312,736,0.76,96576,99.24,False,5.07,False,0.0551,4931,"[(np.float64(0.0551), 4931), (np.float64(0.0735), 4797), (np.float64(0.0826), 2966)]",97312,0.0551,5.07,0.0735,4.93,"[('0.0551', 5.07), ('0.0735', 4.93), ('0.0826', 3.05)]",False,Most frequent dominates with 5.07%,97312,210199,68.35,736,very_high_cardinality,True,True,False,False,"target_encoding, hash_encoding, or embedding_layer","['0.022', '0.2305', '0.3003', '0.2406', '0.3205']",,,,,,,,,,,False,0.0,0.0,,,0.0,0.0,,,97312.0,0.0,1.0,1.0,0.1056,0.0771,0.0979,0.9265,0.0542,0.1313,0.0771,2.9026,14.2242,519.0,0.0,0.0542,0.1313,0.0771,-0.0614,0.247,7469.0,7.6753,0.6835,0.1056,0.0771,0.0979,0.0,0.0542,0.1313,1.0,0.0771,2.9027,14.225,7469.0,0.0768,highly_skewed,variable,0.0,non_normal,210199.0,0.05,0.13,0.08,-0.06,0.25,0.0,7469.0,7469.0,7.68,2526.0,2.6,-0.19,0.4,0.0,1807.0,1807.0,1.86,0.03,7137.0,7.33,0.0,0.49,1932.0,1.99,14.22,right_skewed,True,True,True,True,high,robust_scaling_or_transform,-0.06,0.25,heavy_tailed,log1p_or_quantile_transform,True,True,False,True,True,True,False,True,0.8,drop_or_encode,near_constant,0.0053
321,LIVINGAREA_AVG,float64,153161,5199,3.39,147962,96.61,False,0.19,False,0.0,284,"[(np.float64(0.0), 284), (np.float64(0.0512), 243), (np.float64(0.051), 223)]",153161,0.0,0.19,0.0512,0.16,"[('0.0', 0.19), ('0.0512', 0.16), ('0.051', 0.15)]",False,Most frequent dominates with 0.19%,153161,154350,50.19,5199,very_high_cardinality,True,True,False,False,"target_encoding, hash_encoding, or embedding_layer","['0.019', '0.1058', '0.3666', '0.1489', '0.6414']",,,,,,,,,,,False,0.0,0.0,,,0.0,0.0,,,153161.0,0.0,1.0,1.0,0.1074,0.0745,0.1106,1.0295,0.0453,0.1299,0.0846,2.8547,12.3307,284.0,0.0,0.0453,0.1299,0.0846,-0.0816,0.2568,12517.0,8.1724,0.5019,0.1074,0.0745,0.1106,0.0,0.0453,0.1299,1.0,0.0846,2.8547,12.3312,12517.0,0.0817,highly_skewed,variable,0.0,non_normal,154350.0,0.05,0.13,0.08,-0.08,0.26,0.0,12517.0,12517.0,8.17,4750.0,3.1,-0.22,0.44,0.0,3191.0,3191.0,2.08,0.04,10681.0,6.97,0.0,0.55,2983.0,1.95,12.33,right_skewed,True,True,True,True,high,robust_scaling_or_transform,-0.08,0.26,heavy_tailed,log1p_or_quantile_transform,True,True,False,True,True,False,False,True,0.8,treat_as_categorical,"high_skew, high_outliers, discrete",0.0019
322,LIVINGAREA_MEDI,float64,153161,5281,3.45,147880,96.55,False,0.2,False,0.0,299,"[(np.float64(0.0), 299), (np.float64(0.0548), 239), (np.float64(0.0518), 234)]",153161,0.0,0.2,0.0548,0.16,"[('0.0', 0.2), ('0.0548', 0.16), ('0.0518', 0.15)]",False,Most frequent dominates with 0.2%,153161,154350,50.19,5281,very_high_cardinality,True,True,False,False,"target_encoding, hash_encoding, or embedding_layer","['0.0193', '0.0639', '0.1407', '0.2001', '0.0001']",,,,,,,,,,,False,0.0,0.0,,,0.0,0.0,,,153161.0,0.0,1.0,1.0,0.1086,0.0749,0.1123,1.0336,0.0457,0.1303,0.0846,2.8489,12.1381,299.0,0.0,0.0457,0.1303,0.0846,-0.0812,0.2572,12907.0,8.4271,0.5019,0.1086,0.0749,0.1123,0.0,0.0457,0.1303,1.0,0.0846,2.8489,12.1386,12907.0,0.0843,highly_skewed,variable,0.0,non_normal,154350.0,0.05,0.13,0.08,-0.08,0.26,0.0,12907.0,12907.0,8.43,5015.0,3.27,-0.23,0.45,0.0,3225.0,3225.0,2.11,0.04,10819.0,7.06,0.0,0.56,2979.0,1.95,12.14,right_skewed,True,True,True,True,high,robust_scaling_or_transform,-0.08,0.26,heavy_tailed,log1p_or_quantile_transform,True,True,False,True,True,False,False,True,0.8,treat_as_categorical,"high_skew, high_outliers, discrete",0.002
323,LIVINGAREA_MODE,float64,153161,5301,3.46,147860,96.54,False,0.29,False,0.0,444,"[(np.float64(0.0), 444), (np.float64(0.053), 272), (np.float64(0.0532), 262)]",153161,0.0,0.29,0.053,0.18,"[('0.0', 0.29), ('0.053', 0.18), ('0.0532', 0.17)]",False,Most frequent dominates with 0.29%,153161,154350,50.19,5301,very_high_cardinality,True,True,False,False,"target_encoding, hash_encoding, or embedding_layer","['0.0198', '0.0132', '0.2358', '0.8829', '0.4774']",,,,,,,,,,,False,0.0,0.0,,,0.0,0.0,,,153161.0,0.0,1.0,1.0,0.106,0.0731,0.1118,1.0554,0.0427,0.1252,0.0825,2.9025,12.4586,444.0,0.0,0.0427,0.1252,0.0825,-0.081,0.249,13105.0,8.5564,0.5019,0.106,0.0731,0.1118,0.0,0.0427,0.1252,1.0,0.0825,2.9025,12.4591,13105.0,0.0856,highly_skewed,variable,0.0,non_normal,154350.0,0.04,0.13,0.08,-0.08,0.25,0.0,13105.0,13105.0,8.56,5279.0,3.45,-0.23,0.44,0.0,3344.0,3344.0,2.18,0.04,10819.0,7.06,0.0,0.56,2984.0,1.95,12.46,right_skewed,True,True,True,True,high,robust_scaling_or_transform,-0.08,0.25,heavy_tailed,log1p_or_quantile_transform,True,True,False,True,True,False,False,True,0.8,treat_as_categorical,"high_skew, high_outliers, discrete",0.0029
324,NAME_CONTRACT_TYPE,object,307511,2,0.0,307509,100.0,False,90.48,False,Cash loans,278232,"[('Cash loans', 278232), ('Revolving loans', 29279)]",307511,Cash loans,90.48,Revolving loans,9.52,"[('Cash loans', 90.48), ('Revolving loans', 9.52)]",False,Most frequent dominates with 90.48%,307511,0,0.0,2,binary,False,False,False,False,binary_encoding or label_encoding,"['Cash loans', 'Revolving loans']",0.0,0.0,Cash loans,90.48,0.0,0.0,False,highly_dominant,0.4536,False,False,0.0,0.0,,,2.0,2.0,"cash loans(278232), revolving loans(29279)","cash loans(48305), revolving loans(439)",,,,,,,,,,,,,,,,,,,,,,,,,,,,,,,,,,,,,,,,,,,,,,,,,,,,,,,,,,,,,,,,,,,,,,,,,,,,,,,,,,,,,,,,
325,NAME_EDUCATION_TYPE,object,307511,5,0.0,307506,100.0,False,71.02,False,Secondary / secondary special,218391,"[('Secondary / secondary special', 218391), ('Higher education', 74863), ('Incomplete higher', 10277)]",307511,Secondary / secondary special,71.02,Higher education,24.34,"[('Secondary / secondary special', 71.02), ('Higher education', 24.34), ('Incomplete higher', 3.34)]",False,Most frequent dominates with 71.02%,307511,0,0.0,5,low_cardinality,False,False,False,False,one_hot_encoding or label_encoding,"['Secondary / secondary special', 'Higher education', 'Incomplete higher', 'Lower secondary', 'Academic degree']",0.0,0.0,Secondary / secondary special,71.02,1.0,20.0,True,moderately_skewed,0.4716,False,False,0.0,0.0,,,5.0,5.0,"secondary / secondary special(218391), higher education(74863), incomplete higher(10277)","secondary / secondary special(33988), higher education(12516), incomplete higher(1724)",,,,,,,,,,,,,,,,,,,,,,,,,,,,,,,,,,,,,,,,,,,,,,,,,,,,,,,,,,,,,,,,,,,,,,,,,,,,,,,,,,,,,,,,
326,NAME_FAMILY_STATUS,object,307511,6,0.0,307505,100.0,False,63.88,False,Married,196432,"[('Married', 196432), ('Single / not married', 45444), ('Civil marriage', 29775)]",307511,Married,63.88,Single / not married,14.78,"[('Married', 63.88), ('Single / not married', 14.78), ('Civil marriage', 9.68)]",False,Most frequent dominates with 63.88%,307511,0,0.0,6,low_cardinality,False,False,False,False,one_hot_encoding or label_encoding,"['Single / not married', 'Married', 'Civil marriage', 'Widow', 'Separated']",0.0,0.0,Married,63.88,1.0,16.67,False,moderately_skewed,0.6283,False,False,0.0,0.0,,,6.0,5.0,"married(196432), single / not married(45444), civil marriage(29775)","married(32283), single / not married(7036), civil marriage(4261)",,,,,,,,,,,,,,,,,,,,,,,,,,,,,,,,,,,,,,,,,,,,,,,,,,,,,,,,,,,,,,,,,,,,,,,,,,,,,,,,,,,,,,,,
327,NAME_HOUSING_TYPE,object,307511,6,0.0,307505,100.0,False,88.73,False,House / apartment,272868,"[('House / apartment', 272868), ('With parents', 14840), ('Municipal apartment', 11183)]",307511,House / apartment,88.73,With parents,4.83,"[('House / apartment', 88.73), ('With parents', 4.83), ('Municipal apartment', 3.64)]",False,Most frequent dominates with 88.73%,307511,0,0.0,6,low_cardinality,False,False,False,False,one_hot_encoding or label_encoding,"['House / apartment', 'Rented apartment', 'With parents', 'Municipal apartment', 'Office apartment']",0.0,0.0,House / apartment,88.73,2.0,33.33,True,highly_dominant,0.2789,False,False,0.0,0.0,,,6.0,6.0,"house / apartment(272868), with parents(14840), municipal apartment(11183)","house / apartment(43645), with parents(2234), municipal apartment(1617)",,,,,,,,,,,,,,,,,,,,,,,,,,,,,,,,,,,,,,,,,,,,,,,,,,,,,,,,,,,,,,,,,,,,,,,,,,,,,,,,,,,,,,,,
328,NAME_INCOME_TYPE,object,307511,8,0.0,307503,100.0,False,51.63,False,Working,158774,"[('Working', 158774), ('Commercial associate', 71617), ('Pensioner', 55362)]",307511,Working,51.63,Commercial associate,23.29,"[('Working', 51.63), ('Commercial associate', 23.29), ('Pensioner', 18.0)]",False,Most frequent dominates with 51.63%,307511,0,0.0,8,low_cardinality,False,False,False,False,one_hot_encoding or label_encoding,"['Working', 'State servant', 'Commercial associate', 'Pensioner', 'Unemployed']",0.0,0.0,Working,51.63,4.0,50.0,True,moderately_skewed,0.5666,False,False,0.0,0.0,,,8.0,7.0,"working(158774), commercial associate(71617), pensioner(55362)","working(24533), commercial associate(11402), pensioner(9273)",,,,,,,,,,,,,,,,,,,,,,,,,,,,,,,,,,,,,,,,,,,,,,,,,,,,,,,,,,,,,,,,,,,,,,,,,,,,,,,,,,,,,,,,
329,NAME_TYPE_SUITE,object,306219,7,0.0,306212,100.0,False,81.16,False,Unaccompanied,248526,"[('Unaccompanied', 248526), ('Family', 40149), ('Spouse, partner', 11370)]",306219,Unaccompanied,81.16,Family,13.11,"[('Unaccompanied', 81.16), ('Family', 13.11), ('Spouse, partner', 3.71)]",False,Most frequent dominates with 81.16%,306219,1292,0.42,7,low_cardinality,False,False,False,False,one_hot_encoding or label_encoding,"['Unaccompanied', 'Family', 'Spouse, partner', 'Children', 'Other_A']",1292.0,0.42,Unaccompanied,81.16,3.0,42.86,True,highly_dominant,0.3387,False,False,0.0,0.0,,,7.0,7.0,"unaccompanied(248526), family(40149), spouse, partner(11370)","unaccompanied(39727), family(5881), spouse, partner(1448)",,,,,,,,,,,,,,,,,,,,,,,,,,,,,,,,,,,,,,,,,,,,,,,,,,,,,,,,,,,,,,,,,,,,,,,,,,,,,,,,,,,,,,,,
330,NONLIVINGAPARTMENTS_AVG,float64,93997,386,0.41,93611,99.59,False,58.03,False,0.0,54549,"[(np.float64(0.0), 54549), (np.float64(0.0039), 13606), (np.float64(0.0077), 6351)]",93997,0.0,58.03,0.0039,14.47,"[('0.0', 58.03), ('0.0039', 14.47), ('0.0077', 6.76)]",False,Most frequent dominates with 58.03%,93997,213514,69.43,386,very_high_cardinality,True,True,False,False,"target_encoding, hash_encoding, or embedding_layer","['0.0', '0.0003', '0.0965', '0.3256', '0.2819']",,,,,,,,,,,False,0.0,0.0,,,0.0,0.0,,,93997.0,0.0,1.0,1.0,0.0088,0.0,0.0477,5.4187,0.0,0.0039,0.0039,15.5409,284.7151,54549.0,0.0,0.0,0.0039,0.0039,-0.0058,0.0097,15580.0,16.575,0.6943,0.0088,0.0,0.0477,0.0,0.0,0.0039,1.0,0.0039,15.5412,284.7303,15580.0,0.1657,highly_skewed,variable,0.0,non_normal,213514.0,0.0,0.0,0.0,-0.01,0.01,0.0,15580.0,15580.0,16.57,8942.0,9.51,-0.13,0.15,0.0,722.0,722.0,0.77,0.03,654.0,0.7,0.0,0.11,918.0,0.98,284.72,right_skewed,True,True,True,True,severe,consider_log_transform,-0.01,0.01,heavy_tailed,log1p_or_quantile_transform,True,True,False,True,True,True,False,True,1.0,drop_or_encode,near_constant,0.5803
331,NONLIVINGAPARTMENTS_MEDI,float64,93997,214,0.23,93783,99.77,False,59.68,False,0.0,56097,"[(np.float64(0.0), 56097), (np.float64(0.0039), 14126), (np.float64(0.0078), 6493)]",93997,0.0,59.68,0.0039,15.03,"[('0.0', 59.68), ('0.0039', 15.03), ('0.0078', 6.91)]",False,Most frequent dominates with 59.68%,93997,213514,69.43,214,very_high_cardinality,True,True,False,False,"target_encoding, hash_encoding, or embedding_layer","['0.0', '0.0543', '0.2756', '0.3338', '0.5241']",,,,,,,,,,,False,0.0,0.0,,,0.0,0.0,,,93997.0,0.0,1.0,1.0,0.0087,0.0,0.0474,5.4808,0.0,0.0039,0.0039,15.6717,289.477,56097.0,0.0,0.0,0.0039,0.0039,-0.0058,0.0097,15215.0,16.1867,0.6943,0.0087,0.0,0.0474,0.0,0.0,0.0039,1.0,0.0039,15.672,289.4925,15215.0,0.1619,highly_skewed,variable,0.0,non_normal,213514.0,0.0,0.0,0.0,-0.01,0.01,0.0,15215.0,15215.0,16.19,8720.0,9.28,-0.13,0.15,0.0,720.0,720.0,0.77,0.03,659.0,0.7,0.0,0.1,933.0,0.99,289.48,right_skewed,True,True,True,True,severe,consider_log_transform,-0.01,0.01,heavy_tailed,log1p_or_quantile_transform,True,True,False,True,True,True,False,True,1.0,drop_or_encode,near_constant,0.5968
332,NONLIVINGAPARTMENTS_MODE,float64,93997,167,0.18,93830,99.82,False,63.04,False,0.0,59255,"[(np.float64(0.0), 59255), (np.float64(0.0039), 14105), (np.float64(0.0078), 6413)]",93997,0.0,63.04,0.0039,15.01,"[('0.0', 63.04), ('0.0039', 15.01), ('0.0078', 6.82)]",False,Most frequent dominates with 63.04%,93997,213514,69.43,167,high_cardinality,True,False,False,True,"target_encoding, frequency_encoding, or hash_encoding","['0.0', '0.2296', '0.6226', '0.3307', '0.6965']",,,,,,,,,,,False,0.0,0.0,,,0.0,0.0,,,93997.0,0.0,1.0,1.0,0.0081,0.0,0.0463,5.7298,0.0,0.0039,0.0039,16.2516,309.7104,59255.0,0.0,0.0,0.0039,0.0039,-0.0058,0.0097,14224.0,15.1324,0.6943,0.0081,0.0,0.0463,0.0,0.0,0.0039,1.0,0.0039,16.2518,309.7269,14224.0,0.1513,highly_skewed,variable,0.0,non_normal,213514.0,0.0,0.0,0.0,-0.01,0.01,0.0,14224.0,14224.0,15.13,8057.0,8.57,-0.13,0.15,0.0,678.0,678.0,0.72,0.03,616.0,0.66,0.0,0.1,917.0,0.98,309.71,right_skewed,True,True,True,True,severe,consider_log_transform,-0.01,0.01,zero_inflated,log1p_or_tweedie,True,True,False,True,True,True,True,True,1.0,drop_or_encode,near_constant,0.6304
333,NONLIVINGAREA_AVG,float64,137829,3290,2.39,134539,97.61,False,42.61,False,0.0,58735,"[(np.float64(0.0), 58735), (np.float64(0.0012), 546), (np.float64(0.0044), 454)]",137829,0.0,42.61,0.0012,0.4,"[('0.0', 42.61), ('0.0012', 0.4), ('0.0044', 0.33)]",False,Most frequent dominates with 42.61%,137829,169682,55.18,3290,very_high_cardinality,True,True,False,False,"target_encoding, hash_encoding, or embedding_layer","['0.0', '0.1431', '0.1159', '0.1625', '0.1498']",,,,,,,,,,,False,0.0,0.0,,,0.0,0.0,,,137829.0,0.0,1.0,1.0,0.0284,0.0036,0.0695,2.4516,0.0,0.0277,0.0277,6.5589,64.91,58735.0,0.0,0.0,0.0277,0.0277,-0.0415,0.0692,16546.0,12.0047,0.5518,0.0284,0.0036,0.0695,0.0,0.0,0.0277,1.0,0.0277,6.559,64.9124,16546.0,0.12,highly_skewed,variable,0.0,non_normal,169682.0,0.0,0.03,0.03,-0.04,0.07,0.0,16546.0,16546.0,12.0,8625.0,6.26,-0.18,0.24,0.0,2412.0,2412.0,1.75,0.0,38593.0,28.0,0.0,0.32,1378.0,1.0,64.91,right_skewed,True,True,True,True,severe,consider_log_transform,-0.04,0.07,heavy_tailed,log1p_or_quantile_transform,True,True,False,True,True,False,False,True,1.0,treat_as_categorical,"high_skew, high_outliers, discrete",0.4261
334,NONLIVINGAREA_MEDI,float64,137829,3323,2.41,134506,97.59,False,44.22,False,0.0,60954,"[(np.float64(0.0), 60954), (np.float64(0.0012), 539), (np.float64(0.0022), 478)]",137829,0.0,44.22,0.0012,0.39,"[('0.0', 44.22), ('0.0012', 0.39), ('0.0022', 0.35)]",False,Most frequent dominates with 44.22%,137829,169682,55.18,3323,very_high_cardinality,True,True,False,False,"target_encoding, hash_encoding, or embedding_layer","['0.0', '0.2639', '0.1981', '0.197', '0.3368']",,,,,,,,,,,False,0.0,0.0,,,0.0,0.0,,,137829.0,0.0,1.0,1.0,0.0282,0.0031,0.0702,2.485,0.0,0.0266,0.0266,6.5088,63.6517,60954.0,0.0,0.0,0.0266,0.0266,-0.0399,0.0665,17254.0,12.5184,0.5518,0.0282,0.0031,0.0702,0.0,0.0,0.0266,1.0,0.0266,6.5088,63.654,17254.0,0.1252,highly_skewed,variable,0.0,non_normal,169682.0,0.0,0.03,0.03,-0.04,0.07,0.0,17254.0,17254.0,12.52,9389.0,6.81,-0.18,0.24,0.0,2432.0,2432.0,1.76,0.0,40518.0,29.4,0.0,0.32,1379.0,1.0,63.65,right_skewed,True,True,True,True,severe,consider_log_transform,-0.04,0.07,heavy_tailed,log1p_or_quantile_transform,True,True,False,True,True,False,False,True,1.0,treat_as_categorical,"high_skew, high_outliers, discrete",0.4422
335,NONLIVINGAREA_MODE,float64,137829,3327,2.41,134502,97.59,False,48.7,False,0.0,67126,"[(np.float64(0.0), 67126), (np.float64(0.0011), 477), (np.float64(0.0046), 466)]",137829,0.0,48.7,0.0011,0.35,"[('0.0', 48.7), ('0.0011', 0.35), ('0.0046', 0.34)]",False,Most frequent dominates with 48.7%,137829,169682,55.18,3327,very_high_cardinality,True,True,False,False,"target_encoding, hash_encoding, or embedding_layer","['0.0', '0.0356', '0.445', '0.1702', '0.1716']",,,,,,,,,,,False,0.0,0.0,,,0.0,0.0,,,137829.0,0.0,1.0,1.0,0.027,0.0011,0.0703,2.5998,0.0,0.0231,0.0231,6.5224,63.3547,67126.0,0.0,0.0,0.0231,0.0231,-0.0346,0.0578,18817.0,13.6524,0.5518,0.027,0.0011,0.0703,0.0,0.0,0.0231,1.0,0.0231,6.5225,63.3571,18817.0,0.1365,highly_skewed,variable,0.0,non_normal,169682.0,0.0,0.02,0.02,-0.03,0.06,0.0,18817.0,18817.0,13.65,11328.0,8.22,-0.18,0.24,0.0,2462.0,2462.0,1.79,0.0,53064.0,38.5,0.0,0.32,1378.0,1.0,63.35,right_skewed,True,True,True,True,severe,consider_log_transform,-0.03,0.06,heavy_tailed,log1p_or_quantile_transform,True,True,False,True,True,False,False,True,1.0,treat_as_categorical,"high_skew, high_outliers, discrete",0.487
336,OBS_30_CNT_SOCIAL_CIRCLE,float64,306490,33,0.01,306457,99.99,False,53.48,False,0.0,163910,"[(np.float64(0.0), 163910), (np.float64(1.0), 48783), (np.float64(2.0), 29808)]",306490,0.0,53.48,1.0,15.92,"[('0.0', 53.48), ('1.0', 15.92), ('2.0', 9.73)]",False,Most frequent dominates with 53.48%,306490,1021,0.33,33,medium_cardinality,False,False,False,True,"target_encoding, leave_as_integer, or one_hot_if_dense","['2.0', '7.0', '13.0', '17.0', '24.0']",,,,,,,,,,,False,0.0,0.0,,,0.0,0.0,,,306490.0,0.0,348.0,348.0,1.4222,0.0,2.401,1.6882,0.0,2.0,2.0,12.1395,1424.7923,163910.0,0.0,0.0,2.0,2.0,-3.0,5.0,19971.0,6.516,0.0033,1.4222,0.0,2.401,0.0,0.0,2.0,348.0,2.0,12.1396,1424.8156,19971.0,0.0652,highly_skewed,variable,0.0,non_normal,1021.0,0.0,2.0,2.0,-3.0,5.0,0.0,19971.0,19971.0,6.52,6161.0,2.01,-5.78,8.63,0.0,6161.0,6161.0,2.01,1.62,6161.0,2.01,0.0,10.0,2782.0,0.91,1424.79,right_skewed,True,True,True,True,high,robust_scaling_or_transform,-3.0,5.0,heavy_tailed,log1p_or_quantile_transform,True,True,False,True,True,True,False,True,1.0,drop_or_encode,near_constant,0.5348
337,OBS_60_CNT_SOCIAL_CIRCLE,float64,306490,33,0.01,306457,99.99,False,53.73,False,0.0,164666,"[(np.float64(0.0), 164666), (np.float64(1.0), 48870), (np.float64(2.0), 29766)]",306490,0.0,53.73,1.0,15.95,"[('0.0', 53.73), ('1.0', 15.95), ('2.0', 9.71)]",False,Most frequent dominates with 53.73%,306490,1021,0.33,33,medium_cardinality,False,False,False,True,"target_encoding, leave_as_integer, or one_hot_if_dense","['2.0', '7.0', '13.0', '16.0', '24.0']",,,,,,,,,,,False,0.0,0.0,,,0.0,0.0,,,306490.0,0.0,344.0,344.0,1.4053,0.0,2.3798,1.6935,0.0,2.0,2.0,12.0708,1409.6815,164666.0,0.0,0.0,2.0,2.0,-3.0,5.0,19564.0,6.3832,0.0033,1.4053,0.0,2.3798,0.0,0.0,2.0,344.0,2.0,12.0708,1409.7046,19564.0,0.0638,highly_skewed,variable,0.0,non_normal,1021.0,0.0,2.0,2.0,-3.0,5.0,0.0,19564.0,19564.0,6.38,5985.0,1.95,-5.73,8.54,0.0,5985.0,5985.0,1.95,1.61,5985.0,1.95,0.0,10.0,2691.0,0.88,1409.68,right_skewed,True,True,True,True,high,robust_scaling_or_transform,-3.0,5.0,heavy_tailed,log1p_or_quantile_transform,True,True,False,True,True,True,False,True,1.0,drop_or_encode,near_constant,0.5373
338,OCCUPATION_TYPE,object,211120,18,0.01,211102,99.99,False,26.14,False,Laborers,55186,"[('Laborers', 55186), ('Sales staff', 32102), ('Core staff', 27570)]",211120,Laborers,26.14,Sales staff,15.21,"[('Laborers', 26.14), ('Sales staff', 15.21), ('Core staff', 13.06)]",False,Most frequent dominates with 26.14%,211120,96391,31.35,18,medium_cardinality,False,False,False,False,"target_encoding, leave_as_integer, or one_hot_if_dense","['Laborers', 'Managers', 'Cleaning staff', 'Medicine staff', 'Waiters/barmen staff']",96391.0,31.35,Laborers,26.14,6.0,33.33,True,relatively_balanced,0.7917,False,False,0.0,0.0,,,18.0,18.0,"laborers(55186), sales staff(32102), core staff(27570)","laborers(8655), sales staff(5072), core staff(4361)",,,,,,,,,,,,,,,,,,,,,,,,,,,,,,,,,,,,,,,,,,,,,,,,,,,,,,,,,,,,,,,,,,,,,,,,,,,,,,,,,,,,,,,,
339,ORGANIZATION_TYPE,object,307511,58,0.02,307453,99.98,False,22.11,False,Business Entity Type 3,67992,"[('Business Entity Type 3', 67992), ('XNA', 55374), ('Self-employed', 38412)]",307511,Business Entity Type 3,22.11,XNA,18.01,"[('Business Entity Type 3', 22.11), ('XNA', 18.01), ('Self-employed', 12.49)]",False,Most frequent dominates with 22.11%,307511,0,0.0,58,high_cardinality,True,False,False,False,"target_encoding, frequency_encoding, or hash_encoding","['Business Entity Type 3', 'Construction', 'Security', 'Hotel', 'Mobile']",0.0,0.0,Business Entity Type 3,22.11,41.0,70.69,True,relatively_balanced,0.7003,False,False,0.0,0.0,,,58.0,58.0,"business entity type 3(67992), xna(55374), self-employed(38412)","business entity type 3(10840), xna(9274), self-employed(5920)",,,,,,,,,,,,,,,,,,,,,,,,,,,,,,,,,,,,,,,,,,,,,,,,,,,,,,,,,,,,,,,,,,,,,,,,,,,,,,,,,,,,,,,,
340,OWN_CAR_AGE,float64,104582,62,0.06,104520,99.94,False,7.1,False,7.0,7424,"[(np.float64(7.0), 7424), (np.float64(6.0), 6382), (np.float64(3.0), 6370)]",104582,7.0,7.1,6.0,6.1,"[('7.0', 7.1), ('6.0', 6.1), ('3.0', 6.09)]",False,Most frequent dominates with 7.1%,104582,202929,65.99,62,high_cardinality,True,False,False,True,"target_encoding, frequency_encoding, or hash_encoding","['26.0', '20.0', '0.0', '41.0', '49.0']",,,,,,,,,,,False,0.0,0.0,,,0.0,0.0,,,104582.0,0.0,91.0,91.0,12.0611,9.0,11.9448,0.9904,5.0,15.0,10.0,2.7454,9.2144,2134.0,0.0,5.0,15.0,10.0,-10.0,30.0,4932.0,4.7159,0.6599,12.0611,9.0,11.9448,0.0,5.0,15.0,91.0,10.0,2.7454,9.2149,4932.0,0.0472,highly_skewed,variable,0.0,non_normal,202929.0,5.0,15.0,10.0,-10.0,30.0,0.0,4932.0,4932.0,4.72,3375.0,3.23,-23.77,47.9,0.0,3369.0,3369.0,3.22,5.0,4142.0,3.96,0.0,64.0,894.0,0.85,9.21,right_skewed,True,True,True,True,moderate,log_transform_or_winsorize,-10.0,30.0,heavy_tailed,log1p_or_quantile_transform,True,False,True,True,True,True,False,True,0.8,drop_or_encode,near_constant,0.0204
341,POS_CNT_INSTALMENT_FUTURE_MAX,float64,289420,62,0.02,289358,99.98,False,28.21,False,12.0,81641,"[(np.float64(12.0), 81641), (np.float64(24.0), 49542), (np.float64(10.0), 26214)]",289420,12.0,28.21,24.0,17.12,"[('12.0', 28.21), ('24.0', 17.12), ('10.0', 9.06)]",False,Most frequent dominates with 28.21%,289420,18091,5.88,62,high_cardinality,True,False,False,True,"target_encoding, frequency_encoding, or hash_encoding","['24.0', '60.0', '9.0', '29.0', '26.0']",,,,,,,,,,,False,0.0,0.0,,,0.0,0.0,,,289420.0,0.0,84.0,84.0,20.3131,12.0,14.0006,0.6892,12.0,24.0,12.0,1.2912,0.9443,497.0,0.0,12.0,24.0,12.0,-6.0,42.0,27660.0,9.557,0.0588,20.3131,12.0,14.0006,0.0,12.0,24.0,84.0,12.0,1.2912,0.9443,27660.0,0.0956,highly_skewed,variable,0.0,non_normal,18091.0,12.0,24.0,12.0,-6.0,42.0,0.0,27660.0,27660.0,9.56,50.0,0.02,-21.69,62.31,0.0,35.0,35.0,0.01,6.0,27655.0,9.56,4.0,60.0,1574.0,0.54,0.94,right_skewed,False,True,True,True,high,log_transform_or_winsorize,-6.0,42.0,right_skewed,log1p,True,True,False,True,True,True,False,True,0.8,drop_or_encode,near_constant,0.0017
342,POS_CNT_INSTALMENT_FUTURE_MEAN,float64,289420,39840,13.77,249580,86.23,False,3.59,False,6.0,10393,"[(np.float64(6.0), 10393), (np.float64(3.0), 9770), (np.float64(5.0), 6924)]",289420,6.0,3.59,3.0,3.38,"[('6.0', 3.59), ('3.0', 3.38), ('5.0', 2.39)]",False,Most frequent dominates with 3.59%,289420,18091,5.88,39840,very_high_cardinality,True,True,False,False,"target_encoding, hash_encoding, or embedding_layer","['15.0', '9.140350877192985', '19.52830188679245', '18.704545454545453', '9.328358208955224']",,,,,,,,,,,False,0.0,0.0,,,0.0,0.0,,,289420.0,0.0,60.0,60.0,9.1785,6.95,6.5326,0.7117,5.0,11.6745,6.6745,1.9206,5.1689,497.0,0.0,5.0,11.6745,6.6745,-5.0117,21.6862,16223.0,5.6053,0.0588,9.1785,6.95,6.5326,0.0,5.0,11.6745,60.0,6.6745,1.9206,5.169,16223.0,0.0561,highly_skewed,variable,0.0,non_normal,18091.0,5.0,11.67,6.67,-5.01,21.69,0.0,16223.0,16223.0,5.61,3135.0,1.08,-10.42,28.78,0.0,5325.0,5325.0,1.84,2.69,18164.0,6.28,1.39,32.24,5790.0,2.0,5.17,right_skewed,True,True,True,True,high,robust_scaling_or_transform,-5.01,21.69,heavy_tailed,log1p_or_quantile_transform,True,True,False,True,False,False,False,True,0.8,bin,"high_skew, high_outliers",0.0017
343,POS_CNT_INSTALMENT_FUTURE_SUM,float64,289444,2892,1.0,286552,99.0,False,3.75,False,78.0,10864,"[(np.float64(78.0), 10864), (np.float64(21.0), 10782), (np.float64(55.0), 7438)]",289444,78.0,3.75,21.0,3.73,"[('78.0', 3.75), ('21.0', 3.73), ('55.0', 2.57)]",False,Most frequent dominates with 3.75%,289444,18067,5.88,2892,very_high_cardinality,True,True,False,False,"target_encoding, hash_encoding, or embedding_layer","['285.0', '41.0', '1050.0', '1707.0', '2569.0']",,,,,,,,,,,False,0.0,0.0,,,0.0,0.0,,,289444.0,0.0,5539.0,5539.0,308.19,163.0,380.2564,1.2338,72.0,393.0,321.0,2.6175,9.6201,521.0,0.0,72.0,393.0,321.0,-409.5,874.5,23391.0,8.0814,0.0588,308.19,163.0,380.2564,0.0,72.0,393.0,5539.0,321.0,2.6175,9.6203,23391.0,0.0808,highly_skewed,variable,0.0,non_normal,18067.0,72.0,393.0,321.0,-409.5,874.5,0.0,23391.0,23391.0,8.08,7978.0,2.76,-832.58,1448.96,0.0,6448.0,6448.0,2.23,115.0,29995.0,10.36,10.0,1809.0,5217.0,1.8,9.62,right_skewed,True,True,True,True,high,robust_scaling_or_transform,-409.5,874.5,heavy_tailed,log1p_or_quantile_transform,True,True,False,True,True,True,False,True,0.8,drop_or_encode,near_constant,0.0018
344,POS_CNT_INSTALMENT_MAX,float64,289420,61,0.02,289359,99.98,False,28.68,False,12.0,83019,"[(np.float64(12.0), 83019), (np.float64(24.0), 49876), (np.float64(10.0), 27584)]",289420,12.0,28.68,24.0,17.23,"[('12.0', 28.68), ('24.0', 17.23), ('10.0', 9.53)]",False,Most frequent dominates with 28.68%,289420,18091,5.88,61,high_cardinality,True,False,False,True,"target_encoding, frequency_encoding, or hash_encoding","['24.0', '54.0', '25.0', '27.0', '28.0']",,,,,,,,,,,False,0.0,0.0,,,0.0,0.0,,,289420.0,1.0,84.0,83.0,20.4262,12.0,13.9496,0.6829,12.0,24.0,12.0,1.3049,0.9646,0.0,0.0,12.0,24.0,12.0,-6.0,42.0,27794.0,9.6033,0.0588,20.4262,12.0,13.9496,1.0,12.0,24.0,84.0,12.0,1.3049,0.9647,27794.0,0.096,highly_skewed,variable,0.0,non_normal,18091.0,12.0,24.0,12.0,-6.0,42.0,0.0,27794.0,27794.0,9.6,199.0,0.07,-21.42,62.27,0.0,41.0,41.0,0.01,6.0,27703.0,9.57,4.0,60.0,527.0,0.18,0.96,right_skewed,False,True,True,True,high,log_transform_or_winsorize,-6.0,42.0,right_skewed,log1p,True,True,False,True,True,True,False,True,0.8,drop_or_encode,near_constant,0.0
345,POS_CNT_INSTALMENT_MEAN,float64,289420,41222,14.24,248198,85.76,False,7.5,False,12.0,21711,"[(np.float64(12.0), 21711), (np.float64(6.0), 15210), (np.float64(10.0), 13502)]",289420,12.0,7.5,6.0,5.26,"[('12.0', 7.5), ('6.0', 5.26), ('10.0', 4.67)]",False,Most frequent dominates with 7.5%,289420,18091,5.88,41222,very_high_cardinality,True,True,False,False,"target_encoding, hash_encoding, or embedding_layer","['24.0', '36.03448275862069', '18.215686274509803', '23.121951219512194', '13.819148936170214']",,,,,,,,,,,False,0.0,0.0,,,0.0,0.0,,,289420.0,1.0,72.0,71.0,14.6398,12.0,7.9677,0.5443,9.625,18.5556,8.9306,1.4995,3.0417,0.0,0.0,9.625,18.5556,8.9306,-3.7708,31.9514,11725.0,4.0512,0.0588,14.6398,12.0,7.9677,1.0,9.625,18.5556,72.0,8.9306,1.4995,3.0418,11725.0,0.0405,highly_skewed,variable,0.0,non_normal,18091.0,9.62,18.56,8.93,-3.77,31.95,0.0,11725.0,11725.0,4.05,1589.0,0.55,-9.26,38.54,0.0,3917.0,3917.0,1.35,3.88,11529.0,3.98,4.0,40.88,4087.0,1.41,3.04,right_skewed,True,True,True,True,moderate,log_transform_or_winsorize,-3.77,31.95,heavy_tailed,log1p_or_quantile_transform,True,False,True,True,False,False,False,True,0.8,bin,high_skew,0.0
346,POS_CNT_INSTALMENT_SUM,float64,289444,4194,1.45,285250,98.55,False,3.14,False,156.0,9095,"[(np.float64(156.0), 9095), (np.float64(42.0), 8317), (np.float64(110.0), 6001)]",289444,156.0,3.14,42.0,2.87,"[('156.0', 3.14), ('42.0', 2.87), ('110.0', 2.07)]",False,Most frequent dominates with 3.14%,289444,18067,5.88,4194,very_high_cardinality,True,True,False,False,"target_encoding, hash_encoding, or embedding_layer","['456.0', '2953.0', '1851.0', '2582.0', '4267.0']",,,,,,,,,,,False,0.0,0.0,,,0.0,0.0,,,289444.0,0.0,7812.0,7812.0,501.4822,288.0,585.1566,1.1669,126.0,660.0,534.0,2.6045,10.0244,24.0,0.0,126.0,660.0,534.0,-675.0,1461.0,19889.0,6.8715,0.0588,501.4822,288.0,585.1566,0.0,126.0,660.0,7812.0,534.0,2.6046,10.0246,19889.0,0.0687,highly_skewed,variable,0.0,non_normal,18067.0,126.0,660.0,534.0,-675.0,1461.0,0.0,19889.0,19889.0,6.87,6113.0,2.11,-1253.99,2256.95,0.0,6167.0,6167.0,2.13,200.0,24676.0,8.53,20.0,2784.0,4971.0,1.72,10.02,right_skewed,True,True,True,True,high,robust_scaling_or_transform,-675.0,1461.0,heavy_tailed,log1p_or_quantile_transform,True,True,False,True,True,False,False,True,0.8,treat_as_categorical,"high_skew, high_outliers, discrete",0.0001
347,POS_MONTHS_BALANCE_MAX,float64,289444,96,0.03,289348,99.97,False,23.66,False,-1.0,68476,"[(np.float64(-1.0), 68476), (np.float64(-2.0), 58628), (np.float64(-3.0), 12527)]",289444,-1.0,23.66,-2.0,20.26,"[('-1.0', 23.66), ('-2.0', 20.26), ('-3.0', 4.33)]",False,Most frequent dominates with 23.66%,289444,18067,5.88,96,high_cardinality,True,False,False,True,"target_encoding, frequency_encoding, or hash_encoding","['-1.0', '-9.0', '-40.0', '-21.0', '-77.0']",,,,,,,,,,,False,0.0,0.0,,,0.0,0.0,,,289444.0,-96.0,-1.0,95.0,-12.5607,-4.0,18.6629,1.4858,-15.0,-2.0,13.0,-2.2933,4.9258,0.0,289444.0,-15.0,-2.0,13.0,-34.5,17.5,31619.0,10.924,0.0588,-12.5607,-4.0,18.6629,-96.0,-15.0,-2.0,-1.0,13.0,-2.2933,4.9259,31619.0,0.1092,highly_skewed,variable,0.0,non_normal,18067.0,-15.0,-2.0,13.0,-34.5,17.5,31619.0,0.0,31619.0,10.92,17064.0,5.9,-68.55,43.43,9931.0,0.0,9931.0,3.43,3.0,55946.0,19.33,-84.0,-1.0,2858.0,0.99,4.93,left_skewed,True,True,True,True,severe,consider_log_transform,-34.5,17.5,heavy_tailed,quantile_transform_or_robust_scaler,True,True,False,True,True,True,False,True,0.8,drop_or_encode,near_constant,0.0
348,POS_MONTHS_BALANCE_MIN,float64,289444,96,0.03,289348,99.97,False,9.56,False,-96.0,27659,"[(np.float64(-96.0), 27659), (np.float64(-16.0), 4558), (np.float64(-17.0), 4354)]",289444,-96.0,9.56,-16.0,1.57,"[('-96.0', 9.56), ('-16.0', 1.57), ('-17.0', 1.5)]",False,Most frequent dominates with 9.56%,289444,18067,5.88,96,high_cardinality,True,False,False,True,"target_encoding, frequency_encoding, or hash_encoding","['-19.0', '-26.0', '-29.0', '-38.0', '-46.0']",,,,,,,,,,,False,0.0,0.0,,,0.0,0.0,,,289444.0,-96.0,-1.0,95.0,-52.7033,-51.0,29.6105,0.5618,-81.0,-25.0,56.0,-0.0417,-1.4265,0.0,289444.0,-81.0,-25.0,56.0,-165.0,59.0,0.0,0.0,0.0588,-52.7033,-51.0,29.6105,-96.0,-81.0,-25.0,-1.0,56.0,-0.0417,-1.4265,0.0,0.0,approximately_symmetric,variable,0.0,non_normal,18067.0,-81.0,-25.0,56.0,-165.0,59.0,0.0,0.0,0.0,0.0,0.0,0.0,-141.53,36.13,0.0,0.0,0.0,0.0,28.0,0.0,0.0,-96.0,-6.0,2176.0,0.75,-1.43,light_tailed,False,False,False,False,none,none_needed,-165.0,59.0,approximately_normal,none_or_standard_scaler,False,False,False,True,True,True,False,True,0.2,drop_or_encode,near_constant,0.0
349,POS_MONTHS_BALANCE_SIZE,float64,289444,227,0.08,289217,99.92,False,4.72,False,13.0,13661,"[(np.float64(13.0), 13661), (np.float64(7.0), 12848), (np.float64(11.0), 12472)]",289444,13.0,4.72,7.0,4.44,"[('13.0', 4.72), ('7.0', 4.44), ('11.0', 4.31)]",False,Most frequent dominates with 4.72%,289444,18067,5.88,227,very_high_cardinality,True,True,False,False,"target_encoding, hash_encoding, or embedding_layer","['19.0', '63.0', '57.0', '112.0', '202.0']",,,,,,,,,,,False,0.0,0.0,,,0.0,0.0,,,289444.0,1.0,295.0,294.0,29.5165,22.0,24.3045,0.8234,12.0,39.0,27.0,1.8332,4.6427,0.0,0.0,12.0,39.0,27.0,-28.5,79.5,14121.0,4.8787,0.0588,29.5165,22.0,24.3045,1.0,12.0,39.0,295.0,27.0,1.8332,4.6428,14121.0,0.0488,highly_skewed,variable,0.0,non_normal,18067.0,12.0,39.0,27.0,-28.5,79.5,0.0,14121.0,14121.0,4.88,2312.0,0.8,-43.4,102.43,0.0,5106.0,5106.0,1.76,12.0,11460.0,3.96,4.0,115.0,4796.0,1.66,4.64,right_skewed,True,True,True,True,moderate,log_transform_or_winsorize,-28.5,79.5,heavy_tailed,log1p_or_quantile_transform,True,False,True,True,True,True,False,True,0.8,drop_or_encode,near_constant,0.0
350,POS_NAME_CONTRACT_STATUS_Active_MEAN,float64,289444,1922,0.66,287522,99.34,False,9.71,False,1.0,28106,"[(np.float64(1.0), 28106), (np.float64(0.8571428571428571), 15618), (np.float64(0.9230769230769232), 13887)]",289444,1.0,9.71,0.8571428571428571,5.4,"[('1.0', 9.71), ('0.8571428571428571', 5.4), ('0.9230769230769232', 4.8)]",False,Most frequent dominates with 9.71%,289444,18067,5.88,1922,very_high_cardinality,True,True,False,False,"target_encoding, hash_encoding, or embedding_layer","['1.0', '0.5288461538461539', '0.8514851485148515', '0.9669421487603306', '0.4455445544554455']",,,,,,,,,,,False,0.0,0.0,,,0.0,0.0,,,289444.0,0.0,1.0,1.0,0.9047,0.9167,0.0747,0.0826,0.875,0.9459,0.0709,-3.2036,23.9568,203.0,0.0,0.875,0.9459,0.0709,0.7686,1.0524,11079.0,3.8277,0.0588,0.9047,0.9167,0.0747,0.0,0.875,0.9459,1.0,0.0709,-3.2036,23.9572,11079.0,0.0383,highly_skewed,variable,0.0,non_normal,18067.0,0.88,0.95,0.07,0.77,1.05,11079.0,0.0,11079.0,3.83,2840.0,0.98,0.68,1.13,4510.0,0.0,4510.0,1.56,0.03,6559.0,2.27,0.67,1.0,2842.0,0.98,23.96,left_skewed,True,True,True,True,moderate,winsorize_lower_or_clip,0.77,1.05,heavy_tailed,quantile_transform_or_robust_scaler,True,False,True,True,True,True,False,True,0.8,drop_or_encode,near_constant,0.0007
351,POS_NAME_CONTRACT_STATUS_Amortized debt_MEAN,float64,289444,12,0.0,289432,100.0,False,100.0,True,0.0,289433,"[(np.float64(0.0), 289433), (np.float64(0.4123711340206185), 1), (np.float64(0.3252032520325203), 1)]",289444,0.0,100.0,0.4123711340206185,0.0,"[('0.0', 100.0), ('0.4123711340206185', 0.0), ('0.3252032520325203', 0.0)]",True,Appears uniformly dominated,289444,18067,5.88,12,medium_cardinality,False,False,False,True,"target_encoding, leave_as_integer, or one_hot_if_dense","['0.0', '0.3252032520325203', '0.4495412844036697', '0.2702702702702703', '0.4810126582278481']",,,,,,,,,,,False,0.0,0.0,,,0.0,0.0,,,289444.0,0.0,0.5672,0.5672,0.0,0.0,0.0026,166.5554,0.0,0.0,0.0,174.456,31634.4216,289433.0,0.0,0.0,0.0,0.0,0.0,0.0,11.0,0.0038,0.0588,0.0,0.0,0.0026,0.0,0.0,0.0,0.5672,0.0,174.4569,31634.9681,0.0,0.0,highly_skewed,variable,0.0,non_normal,18067.0,0.0,0.0,0.0,0.0,0.0,0.0,11.0,11.0,0.0,11.0,0.0,-0.01,0.01,0.0,11.0,11.0,0.0,0.0,11.0,0.0,0.0,0.0,11.0,0.0,31634.42,right_skewed,True,True,True,True,low,investigate_individually,0.0,0.0,zero_inflated,log1p_or_tweedie,True,False,False,True,True,True,True,True,0.5,drop_or_encode,near_constant,1.0
352,POS_NAME_CONTRACT_STATUS_Approved_MEAN,float64,289444,224,0.08,289220,99.92,False,98.64,True,0.0,285514,"[(np.float64(0.0), 285514), (np.float64(0.125), 89), (np.float64(0.0714285714285714), 87)]",289444,0.0,98.64,0.125,0.03,"[('0.0', 98.64), ('0.125', 0.03), ('0.0714285714285714', 0.03)]",True,Appears uniformly dominated,289444,18067,5.88,224,very_high_cardinality,True,True,False,False,"target_encoding, hash_encoding, or embedding_layer","['0.0', '0.0232558139534883', '0.0140845070422535', '0.08', '0.0059171597633136']",,,,,,,,,,,False,0.0,0.0,,,0.0,0.0,,,289444.0,0.0,1.0,1.0,0.0006,0.0,0.0075,12.5501,0.0,0.0,0.0,28.8341,1811.095,285514.0,0.0,0.0,0.0,0.0,0.0,0.0,3930.0,1.3578,0.0588,0.0006,0.0,0.0075,0.0,0.0,0.0,1.0,0.0,28.8343,1811.1263,0.0,0.0,highly_skewed,variable,0.0,non_normal,18067.0,0.0,0.0,0.0,0.0,0.0,0.0,3930.0,3930.0,1.36,3930.0,1.36,-0.02,0.02,0.0,2396.0,2396.0,0.83,0.01,2148.0,0.74,0.0,0.02,2885.0,1.0,1811.09,right_skewed,True,True,True,True,moderate,log_transform_or_winsorize,0.0,0.0,zero_inflated,log1p_or_tweedie,True,False,False,True,True,True,True,True,0.7,drop_or_encode,near_constant,0.9864
353,POS_NAME_CONTRACT_STATUS_Canceled_MEAN,float64,289444,12,0.0,289432,100.0,False,100.0,True,0.0,289432,"[(np.float64(0.0), 289432), (np.float64(0.0769230769230769), 2), (np.float64(0.0120481927710843), 1)]",289444,0.0,100.0,0.0769230769230769,0.0,"[('0.0', 100.0), ('0.0769230769230769', 0.0), ('0.0120481927710843', 0.0)]",True,Appears uniformly dominated,289444,18067,5.88,12,medium_cardinality,False,False,False,True,"target_encoding, leave_as_integer, or one_hot_if_dense","['0.0', '0.0769230769230769', '0.027027027027027', '0.0142857142857142', '0.125']",,,,,,,,,,,False,0.0,0.0,,,0.0,0.0,,,289444.0,0.0,0.3333,0.3333,0.0,0.0,0.0007,233.5691,0.0,0.0,0.0,361.1399,153096.6566,289432.0,0.0,0.0,0.0,0.0,0.0,0.0,12.0,0.0041,0.0588,0.0,0.0,0.0007,0.0,0.0,0.0,0.3333,0.0,361.1417,153099.3013,0.0,0.0,highly_skewed,variable,0.0,non_normal,18067.0,0.0,0.0,0.0,0.0,0.0,0.0,12.0,12.0,0.0,12.0,0.0,-0.0,0.0,0.0,12.0,12.0,0.0,0.0,12.0,0.0,0.0,0.0,12.0,0.0,153096.66,right_skewed,True,True,True,True,low,investigate_individually,0.0,0.0,zero_inflated,log1p_or_tweedie,True,False,False,True,True,True,True,True,0.5,drop_or_encode,near_constant,1.0
354,POS_NAME_CONTRACT_STATUS_Completed_MEAN,float64,289444,1560,0.54,287884,99.46,False,11.13,False,0.0,32228,"[(np.float64(0.0), 32228), (np.float64(0.0769230769230769), 14806), (np.float64(0.1428571428571428), 14424)]",289444,0.0,11.13,0.0769230769230769,5.12,"[('0.0', 11.13), ('0.0769230769230769', 5.12), ('0.1428571428571428', 4.98)]",False,Most frequent dominates with 11.13%,289444,18067,5.88,1560,very_high_cardinality,True,True,False,False,"target_encoding, hash_encoding, or embedding_layer","['0.0', '0.0109890109890109', '0.0642857142857142', '0.0113636363636363', '0.0548780487804878']",,,,,,,,,,,False,0.0,0.0,,,0.0,0.0,,,289444.0,0.0,1.0,1.0,0.083,0.0769,0.0638,0.7683,0.0476,0.1071,0.0595,3.5158,33.0287,32228.0,0.0,0.0476,0.1071,0.0595,-0.0417,0.1964,12370.0,4.2737,0.0588,0.083,0.0769,0.0638,0.0,0.0476,0.1071,1.0,0.0595,3.5159,33.0293,12370.0,0.0427,highly_skewed,variable,0.0,non_normal,18067.0,0.05,0.11,0.06,-0.04,0.2,0.0,12370.0,12370.0,4.27,2730.0,0.94,-0.11,0.27,0.0,2735.0,2735.0,0.94,0.03,5550.0,1.92,0.0,0.25,2828.0,0.98,33.03,right_skewed,True,True,True,True,moderate,log_transform_or_winsorize,-0.04,0.2,heavy_tailed,log1p_or_quantile_transform,True,False,True,True,True,True,False,True,0.8,drop_or_encode,near_constant,0.1113
355,POS_NAME_CONTRACT_STATUS_Demand_MEAN,float64,289444,234,0.08,289210,99.92,False,99.89,True,0.0,289132,"[(np.float64(0.0), 289132), (np.float64(0.125), 7), (np.float64(0.0714285714285714), 5)]",289444,0.0,99.89,0.125,0.0,"[('0.0', 99.89), ('0.125', 0.0), ('0.0714285714285714', 0.0)]",True,Appears uniformly dominated,289444,18067,5.88,234,very_high_cardinality,True,True,False,False,"target_encoding, hash_encoding, or embedding_layer","['0.0', '0.0769230769230769', '0.4890510948905109', '0.0212765957446808', '0.119047619047619']",,,,,,,,,,,False,0.0,0.0,,,0.0,0.0,,,289444.0,0.0,0.7931,0.7931,0.0003,0.0,0.0119,41.5454,0.0,0.0,0.0,48.7916,2530.6245,289132.0,0.0,0.0,0.0,0.0,0.0,0.0,312.0,0.1078,0.0588,0.0003,0.0,0.0119,0.0,0.0,0.0,0.7931,0.0,48.7919,2530.6682,0.0,0.0,highly_skewed,variable,0.0,non_normal,18067.0,0.0,0.0,0.0,0.0,0.0,0.0,312.0,312.0,0.11,312.0,0.11,-0.04,0.04,0.0,250.0,250.0,0.09,0.01,239.0,0.08,0.0,0.0,312.0,0.11,2530.62,right_skewed,True,True,True,True,low,investigate_individually,0.0,0.0,zero_inflated,log1p_or_tweedie,True,False,False,True,True,True,True,True,0.7,drop_or_encode,near_constant,0.9989
356,POS_NAME_CONTRACT_STATUS_Returned to the store_MEAN,float64,289444,228,0.08,289216,99.92,False,98.53,True,0.0,285184,"[(np.float64(0.0), 285184), (np.float64(0.0909090909090909), 134), (np.float64(0.1), 113)]",289444,0.0,98.53,0.0909090909090909,0.05,"[('0.0', 98.53), ('0.0909090909090909', 0.05), ('0.1', 0.04)]",True,Appears uniformly dominated,289444,18067,5.88,228,very_high_cardinality,True,True,False,False,"target_encoding, hash_encoding, or embedding_layer","['0.0', '0.0294117647058823', '0.3333333333333333', '0.0109890109890109', '0.0066225165562913']",,,,,,,,,,,False,0.0,0.0,,,0.0,0.0,,,289444.0,0.0,1.0,1.0,0.0008,0.0,0.0102,12.6452,0.0,0.0,0.0,38.7539,2921.6941,285184.0,0.0,0.0,0.0,0.0,0.0,0.0,4260.0,1.4718,0.0588,0.0008,0.0,0.0102,0.0,0.0,0.0,1.0,0.0,38.7541,2921.7446,0.0,0.0,highly_skewed,variable,0.0,non_normal,18067.0,0.0,0.0,0.0,0.0,0.0,0.0,4260.0,4260.0,1.47,4260.0,1.47,-0.03,0.03,0.0,2445.0,2445.0,0.84,0.01,2268.0,0.78,0.0,0.03,2870.0,0.99,2921.69,right_skewed,True,True,True,True,moderate,log_transform_or_winsorize,0.0,0.0,zero_inflated,log1p_or_tweedie,True,False,False,True,True,True,True,True,0.7,drop_or_encode,near_constant,0.9853
357,POS_NAME_CONTRACT_STATUS_Signed_MEAN,float64,289444,826,0.29,288618,99.71,False,80.01,False,0.0,231574,"[(np.float64(0.0), 231574), (np.float64(0.0714285714285714), 1552), (np.float64(0.0833333333333333), 1508)]",289444,0.0,80.01,0.0714285714285714,0.54,"[('0.0', 80.01), ('0.0714285714285714', 0.54), ('0.0833333333333333', 0.52)]",False,Most frequent dominates with 80.01%,289444,18067,5.88,826,very_high_cardinality,True,True,False,False,"target_encoding, hash_encoding, or embedding_layer","['0.0', '0.018348623853211', '0.0163265306122449', '0.65', '0.3043478260869565']",,,,,,,,,,,False,0.0,0.0,,,0.0,0.0,,,289444.0,0.0,1.0,1.0,0.0106,0.0,0.0326,3.081,0.0,0.0,0.0,8.2557,146.0588,231574.0,0.0,0.0,0.0,0.0,0.0,0.0,57870.0,19.9935,0.0588,0.0106,0.0,0.0326,0.0,0.0,0.0,1.0,0.0,8.2557,146.0613,0.0,0.0,highly_skewed,variable,0.0,non_normal,18067.0,0.0,0.0,0.0,0.0,0.0,0.0,57870.0,57870.0,19.99,57870.0,19.99,-0.09,0.11,0.0,5993.0,5993.0,2.07,0.02,5149.0,1.78,0.0,0.14,2499.0,0.86,146.06,right_skewed,True,True,True,True,severe,consider_log_transform,0.0,0.0,zero_inflated,log1p_or_tweedie,True,True,False,True,True,True,True,True,0.7,drop_or_encode,near_constant,0.8001
358,POS_NAME_CONTRACT_STATUS_XNA_MEAN,float64,289444,3,0.0,289441,100.0,False,100.0,True,0.0,289442,"[(np.float64(0.0), 289442), (np.float64(0.00625), 1), (np.float64(0.0061349693251533), 1)]",289444,0.0,100.0,0.00625,0.0,"[('0.0', 100.0), ('0.00625', 0.0), ('0.0061349693251533', 0.0)]",True,Appears uniformly dominated,289444,18067,5.88,3,low_cardinality,False,False,False,True,one_hot_encoding or label_encoding,"['0.0', '0.00625', '0.0061349693251533']",,,,,,,,,,,False,0.0,0.0,,,0.0,0.0,,,289444.0,0.0,0.0063,0.0063,0.0,0.0,0.0,380.4392,0.0,0.0,0.0,380.4687,144766.9297,289442.0,0.0,0.0,0.0,0.0,0.0,0.0,2.0,0.0007,0.0588,0.0,0.0,0.0,0.0,0.0,0.0,0.0062,0.0,380.4707,144769.4305,0.0,0.0,highly_skewed,variable,0.0,non_normal,18067.0,0.0,0.0,0.0,0.0,0.0,0.0,2.0,2.0,0.0,2.0,0.0,-0.0,0.0,0.0,2.0,2.0,0.0,0.0,2.0,0.0,0.0,0.0,2.0,0.0,144766.93,right_skewed,True,True,True,True,low,investigate_individually,0.0,0.0,zero_inflated,log1p_or_tweedie,True,False,False,True,True,True,True,False,0.5,drop_or_encode,near_constant,1.0
359,POS_NAME_CONTRACT_STATUS_nan_MEAN,float64,289444,1,0.0,289443,100.0,True,100.0,True,0.0,289444,"[(np.float64(0.0), 289444)]",289444,0.0,100.0,,,"[('0.0', 100.0)]",True,Appears uniformly dominated,289444,18067,5.88,1,single_category,False,False,False,False,drop_column (constant),['0.0'],,,,,,,,,,,False,0.0,0.0,,,0.0,0.0,,,289444.0,0.0,0.0,0.0,0.0,0.0,0.0,,0.0,0.0,0.0,,,289444.0,0.0,0.0,0.0,0.0,0.0,0.0,0.0,0.0,0.0588,0.0,0.0,0.0,0.0,0.0,0.0,0.0,0.0,0.0,0.0,0.0,0.0,approximately_symmetric,constant,,constant,18067.0,0.0,0.0,0.0,0.0,0.0,0.0,0.0,0.0,0.0,0.0,0.0,,,0.0,0.0,0.0,0.0,,0.0,0.0,0.0,0.0,0.0,0.0,,moderate_deviation,False,False,False,False,none,none_needed,0.0,0.0,constant_or_near_constant,drop_column,True,False,False,True,True,True,True,False,0.2,drop_or_encode,near_constant,1.0
360,POS_POS_LATE_FLAG_MEAN,float64,289444,2499,0.86,286945,99.14,False,81.11,False,0.0,234761,"[(np.float64(0.0), 234761), (np.float64(0.0769230769230769), 1138), (np.float64(0.0833333333333333), 954)]",289444,0.0,81.11,0.0769230769230769,0.39,"[('0.0', 81.11), ('0.0769230769230769', 0.39), ('0.0833333333333333', 0.33)]",False,Most frequent dominates with 81.11%,289444,18067,5.88,2499,very_high_cardinality,True,True,False,False,"target_encoding, hash_encoding, or embedding_layer","['0.0', '0.1621621621621621', '0.8666666666666667', '0.6826923076923077', '0.019108280254777']",,,,,,,,,,,False,0.0,0.0,,,0.0,0.0,,,289444.0,0.0,1.0,1.0,0.0216,0.0,0.0799,3.6932,0.0,0.0,0.0,6.5832,54.1034,234761.0,0.0,0.0,0.0,0.0,0.0,0.0,54683.0,18.8924,0.0588,0.0216,0.0,0.0799,0.0,0.0,0.0,1.0,0.0,6.5833,54.1044,0.0,0.0,highly_skewed,variable,0.0,non_normal,18067.0,0.0,0.0,0.0,0.0,0.0,0.0,54683.0,54683.0,18.89,54683.0,18.89,-0.22,0.26,0.0,5643.0,5643.0,1.95,0.05,5175.0,1.79,0.0,0.42,2873.0,0.99,54.1,right_skewed,True,True,True,True,severe,consider_log_transform,0.0,0.0,zero_inflated,log1p_or_tweedie,True,True,False,True,True,True,True,True,0.7,drop_or_encode,near_constant,0.8111
361,POS_POS_LATE_FLAG_SUM,float64,289444,103,0.04,289341,99.96,False,81.11,False,0.0,234761,"[(np.float64(0.0), 234761), (np.float64(1.0), 23350), (np.float64(2.0), 9741)]",289444,0.0,81.11,1.0,8.07,"[('0.0', 81.11), ('1.0', 8.07), ('2.0', 3.37)]",False,Most frequent dominates with 81.11%,289444,18067,5.88,103,high_cardinality,True,False,False,True,"target_encoding, frequency_encoding, or hash_encoding","['0.0', '19.0', '52.0', '87.0', '28.0']",,,,,,,,,,,False,0.0,0.0,,,0.0,0.0,,,289444.0,0.0,120.0,120.0,0.8952,0.0,4.8777,5.4488,0.0,0.0,0.0,12.8278,200.6823,234761.0,0.0,0.0,0.0,0.0,0.0,0.0,54683.0,18.8924,0.0588,0.8952,0.0,4.8777,0.0,0.0,0.0,120.0,0.0,12.8278,200.6858,0.0,0.0,highly_skewed,variable,0.0,non_normal,18067.0,0.0,0.0,0.0,0.0,0.0,0.0,54683.0,54683.0,18.89,54683.0,18.89,-13.74,15.53,0.0,2578.0,2578.0,0.89,3.29,2331.0,0.81,0.0,14.0,2775.0,0.96,200.68,right_skewed,True,True,True,True,severe,consider_log_transform,0.0,0.0,zero_inflated,log1p_or_tweedie,True,True,False,True,True,True,True,True,0.7,drop_or_encode,near_constant,0.8111
362,POS_SK_DPD_DEF_MAX,float64,289444,200,0.07,289244,99.93,False,86.22,False,0.0,249554,"[(np.float64(0.0), 249554), (np.float64(1.0), 6394), (np.float64(2.0), 4237)]",289444,0.0,86.22,1.0,2.21,"[('0.0', 86.22), ('1.0', 2.21), ('2.0', 1.46)]",False,Most frequent dominates with 86.22%,289444,18067,5.88,200,high_cardinality,True,False,False,True,"target_encoding, frequency_encoding, or hash_encoding","['0.0', '57.0', '33.0', '51.0', '1900.0']",,,,,,,,,,,False,0.0,0.0,,,0.0,0.0,,,289444.0,0.0,3373.0,3373.0,1.4688,0.0,30.6096,20.8394,0.0,0.0,0.0,86.7008,8092.2266,249554.0,0.0,0.0,0.0,0.0,0.0,0.0,39890.0,13.7816,0.0588,1.4688,0.0,30.6096,0.0,0.0,0.0,3373.0,0.0,86.7012,8092.3664,0.0,0.0,highly_skewed,variable,0.0,non_normal,18067.0,0.0,0.0,0.0,0.0,0.0,0.0,39890.0,39890.0,13.78,39890.0,13.78,-90.36,93.3,0.0,123.0,123.0,0.04,20.65,109.0,0.04,0.0,19.0,2859.0,0.99,8092.23,right_skewed,True,True,True,True,severe,consider_log_transform,0.0,0.0,zero_inflated,log1p_or_tweedie,True,True,False,True,True,True,True,True,0.7,drop_or_encode,near_constant,0.8622
363,POS_SK_DPD_DEF_MEAN,float64,289444,4471,1.54,284973,98.46,False,86.22,False,0.0,249554,"[(np.float64(0.0), 249554), (np.float64(0.3333333333333333), 411), (np.float64(0.5), 383)]",289444,0.0,86.22,0.3333333333333333,0.14,"[('0.0', 86.22), ('0.3333333333333333', 0.14), ('0.5', 0.13)]",False,Most frequent dominates with 86.22%,289444,18067,5.88,4471,very_high_cardinality,True,True,False,False,"target_encoding, hash_encoding, or embedding_layer","['0.0', '0.4482758620689655', '0.7922077922077922', '0.3424657534246575', '0.5760869565217391']",,,,,,,,,,,False,0.0,0.0,,,0.0,0.0,,,289444.0,0.0,1740.5545,1740.5545,0.2149,0.0,12.9263,60.1606,0.0,0.0,0.0,102.1978,11181.6911,249554.0,0.0,0.0,0.0,0.0,0.0,0.0,39890.0,13.7816,0.0588,0.2149,0.0,12.9263,0.0,0.0,0.0,1740.5545,0.0,102.1983,11181.8843,0.0,0.0,highly_skewed,variable,0.0,non_normal,18067.0,0.0,0.0,0.0,0.0,0.0,0.0,39890.0,39890.0,13.78,39890.0,13.78,-38.56,38.99,0.0,64.0,64.0,0.02,8.72,63.0,0.02,0.0,1.46,2886.0,1.0,11181.69,right_skewed,True,True,True,True,severe,consider_log_transform,0.0,0.0,zero_inflated,log1p_or_tweedie,True,True,False,True,True,False,True,True,0.7,treat_as_categorical,"high_skew, zero_inflated, discrete",0.8622
364,POS_SK_DPD_DEF_SUM,float64,289444,373,0.13,289071,99.87,False,86.22,False,0.0,249554,"[(np.float64(0.0), 249554), (np.float64(1.0), 5016), (np.float64(2.0), 3349)]",289444,0.0,86.22,1.0,1.73,"[('0.0', 86.22), ('1.0', 1.73), ('2.0', 1.16)]",False,Most frequent dominates with 86.22%,289444,18067,5.88,373,very_high_cardinality,True,True,False,False,"target_encoding, hash_encoding, or embedding_layer","['0.0', '78.0', '9195.0', '350.0', '150911.0']",,,,,,,,,,,False,0.0,0.0,,,0.0,0.0,,,289444.0,0.0,184970.0,184970.0,17.2235,0.0,1384.5395,80.3867,0.0,0.0,0.0,104.6893,11596.1739,249554.0,0.0,0.0,0.0,0.0,0.0,0.0,39890.0,13.7816,0.0588,17.2235,0.0,1384.5395,0.0,0.0,0.0,184970.0,0.0,104.6899,11596.3742,0.0,0.0,highly_skewed,variable,0.0,non_normal,18067.0,0.0,0.0,0.0,0.0,0.0,0.0,39890.0,39890.0,13.78,39890.0,13.78,-4136.39,4170.84,0.0,53.0,53.0,0.02,933.87,53.0,0.02,0.0,42.0,2880.0,1.0,11596.17,right_skewed,True,True,True,True,severe,consider_log_transform,0.0,0.0,zero_inflated,log1p_or_tweedie,True,True,False,True,True,True,True,True,0.7,drop_or_encode,near_constant,0.8622
365,POS_SK_DPD_MAX,float64,289444,1919,0.66,287525,99.34,False,81.11,False,0.0,234761,"[(np.float64(0.0), 234761), (np.float64(1.0), 5027), (np.float64(2.0), 4180)]",289444,0.0,81.11,1.0,1.74,"[('0.0', 81.11), ('1.0', 1.74), ('2.0', 1.44)]",False,Most frequent dominates with 81.11%,289444,18067,5.88,1919,very_high_cardinality,True,True,False,False,"target_encoding, hash_encoding, or embedding_layer","['0.0', '1045.0', '234.0', '944.0', '2442.0']",,,,,,,,,,,False,0.0,0.0,,,0.0,0.0,,,289444.0,0.0,4231.0,4231.0,15.6976,0.0,153.1692,9.7575,0.0,0.0,0.0,14.7487,246.6058,234761.0,0.0,0.0,0.0,0.0,0.0,0.0,54683.0,18.8924,0.0588,15.6976,0.0,153.1692,0.0,0.0,0.0,4231.0,0.0,14.7487,246.6101,0.0,0.0,highly_skewed,variable,0.0,non_normal,18067.0,0.0,0.0,0.0,0.0,0.0,0.0,54683.0,54683.0,18.89,54683.0,18.89,-443.81,475.21,0.0,2302.0,2302.0,0.8,103.31,2152.0,0.74,0.0,314.0,2890.0,1.0,246.61,right_skewed,True,True,True,True,severe,consider_log_transform,0.0,0.0,zero_inflated,log1p_or_tweedie,True,True,False,True,True,True,True,True,0.7,drop_or_encode,near_constant,0.8111
366,POS_SK_DPD_MEAN,float64,289444,10768,3.72,278676,96.28,False,81.11,False,0.0,234761,"[(np.float64(0.0), 234761), (np.float64(0.5), 532), (np.float64(1.0), 524)]",289444,0.0,81.11,0.5,0.18,"[('0.0', 81.11), ('0.5', 0.18), ('1.0', 0.18)]",False,Most frequent dominates with 81.11%,289444,18067,5.88,10768,very_high_cardinality,True,True,False,False,"target_encoding, hash_encoding, or embedding_layer","['0.0', '0.8837209302325582', '0.4428571428571428', '1.1956521739130437', '5.533333333333333']",,,,,,,,,,,False,0.0,0.0,,,0.0,0.0,,,289444.0,0.0,2622.0784,2622.0784,4.4065,0.0,60.3884,13.7044,0.0,0.0,0.0,20.1256,479.3173,234761.0,0.0,0.0,0.0,0.0,0.0,0.0,54683.0,18.8924,0.0588,4.4065,0.0,60.3884,0.0,0.0,0.0,2622.0784,0.0,20.1257,479.3256,0.0,0.0,highly_skewed,variable,0.0,non_normal,18067.0,0.0,0.0,0.0,0.0,0.0,0.0,54683.0,54683.0,18.89,54683.0,18.89,-176.76,185.57,0.0,1607.0,1607.0,0.56,40.73,1479.0,0.51,0.0,41.93,2895.0,1.0,479.32,right_skewed,True,True,True,True,severe,consider_log_transform,0.0,0.0,zero_inflated,log1p_or_tweedie,True,True,False,True,True,False,True,True,0.7,treat_as_categorical,"high_skew, zero_inflated, discrete",0.8111
367,POS_SK_DPD_SUM,float64,289444,3708,1.28,285736,98.72,False,81.11,False,0.0,234761,"[(np.float64(0.0), 234761), (np.float64(1.0), 4138), (np.float64(2.0), 3015)]",289444,0.0,81.11,1.0,1.43,"[('0.0', 81.11), ('1.0', 1.43), ('2.0', 1.04)]",False,Most frequent dominates with 81.11%,289444,18067,5.88,3708,very_high_cardinality,True,True,False,False,"target_encoding, hash_encoding, or embedding_layer","['0.0', '18721.0', '17965.0', '21219.0', '4707.0']",,,,,,,,,,,False,0.0,0.0,,,0.0,0.0,,,289444.0,0.0,267452.0,267452.0,351.3861,0.0,5678.1364,16.1593,0.0,0.0,0.0,23.5169,650.38,234761.0,0.0,0.0,0.0,0.0,0.0,0.0,54683.0,18.8924,0.0588,351.3861,0.0,5678.1364,0.0,0.0,0.0,267452.0,0.0,23.517,650.3912,0.0,0.0,highly_skewed,variable,0.0,non_normal,18067.0,0.0,0.0,0.0,0.0,0.0,0.0,54683.0,54683.0,18.89,54683.0,18.89,-16683.02,17385.8,0.0,1268.0,1268.0,0.44,3829.9,1185.0,0.41,0.0,1745.0,2893.0,1.0,650.38,right_skewed,True,True,True,True,severe,consider_log_transform,0.0,0.0,zero_inflated,log1p_or_tweedie,True,True,False,True,True,False,True,True,0.7,treat_as_categorical,"high_skew, zero_inflated, discrete",0.8111
368,POS_SK_ID_PREV_NUNIQUE,float64,289444,25,0.01,289419,99.99,False,30.93,False,1.0,89514,"[(np.float64(1.0), 89514), (np.float64(2.0), 73582), (np.float64(3.0), 49753)]",289444,1.0,30.93,2.0,25.42,"[('1.0', 30.93), ('2.0', 25.42), ('3.0', 17.19)]",False,Most frequent dominates with 30.93%,289444,18067,5.88,25,medium_cardinality,False,False,False,True,"target_encoding, leave_as_integer, or one_hot_if_dense","['1.0', '2.0', '10.0', '16.0', '20.0']",,,,,,,,,,,False,0.0,0.0,,,0.0,0.0,,,289444.0,1.0,26.0,25.0,2.7651,2.0,1.9631,0.7099,1.0,4.0,3.0,1.7786,4.9018,0.0,0.0,1.0,4.0,3.0,-3.5,8.5,5062.0,1.7489,0.0588,2.7651,2.0,1.9631,1.0,1.0,4.0,26.0,3.0,1.7786,4.9019,5062.0,0.0175,highly_skewed,variable,0.0,non_normal,18067.0,1.0,4.0,3.0,-3.5,8.5,0.0,5062.0,5062.0,1.75,348.0,0.12,-3.12,8.65,0.0,5062.0,5062.0,1.75,1.0,8735.0,3.02,1.0,10.0,1720.0,0.59,4.9,right_skewed,True,True,True,True,moderate,log_transform_or_winsorize,-3.5,8.5,heavy_tailed,log1p_or_quantile_transform,True,False,False,True,True,True,False,True,0.5,drop_or_encode,near_constant,0.0
369,PREV_AMT_ANNUITY_MAX,float64,290640,145950,50.22,144690,49.78,False,1.15,False,22500.0,3334,"[(np.float64(22500.0), 3334), (np.float64(38250.0), 2159), (np.float64(45000.0), 1932)]",290640,22500.0,1.15,38250.0,0.74,"[('22500.0', 1.15), ('38250.0', 0.74), ('45000.0', 0.66)]",False,Most frequent dominates with 1.15%,290640,16871,5.49,145950,very_high_cardinality,True,True,False,False,"target_encoding, hash_encoding, or embedding_layer","['9251.775', '6819.3', '14419.71', '8962.29', '6219.765']",,,,,,,,,,,False,0.0,0.0,,,0.0,0.0,,,290640.0,0.0,418058.145,418058.145,23722.7385,17907.75,19169.4927,0.8081,10389.78,31505.9287,21116.1488,2.2742,11.5191,1.0,0.0,10389.78,31505.9288,21116.1488,-21284.4431,63180.1519,11711.0,4.0294,0.0549,23722.7385,17907.75,19169.4927,0.0,10389.78,31505.9288,418058.145,21116.1488,2.2742,11.5193,11711.0,0.0403,highly_skewed,variable,0.0,non_normal,16871.0,10389.78,31505.93,21116.15,-21284.44,63180.15,0.0,11711.0,11711.0,4.03,2304.0,0.79,-33785.74,81231.22,0.0,4478.0,4478.0,1.54,9096.5,10539.0,3.63,2826.96,90224.19,5800.0,2.0,11.52,right_skewed,True,True,True,True,moderate,log_transform_or_winsorize,-21284.44,63180.15,heavy_tailed,log1p_or_quantile_transform,True,False,True,True,False,False,False,True,0.8,bin,high_skew,0.0
370,PREV_AMT_ANNUITY_MEAN,float64,290640,267474,92.03,23166,7.97,False,0.19,False,2250.0,545,"[(np.float64(2250.0), 545), (np.float64(6750.0), 265), (np.float64(4500.0), 238)]",290640,2250.0,0.19,6750.0,0.09,"[('2250.0', 0.19), ('6750.0', 0.09), ('4500.0', 0.08)]",False,Most frequent dominates with 0.19%,290640,16871,5.49,267474,very_high_cardinality,True,True,False,False,"target_encoding, hash_encoding, or embedding_layer","['9251.775', '8302.335000000001', '13997.8575', '12875.985', '12715.7325']",,,,,,,,,,,False,0.0,0.0,,,0.0,0.0,,,290640.0,0.0,300425.445,300425.445,14532.0528,11984.355,10007.4835,0.6886,7835.9672,18330.3135,10494.3463,2.5318,15.9802,1.0,0.0,7835.9672,18330.3135,10494.3463,-7905.5523,34071.833,13063.0,4.4946,0.0549,14532.0528,11984.355,10007.4835,0.0,7835.9672,18330.3135,300425.445,10494.3463,2.5319,15.9805,13063.0,0.0449,highly_skewed,variable,0.0,non_normal,16871.0,7835.97,18330.31,10494.35,-7905.55,34071.83,0.0,13063.0,13063.0,4.49,2968.0,1.02,-15490.4,44554.5,0.0,4785.0,4785.0,1.65,4862.7,9579.0,3.3,2700.37,50074.55,5814.0,2.0,15.98,right_skewed,True,True,True,True,moderate,log_transform_or_winsorize,-7905.55,34071.83,heavy_tailed,log1p_or_quantile_transform,True,False,True,True,False,False,False,True,0.8,bin,high_skew,0.0
371,PREV_AMT_APPLICATION_MAX,float64,291057,48662,16.72,242395,83.28,False,4.67,False,450000.0,13580,"[(np.float64(450000.0), 13580), (np.float64(225000.0), 10912), (np.float64(675000.0), 8435)]",291057,450000.0,4.67,225000.0,3.75,"[('450000.0', 4.67), ('225000.0', 3.75), ('675000.0', 2.9)]",False,Most frequent dominates with 4.67%,291057,16454,5.35,48662,very_high_cardinality,True,True,False,False,"target_encoding, hash_encoding, or embedding_layer","['179055.0', '115528.5', '41436.0', '278640.0', '190287.0']",,,,,,,,,,,False,0.0,0.0,,,0.0,0.0,,,291057.0,0.0,5850000.0,5850000.0,374590.4658,202500.0,421995.135,1.1266,98311.5,454500.0,356188.5,2.1105,5.6869,1015.0,0.0,98311.5,454500.0,356188.5,-435971.25,988782.75,29349.0,10.0836,0.0535,374590.4658,202500.0,421995.135,0.0,98311.5,454500.0,5850000.0,356188.5,2.1105,5.687,29349.0,0.1008,highly_skewed,variable,0.0,non_normal,16454.0,98311.5,454500.0,356188.5,-435971.25,988782.75,0.0,29349.0,29349.0,10.08,6586.0,2.26,-891394.94,1640575.87,0.0,5099.0,5099.0,1.75,135000.0,31387.0,10.78,19935.0,1935000.0,5812.0,2.0,5.69,right_skewed,True,True,True,True,severe,consider_log_transform,-435971.25,988782.75,heavy_tailed,log1p_or_quantile_transform,True,True,False,True,False,False,False,True,0.8,bin,"high_skew, high_outliers",0.0035
372,PREV_AMT_APPLICATION_MEAN,float64,291057,191746,65.88,99311,34.12,False,0.35,False,0.0,1015,"[(np.float64(0.0), 1015), (np.float64(225000.0), 956), (np.float64(45000.0), 899)]",291057,0.0,0.35,225000.0,0.33,"[('0.0', 0.35), ('225000.0', 0.33), ('45000.0', 0.31)]",False,Most frequent dominates with 0.35%,291057,16454,5.35,191746,very_high_cardinality,True,True,False,False,"target_encoding, hash_encoding, or embedding_layer","['179055.0', '49837.95', '62943.0', '38991.0', '100140.75']",,,,,,,,,,,False,0.0,0.0,,,0.0,0.0,,,291057.0,0.0,4050000.0,4050000.0,154005.4864,106002.0,153287.8311,0.9953,61925.7375,191250.0,129324.2625,3.588,27.5094,1015.0,0.0,61925.7375,191250.0,129324.2625,-132060.6562,385236.3938,20369.0,6.9983,0.0535,154005.4864,106002.0,153287.8311,0.0,61925.7375,191250.0,4050000.0,129324.2625,3.588,27.5099,20369.0,0.07,highly_skewed,variable,0.0,non_normal,16454.0,61925.74,191250.0,129324.26,-132060.66,385236.39,0.0,20369.0,20369.0,7.0,6560.0,2.25,-305858.01,613868.98,0.0,5493.0,5493.0,1.89,54235.5,20113.0,6.91,14263.02,732384.05,5822.0,2.0,27.51,right_skewed,True,True,True,True,high,robust_scaling_or_transform,-132060.66,385236.39,heavy_tailed,log1p_or_quantile_transform,True,True,False,True,False,False,False,True,0.8,bin,"high_skew, high_outliers",0.0035
373,PREV_AMT_CREDIT_MAX,float64,291057,58510,20.1,232547,79.9,False,2.33,False,450000.0,6775,"[(np.float64(450000.0), 6775), (np.float64(225000.0), 4516), (np.float64(180000.0), 3885)]",291057,450000.0,2.33,225000.0,1.55,"[('450000.0', 2.33), ('225000.0', 1.55), ('180000.0', 1.33)]",False,Most frequent dominates with 2.33%,291057,16454,5.35,58510,very_high_cardinality,True,True,False,False,"target_encoding, hash_encoding, or embedding_layer","['179055.0', '65911.5', '231552.0', '2016000.0', '96273.0']",,,,,,,,,,,False,0.0,0.0,,,0.0,0.0,,,291057.0,0.0,4509688.5,4509688.5,413865.5665,225000.0,457538.3827,1.1055,104431.5,547344.0,442912.5,2.0005,5.0272,227.0,0.0,104431.5,547344.0,442912.5,-559937.25,1211712.75,23933.0,8.2228,0.0535,413865.5665,225000.0,457538.3827,0.0,104431.5,547344.0,4509688.5,442912.5,2.0005,5.0273,23933.0,0.0822,highly_skewed,variable,0.0,non_normal,16454.0,104431.5,547344.0,442912.5,-559937.25,1211712.75,0.0,23933.0,23933.0,8.22,4429.0,1.52,-958749.58,1786480.71,0.0,5175.0,5175.0,1.78,156307.5,30938.0,10.63,20520.0,2076157.08,5821.0,2.0,5.03,right_skewed,True,True,True,True,high,robust_scaling_or_transform,-559937.25,1211712.75,heavy_tailed,log1p_or_quantile_transform,True,True,False,True,False,False,False,True,0.8,bin,"high_skew, high_outliers",0.0008
374,PREV_AMT_CREDIT_MEAN,float64,291057,210626,72.37,80431,27.63,False,0.15,False,45000.0,427,"[(np.float64(45000.0), 427), (np.float64(135000.0), 352), (np.float64(90000.0), 301)]",291057,45000.0,0.15,135000.0,0.12,"[('45000.0', 0.15), ('135000.0', 0.12), ('90000.0', 0.1)]",False,Most frequent dominates with 0.15%,291057,16454,5.35,210626,very_high_cardinality,True,True,False,False,"target_encoding, hash_encoding, or embedding_layer","['179055.0', '964861.7727272728', '158915.25', '63360.34615384616', '128071.125']",,,,,,,,,,,False,0.0,0.0,,,0.0,0.0,,,291057.0,0.0,4050000.0,4050000.0,170070.0188,117450.0,165737.1784,0.9745,66849.4286,216072.0,149222.5714,3.2939,23.1193,227.0,0.0,66849.4286,216072.0,149222.5714,-156984.4286,439905.8571,18673.0,6.4156,0.0535,170070.0188,117450.0,165737.1784,0.0,66849.4286,216072.0,4050000.0,149222.5714,3.2939,23.1197,18673.0,0.0642,highly_skewed,variable,0.0,non_normal,16454.0,66849.43,216072.0,149222.57,-156984.43,439905.86,0.0,18673.0,18673.0,6.42,5456.0,1.87,-327141.52,667281.55,0.0,5374.0,5374.0,1.85,62325.0,18576.0,6.38,16811.34,787620.96,5822.0,2.0,23.12,right_skewed,True,True,True,True,high,robust_scaling_or_transform,-156984.43,439905.86,heavy_tailed,log1p_or_quantile_transform,True,True,False,True,False,False,False,True,0.8,bin,"high_skew, high_outliers",0.0008
375,PREV_AMT_DOWN_PAYMENT_MAX,float64,273605,21521,7.87,252084,92.13,False,28.13,False,0.0,76954,"[(np.float64(0.0), 76954), (np.float64(4500.0), 8305), (np.float64(9000.0), 7368)]",273605,0.0,28.13,4500.0,3.04,"[('0.0', 28.13), ('4500.0', 3.04), ('9000.0', 2.69)]",False,Most frequent dominates with 28.13%,273605,33906,11.03,21521,very_high_cardinality,True,True,False,False,"target_encoding, hash_encoding, or embedding_layer","['0.0', '17797.5', '123363.0', '42264.0', '14122.125']",,,,,,,,,,,False,0.0,0.0,,,0.0,0.0,,,273605.0,0.0,3060045.0,3060045.0,11681.062,5850.0,28603.1658,2.4487,0.0,13500.0,13500.0,27.5283,1628.5436,76954.0,0.0,0.0,13500.0,13500.0,-20250.0,33750.0,19102.0,6.9816,0.1103,11681.062,5850.0,28603.1658,0.0,0.0,13500.0,3060045.0,13500.0,27.5284,1628.5734,19102.0,0.0698,highly_skewed,variable,0.0,non_normal,33906.0,0.0,13500.0,13500.0,-20250.0,33750.0,0.0,19102.0,19102.0,6.98,7445.0,2.72,-74128.44,97490.56,0.0,2295.0,2295.0,0.84,5850.0,17000.0,6.21,0.0,90000.0,2561.0,0.94,1628.54,right_skewed,True,True,True,True,high,robust_scaling_or_transform,-20250.0,33750.0,heavy_tailed,log1p_or_quantile_transform,True,True,False,True,False,False,False,True,0.8,bin,"high_skew, high_outliers",0.2813
376,PREV_AMT_DOWN_PAYMENT_MEAN,float64,273605,54046,19.75,219559,80.25,False,28.13,False,0.0,76953,"[(np.float64(0.0), 76953), (np.float64(4500.0), 4576), (np.float64(2250.0), 3124)]",273605,0.0,28.13,4500.0,1.67,"[('0.0', 28.13), ('4500.0', 1.67), ('2250.0', 1.14)]",False,Most frequent dominates with 28.13%,273605,33906,11.03,54046,very_high_cardinality,True,True,False,False,"target_encoding, hash_encoding, or embedding_layer","['0.0', '45211.5', '16560.964285714286', '17154.0', '19222.875']",,,,,,,,,,,False,0.0,0.0,,,0.0,0.0,,,273605.0,-0.225,2025000.0,2025000.225,7080.5033,3375.0,18421.7984,2.6018,0.0,8282.25,8282.25,31.4303,2190.3991,76953.0,1.0,0.0,8282.25,8282.25,-12423.375,20705.625,19318.0,7.0605,0.1103,7080.5033,3375.0,18421.7984,-0.225,0.0,8282.25,2025000.0,8282.25,31.4305,2190.4392,19318.0,0.0706,highly_skewed,variable,0.0,non_normal,33906.0,0.0,8282.25,8282.25,-12423.38,20705.62,0.0,19318.0,19318.0,7.06,8180.0,2.99,-48184.89,62345.9,0.0,2374.0,2374.0,0.87,3375.0,19114.0,6.99,0.0,57375.0,2737.0,1.0,2190.4,right_skewed,True,True,True,True,high,robust_scaling_or_transform,-12423.38,20705.62,heavy_tailed,quantile_transform_or_robust_scaler,True,True,False,True,False,False,False,True,0.8,bin,"high_skew, high_outliers",0.2813
377,PREV_AMT_GOODS_PRICE_MAX,float64,290082,48658,16.77,241424,83.23,False,4.68,False,450000.0,13584,"[(np.float64(450000.0), 13584), (np.float64(225000.0), 10909), (np.float64(675000.0), 8436)]",290082,450000.0,4.68,225000.0,3.76,"[('450000.0', 4.68), ('225000.0', 3.76), ('675000.0', 2.91)]",False,Most frequent dominates with 4.68%,290082,17429,5.67,48658,very_high_cardinality,True,True,False,False,"target_encoding, hash_encoding, or embedding_layer","['179055.0', '186295.5', '68458.5', '177448.5', '190287.0']",,,,,,,,,,,False,0.0,0.0,,,0.0,0.0,,,290082.0,0.0,5850000.0,5850000.0,375879.7191,202617.45,422152.5547,1.1231,98991.0,454500.0,355509.0,2.1085,5.6752,40.0,0.0,98991.0,454500.0,355509.0,-434272.5,987763.5,29349.0,10.1175,0.0567,375879.7191,202617.45,422152.5547,0.0,98991.0,454500.0,5850000.0,355509.0,2.1085,5.6753,29349.0,0.1012,highly_skewed,variable,0.0,non_normal,17429.0,98991.0,454500.0,355509.0,-434272.5,987763.5,0.0,29349.0,29349.0,10.12,6586.0,2.27,-890577.95,1642337.38,0.0,5099.0,5099.0,1.76,134757.45,31388.0,10.82,21910.5,1939500.0,5798.0,2.0,5.68,right_skewed,True,True,True,True,severe,consider_log_transform,-434272.5,987763.5,heavy_tailed,log1p_or_quantile_transform,True,True,False,True,False,False,False,True,0.8,bin,"high_skew, high_outliers",0.0001
378,PREV_AMT_GOODS_PRICE_MEAN,float64,290082,185829,64.06,104253,35.94,False,0.39,False,135000.0,1138,"[(np.float64(135000.0), 1138), (np.float64(225000.0), 1125), (np.float64(45000.0), 997)]",290082,135000.0,0.39,225000.0,0.39,"[('135000.0', 0.39), ('225000.0', 0.39), ('45000.0', 0.34)]",False,Most frequent dominates with 0.39%,290082,17429,5.67,185829,very_high_cardinality,True,True,False,False,"target_encoding, hash_encoding, or embedding_layer","['179055.0', '147321.0', '88172.1', '93613.5', '333551.25']",,,,,,,,,,,False,0.0,0.0,,,0.0,0.0,,,290082.0,0.0,4050000.0,4050000.0,193895.9097,128591.25,192576.057,0.9932,73557.0,244901.7869,171344.7869,2.9588,16.3513,40.0,0.0,73557.0,244901.7869,171344.7869,-183460.1803,501918.9672,19863.0,6.8474,0.0567,193895.9097,128591.25,192576.057,0.0,73557.0,244901.7869,4050000.0,171344.7869,2.9588,16.3516,19863.0,0.0685,highly_skewed,variable,0.0,non_normal,17429.0,73557.0,244901.79,171344.79,-183460.18,501918.97,0.0,19863.0,19863.0,6.85,5880.0,2.03,-383832.26,771624.08,0.0,5534.0,5534.0,1.91,68546.73,21753.0,7.5,21125.98,914618.49,5802.0,2.0,16.35,right_skewed,True,True,True,True,high,robust_scaling_or_transform,-183460.18,501918.97,heavy_tailed,log1p_or_quantile_transform,True,True,False,True,False,False,False,True,0.8,bin,"high_skew, high_outliers",0.0001
379,PREV_APP_CREDIT_PERC_MAX,float64,290830,141278,48.58,149552,51.42,False,21.58,False,1.0,62765,"[(np.float64(1.0), 62765), (np.float64(1.1111111111111112), 16937), (np.float64(1.25), 4090)]",290830,1.0,21.58,1.1111111111111112,5.82,"[('1.0', 21.58), ('1.1111111111111112', 5.82), ('1.25', 1.41)]",False,Most frequent dominates with 21.58%,290830,16681,5.42,141278,very_high_cardinality,True,True,False,False,"target_encoding, hash_encoding, or embedding_layer","['1.0', '1.0134715025906735', '1.2732824427480915', '1.1250861474844935', '1.4823295830575778']",,,,,,,,,,,False,0.0,0.0,,,0.0,0.0,,,290830.0,0.0,20.0,20.0,1.1137,1.0426,0.3076,0.2762,1.0,1.1318,0.1318,11.7702,383.417,788.0,0.0,1.0,1.1318,0.1318,0.8023,1.3296,30682.0,10.5498,0.0542,1.1137,1.0426,0.3076,0.0,1.0,1.1318,20.0,0.1318,11.7703,383.4236,30682.0,0.1055,highly_skewed,variable,0.0,non_normal,16681.0,1.0,1.13,0.13,0.8,1.33,2315.0,28367.0,30682.0,10.55,16161.0,5.56,0.19,2.04,788.0,3259.0,4047.0,1.39,0.07,23270.0,8.0,0.82,2.1,5812.0,2.0,383.42,right_skewed,True,True,True,True,severe,consider_log_transform,0.8,1.33,heavy_tailed,log1p_or_quantile_transform,True,True,False,True,False,False,False,True,0.8,bin,"high_skew, high_outliers",0.0027
380,PREV_APP_CREDIT_PERC_MEAN,float64,290830,247296,85.03,43534,14.97,False,6.39,False,1.0,18575,"[(np.float64(1.0), 18575), (np.float64(1.1111111111111112), 2958), (np.float64(1.0555555555555556), 925)]",290830,1.0,6.39,1.1111111111111112,1.02,"[('1.0', 6.39), ('1.1111111111111112', 1.02), ('1.0555555555555556', 0.32)]",False,Most frequent dominates with 6.39%,290830,16681,5.42,247296,very_high_cardinality,True,True,False,False,"target_encoding, hash_encoding, or embedding_layer","['1.0', '0.8516184997488928', '0.977825227992016', '1.0477940418455869', '0.9751405414545952']",,,,,,,,,,,False,0.0,0.0,,,0.0,0.0,,,290830.0,0.0,5.4671,5.4671,0.9688,0.9715,0.1706,0.1761,0.9072,1.0266,0.1194,1.5097,29.1745,788.0,0.0,0.9072,1.0266,0.1194,0.7281,1.2056,29975.0,10.3067,0.0542,0.9688,0.9715,0.1706,0.0,0.9072,1.0266,5.4671,0.1194,1.5097,29.175,29975.0,0.1031,highly_skewed,variable,0.0,non_normal,16681.0,0.91,1.03,0.12,0.73,1.21,16185.0,13790.0,29975.0,10.31,8796.0,3.02,0.46,1.48,1952.0,2917.0,4869.0,1.67,0.06,17123.0,5.89,0.5,1.48,5557.0,1.91,29.17,right_skewed,True,True,True,True,severe,consider_log_transform,0.73,1.21,heavy_tailed,log1p_or_quantile_transform,True,True,False,True,False,False,False,True,0.8,bin,"high_skew, high_outliers",0.0027
381,PREV_APP_CREDIT_PERC_VAR,float64,229461,211714,92.27,17747,7.73,False,2.77,False,0.0,6359,"[(np.float64(0.0), 6359), (np.float64(0.0061728395061728), 893), (np.float64(0.5), 480)]",229461,0.0,2.77,0.0061728395061728,0.39,"[('0.0', 2.77), ('0.0061728395061728', 0.39), ('0.5', 0.21)]",False,Most frequent dominates with 2.77%,229461,78050,25.38,211714,very_high_cardinality,True,True,False,False,"target_encoding, hash_encoding, or embedding_layer","['0.0053241561080653', '0.0093064049493494', '0.0304186103418054', '0.3825774484437972', '0.0089788008081466']",,,,,,,,,,,False,0.0,0.0,,,0.0,0.0,,,229461.0,0.0,63.7019,63.7019,0.0728,0.0099,0.347,4.7692,0.0035,0.0561,0.0526,75.772,9760.7989,6359.0,0.0,0.0035,0.0561,0.0526,-0.0754,0.135,39824.0,17.3555,0.2538,0.0728,0.0099,0.347,0.0,0.0035,0.0561,63.7019,0.0526,75.7725,9761.0116,39824.0,0.1736,highly_skewed,variable,0.0,non_normal,78050.0,0.0,0.06,0.05,-0.08,0.13,0.0,39824.0,39824.0,17.36,23918.0,10.42,-0.97,1.11,0.0,719.0,719.0,0.31,0.01,57855.0,25.21,0.0,0.62,2276.0,0.99,9760.8,right_skewed,True,True,True,True,severe,consider_log_transform,-0.08,0.13,heavy_tailed,log1p_or_quantile_transform,True,True,False,True,False,False,False,True,0.8,bin,"high_skew, high_outliers",0.0277
382,PREV_CHANNEL_TYPE_AP+ (Cash loan)_MEAN,float64,291057,261,0.09,290796,99.91,False,92.14,False,0.0,268183,"[(np.float64(0.0), 268183), (np.float64(0.5), 2954), (np.float64(0.3333333333333333), 2493)]",291057,0.0,92.14,0.5,1.01,"[('0.0', 92.14), ('0.5', 1.01), ('0.3333333333333333', 0.86)]",False,Most frequent dominates with 92.14%,291057,16454,5.35,261,very_high_cardinality,True,True,False,False,"target_encoding, hash_encoding, or embedding_layer","['0.0', '0.1052631578947368', '0.3571428571428571', '0.0277777777777777', '0.8095238095238095']",,,,,,,,,,,False,0.0,0.0,,,0.0,0.0,,,291057.0,0.0,1.0,1.0,0.0298,0.0,0.124,4.1667,0.0,0.0,0.0,5.1199,28.8694,268183.0,0.0,0.0,0.0,0.0,0.0,0.0,22874.0,7.8589,0.0535,0.0298,0.0,0.124,0.0,0.0,0.0,1.0,0.0,5.12,28.8699,0.0,0.0,highly_skewed,variable,0.0,non_normal,16454.0,0.0,0.0,0.0,0.0,0.0,0.0,22874.0,22874.0,7.86,22874.0,7.86,-0.34,0.4,0.0,8256.0,8256.0,2.84,0.08,7911.0,2.72,0.0,0.67,2698.0,0.93,28.87,right_skewed,True,True,True,True,high,robust_scaling_or_transform,0.0,0.0,zero_inflated,log1p_or_tweedie,True,True,False,True,True,True,True,True,0.7,drop_or_encode,near_constant,0.9214
383,PREV_CHANNEL_TYPE_Car dealer_MEAN,float64,291057,35,0.01,291022,99.99,False,99.89,True,0.0,290739,"[(np.float64(0.0), 290739), (np.float64(0.3333333333333333), 45), (np.float64(0.5), 44)]",291057,0.0,99.89,0.3333333333333333,0.02,"[('0.0', 99.89), ('0.3333333333333333', 0.02), ('0.5', 0.02)]",True,Appears uniformly dominated,291057,16454,5.35,35,medium_cardinality,False,False,False,True,"target_encoding, leave_as_integer, or one_hot_if_dense","['0.0', '0.125', '0.1111111111111111', '0.0869565217391304', '0.0434782608695652']",,,,,,,,,,,False,0.0,0.0,,,0.0,0.0,,,291057.0,0.0,1.0,1.0,0.0003,0.0,0.0127,37.7168,0.0,0.0,0.0,52.0332,3291.5645,290739.0,0.0,0.0,0.0,0.0,0.0,0.0,318.0,0.1093,0.0535,0.0003,0.0,0.0127,0.0,0.0,0.0,1.0,0.0,52.0334,3291.621,0.0,0.0,highly_skewed,variable,0.0,non_normal,16454.0,0.0,0.0,0.0,0.0,0.0,0.0,318.0,318.0,0.11,318.0,0.11,-0.04,0.04,0.0,317.0,317.0,0.11,0.01,315.0,0.11,0.0,0.0,318.0,0.11,3291.56,right_skewed,True,True,True,True,low,investigate_individually,0.0,0.0,zero_inflated,log1p_or_tweedie,True,False,False,True,True,True,True,True,0.7,drop_or_encode,near_constant,0.9989
384,PREV_CHANNEL_TYPE_Channel of corporate sales_MEAN,float64,291057,129,0.04,290928,99.96,False,99.25,True,0.0,288869,"[(np.float64(0.0), 288869), (np.float64(1.0), 436), (np.float64(0.5), 274)]",291057,0.0,99.25,1.0,0.15,"[('0.0', 99.25), ('1.0', 0.15), ('0.5', 0.09)]",True,Appears uniformly dominated,291057,16454,5.35,129,high_cardinality,True,False,False,True,"target_encoding, frequency_encoding, or hash_encoding","['0.0', '0.0714285714285714', '0.0285714285714285', '0.4210526315789473', '0.2105263157894736']",,,,,,,,,,,False,0.0,0.0,,,0.0,0.0,,,291057.0,0.0,1.0,1.0,0.0037,0.0,0.0507,13.6335,0.0,0.0,0.0,16.106,280.378,288869.0,0.0,0.0,0.0,0.0,0.0,0.0,2188.0,0.7517,0.0535,0.0037,0.0,0.0507,0.0,0.0,0.0,1.0,0.0,16.1061,280.3828,0.0,0.0,highly_skewed,variable,0.0,non_normal,16454.0,0.0,0.0,0.0,0.0,0.0,0.0,2188.0,2188.0,0.75,2188.0,0.75,-0.15,0.16,0.0,1898.0,1898.0,0.65,0.03,1803.0,0.62,0.0,0.0,2188.0,0.75,280.38,right_skewed,True,True,True,True,low,investigate_individually,0.0,0.0,zero_inflated,log1p_or_tweedie,True,False,False,True,True,True,True,True,0.7,drop_or_encode,near_constant,0.9925
385,PREV_CHANNEL_TYPE_Contact center_MEAN,float64,291057,222,0.08,290835,99.92,False,86.23,False,0.0,250987,"[(np.float64(0.0), 250987), (np.float64(0.3333333333333333), 4990), (np.float64(0.25), 4598)]",291057,0.0,86.23,0.3333333333333333,1.71,"[('0.0', 86.23), ('0.3333333333333333', 1.71), ('0.25', 1.58)]",False,Most frequent dominates with 86.23%,291057,16454,5.35,222,very_high_cardinality,True,True,False,False,"target_encoding, hash_encoding, or embedding_layer","['0.0', '0.4583333333333333', '0.0697674418604651', '0.5294117647058824', '0.7777777777777778']",,,,,,,,,,,False,0.0,0.0,,,0.0,0.0,,,291057.0,0.0,1.0,1.0,0.0362,0.0,0.1106,3.0577,0.0,0.0,0.0,3.9375,18.6286,250987.0,0.0,0.0,0.0,0.0,0.0,0.0,40070.0,13.7671,0.0535,0.0362,0.0,0.1106,0.0,0.0,0.0,1.0,0.0,3.9375,18.6289,0.0,0.0,highly_skewed,variable,0.0,non_normal,16454.0,0.0,0.0,0.0,0.0,0.0,0.0,40070.0,40070.0,13.77,40070.0,13.77,-0.3,0.37,0.0,8114.0,8114.0,2.79,0.07,7838.0,2.69,0.0,0.5,1980.0,0.68,18.63,right_skewed,True,True,True,True,severe,consider_log_transform,0.0,0.0,zero_inflated,log1p_or_tweedie,True,True,False,True,True,True,True,True,0.7,drop_or_encode,near_constant,0.8623
386,PREV_CHANNEL_TYPE_Country-wide_MEAN,float64,291057,348,0.12,290709,99.88,False,30.83,False,0.0,89739,"[(np.float64(0.0), 89739), (np.float64(1.0), 48391), (np.float64(0.5), 29212)]",291057,0.0,30.83,1.0,16.63,"[('0.0', 30.83), ('1.0', 16.63), ('0.5', 10.04)]",False,Most frequent dominates with 30.83%,291057,16454,5.35,348,very_high_cardinality,True,True,False,False,"target_encoding, hash_encoding, or embedding_layer","['0.0', '0.0625', '0.44', '0.34375', '0.4137931034482758']",,,,,,,,,,,False,0.0,0.0,,,0.0,0.0,,,291057.0,0.0,1.0,1.0,0.3697,0.2857,0.3594,0.9721,0.0,0.6,0.6,0.6183,-0.9617,89739.0,0.0,0.0,0.6,0.6,-0.9,1.5,0.0,0.0,0.0535,0.3697,0.2857,0.3594,0.0,0.0,0.6,1.0,0.6,0.6183,-0.9617,0.0,0.0,moderately_skewed,variable,0.0,non_normal,16454.0,0.0,0.6,0.6,-0.9,1.5,0.0,0.0,0.0,0.0,0.0,0.0,-0.71,1.45,0.0,0.0,0.0,0.0,0.29,0.0,0.0,0.0,1.0,0.0,0.0,-0.96,moderate_deviation,False,True,False,False,none,none_needed,-0.9,1.5,approximately_normal,none_or_standard_scaler,False,False,False,True,True,True,False,True,0.7,drop_or_encode,near_constant,0.3083
387,PREV_CHANNEL_TYPE_Credit and cash offices_MEAN,float64,291057,414,0.14,290643,99.86,False,47.38,False,0.0,137916,"[(np.float64(0.0), 137916), (np.float64(0.5), 23825), (np.float64(0.6666666666666666), 13707)]",291057,0.0,47.38,0.5,8.19,"[('0.0', 47.38), ('0.5', 8.19), ('0.6666666666666666', 4.71)]",False,Most frequent dominates with 47.38%,291057,16454,5.35,414,very_high_cardinality,True,True,False,False,"target_encoding, hash_encoding, or embedding_layer","['0.0', '0.6818181818181818', '0.696969696969697', '0.5897435897435898', '0.0263157894736842']",,,,,,,,,,,False,0.0,0.0,,,0.0,0.0,,,291057.0,0.0,1.0,1.0,0.2955,0.1818,0.3302,1.1171,0.0,0.5714,0.5714,0.623,-1.0322,137916.0,0.0,0.0,0.5714,0.5714,-0.8571,1.4286,0.0,0.0,0.0535,0.2955,0.1818,0.3302,0.0,0.0,0.5714,1.0,0.5714,0.623,-1.0322,0.0,0.0,moderately_skewed,variable,0.0,non_normal,16454.0,0.0,0.57,0.57,-0.86,1.43,0.0,0.0,0.0,0.0,0.0,0.0,-0.69,1.29,0.0,0.0,0.0,0.0,0.18,0.0,0.0,0.0,1.0,0.0,0.0,-1.03,light_tailed,False,True,False,False,none,none_needed,-0.86,1.43,approximately_normal,none_or_standard_scaler,True,False,False,True,True,True,False,True,0.7,drop_or_encode,near_constant,0.4738
388,PREV_CHANNEL_TYPE_Regional / Local_MEAN,float64,291057,201,0.07,290856,99.93,False,77.76,False,0.0,226329,"[(np.float64(0.0), 226329), (np.float64(1.0), 9931), (np.float64(0.5), 9359)]",291057,0.0,77.76,1.0,3.41,"[('0.0', 77.76), ('1.0', 3.41), ('0.5', 3.22)]",False,Most frequent dominates with 77.76%,291057,16454,5.35,201,very_high_cardinality,True,True,False,False,"target_encoding, hash_encoding, or embedding_layer","['0.0', '0.0344827586206896', '0.5833333333333334', '0.2692307692307692', '0.0204081632653061']",,,,,,,,,,,False,0.0,0.0,,,0.0,0.0,,,291057.0,0.0,1.0,1.0,0.0899,0.0,0.2193,2.4409,0.0,0.0,0.0,2.9323,8.3401,226329.0,0.0,0.0,0.0,0.0,0.0,0.0,64728.0,22.2389,0.0535,0.0899,0.0,0.2193,0.0,0.0,0.0,1.0,0.0,2.9323,8.3403,0.0,0.0,highly_skewed,variable,0.0,non_normal,16454.0,0.0,0.0,0.0,0.0,0.0,0.0,64728.0,64728.0,22.24,64728.0,22.24,-0.57,0.75,0.0,10820.0,10820.0,3.72,0.15,10242.0,3.52,0.0,1.0,0.0,0.0,8.34,right_skewed,True,True,True,True,severe,consider_log_transform,0.0,0.0,zero_inflated,log1p_or_tweedie,True,True,False,True,True,True,True,True,0.7,drop_or_encode,near_constant,0.7776
389,PREV_CHANNEL_TYPE_Stone_MEAN,float64,291057,244,0.08,290813,99.92,False,59.66,False,0.0,173654,"[(np.float64(0.0), 173654), (np.float64(1.0), 20397), (np.float64(0.5), 17253)]",291057,0.0,59.66,1.0,7.01,"[('0.0', 59.66), ('1.0', 7.01), ('0.5', 5.93)]",False,Most frequent dominates with 59.66%,291057,16454,5.35,244,very_high_cardinality,True,True,False,False,"target_encoding, hash_encoding, or embedding_layer","['1.0', '0.1176470588235294', '0.9', '0.0277777777777777', '0.24']",,,,,,,,,,,False,0.0,0.0,,,0.0,0.0,,,291057.0,0.0,1.0,1.0,0.1749,0.0,0.2881,1.6479,0.0,0.25,0.25,1.7872,2.2224,173654.0,0.0,0.0,0.25,0.25,-0.375,0.625,27168.0,9.3343,0.0535,0.1749,0.0,0.2881,0.0,0.0,0.25,1.0,0.25,1.7872,2.2224,27168.0,0.0933,highly_skewed,variable,0.0,non_normal,16454.0,0.0,0.25,0.25,-0.38,0.62,0.0,27168.0,27168.0,9.33,0.0,0.0,-0.69,1.04,0.0,0.0,0.0,0.0,0.19,0.0,0.0,0.0,1.0,0.0,0.0,2.22,right_skewed,True,True,True,True,high,robust_scaling_or_transform,-0.38,0.62,right_skewed,log1p,True,True,False,True,True,True,False,True,1.0,drop_or_encode,near_constant,0.5966
390,PREV_CHANNEL_TYPE_nan_MEAN,float64,291057,1,0.0,291056,100.0,True,100.0,True,0.0,291057,"[(np.float64(0.0), 291057)]",291057,0.0,100.0,,,"[('0.0', 100.0)]",True,Appears uniformly dominated,291057,16454,5.35,1,single_category,False,False,False,False,drop_column (constant),['0.0'],,,,,,,,,,,False,0.0,0.0,,,0.0,0.0,,,291057.0,0.0,0.0,0.0,0.0,0.0,0.0,,0.0,0.0,0.0,,,291057.0,0.0,0.0,0.0,0.0,0.0,0.0,0.0,0.0,0.0535,0.0,0.0,0.0,0.0,0.0,0.0,0.0,0.0,0.0,0.0,0.0,0.0,approximately_symmetric,constant,,constant,16454.0,0.0,0.0,0.0,0.0,0.0,0.0,0.0,0.0,0.0,0.0,0.0,,,0.0,0.0,0.0,0.0,,0.0,0.0,0.0,0.0,0.0,0.0,,moderate_deviation,False,False,False,False,none,none_needed,0.0,0.0,constant_or_near_constant,drop_column,True,False,False,True,True,True,True,False,0.2,drop_or_encode,near_constant,1.0
391,PREV_CNT_PAYMENT_MEAN,float64,290642,2838,0.98,287804,99.02,False,12.4,False,12.0,36050,"[(np.float64(12.0), 36050), (np.float64(6.0), 22927), (np.float64(10.0), 19339)]",290642,12.0,12.4,6.0,7.89,"[('12.0', 12.4), ('6.0', 7.89), ('10.0', 6.65)]",False,Most frequent dominates with 12.4%,290642,16869,5.49,2838,very_high_cardinality,True,True,False,False,"target_encoding, hash_encoding, or embedding_layer","['24.0', '7.111111111111111', '46.8', '9.529411764705882', '34.09090909090909']",,,,,,,,,,,False,0.0,0.0,,,0.0,0.0,,,290642.0,0.0,72.0,72.0,14.5308,12.0,8.4199,0.5794,9.0,18.0,9.0,1.4327,2.7038,2076.0,0.0,9.0,18.0,9.0,-4.5,31.5,14457.0,4.9742,0.0549,14.5308,12.0,8.4199,0.0,9.0,18.0,72.0,9.0,1.4328,2.7039,14457.0,0.0497,highly_skewed,variable,0.0,non_normal,16869.0,9.0,18.0,9.0,-4.5,31.5,0.0,14457.0,14457.0,4.97,1873.0,0.64,-10.73,39.79,0.0,4176.0,4176.0,1.44,4.0,12860.0,4.42,3.0,42.0,5472.0,1.88,2.7,right_skewed,True,True,True,True,moderate,log_transform_or_winsorize,-4.5,31.5,right_skewed,log1p,True,False,True,True,True,True,False,True,0.8,drop_or_encode,near_constant,0.0071
392,PREV_CNT_PAYMENT_SUM,float64,291057,727,0.25,290330,99.75,False,9.98,False,12.0,29058,"[(np.float64(12.0), 29058), (np.float64(24.0), 19015), (np.float64(6.0), 14545)]",291057,12.0,9.98,24.0,6.53,"[('12.0', 9.98), ('24.0', 6.53), ('6.0', 5.0)]",False,Most frequent dominates with 9.98%,291057,16454,5.35,727,very_high_cardinality,True,True,False,False,"target_encoding, hash_encoding, or embedding_layer","['24.0', '93.0', '326.0', '279.0', '712.0']",,,,,,,,,,,False,0.0,0.0,,,0.0,0.0,,,291057.0,0.0,1788.0,1788.0,61.0234,36.0,74.3067,1.2177,18.0,78.0,60.0,3.8614,28.5782,2491.0,0.0,18.0,78.0,60.0,-72.0,168.0,19618.0,6.7403,0.0535,61.0234,36.0,74.3067,0.0,18.0,78.0,1788.0,60.0,3.8614,28.5787,19618.0,0.0674,highly_skewed,variable,0.0,non_normal,16454.0,18.0,78.0,60.0,-72.0,168.0,0.0,19618.0,19618.0,6.74,7343.0,2.52,-161.9,283.94,0.0,5790.0,5790.0,1.99,24.0,22064.0,7.58,4.0,360.0,5413.0,1.86,28.58,right_skewed,True,True,True,True,high,robust_scaling_or_transform,-72.0,168.0,heavy_tailed,log1p_or_quantile_transform,True,True,False,True,True,True,False,True,0.8,drop_or_encode,near_constant,0.0086
393,PREV_CODE_REJECT_REASON_CLIENT_MEAN,float64,291057,118,0.04,290939,99.96,False,93.46,False,0.0,272024,"[(np.float64(0.0), 272024), (np.float64(0.3333333333333333), 2402), (np.float64(0.25), 2304)]",291057,0.0,93.46,0.3333333333333333,0.83,"[('0.0', 93.46), ('0.3333333333333333', 0.83), ('0.25', 0.79)]",False,Most frequent dominates with 93.46%,291057,16454,5.35,118,high_cardinality,True,False,False,True,"target_encoding, frequency_encoding, or hash_encoding","['0.0', '0.0416666666666666', '0.0689655172413793', '0.1875', '0.1851851851851851']",,,,,,,,,,,False,0.0,0.0,,,0.0,0.0,,,291057.0,0.0,1.0,1.0,0.0151,0.0,0.0691,4.5734,0.0,0.0,0.0,6.0974,47.0951,272024.0,0.0,0.0,0.0,0.0,0.0,0.0,19033.0,6.5393,0.0535,0.0151,0.0,0.0691,0.0,0.0,0.0,1.0,0.0,6.0974,47.096,0.0,0.0,highly_skewed,variable,0.0,non_normal,16454.0,0.0,0.0,0.0,0.0,0.0,0.0,19033.0,19033.0,6.54,19033.0,6.54,-0.19,0.22,0.0,7752.0,7752.0,2.66,0.05,7732.0,2.66,0.0,0.33,2713.0,0.93,47.1,right_skewed,True,True,True,True,high,robust_scaling_or_transform,0.0,0.0,zero_inflated,log1p_or_tweedie,True,True,False,True,True,True,True,True,0.7,drop_or_encode,near_constant,0.9346
394,PREV_CODE_REJECT_REASON_HC_MEAN,float64,291057,388,0.13,290669,99.87,False,77.31,False,0.0,225028,"[(np.float64(0.0), 225028), (np.float64(0.25), 6605), (np.float64(0.3333333333333333), 6264)]",291057,0.0,77.31,0.25,2.27,"[('0.0', 77.31), ('0.25', 2.27), ('0.3333333333333333', 2.15)]",False,Most frequent dominates with 77.31%,291057,16454,5.35,388,very_high_cardinality,True,True,False,False,"target_encoding, hash_encoding, or embedding_layer","['0.0', '0.8', '0.4074074074074074', '0.6086956521739131', '0.574468085106383']",,,,,,,,,,,False,0.0,0.0,,,0.0,0.0,,,291057.0,0.0,1.0,1.0,0.0597,0.0,0.1335,2.2363,0.0,0.0,0.0,2.6984,8.0957,225028.0,0.0,0.0,0.0,0.0,0.0,0.0,66029.0,22.6859,0.0535,0.0597,0.0,0.1335,0.0,0.0,0.0,1.0,0.0,2.6984,8.0959,0.0,0.0,highly_skewed,variable,0.0,non_normal,16454.0,0.0,0.0,0.0,0.0,0.0,0.0,66029.0,66029.0,22.69,66029.0,22.69,-0.34,0.46,0.0,8623.0,8623.0,2.96,0.09,8424.0,2.89,0.0,0.6,2533.0,0.87,8.1,right_skewed,True,True,True,True,severe,consider_log_transform,0.0,0.0,zero_inflated,log1p_or_tweedie,True,True,False,True,True,True,True,True,0.7,drop_or_encode,near_constant,0.7731
395,PREV_CODE_REJECT_REASON_LIMIT_MEAN,float64,291057,244,0.08,290813,99.92,False,90.25,False,0.0,262669,"[(np.float64(0.0), 262669), (np.float64(0.3333333333333333), 3063), (np.float64(0.5), 2840)]",291057,0.0,90.25,0.3333333333333333,1.05,"[('0.0', 90.25), ('0.3333333333333333', 1.05), ('0.5', 0.98)]",False,Most frequent dominates with 90.25%,291057,16454,5.35,244,very_high_cardinality,True,True,False,False,"target_encoding, hash_encoding, or embedding_layer","['0.0', '0.0625', '0.2083333333333333', '0.4736842105263157', '0.6111111111111112']",,,,,,,,,,,False,0.0,0.0,,,0.0,0.0,,,291057.0,0.0,1.0,1.0,0.0251,0.0,0.0918,3.6617,0.0,0.0,0.0,4.5148,22.8924,262669.0,0.0,0.0,0.0,0.0,0.0,0.0,28388.0,9.7534,0.0535,0.0251,0.0,0.0918,0.0,0.0,0.0,1.0,0.0,4.5148,22.8929,0.0,0.0,highly_skewed,variable,0.0,non_normal,16454.0,0.0,0.0,0.0,0.0,0.0,0.0,28388.0,28388.0,9.75,28388.0,9.75,-0.25,0.3,0.0,9230.0,9230.0,3.17,0.06,9137.0,3.14,0.0,0.5,1550.0,0.53,22.89,right_skewed,True,True,True,True,high,robust_scaling_or_transform,0.0,0.0,zero_inflated,log1p_or_tweedie,True,True,False,True,True,True,True,True,0.7,drop_or_encode,near_constant,0.9025
396,PREV_CODE_REJECT_REASON_SCOFR_MEAN,float64,291057,157,0.05,290900,99.95,False,97.67,True,0.0,284269,"[(np.float64(0.0), 284269), (np.float64(0.3333333333333333), 751), (np.float64(0.25), 694)]",291057,0.0,97.67,0.3333333333333333,0.26,"[('0.0', 97.67), ('0.3333333333333333', 0.26), ('0.25', 0.24)]",False,Most frequent dominates with 97.67%,291057,16454,5.35,157,high_cardinality,True,False,False,True,"target_encoding, frequency_encoding, or hash_encoding","['0.0', '0.0625', '0.1724137931034483', '0.0689655172413793', '0.027027027027027']",,,,,,,,,,,False,0.0,0.0,,,0.0,0.0,,,291057.0,0.0,1.0,1.0,0.0056,0.0,0.0431,7.6756,0.0,0.0,0.0,9.6235,106.9741,284269.0,0.0,0.0,0.0,0.0,0.0,0.0,6788.0,2.3322,0.0535,0.0056,0.0,0.0431,0.0,0.0,0.0,1.0,0.0,9.6236,106.9759,0.0,0.0,highly_skewed,variable,0.0,non_normal,16454.0,0.0,0.0,0.0,0.0,0.0,0.0,6788.0,6788.0,2.33,6788.0,2.33,-0.12,0.14,0.0,4864.0,4864.0,1.67,0.03,4446.0,1.53,0.0,0.25,2220.0,0.76,106.97,right_skewed,True,True,True,True,moderate,log_transform_or_winsorize,0.0,0.0,zero_inflated,log1p_or_tweedie,True,False,True,True,True,True,True,True,0.7,drop_or_encode,near_constant,0.9767
397,PREV_CODE_REJECT_REASON_SCO_MEAN,float64,291057,206,0.07,290851,99.93,False,92.56,False,0.0,269405,"[(np.float64(0.0), 269405), (np.float64(0.25), 2220), (np.float64(0.2), 2084)]",291057,0.0,92.56,0.25,0.76,"[('0.0', 92.56), ('0.25', 0.76), ('0.2', 0.72)]",False,Most frequent dominates with 92.56%,291057,16454,5.35,206,very_high_cardinality,True,True,False,False,"target_encoding, hash_encoding, or embedding_layer","['0.0', '0.4210526315789473', '0.7777777777777778', '0.28125', '0.3684210526315789']",,,,,,,,,,,False,0.0,0.0,,,0.0,0.0,,,291057.0,0.0,1.0,1.0,0.0166,0.0,0.0716,4.3058,0.0,0.0,0.0,5.7894,42.1246,269405.0,0.0,0.0,0.0,0.0,0.0,0.0,21652.0,7.4391,0.0535,0.0166,0.0,0.0716,0.0,0.0,0.0,1.0,0.0,5.7895,42.1253,0.0,0.0,highly_skewed,variable,0.0,non_normal,16454.0,0.0,0.0,0.0,0.0,0.0,0.0,21652.0,21652.0,7.44,21652.0,7.44,-0.2,0.23,0.0,8074.0,8074.0,2.77,0.05,5832.0,2.0,0.0,0.38,2861.0,0.98,42.12,right_skewed,True,True,True,True,high,robust_scaling_or_transform,0.0,0.0,zero_inflated,log1p_or_tweedie,True,True,False,True,True,True,True,True,0.7,drop_or_encode,near_constant,0.9256
398,PREV_CODE_REJECT_REASON_SYSTEM_MEAN,float64,291057,57,0.02,291000,99.98,False,99.82,True,0.0,290543,"[(np.float64(0.0), 290543), (np.float64(0.2), 59), (np.float64(0.1428571428571428), 55)]",291057,0.0,99.82,0.2,0.02,"[('0.0', 99.82), ('0.2', 0.02), ('0.1428571428571428', 0.02)]",True,Appears uniformly dominated,291057,16454,5.35,57,high_cardinality,True,False,False,True,"target_encoding, frequency_encoding, or hash_encoding","['0.0', '0.3333333333333333', '0.6666666666666666', '0.5384615384615384', '0.0357142857142857']",,,,,,,,,,,False,0.0,0.0,,,0.0,0.0,,,291057.0,0.0,1.0,1.0,0.0003,0.0,0.0096,28.5817,0.0,0.0,0.0,39.8516,2072.3304,290543.0,0.0,0.0,0.0,0.0,0.0,0.0,514.0,0.1766,0.0535,0.0003,0.0,0.0096,0.0,0.0,0.0,1.0,0.0,39.8518,2072.366,0.0,0.0,highly_skewed,variable,0.0,non_normal,16454.0,0.0,0.0,0.0,0.0,0.0,0.0,514.0,514.0,0.18,514.0,0.18,-0.03,0.03,0.0,514.0,514.0,0.18,0.01,511.0,0.18,0.0,0.0,514.0,0.18,2072.33,right_skewed,True,True,True,True,low,investigate_individually,0.0,0.0,zero_inflated,log1p_or_tweedie,True,False,False,True,True,True,True,True,0.7,drop_or_encode,near_constant,0.9982
399,PREV_CODE_REJECT_REASON_VERIF_MEAN,float64,291057,83,0.03,290974,99.97,False,99.13,True,0.0,288538,"[(np.float64(0.0), 288538), (np.float64(0.2), 219), (np.float64(0.1666666666666666), 202)]",291057,0.0,99.13,0.2,0.08,"[('0.0', 99.13), ('0.2', 0.08), ('0.1666666666666666', 0.07)]",True,Appears uniformly dominated,291057,16454,5.35,83,high_cardinality,True,False,False,True,"target_encoding, frequency_encoding, or hash_encoding","['0.0', '0.0869565217391304', '0.6666666666666666', '0.1052631578947368', '0.2142857142857142']",,,,,,,,,,,False,0.0,0.0,,,0.0,0.0,,,291057.0,0.0,1.0,1.0,0.0015,0.0,0.0199,13.268,0.0,0.0,0.0,19.1265,482.7887,288538.0,0.0,0.0,0.0,0.0,0.0,0.0,2519.0,0.8655,0.0535,0.0015,0.0,0.0199,0.0,0.0,0.0,1.0,0.0,19.1266,482.7971,0.0,0.0,highly_skewed,variable,0.0,non_normal,16454.0,0.0,0.0,0.0,0.0,0.0,0.0,2519.0,2519.0,0.87,2519.0,0.87,-0.06,0.06,0.0,2276.0,2276.0,0.78,0.01,2160.0,0.74,0.0,0.0,2519.0,0.87,482.79,right_skewed,True,True,True,True,low,investigate_individually,0.0,0.0,zero_inflated,log1p_or_tweedie,True,False,False,True,True,True,True,True,0.7,drop_or_encode,near_constant,0.9913
400,PREV_CODE_REJECT_REASON_XAP_MEAN,float64,291057,394,0.14,290663,99.86,False,62.03,False,1.0,180542,"[(np.float64(1.0), 180542), (np.float64(0.6666666666666666), 14114), (np.float64(0.5), 13547)]",291057,1.0,62.03,0.6666666666666666,4.85,"[('1.0', 62.03), ('0.6666666666666666', 4.85), ('0.5', 4.65)]",False,Most frequent dominates with 62.03%,291057,16454,5.35,394,very_high_cardinality,True,True,False,False,"target_encoding, hash_encoding, or embedding_layer","['1.0', '0.7647058823529411', '0.3548387096774194', '0.3181818181818182', '0.4571428571428571']",,,,,,,,,,,False,0.0,0.0,,,0.0,0.0,,,291057.0,0.0,1.0,1.0,0.874,1.0,0.1945,0.2226,0.75,1.0,0.25,-1.54,1.7456,607.0,0.0,0.75,1.0,0.25,0.375,1.375,8065.0,2.7709,0.0535,0.874,1.0,0.1945,0.0,0.75,1.0,1.0,0.25,-1.54,1.7457,8065.0,0.0277,highly_skewed,variable,0.0,non_normal,16454.0,0.75,1.0,0.25,0.38,1.38,8065.0,0.0,8065.0,2.77,0.0,0.0,0.29,1.46,3861.0,0.0,3861.0,1.33,0.13,4198.0,1.44,0.25,1.0,2114.0,0.73,1.75,left_skewed,True,True,True,True,moderate,winsorize_lower_or_clip,0.38,1.38,left_skewed,yeo_johnson_or_square_transform,True,False,True,True,True,True,False,True,0.5,drop_or_encode,near_constant,0.0021
401,PREV_CODE_REJECT_REASON_XNA_MEAN,float64,291057,104,0.04,290953,99.96,False,98.74,True,0.0,287401,"[(np.float64(0.0), 287401), (np.float64(0.2), 320), (np.float64(0.1666666666666666), 319)]",291057,0.0,98.74,0.2,0.11,"[('0.0', 98.74), ('0.2', 0.11), ('0.1666666666666666', 0.11)]",True,Appears uniformly dominated,291057,16454,5.35,104,high_cardinality,True,False,False,True,"target_encoding, frequency_encoding, or hash_encoding","['0.0', '0.0769230769230769', '0.0344827586206896', '0.025', '0.0285714285714285']",,,,,,,,,,,False,0.0,0.0,,,0.0,0.0,,,291057.0,0.0,1.0,1.0,0.002,0.0,0.0218,10.6914,0.0,0.0,0.0,15.2971,323.0911,287401.0,0.0,0.0,0.0,0.0,0.0,0.0,3656.0,1.2561,0.0535,0.002,0.0,0.0218,0.0,0.0,0.0,1.0,0.0,15.2972,323.0966,0.0,0.0,highly_skewed,variable,0.0,non_normal,16454.0,0.0,0.0,0.0,0.0,0.0,0.0,3656.0,3656.0,1.26,3656.0,1.26,-0.06,0.07,0.0,3203.0,3203.0,1.1,0.01,3084.0,1.06,0.0,0.08,2819.0,0.97,323.09,right_skewed,True,True,True,True,moderate,log_transform_or_winsorize,0.0,0.0,zero_inflated,log1p_or_tweedie,True,False,False,True,True,True,True,True,0.7,drop_or_encode,near_constant,0.9874
402,PREV_CODE_REJECT_REASON_nan_MEAN,float64,291057,1,0.0,291056,100.0,True,100.0,True,0.0,291057,"[(np.float64(0.0), 291057)]",291057,0.0,100.0,,,"[('0.0', 100.0)]",True,Appears uniformly dominated,291057,16454,5.35,1,single_category,False,False,False,False,drop_column (constant),['0.0'],,,,,,,,,,,False,0.0,0.0,,,0.0,0.0,,,291057.0,0.0,0.0,0.0,0.0,0.0,0.0,,0.0,0.0,0.0,,,291057.0,0.0,0.0,0.0,0.0,0.0,0.0,0.0,0.0,0.0535,0.0,0.0,0.0,0.0,0.0,0.0,0.0,0.0,0.0,0.0,0.0,0.0,approximately_symmetric,constant,,constant,16454.0,0.0,0.0,0.0,0.0,0.0,0.0,0.0,0.0,0.0,0.0,0.0,,,0.0,0.0,0.0,0.0,,0.0,0.0,0.0,0.0,0.0,0.0,,moderate_deviation,False,False,False,False,none,none_needed,0.0,0.0,constant_or_near_constant,drop_column,True,False,False,True,True,True,True,False,0.2,drop_or_encode,near_constant,1.0
403,PREV_CREDIT_TO_ANNUITY_RATIO_MAX,float64,290639,132973,45.75,157666,54.25,False,18.54,False,20.0,53882,"[(np.float64(20.0), 53882), (np.float64(36.36363636363637), 1560), (np.float64(34.19972640218878), 1264)]",290639,20.0,18.54,36.36363636363637,0.54,"[('20.0', 18.54), ('36.36363636363637', 0.54), ('34.19972640218878', 0.43)]",False,Most frequent dominates with 18.54%,290639,16872,5.49,132973,very_high_cardinality,True,True,False,False,"target_encoding, hash_encoding, or embedding_layer","['19.3535835015443', '9.33939643968274', '3.753050743061441', '6.561648819532533', '11.339144018013677']",,,,,,,,,,,False,0.0,0.0,,,0.0,0.0,,,290639.0,2.7579,400.0,397.2421,17.9025,20.0,9.559,0.5339,9.8619,22.1729,12.311,3.7801,80.1032,0.0,0.0,9.8619,22.1729,12.311,-8.6046,40.6394,856.0,0.2945,0.0549,17.9025,20.0,9.559,2.7579,9.8619,22.1729,400.0,12.311,3.7801,80.1046,856.0,0.0029,highly_skewed,variable,0.0,non_normal,16872.0,9.86,22.17,12.31,-8.6,40.64,0.0,856.0,856.0,0.29,533.0,0.18,-10.77,46.58,0.0,734.0,734.0,0.25,7.36,533.0,0.18,4.82,37.91,5577.0,1.92,80.1,right_skewed,True,True,True,True,low,investigate_individually,-8.6,40.64,heavy_tailed,log1p_or_quantile_transform,True,False,False,True,False,False,False,True,0.5,bin,high_skew,0.0
404,PREV_CREDIT_TO_ANNUITY_RATIO_MEAN,float64,290639,277142,95.36,13497,4.64,False,0.68,False,20.0,1988,"[(np.float64(20.0), 1988), (np.float64(9.090909090909092), 500), (np.float64(9.09090909090909), 315)]",290639,20.0,0.68,9.090909090909092,0.17,"[('20.0', 0.68), ('9.090909090909092', 0.17), ('9.09090909090909', 0.11)]",False,Most frequent dominates with 0.68%,290639,16872,5.49,277142,very_high_cardinality,True,True,False,False,"target_encoding, hash_encoding, or embedding_layer","['19.3535835015443', '11.23795746973028', '8.678277869600603', '7.726283436633502', '15.237661744242146']",,,,,,,,,,,False,0.0,0.0,,,0.0,0.0,,,290639.0,2.7579,127.8576,125.0997,12.4349,11.5417,5.0656,0.4074,8.8319,15.3039,6.472,1.0518,4.0655,0.0,0.0,8.8319,15.3039,6.472,-0.8762,25.0119,5225.0,1.7978,0.0549,12.4349,11.5417,5.0656,2.7579,8.8319,15.3039,127.8576,6.472,1.0518,4.0656,5225.0,0.018,highly_skewed,variable,0.0,non_normal,16872.0,8.83,15.3,6.47,-0.88,25.01,0.0,5225.0,5225.0,1.8,339.0,0.12,-2.76,27.63,0.0,2188.0,2188.0,0.75,3.15,1971.0,0.68,4.55,26.62,5813.0,2.0,4.07,right_skewed,True,True,True,True,moderate,log_transform_or_winsorize,-0.88,25.01,heavy_tailed,log1p_or_quantile_transform,True,False,False,True,False,False,False,True,0.5,bin,high_skew,0.0
405,PREV_DAYS_DECISION_MAX,float64,291057,2922,1.0,288135,99.0,False,0.3,False,-7.0,870,"[(np.float64(-7.0), 870), (np.float64(-3.0), 844), (np.float64(-4.0), 820)]",291057,-7.0,0.3,-3.0,0.29,"[('-7.0', 0.3), ('-3.0', 0.29), ('-4.0', 0.28)]",False,Most frequent dominates with 0.3%,291057,16454,5.35,2922,very_high_cardinality,True,True,False,False,"target_encoding, hash_encoding, or embedding_layer","['-606.0', '-781.0', '-808.0', '-1263.0', '-2708.0']",,,,,,,,,,,False,0.0,0.0,,,0.0,0.0,,,291057.0,-2922.0,-1.0,2921.0,-480.8168,-299.0,540.1861,1.1235,-595.0,-147.0,448.0,-2.2244,5.1323,0.0,291057.0,-595.0,-147.0,448.0,-1267.0,525.0,23982.0,8.2396,0.0535,-480.8168,-299.0,540.1861,-2922.0,-595.0,-147.0,-1.0,448.0,-2.2244,5.1324,23982.0,0.0824,highly_skewed,variable,0.0,non_normal,16454.0,-595.0,-147.0,448.0,-1267.0,525.0,23982.0,0.0,23982.0,8.24,12081.0,4.15,-2101.38,1139.74,9981.0,0.0,9981.0,3.43,190.0,23635.0,8.12,-2590.0,-5.0,5185.0,1.78,5.13,left_skewed,True,True,True,True,high,robust_scaling_or_transform,-1267.0,525.0,heavy_tailed,quantile_transform_or_robust_scaler,True,True,False,True,True,False,False,True,0.8,treat_as_categorical,"high_skew, high_outliers, discrete",0.0
406,PREV_DAYS_DECISION_MEAN,float64,291057,60029,20.62,231028,79.38,False,0.05,False,-308.0,148,"[(np.float64(-308.0), 148), (np.float64(-355.0), 146), (np.float64(-350.0), 145)]",291057,-308.0,0.05,-355.0,0.05,"[('-308.0', 0.05), ('-355.0', 0.05), ('-350.0', 0.05)]",False,Most frequent dominates with 0.05%,291057,16454,5.35,60029,very_high_cardinality,True,True,False,False,"target_encoding, hash_encoding, or embedding_layer","['-606.0', '-732.3333333333334', '-400.77777777777777', '-544.5714285714286', '-1980.75']",,,,,,,,,,,False,0.0,0.0,,,0.0,0.0,,,291057.0,-2922.0,-2.0,2920.0,-919.5742,-789.0,577.7659,0.6283,-1247.0,-466.8,780.2,-0.9894,0.5647,0.0,291057.0,-1247.0,-466.8,780.2,-2417.3,703.5,6868.0,2.3597,0.0535,-919.5742,-789.0,577.7659,-2922.0,-1247.0,-466.8,-2.0,780.2,-0.9894,0.5647,6868.0,0.0236,moderately_skewed,variable,0.0,non_normal,16454.0,-1247.0,-466.8,780.2,-2417.3,703.5,6868.0,0.0,6868.0,2.36,0.0,0.0,-2652.87,813.72,2649.0,0.0,2649.0,0.91,367.62,2046.0,0.7,-2635.0,-139.0,5775.0,1.98,0.56,moderate_deviation,False,True,False,True,moderate,winsorize_lower_or_clip,-2417.3,703.5,approximately_normal,none_or_standard_scaler,True,False,True,True,False,False,False,True,0.5,bin,high_skew,0.0
407,PREV_DAYS_DECISION_MIN,float64,291057,2921,1.0,288136,99.0,False,0.07,False,-476.0,197,"[(np.float64(-476.0), 197), (np.float64(-511.0), 182), (np.float64(-475.0), 179)]",291057,-476.0,0.07,-511.0,0.06,"[('-476.0', 0.07), ('-511.0', 0.06), ('-475.0', 0.06)]",False,Most frequent dominates with 0.07%,291057,16454,5.35,2921,very_high_cardinality,True,True,False,False,"target_encoding, hash_encoding, or embedding_layer","['-606.0', '-1735.0', '-240.0', '-2209.0', '-2461.0']",,,,,,,,,,,False,0.0,0.0,,,0.0,0.0,,,291057.0,-2922.0,-2.0,2920.0,-1539.8221,-1503.0,864.6643,0.5615,-2391.0,-725.0,1666.0,-0.0505,-1.4149,0.0,291057.0,-2391.0,-725.0,1666.0,-4890.0,1774.0,0.0,0.0,0.0535,-1539.8221,-1503.0,864.6643,-2922.0,-2391.0,-725.0,-2.0,1666.0,-0.0505,-1.4149,0.0,0.0,approximately_symmetric,variable,0.0,non_normal,16454.0,-2391.0,-725.0,1666.0,-4890.0,1774.0,0.0,0.0,0.0,0.0,0.0,0.0,-4133.81,1054.17,0.0,0.0,0.0,0.0,825.0,0.0,0.0,-2902.0,-172.0,5801.0,1.99,-1.41,light_tailed,False,False,False,False,none,none_needed,-4890.0,1774.0,approximately_normal,none_or_standard_scaler,True,False,False,True,True,False,False,True,0.2,treat_as_categorical,discrete,0.0
408,PREV_DOWN_PAYMENT_TO_CREDIT_MAX,float64,273605,118279,43.23,155326,56.77,False,28.13,False,0.0,76954,"[(np.float64(0.0), 76954), (np.float64(0.1111111111111111), 15927), (np.float64(0.25), 3979)]",273605,0.0,28.13,0.1111111111111111,5.82,"[('0.0', 28.13), ('0.1111111111111111', 5.82), ('0.25', 1.45)]",False,Most frequent dominates with 28.13%,273605,33906,11.03,118279,very_high_cardinality,True,True,False,False,"target_encoding, hash_encoding, or embedding_layer","['0.0', '0.1111531906835826', '0.0967377260981912', '0.1111166335321404', '0.1061247530341518']",,,,,,,,,,,False,0.0,0.0,,,0.0,0.0,,,273605.0,0.0,11.2245,11.2245,0.1639,0.107,0.2444,1.4907,0.0,0.2175,0.2175,5.5633,82.2862,76954.0,0.0,0.0,0.2175,0.2175,-0.3263,0.5438,15910.0,5.815,0.1103,0.1639,0.107,0.2444,0.0,0.0,0.2175,11.2245,0.2175,5.5633,82.2878,15910.0,0.0581,highly_skewed,variable,0.0,non_normal,33906.0,0.0,0.22,0.22,-0.33,0.54,0.0,15910.0,15910.0,5.81,7203.0,2.63,-0.57,0.9,0.0,6785.0,6785.0,2.48,0.11,11499.0,4.2,0.0,1.08,2737.0,1.0,82.29,right_skewed,True,True,True,True,high,robust_scaling_or_transform,-0.33,0.54,heavy_tailed,log1p_or_quantile_transform,True,True,False,True,False,False,False,True,0.8,bin,"high_skew, high_outliers",0.2813
409,PREV_DOWN_PAYMENT_TO_CREDIT_MEAN,float64,273605,165423,60.46,108182,39.54,False,28.13,False,0.0,76953,"[(np.float64(0.0), 76953), (np.float64(0.1111111111111111), 5803), (np.float64(0.0555555555555555), 2659)]",273605,0.0,28.13,0.1111111111111111,2.12,"[('0.0', 28.13), ('0.1111111111111111', 2.12), ('0.0555555555555555', 0.97)]",False,Most frequent dominates with 28.13%,273605,33906,11.03,165423,very_high_cardinality,True,True,False,False,"target_encoding, hash_encoding, or embedding_layer","['0.0', '0.0370489116882191', '0.1011066398390342', '0.5202870806372006', '0.0400832050715412']",,,,,,,,,,,False,0.0,0.0,,,0.0,0.0,,,273605.0,-0.0,9.962,9.9621,0.0998,0.0685,0.1499,1.5023,0.0,0.113,0.113,7.1241,177.4545,76953.0,1.0,0.0,0.113,0.113,-0.1695,0.2824,17381.0,6.3526,0.1103,0.0998,0.0685,0.1499,-0.0,0.0,0.113,9.962,0.113,7.1242,177.4577,17381.0,0.0635,highly_skewed,variable,0.0,non_normal,33906.0,0.0,0.11,0.11,-0.17,0.28,0.0,17381.0,17381.0,6.35,7325.0,2.68,-0.35,0.55,0.0,4834.0,4834.0,1.77,0.06,10581.0,3.87,0.0,0.69,2738.0,1.0,177.45,right_skewed,True,True,True,True,high,robust_scaling_or_transform,-0.17,0.28,heavy_tailed,quantile_transform_or_robust_scaler,True,True,False,True,False,False,False,True,0.8,bin,"high_skew, high_outliers",0.2813
410,PREV_FLAG_LAST_APPL_PER_CONTRACT_N_MEAN,float64,291057,135,0.05,290922,99.95,False,98.27,True,0.0,286035,"[(np.float64(0.0), 286035), (np.float64(0.1666666666666666), 474), (np.float64(0.2), 466)]",291057,0.0,98.27,0.1666666666666666,0.16,"[('0.0', 98.27), ('0.1666666666666666', 0.16), ('0.2', 0.16)]",True,Appears uniformly dominated,291057,16454,5.35,135,high_cardinality,True,False,False,True,"target_encoding, frequency_encoding, or hash_encoding","['0.0', '0.2142857142857142', '0.1304347826086956', '0.0344827586206896', '0.0606060606060606']",,,,,,,,,,,False,0.0,0.0,,,0.0,0.0,,,291057.0,0.0,0.8889,0.8889,0.003,0.0,0.027,8.9713,0.0,0.0,0.0,12.0776,183.3705,286035.0,0.0,0.0,0.0,0.0,0.0,0.0,5022.0,1.7254,0.0535,0.003,0.0,0.027,0.0,0.0,0.0,0.8889,0.0,12.0776,183.3737,0.0,0.0,highly_skewed,variable,0.0,non_normal,16454.0,0.0,0.0,0.0,0.0,0.0,0.0,5022.0,5022.0,1.73,5022.0,1.73,-0.08,0.08,0.0,4099.0,4099.0,1.41,0.02,3839.0,1.32,0.0,0.12,2767.0,0.95,183.37,right_skewed,True,True,True,True,moderate,log_transform_or_winsorize,0.0,0.0,zero_inflated,log1p_or_tweedie,True,False,False,True,True,True,True,True,0.7,drop_or_encode,near_constant,0.9827
411,PREV_FLAG_LAST_APPL_PER_CONTRACT_Y_MEAN,float64,291057,135,0.05,290922,99.95,False,98.27,True,1.0,286035,"[(np.float64(1.0), 286035), (np.float64(0.8333333333333334), 474), (np.float64(0.8), 466)]",291057,1.0,98.27,0.8333333333333334,0.16,"[('1.0', 98.27), ('0.8333333333333334', 0.16), ('0.8', 0.16)]",True,Appears uniformly dominated,291057,16454,5.35,135,high_cardinality,True,False,False,True,"target_encoding, frequency_encoding, or hash_encoding","['1.0', '0.7857142857142857', '0.8695652173913043', '0.9655172413793104', '0.9393939393939394']",,,,,,,,,,,False,0.0,0.0,,,0.0,0.0,,,291057.0,0.1111,1.0,0.8889,0.997,1.0,0.027,0.0271,1.0,1.0,0.0,-12.0776,183.3705,0.0,0.0,1.0,1.0,0.0,1.0,1.0,5022.0,1.7254,0.0535,0.997,1.0,0.027,0.1111,1.0,1.0,1.0,0.0,-12.0776,183.3737,0.0,0.0,highly_skewed,variable,0.0,non_normal,16454.0,1.0,1.0,0.0,1.0,1.0,5022.0,0.0,5022.0,1.73,5022.0,1.73,0.92,1.08,4099.0,0.0,4099.0,1.41,0.02,3839.0,1.32,0.88,1.0,2767.0,0.95,183.37,left_skewed,True,True,True,True,moderate,winsorize_lower_or_clip,1.0,1.0,heavy_tailed,quantile_transform_or_robust_scaler,True,False,False,True,True,True,False,True,0.5,drop_or_encode,near_constant,0.0
412,PREV_FLAG_LAST_APPL_PER_CONTRACT_nan_MEAN,float64,291057,1,0.0,291056,100.0,True,100.0,True,0.0,291057,"[(np.float64(0.0), 291057)]",291057,0.0,100.0,,,"[('0.0', 100.0)]",True,Appears uniformly dominated,291057,16454,5.35,1,single_category,False,False,False,False,drop_column (constant),['0.0'],,,,,,,,,,,False,0.0,0.0,,,0.0,0.0,,,291057.0,0.0,0.0,0.0,0.0,0.0,0.0,,0.0,0.0,0.0,,,291057.0,0.0,0.0,0.0,0.0,0.0,0.0,0.0,0.0,0.0535,0.0,0.0,0.0,0.0,0.0,0.0,0.0,0.0,0.0,0.0,0.0,0.0,approximately_symmetric,constant,,constant,16454.0,0.0,0.0,0.0,0.0,0.0,0.0,0.0,0.0,0.0,0.0,0.0,,,0.0,0.0,0.0,0.0,,0.0,0.0,0.0,0.0,0.0,0.0,,moderate_deviation,False,False,False,False,none,none_needed,0.0,0.0,constant_or_near_constant,drop_column,True,False,False,True,True,True,True,False,0.2,drop_or_encode,near_constant,1.0
413,PREV_GOODS_TO_CREDIT_RATIO_MAX,float64,290073,141283,48.71,148790,51.29,False,21.64,False,1.0,62777,"[(np.float64(1.0), 62777), (np.float64(1.1111111111111112), 16939), (np.float64(1.25), 4087)]",290073,1.0,21.64,1.1111111111111112,5.84,"[('1.0', 21.64), ('1.1111111111111112', 5.84), ('1.25', 1.41)]",False,Most frequent dominates with 21.64%,290073,17438,5.67,141283,very_high_cardinality,True,True,False,False,"target_encoding, hash_encoding, or embedding_layer","['1.0', '1.2501410835214446', '1.207352234502643', '1.1250861474844935', '1.4823295830575778']",,,,,,,,,,,False,0.0,0.0,,,0.0,0.0,,,290073.0,0.0,20.0,20.0,1.1166,1.0437,0.3027,0.2711,1.0,1.1328,0.1328,12.5187,410.306,31.0,0.0,1.0,1.1328,0.1328,0.8008,1.332,29614.0,10.2092,0.0567,1.1166,1.0437,0.3027,0.0,1.0,1.1328,20.0,0.1328,12.5188,410.3131,29614.0,0.1021,highly_skewed,variable,0.0,non_normal,17438.0,1.0,1.13,0.13,0.8,1.33,1462.0,28152.0,29614.0,10.21,15287.0,5.27,0.21,2.02,31.0,3313.0,3344.0,1.15,0.07,22698.0,7.82,0.83,2.1,5801.0,2.0,410.31,right_skewed,True,True,True,True,severe,consider_log_transform,0.8,1.33,heavy_tailed,log1p_or_quantile_transform,True,True,False,True,False,False,False,True,0.8,bin,"high_skew, high_outliers",0.0001
414,PREV_GOODS_TO_CREDIT_RATIO_MEAN,float64,290073,246133,84.85,43940,15.15,False,6.66,False,1.0,19333,"[(np.float64(1.0), 19333), (np.float64(1.1111111111111112), 3158), (np.float64(1.0555555555555556), 1019)]",290073,1.0,6.66,1.1111111111111112,1.09,"[('1.0', 6.66), ('1.1111111111111112', 1.09), ('1.0555555555555556', 0.35)]",False,Most frequent dominates with 6.66%,290073,17438,5.67,246133,very_high_cardinality,True,True,False,False,"target_encoding, hash_encoding, or embedding_layer","['1.0', '0.8723323190081853', '1.0877427004594635', '0.8441297846659642', '1.0045337010690518']",,,,,,,,,,,False,0.0,0.0,,,0.0,0.0,,,290073.0,0.0,5.4671,5.4671,1.003,0.9861,0.1366,0.1362,0.9339,1.0378,0.1039,4.5892,61.3141,31.0,0.0,0.9339,1.0378,0.1039,0.7781,1.1936,18661.0,6.4332,0.0567,1.003,0.9861,0.1366,0.0,0.9339,1.0378,5.4671,0.1039,4.5892,61.3152,18661.0,0.0643,highly_skewed,variable,0.0,non_normal,17438.0,0.93,1.04,0.1,0.78,1.19,2487.0,16174.0,18661.0,6.43,6344.0,2.19,0.59,1.41,303.0,4434.0,4737.0,1.63,0.05,10695.0,3.69,0.79,1.5,5802.0,2.0,61.31,right_skewed,True,True,True,True,high,robust_scaling_or_transform,0.78,1.19,heavy_tailed,log1p_or_quantile_transform,True,True,False,True,False,False,False,True,0.8,bin,"high_skew, high_outliers",0.0001
415,PREV_HOUR_APPR_PROCESS_START_MAX,float64,291057,24,0.01,291033,99.99,False,12.42,False,16.0,36137,"[(np.float64(16.0), 36137), (np.float64(17.0), 34673), (np.float64(15.0), 34048)]",291057,16.0,12.42,17.0,11.91,"[('16.0', 12.42), ('17.0', 11.91), ('15.0', 11.7)]",False,Most frequent dominates with 12.42%,291057,16454,5.35,24,medium_cardinality,False,False,False,True,"target_encoding, leave_as_integer, or one_hot_if_dense","['9.0', '18.0', '10.0', '13.0', '22.0']",,,,,,,,,,,False,0.0,0.0,,,0.0,0.0,,,291057.0,0.0,23.0,23.0,14.7683,15.0,3.1829,0.2155,13.0,17.0,4.0,-0.4531,-0.0738,5.0,0.0,13.0,17.0,4.0,7.0,23.0,2830.0,0.9723,0.0535,14.7683,15.0,3.1829,0.0,13.0,17.0,23.0,4.0,-0.4531,-0.0738,2830.0,0.0097,approximately_symmetric,variable,0.0,non_normal,16454.0,13.0,17.0,4.0,7.0,23.0,2830.0,0.0,2830.0,0.97,5.0,0.0,5.22,24.32,1356.0,0.0,1356.0,0.47,2.0,588.0,0.2,7.0,21.0,3535.0,1.21,-0.07,approximately_normal,False,False,False,True,low,investigate_individually,7.0,23.0,approximately_normal,none_or_standard_scaler,False,False,False,True,True,True,False,True,0.2,drop_or_encode,near_constant,0.0
416,PREV_HOUR_APPR_PROCESS_START_MEAN,float64,291057,2558,0.88,288499,99.12,False,5.13,False,13.0,14943,"[(np.float64(13.0), 14943), (np.float64(12.0), 14654), (np.float64(14.0), 14011)]",291057,13.0,5.13,12.0,5.03,"[('13.0', 5.13), ('12.0', 5.03), ('14.0', 4.81)]",False,Most frequent dominates with 5.13%,291057,16454,5.35,2558,very_high_cardinality,True,True,False,False,"target_encoding, hash_encoding, or embedding_layer","['9.0', '15.266666666666667', '12.944444444444445', '8.052631578947368', '6.076923076923077']",,,,,,,,,,,False,0.0,0.0,,,0.0,0.0,,,291057.0,0.0,23.0,23.0,12.6616,12.75,2.7756,0.2192,11.0,14.5,3.5,-0.1957,0.222,5.0,0.0,11.0,14.5,3.5,5.75,19.75,4639.0,1.5938,0.0535,12.6616,12.75,2.7756,0.0,11.0,14.5,23.0,3.5,-0.1957,0.222,4639.0,0.0159,approximately_symmetric,variable,0.0,non_normal,16454.0,11.0,14.5,3.5,5.75,19.75,3298.0,1341.0,4639.0,1.59,5.0,0.0,4.33,20.99,955.0,317.0,1272.0,0.44,1.75,370.0,0.13,5.5,19.0,4364.0,1.5,0.22,approximately_normal,False,False,False,True,moderate,winsorize_both_tails,5.75,19.75,approximately_normal,none_or_standard_scaler,False,False,False,True,True,True,False,True,0.2,drop_or_encode,near_constant,0.0
417,PREV_NAME_CASH_LOAN_PURPOSE_Building a house or an annex_MEAN,float64,291057,98,0.03,290959,99.97,False,99.45,True,0.0,289453,"[(np.float64(0.0), 289453), (np.float64(0.2), 129), (np.float64(0.1666666666666666), 122)]",291057,0.0,99.45,0.2,0.04,"[('0.0', 99.45), ('0.2', 0.04), ('0.1666666666666666', 0.04)]",True,Appears uniformly dominated,291057,16454,5.35,98,high_cardinality,True,False,False,True,"target_encoding, frequency_encoding, or hash_encoding","['0.0', '0.0277777777777777', '0.6363636363636364', '0.375', '0.074074074074074']",,,,,,,,,,,False,0.0,0.0,,,0.0,0.0,,,291057.0,0.0,1.0,1.0,0.0012,0.0,0.0219,18.2587,0.0,0.0,0.0,28.8698,1060.7699,289453.0,0.0,0.0,0.0,0.0,0.0,0.0,1604.0,0.5511,0.0535,0.0012,0.0,0.0219,0.0,0.0,0.0,1.0,0.0,28.87,1060.7882,0.0,0.0,highly_skewed,variable,0.0,non_normal,16454.0,0.0,0.0,0.0,0.0,0.0,0.0,1604.0,1604.0,0.55,1604.0,0.55,-0.06,0.07,0.0,1410.0,1410.0,0.48,0.01,1359.0,0.47,0.0,0.0,1604.0,0.55,1060.77,right_skewed,True,True,True,True,low,investigate_individually,0.0,0.0,zero_inflated,log1p_or_tweedie,True,False,False,True,True,True,True,True,0.7,drop_or_encode,near_constant,0.9945
418,PREV_NAME_CASH_LOAN_PURPOSE_Business development_MEAN,float64,291057,48,0.02,291009,99.98,False,99.9,True,0.0,290772,"[(np.float64(0.0), 290772), (np.float64(0.2), 28), (np.float64(0.25), 20)]",291057,0.0,99.9,0.2,0.01,"[('0.0', 99.9), ('0.2', 0.01), ('0.25', 0.01)]",True,Appears uniformly dominated,291057,16454,5.35,48,medium_cardinality,False,False,False,True,"target_encoding, leave_as_integer, or one_hot_if_dense","['0.0', '0.1111111111111111', '0.2222222222222222', '0.04', '0.0588235294117647']",,,,,,,,,,,False,0.0,0.0,,,0.0,0.0,,,291057.0,0.0,1.0,1.0,0.0002,0.0,0.0091,45.2067,0.0,0.0,0.0,73.8302,6856.1528,290772.0,0.0,0.0,0.0,0.0,0.0,0.0,285.0,0.0979,0.0535,0.0002,0.0,0.0091,0.0,0.0,0.0,1.0,0.0,73.8306,6856.2706,0.0,0.0,highly_skewed,variable,0.0,non_normal,16454.0,0.0,0.0,0.0,0.0,0.0,0.0,285.0,285.0,0.1,285.0,0.1,-0.03,0.03,0.0,281.0,281.0,0.1,0.01,278.0,0.1,0.0,0.0,285.0,0.1,6856.15,right_skewed,True,True,True,True,low,investigate_individually,0.0,0.0,zero_inflated,log1p_or_tweedie,True,False,False,True,True,True,True,True,0.7,drop_or_encode,near_constant,0.999
419,PREV_NAME_CASH_LOAN_PURPOSE_Buying a garage_MEAN,float64,291057,34,0.01,291023,99.99,False,99.97,True,0.0,290972,"[(np.float64(0.0), 290972), (np.float64(0.0833333333333333), 8), (np.float64(0.1666666666666666), 7)]",291057,0.0,99.97,0.0833333333333333,0.0,"[('0.0', 99.97), ('0.0833333333333333', 0.0), ('0.1666666666666666', 0.0)]",True,Appears uniformly dominated,291057,16454,5.35,34,medium_cardinality,False,False,False,True,"target_encoding, leave_as_integer, or one_hot_if_dense","['0.0', '1.0', '0.0909090909090909', '0.0714285714285714', '0.2727272727272727']",,,,,,,,,,,False,0.0,0.0,,,0.0,0.0,,,291057.0,0.0,1.0,1.0,0.0001,0.0,0.0048,80.2131,0.0,0.0,0.0,122.0881,18960.5901,290972.0,0.0,0.0,0.0,0.0,0.0,0.0,85.0,0.0292,0.0535,0.0001,0.0,0.0048,0.0,0.0,0.0,1.0,0.0,122.0887,18960.9158,0.0,0.0,highly_skewed,variable,0.0,non_normal,16454.0,0.0,0.0,0.0,0.0,0.0,0.0,85.0,85.0,0.03,85.0,0.03,-0.01,0.01,0.0,85.0,85.0,0.03,0.0,85.0,0.03,0.0,0.0,85.0,0.03,18960.59,right_skewed,True,True,True,True,low,investigate_individually,0.0,0.0,zero_inflated,log1p_or_tweedie,True,False,False,True,True,True,True,True,0.7,drop_or_encode,near_constant,0.9997
420,PREV_NAME_CASH_LOAN_PURPOSE_Buying a holiday home / land_MEAN,float64,291057,52,0.02,291005,99.98,False,99.89,True,0.0,290737,"[(np.float64(0.0), 290737), (np.float64(0.25), 33), (np.float64(0.2), 26)]",291057,0.0,99.89,0.25,0.01,"[('0.0', 99.89), ('0.25', 0.01), ('0.2', 0.01)]",True,Appears uniformly dominated,291057,16454,5.35,52,high_cardinality,True,False,False,True,"target_encoding, frequency_encoding, or hash_encoding","['0.0', '0.125', '0.75', '0.0454545454545454', '0.2857142857142857']",,,,,,,,,,,False,0.0,0.0,,,0.0,0.0,,,291057.0,0.0,1.0,1.0,0.0002,0.0,0.0101,40.5602,0.0,0.0,0.0,62.0494,4836.6985,290737.0,0.0,0.0,0.0,0.0,0.0,0.0,320.0,0.1099,0.0535,0.0002,0.0,0.0101,0.0,0.0,0.0,1.0,0.0,62.0497,4836.7816,0.0,0.0,highly_skewed,variable,0.0,non_normal,16454.0,0.0,0.0,0.0,0.0,0.0,0.0,320.0,320.0,0.11,320.0,0.11,-0.03,0.03,0.0,319.0,319.0,0.11,0.01,318.0,0.11,0.0,0.0,320.0,0.11,4836.7,right_skewed,True,True,True,True,low,investigate_individually,0.0,0.0,zero_inflated,log1p_or_tweedie,True,False,False,True,True,True,True,True,0.7,drop_or_encode,near_constant,0.9989
421,PREV_NAME_CASH_LOAN_PURPOSE_Buying a home_MEAN,float64,291057,62,0.02,290995,99.98,False,99.83,True,0.0,290568,"[(np.float64(0.0), 290568), (np.float64(0.5), 46), (np.float64(0.3333333333333333), 37)]",291057,0.0,99.83,0.5,0.02,"[('0.0', 99.83), ('0.5', 0.02), ('0.3333333333333333', 0.01)]",True,Appears uniformly dominated,291057,16454,5.35,62,high_cardinality,True,False,False,True,"target_encoding, frequency_encoding, or hash_encoding","['0.0', '0.3333333333333333', '0.0454545454545454', '0.05', '0.0212765957446808']",,,,,,,,,,,False,0.0,0.0,,,0.0,0.0,,,291057.0,0.0,1.0,1.0,0.0004,0.0,0.0119,32.2155,0.0,0.0,0.0,48.4582,3020.9249,290568.0,0.0,0.0,0.0,0.0,0.0,0.0,489.0,0.168,0.0535,0.0004,0.0,0.0119,0.0,0.0,0.0,1.0,0.0,48.4585,3020.9768,0.0,0.0,highly_skewed,variable,0.0,non_normal,16454.0,0.0,0.0,0.0,0.0,0.0,0.0,489.0,489.0,0.17,489.0,0.17,-0.04,0.04,0.0,480.0,480.0,0.16,0.01,474.0,0.16,0.0,0.0,489.0,0.17,3020.92,right_skewed,True,True,True,True,low,investigate_individually,0.0,0.0,zero_inflated,log1p_or_tweedie,True,False,False,True,True,True,True,True,0.7,drop_or_encode,near_constant,0.9983
422,PREV_NAME_CASH_LOAN_PURPOSE_Buying a new car_MEAN,float64,291057,71,0.02,290986,99.98,False,99.8,True,0.0,290488,"[(np.float64(0.0), 290488), (np.float64(0.125), 43), (np.float64(0.3333333333333333), 42)]",291057,0.0,99.8,0.125,0.01,"[('0.0', 99.8), ('0.125', 0.01), ('0.3333333333333333', 0.01)]",True,Appears uniformly dominated,291057,16454,5.35,71,high_cardinality,True,False,False,True,"target_encoding, frequency_encoding, or hash_encoding","['0.0', '0.2222222222222222', '0.3076923076923077', '0.04', '0.074074074074074']",,,,,,,,,,,False,0.0,0.0,,,0.0,0.0,,,291057.0,0.0,1.0,1.0,0.0004,0.0,0.0133,30.5404,0.0,0.0,0.0,47.2777,2830.6345,290488.0,0.0,0.0,0.0,0.0,0.0,0.0,569.0,0.1955,0.0535,0.0004,0.0,0.0133,0.0,0.0,0.0,1.0,0.0,47.2779,2830.6831,0.0,0.0,highly_skewed,variable,0.0,non_normal,16454.0,0.0,0.0,0.0,0.0,0.0,0.0,569.0,569.0,0.2,569.0,0.2,-0.04,0.04,0.0,559.0,559.0,0.19,0.01,553.0,0.19,0.0,0.0,569.0,0.2,2830.63,right_skewed,True,True,True,True,low,investigate_individually,0.0,0.0,zero_inflated,log1p_or_tweedie,True,False,False,True,True,True,True,True,0.7,drop_or_encode,near_constant,0.998
423,PREV_NAME_CASH_LOAN_PURPOSE_Buying a used car_MEAN,float64,291057,100,0.03,290957,99.97,False,99.41,True,0.0,289328,"[(np.float64(0.0), 289328), (np.float64(0.25), 140), (np.float64(0.2), 136)]",291057,0.0,99.41,0.25,0.05,"[('0.0', 99.41), ('0.25', 0.05), ('0.2', 0.05)]",True,Appears uniformly dominated,291057,16454,5.35,100,high_cardinality,True,False,False,True,"target_encoding, frequency_encoding, or hash_encoding","['0.0', '0.2857142857142857', '0.1176470588235294', '0.0952380952380952', '0.0285714285714285']",,,,,,,,,,,False,0.0,0.0,,,0.0,0.0,,,291057.0,0.0,1.0,1.0,0.0013,0.0,0.0229,17.3181,0.0,0.0,0.0,26.9351,924.15,289328.0,0.0,0.0,0.0,0.0,0.0,0.0,1729.0,0.594,0.0535,0.0013,0.0,0.0229,0.0,0.0,0.0,1.0,0.0,26.9352,924.1659,0.0,0.0,highly_skewed,variable,0.0,non_normal,16454.0,0.0,0.0,0.0,0.0,0.0,0.0,1729.0,1729.0,0.59,1729.0,0.59,-0.07,0.07,0.0,1563.0,1563.0,0.54,0.02,1479.0,0.51,0.0,0.0,1729.0,0.59,924.15,right_skewed,True,True,True,True,low,investigate_individually,0.0,0.0,zero_inflated,log1p_or_tweedie,True,False,False,True,True,True,True,True,0.7,drop_or_encode,near_constant,0.9941
424,PREV_NAME_CASH_LOAN_PURPOSE_Car repairs_MEAN,float64,291057,53,0.02,291004,99.98,False,99.8,True,0.0,290476,"[(np.float64(0.0), 290476), (np.float64(0.25), 53), (np.float64(0.1666666666666666), 52)]",291057,0.0,99.8,0.25,0.02,"[('0.0', 99.8), ('0.25', 0.02), ('0.1666666666666666', 0.02)]",True,Appears uniformly dominated,291057,16454,5.35,53,high_cardinality,True,False,False,True,"target_encoding, frequency_encoding, or hash_encoding","['0.0', '0.1111111111111111', '0.0689655172413793', '0.0714285714285714', '0.2222222222222222']",,,,,,,,,,,False,0.0,0.0,,,0.0,0.0,,,291057.0,0.0,1.0,1.0,0.0005,0.0,0.0147,31.8944,0.0,0.0,0.0,50.0601,3018.8634,290476.0,0.0,0.0,0.0,0.0,0.0,0.0,581.0,0.1996,0.0535,0.0005,0.0,0.0147,0.0,0.0,0.0,1.0,0.0,50.0603,3018.9152,0.0,0.0,highly_skewed,variable,0.0,non_normal,16454.0,0.0,0.0,0.0,0.0,0.0,0.0,581.0,581.0,0.2,581.0,0.2,-0.04,0.04,0.0,560.0,560.0,0.19,0.01,550.0,0.19,0.0,0.0,581.0,0.2,3018.86,right_skewed,True,True,True,True,low,investigate_individually,0.0,0.0,zero_inflated,log1p_or_tweedie,True,False,False,True,True,True,True,True,0.7,drop_or_encode,near_constant,0.998
425,PREV_NAME_CASH_LOAN_PURPOSE_Education_MEAN,float64,291057,67,0.02,290990,99.98,False,99.64,True,0.0,290011,"[(np.float64(0.0), 290011), (np.float64(0.2), 86), (np.float64(0.3333333333333333), 79)]",291057,0.0,99.64,0.2,0.03,"[('0.0', 99.64), ('0.2', 0.03), ('0.3333333333333333', 0.03)]",True,Appears uniformly dominated,291057,16454,5.35,67,high_cardinality,True,False,False,True,"target_encoding, frequency_encoding, or hash_encoding","['0.0', '0.2222222222222222', '0.0769230769230769', '0.0476190476190476', '0.0869565217391304']",,,,,,,,,,,False,0.0,0.0,,,0.0,0.0,,,291057.0,0.0,1.0,1.0,0.0008,0.0,0.0174,22.2329,0.0,0.0,0.0,34.8344,1568.7725,290011.0,0.0,0.0,0.0,0.0,0.0,0.0,1046.0,0.3594,0.0535,0.0008,0.0,0.0174,0.0,0.0,0.0,1.0,0.0,34.8346,1568.7994,0.0,0.0,highly_skewed,variable,0.0,non_normal,16454.0,0.0,0.0,0.0,0.0,0.0,0.0,1046.0,1046.0,0.36,1046.0,0.36,-0.05,0.05,0.0,993.0,993.0,0.34,0.01,970.0,0.33,0.0,0.0,1046.0,0.36,1568.77,right_skewed,True,True,True,True,low,investigate_individually,0.0,0.0,zero_inflated,log1p_or_tweedie,True,False,False,True,True,True,True,True,0.7,drop_or_encode,near_constant,0.9964
426,PREV_NAME_CASH_LOAN_PURPOSE_Everyday expenses_MEAN,float64,291057,74,0.03,290983,99.97,False,99.39,True,0.0,289282,"[(np.float64(0.0), 289282), (np.float64(0.2), 178), (np.float64(0.1428571428571428), 138)]",291057,0.0,99.39,0.2,0.06,"[('0.0', 99.39), ('0.2', 0.06), ('0.1428571428571428', 0.05)]",True,Appears uniformly dominated,291057,16454,5.35,74,high_cardinality,True,False,False,True,"target_encoding, frequency_encoding, or hash_encoding","['0.0', '0.0555555555555555', '0.0625', '0.0232558139534883', '0.0147058823529411']",,,,,,,,,,,False,0.0,0.0,,,0.0,0.0,,,291057.0,0.0,1.0,1.0,0.0013,0.0,0.0224,17.5849,0.0,0.0,0.0,28.6104,1046.9045,289282.0,0.0,0.0,0.0,0.0,0.0,0.0,1775.0,0.6098,0.0535,0.0013,0.0,0.0224,0.0,0.0,0.0,1.0,0.0,28.6106,1046.9225,0.0,0.0,highly_skewed,variable,0.0,non_normal,16454.0,0.0,0.0,0.0,0.0,0.0,0.0,1775.0,1775.0,0.61,1775.0,0.61,-0.07,0.07,0.0,1564.0,1564.0,0.54,0.02,1458.0,0.5,0.0,0.0,1775.0,0.61,1046.9,right_skewed,True,True,True,True,low,investigate_individually,0.0,0.0,zero_inflated,log1p_or_tweedie,True,False,False,True,True,True,True,True,0.7,drop_or_encode,near_constant,0.9939
427,PREV_NAME_CASH_LOAN_PURPOSE_Furniture_MEAN,float64,291057,56,0.02,291001,99.98,False,99.81,True,0.0,290502,"[(np.float64(0.0), 290502), (np.float64(0.3333333333333333), 54), (np.float64(0.5), 48)]",291057,0.0,99.81,0.3333333333333333,0.02,"[('0.0', 99.81), ('0.3333333333333333', 0.02), ('0.5', 0.02)]",True,Appears uniformly dominated,291057,16454,5.35,56,high_cardinality,True,False,False,True,"target_encoding, frequency_encoding, or hash_encoding","['0.0', '0.125', '0.1818181818181818', '0.2777777777777778', '0.02']",,,,,,,,,,,False,0.0,0.0,,,0.0,0.0,,,291057.0,0.0,1.0,1.0,0.0004,0.0,0.0141,31.4146,0.0,0.0,0.0,48.0377,2850.8255,290502.0,0.0,0.0,0.0,0.0,0.0,0.0,555.0,0.1907,0.0535,0.0004,0.0,0.0141,0.0,0.0,0.0,1.0,0.0,48.038,2850.8745,0.0,0.0,highly_skewed,variable,0.0,non_normal,16454.0,0.0,0.0,0.0,0.0,0.0,0.0,555.0,555.0,0.19,555.0,0.19,-0.04,0.04,0.0,537.0,537.0,0.18,0.01,527.0,0.18,0.0,0.0,555.0,0.19,2850.83,right_skewed,True,True,True,True,low,investigate_individually,0.0,0.0,zero_inflated,log1p_or_tweedie,True,False,False,True,True,True,True,True,0.7,drop_or_encode,near_constant,0.9981
428,PREV_NAME_CASH_LOAN_PURPOSE_Gasification / water supply_MEAN,float64,291057,42,0.01,291015,99.99,False,99.93,True,0.0,290861,"[(np.float64(0.0), 290861), (np.float64(0.5), 18), (np.float64(0.125), 18)]",291057,0.0,99.93,0.5,0.01,"[('0.0', 99.93), ('0.5', 0.01), ('0.125', 0.01)]",True,Appears uniformly dominated,291057,16454,5.35,42,medium_cardinality,False,False,False,True,"target_encoding, leave_as_integer, or one_hot_if_dense","['0.0', '0.6', '0.0833333333333333', '0.217391304347826', '0.0666666666666666']",,,,,,,,,,,False,0.0,0.0,,,0.0,0.0,,,291057.0,0.0,1.0,1.0,0.0002,0.0,0.0083,51.8118,0.0,0.0,0.0,78.6506,7713.7698,290861.0,0.0,0.0,0.0,0.0,0.0,0.0,196.0,0.0673,0.0535,0.0002,0.0,0.0083,0.0,0.0,0.0,1.0,0.0,78.651,7713.9023,0.0,0.0,highly_skewed,variable,0.0,non_normal,16454.0,0.0,0.0,0.0,0.0,0.0,0.0,196.0,196.0,0.07,196.0,0.07,-0.02,0.03,0.0,194.0,194.0,0.07,0.01,193.0,0.07,0.0,0.0,196.0,0.07,7713.77,right_skewed,True,True,True,True,low,investigate_individually,0.0,0.0,zero_inflated,log1p_or_tweedie,True,False,False,True,True,True,True,True,0.7,drop_or_encode,near_constant,0.9993
429,PREV_NAME_CASH_LOAN_PURPOSE_Hobby_MEAN,float64,291057,20,0.01,291037,99.99,False,99.99,True,0.0,291015,"[(np.float64(0.0), 291015), (np.float64(0.1111111111111111), 6), (np.float64(0.1666666666666666), 5)]",291057,0.0,99.99,0.1111111111111111,0.0,"[('0.0', 99.99), ('0.1111111111111111', 0.0), ('0.1666666666666666', 0.0)]",True,Appears uniformly dominated,291057,16454,5.35,20,medium_cardinality,False,False,False,True,"target_encoding, leave_as_integer, or one_hot_if_dense","['0.0', '0.5', '0.3333333333333333', '0.0714285714285714', '0.0625']",,,,,,,,,,,False,0.0,0.0,,,0.0,0.0,,,291057.0,0.0,0.5,0.5,0.0,0.0,0.0019,100.4813,0.0,0.0,0.0,143.0272,26278.8636,291015.0,0.0,0.0,0.0,0.0,0.0,0.0,42.0,0.0144,0.0535,0.0,0.0,0.0019,0.0,0.0,0.0,0.5,0.0,143.0279,26279.315,0.0,0.0,highly_skewed,variable,0.0,non_normal,16454.0,0.0,0.0,0.0,0.0,0.0,0.0,42.0,42.0,0.01,42.0,0.01,-0.01,0.01,0.0,42.0,42.0,0.01,0.0,42.0,0.01,0.0,0.0,42.0,0.01,26278.86,right_skewed,True,True,True,True,low,investigate_individually,0.0,0.0,zero_inflated,log1p_or_tweedie,True,False,False,True,True,True,True,True,0.7,drop_or_encode,near_constant,0.9999
430,PREV_NAME_CASH_LOAN_PURPOSE_Journey_MEAN,float64,291057,72,0.02,290985,99.98,False,99.72,True,0.0,290232,"[(np.float64(0.0), 290232), (np.float64(0.2), 72), (np.float64(0.25), 66)]",291057,0.0,99.72,0.2,0.02,"[('0.0', 99.72), ('0.2', 0.02), ('0.25', 0.02)]",True,Appears uniformly dominated,291057,16454,5.35,72,high_cardinality,True,False,False,True,"target_encoding, frequency_encoding, or hash_encoding","['0.0', '0.0588235294117647', '0.0416666666666666', '0.0476190476190476', '0.1052631578947368']",,,,,,,,,,,False,0.0,0.0,,,0.0,0.0,,,291057.0,0.0,1.0,1.0,0.0006,0.0,0.0164,25.8055,0.0,0.0,0.0,40.6783,2073.0067,290232.0,0.0,0.0,0.0,0.0,0.0,0.0,825.0,0.2834,0.0535,0.0006,0.0,0.0164,0.0,0.0,0.0,1.0,0.0,40.6786,2073.0423,0.0,0.0,highly_skewed,variable,0.0,non_normal,16454.0,0.0,0.0,0.0,0.0,0.0,0.0,825.0,825.0,0.28,825.0,0.28,-0.05,0.05,0.0,792.0,792.0,0.27,0.01,770.0,0.26,0.0,0.0,825.0,0.28,2073.01,right_skewed,True,True,True,True,low,investigate_individually,0.0,0.0,zero_inflated,log1p_or_tweedie,True,False,False,True,True,True,True,True,0.7,drop_or_encode,near_constant,0.9972
431,PREV_NAME_CASH_LOAN_PURPOSE_Medicine_MEAN,float64,291057,82,0.03,290975,99.97,False,99.5,True,0.0,289601,"[(np.float64(0.0), 289601), (np.float64(0.25), 121), (np.float64(0.2), 109)]",291057,0.0,99.5,0.25,0.04,"[('0.0', 99.5), ('0.25', 0.04), ('0.2', 0.04)]",True,Appears uniformly dominated,291057,16454,5.35,82,high_cardinality,True,False,False,True,"target_encoding, frequency_encoding, or hash_encoding","['0.0', '0.2857142857142857', '0.2222222222222222', '0.16', '0.0967741935483871']",,,,,,,,,,,False,0.0,0.0,,,0.0,0.0,,,291057.0,0.0,1.0,1.0,0.0011,0.0,0.0225,19.9349,0.0,0.0,0.0,31.5336,1215.509,289601.0,0.0,0.0,0.0,0.0,0.0,0.0,1456.0,0.5002,0.0535,0.0011,0.0,0.0225,0.0,0.0,0.0,1.0,0.0,31.5337,1215.5299,0.0,0.0,highly_skewed,variable,0.0,non_normal,16454.0,0.0,0.0,0.0,0.0,0.0,0.0,1456.0,1456.0,0.5,1456.0,0.5,-0.07,0.07,0.0,1265.0,1265.0,0.43,0.02,1187.0,0.41,0.0,0.0,1456.0,0.5,1215.51,right_skewed,True,True,True,True,low,investigate_individually,0.0,0.0,zero_inflated,log1p_or_tweedie,True,False,False,True,True,True,True,True,0.7,drop_or_encode,near_constant,0.995
432,PREV_NAME_CASH_LOAN_PURPOSE_Money for a third person_MEAN,float64,291057,15,0.01,291042,99.99,False,99.99,True,0.0,291034,"[(np.float64(0.0), 291034), (np.float64(0.1428571428571428), 4), (np.float64(0.0714285714285714), 3)]",291057,0.0,99.99,0.1428571428571428,0.0,"[('0.0', 99.99), ('0.1428571428571428', 0.0), ('0.0714285714285714', 0.0)]",True,Appears uniformly dominated,291057,16454,5.35,15,medium_cardinality,False,False,False,True,"target_encoding, leave_as_integer, or one_hot_if_dense","['0.0', '1.0', '0.1', '0.0454545454545454', '0.0625']",,,,,,,,,,,False,0.0,0.0,,,0.0,0.0,,,291057.0,0.0,1.0,1.0,0.0,0.0,0.0029,185.2697,0.0,0.0,0.0,300.8239,101346.6686,291034.0,0.0,0.0,0.0,0.0,0.0,0.0,23.0,0.0079,0.0535,0.0,0.0,0.0029,0.0,0.0,0.0,1.0,0.0,300.8254,101348.4097,0.0,0.0,highly_skewed,variable,0.0,non_normal,16454.0,0.0,0.0,0.0,0.0,0.0,0.0,23.0,23.0,0.01,23.0,0.01,-0.01,0.01,0.0,23.0,23.0,0.01,0.0,23.0,0.01,0.0,0.0,23.0,0.01,101346.67,right_skewed,True,True,True,True,low,investigate_individually,0.0,0.0,zero_inflated,log1p_or_tweedie,True,False,False,True,True,True,True,True,0.5,drop_or_encode,near_constant,0.9999
433,PREV_NAME_CASH_LOAN_PURPOSE_Other_MEAN,float64,291057,163,0.06,290894,99.94,False,96.6,True,0.0,281149,"[(np.float64(0.0), 281149), (np.float64(0.2), 835), (np.float64(0.25), 739)]",291057,0.0,96.6,0.2,0.29,"[('0.0', 96.6), ('0.2', 0.29), ('0.25', 0.25)]",False,Most frequent dominates with 96.6%,291057,16454,5.35,163,high_cardinality,True,False,False,True,"target_encoding, frequency_encoding, or hash_encoding","['0.0', '0.24', '0.625', '0.2903225806451613', '0.6923076923076923']",,,,,,,,,,,False,0.0,0.0,,,0.0,0.0,,,291057.0,0.0,1.0,1.0,0.0076,0.0,0.0553,7.3211,0.0,0.0,0.0,11.6187,170.135,281149.0,0.0,0.0,0.0,0.0,0.0,0.0,9908.0,3.4041,0.0535,0.0076,0.0,0.0553,0.0,0.0,0.0,1.0,0.0,11.6187,170.1379,0.0,0.0,highly_skewed,variable,0.0,non_normal,16454.0,0.0,0.0,0.0,0.0,0.0,0.0,9908.0,9908.0,3.4,9908.0,3.4,-0.16,0.17,0.0,4162.0,4162.0,1.43,0.04,4042.0,1.39,0.0,0.25,2295.0,0.79,170.13,right_skewed,True,True,True,True,moderate,log_transform_or_winsorize,0.0,0.0,zero_inflated,log1p_or_tweedie,True,False,True,True,True,True,True,True,0.7,drop_or_encode,near_constant,0.966
434,PREV_NAME_CASH_LOAN_PURPOSE_Payments on other loans_MEAN,float64,291057,85,0.03,290972,99.97,False,99.59,True,0.0,289853,"[(np.float64(0.0), 289853), (np.float64(0.1428571428571428), 85), (np.float64(0.1), 79)]",291057,0.0,99.59,0.1428571428571428,0.03,"[('0.0', 99.59), ('0.1428571428571428', 0.03), ('0.1', 0.03)]",True,Appears uniformly dominated,291057,16454,5.35,85,high_cardinality,True,False,False,True,"target_encoding, frequency_encoding, or hash_encoding","['0.0', '0.04', '0.1363636363636363', '0.037037037037037', '0.0303030303030303']",,,,,,,,,,,False,0.0,0.0,,,0.0,0.0,,,291057.0,0.0,1.0,1.0,0.0006,0.0,0.0122,20.2508,0.0,0.0,0.0,35.155,1870.3514,289853.0,0.0,0.0,0.0,0.0,0.0,0.0,1204.0,0.4137,0.0535,0.0006,0.0,0.0122,0.0,0.0,0.0,1.0,0.0,35.1552,1870.3836,0.0,0.0,highly_skewed,variable,0.0,non_normal,16454.0,0.0,0.0,0.0,0.0,0.0,0.0,1204.0,1204.0,0.41,1204.0,0.41,-0.04,0.04,0.0,1170.0,1170.0,0.4,0.01,1148.0,0.39,0.0,0.0,1204.0,0.41,1870.35,right_skewed,True,True,True,True,low,investigate_individually,0.0,0.0,zero_inflated,log1p_or_tweedie,True,False,False,True,True,True,True,True,0.7,drop_or_encode,near_constant,0.9959
435,PREV_NAME_CASH_LOAN_PURPOSE_Purchase of electronic equipment_MEAN,float64,291057,57,0.02,291000,99.98,False,99.72,True,0.0,290249,"[(np.float64(0.0), 290249), (np.float64(0.2), 70), (np.float64(0.3333333333333333), 70)]",291057,0.0,99.72,0.2,0.02,"[('0.0', 99.72), ('0.2', 0.02), ('0.3333333333333333', 0.02)]",True,Appears uniformly dominated,291057,16454,5.35,57,high_cardinality,True,False,False,True,"target_encoding, frequency_encoding, or hash_encoding","['0.0', '0.5', '0.0357142857142857', '0.0181818181818181', '0.1363636363636363']",,,,,,,,,,,False,0.0,0.0,,,0.0,0.0,,,291057.0,0.0,1.0,1.0,0.0006,0.0,0.0164,26.1597,0.0,0.0,0.0,41.5252,2149.0087,290249.0,0.0,0.0,0.0,0.0,0.0,0.0,808.0,0.2776,0.0535,0.0006,0.0,0.0164,0.0,0.0,0.0,1.0,0.0,41.5255,2149.0457,0.0,0.0,highly_skewed,variable,0.0,non_normal,16454.0,0.0,0.0,0.0,0.0,0.0,0.0,808.0,808.0,0.28,808.0,0.28,-0.05,0.05,0.0,785.0,785.0,0.27,0.01,759.0,0.26,0.0,0.0,808.0,0.28,2149.01,right_skewed,True,True,True,True,low,investigate_individually,0.0,0.0,zero_inflated,log1p_or_tweedie,True,False,False,True,True,True,True,True,0.7,drop_or_encode,near_constant,0.9972
436,PREV_NAME_CASH_LOAN_PURPOSE_Refusal to name the goal_MEAN,float64,291057,7,0.0,291050,100.0,False,100.0,True,0.0,291046,"[(np.float64(0.0), 291046), (np.float64(0.2), 4), (np.float64(0.0909090909090909), 3)]",291057,0.0,100.0,0.2,0.0,"[('0.0', 100.0), ('0.2', 0.0), ('0.0909090909090909', 0.0)]",True,Appears uniformly dominated,291057,16454,5.35,7,low_cardinality,False,False,False,True,one_hot_encoding or label_encoding,"['0.0', '0.0909090909090909', '0.2', '1.0', '0.3333333333333333']",,,,,,,,,,,False,0.0,0.0,,,0.0,0.0,,,291057.0,0.0,1.0,1.0,0.0,0.0,0.0021,231.4343,0.0,0.0,0.0,375.1749,165498.764,291046.0,0.0,0.0,0.0,0.0,0.0,0.0,11.0,0.0038,0.0535,0.0,0.0,0.0021,0.0,0.0,0.0,1.0,0.0,375.1768,165501.6072,0.0,0.0,highly_skewed,variable,0.0,non_normal,16454.0,0.0,0.0,0.0,0.0,0.0,0.0,11.0,11.0,0.0,11.0,0.0,-0.01,0.01,0.0,11.0,11.0,0.0,0.0,11.0,0.0,0.0,0.0,11.0,0.0,165498.76,right_skewed,True,True,True,True,low,investigate_individually,0.0,0.0,zero_inflated,log1p_or_tweedie,True,False,False,True,True,True,True,False,0.5,drop_or_encode,near_constant,1.0
437,PREV_NAME_CASH_LOAN_PURPOSE_Repairs_MEAN,float64,291057,185,0.06,290872,99.94,False,95.24,True,0.0,277205,"[(np.float64(0.0), 277205), (np.float64(0.2), 1126), (np.float64(0.25), 1104)]",291057,0.0,95.24,0.2,0.39,"[('0.0', 95.24), ('0.2', 0.39), ('0.25', 0.38)]",False,Most frequent dominates with 95.24%,291057,16454,5.35,185,high_cardinality,True,False,False,True,"target_encoding, frequency_encoding, or hash_encoding","['0.0', '0.0967741935483871', '0.3076923076923077', '0.1578947368421052', '0.2083333333333333']",,,,,,,,,,,False,0.0,0.0,,,0.0,0.0,,,291057.0,0.0,1.0,1.0,0.0115,0.0,0.0702,6.0923,0.0,0.0,0.0,9.2893,106.2414,277205.0,0.0,0.0,0.0,0.0,0.0,0.0,13852.0,4.7592,0.0535,0.0115,0.0,0.0702,0.0,0.0,0.0,1.0,0.0,9.2893,106.2432,0.0,0.0,highly_skewed,variable,0.0,non_normal,16454.0,0.0,0.0,0.0,0.0,0.0,0.0,13852.0,13852.0,4.76,13852.0,4.76,-0.2,0.22,0.0,5044.0,5044.0,1.73,0.05,4828.0,1.66,0.0,0.33,2291.0,0.79,106.24,right_skewed,True,True,True,True,moderate,log_transform_or_winsorize,0.0,0.0,zero_inflated,log1p_or_tweedie,True,False,True,True,True,True,True,True,0.7,drop_or_encode,near_constant,0.9524
438,PREV_NAME_CASH_LOAN_PURPOSE_Urgent needs_MEAN,float64,291057,126,0.04,290931,99.96,False,98.08,True,0.0,285462,"[(np.float64(0.0), 285462), (np.float64(0.2), 462), (np.float64(0.3333333333333333), 442)]",291057,0.0,98.08,0.2,0.16,"[('0.0', 98.08), ('0.2', 0.16), ('0.3333333333333333', 0.15)]",True,Appears uniformly dominated,291057,16454,5.35,126,high_cardinality,True,False,False,True,"target_encoding, frequency_encoding, or hash_encoding","['0.0', '0.4', '0.0952380952380952', '0.0227272727272727', '0.1020408163265306']",,,,,,,,,,,False,0.0,0.0,,,0.0,0.0,,,291057.0,0.0,1.0,1.0,0.0046,0.0,0.0452,9.8307,0.0,0.0,0.0,15.0749,278.3473,285462.0,0.0,0.0,0.0,0.0,0.0,0.0,5595.0,1.9223,0.0535,0.0046,0.0,0.0452,0.0,0.0,0.0,1.0,0.0,15.075,278.3521,0.0,0.0,highly_skewed,variable,0.0,non_normal,16454.0,0.0,0.0,0.0,0.0,0.0,0.0,5595.0,5595.0,1.92,5595.0,1.92,-0.13,0.14,0.0,3325.0,3325.0,1.14,0.03,2924.0,1.0,0.0,0.17,2485.0,0.85,278.35,right_skewed,True,True,True,True,moderate,log_transform_or_winsorize,0.0,0.0,zero_inflated,log1p_or_tweedie,True,False,False,True,True,True,True,True,0.7,drop_or_encode,near_constant,0.9808
439,PREV_NAME_CASH_LOAN_PURPOSE_Wedding / gift / holiday_MEAN,float64,291057,57,0.02,291000,99.98,False,99.78,True,0.0,290410,"[(np.float64(0.0), 290410), (np.float64(0.2), 61), (np.float64(0.1666666666666666), 49)]",291057,0.0,99.78,0.2,0.02,"[('0.0', 99.78), ('0.2', 0.02), ('0.1666666666666666', 0.02)]",True,Appears uniformly dominated,291057,16454,5.35,57,high_cardinality,True,False,False,True,"target_encoding, frequency_encoding, or hash_encoding","['0.0', '0.037037037037037', '0.0833333333333333', '0.0434782608695652', '0.3846153846153846']",,,,,,,,,,,False,0.0,0.0,,,0.0,0.0,,,291057.0,0.0,1.0,1.0,0.0005,0.0,0.0148,29.5605,0.0,0.0,0.0,46.8937,2721.6524,290410.0,0.0,0.0,0.0,0.0,0.0,0.0,647.0,0.2223,0.0535,0.0005,0.0,0.0148,0.0,0.0,0.0,1.0,0.0,46.8939,2721.6992,0.0,0.0,highly_skewed,variable,0.0,non_normal,16454.0,0.0,0.0,0.0,0.0,0.0,0.0,647.0,647.0,0.22,647.0,0.22,-0.04,0.04,0.0,634.0,634.0,0.22,0.01,617.0,0.21,0.0,0.0,647.0,0.22,2721.65,right_skewed,True,True,True,True,low,investigate_individually,0.0,0.0,zero_inflated,log1p_or_tweedie,True,False,False,True,True,True,True,True,0.7,drop_or_encode,near_constant,0.9978
440,PREV_NAME_CASH_LOAN_PURPOSE_XAP_MEAN,float64,291057,407,0.14,290650,99.86,False,41.12,False,1.0,119675,"[(np.float64(1.0), 119675), (np.float64(0.5), 29665), (np.float64(0.6666666666666666), 17842)]",291057,1.0,41.12,0.5,10.19,"[('1.0', 41.12), ('0.5', 10.19), ('0.6666666666666666', 6.13)]",False,Most frequent dominates with 41.12%,291057,16454,5.35,407,very_high_cardinality,True,True,False,False,"target_encoding, hash_encoding, or embedding_layer","['1.0', '0.0666666666666666', '0.3478260869565217', '0.3793103448275862', '0.7755102040816326']",,,,,,,,,,,False,0.0,0.0,,,0.0,0.0,,,291057.0,0.0,1.0,1.0,0.6829,0.75,0.3201,0.4688,0.4286,1.0,0.5714,-0.5015,-1.0424,11403.0,0.0,0.4286,1.0,0.5714,-0.4286,1.8571,0.0,0.0,0.0535,0.6829,0.75,0.3201,0.0,0.4286,1.0,1.0,0.5714,-0.5015,-1.0424,0.0,0.0,moderately_skewed,variable,0.0,non_normal,16454.0,0.43,1.0,0.57,-0.43,1.86,0.0,0.0,0.0,0.0,0.0,0.0,-0.28,1.64,0.0,0.0,0.0,0.0,0.25,0.0,0.0,0.0,1.0,0.0,0.0,-1.04,light_tailed,False,True,False,False,none,none_needed,-0.43,1.86,approximately_normal,none_or_standard_scaler,False,False,False,True,True,True,False,True,0.5,drop_or_encode,near_constant,0.0392
441,PREV_NAME_CASH_LOAN_PURPOSE_XNA_MEAN,float64,291057,414,0.14,290643,99.86,False,43.52,False,0.0,126662,"[(np.float64(0.0), 126662), (np.float64(0.5), 29204), (np.float64(0.3333333333333333), 18506)]",291057,0.0,43.52,0.5,10.03,"[('0.0', 43.52), ('0.5', 10.03), ('0.3333333333333333', 6.36)]",False,Most frequent dominates with 43.52%,291057,16454,5.35,414,very_high_cardinality,True,True,False,False,"target_encoding, hash_encoding, or embedding_layer","['0.0', '0.9333333333333332', '0.24', '0.2272727272727272', '0.4857142857142857']",,,,,,,,,,,False,0.0,0.0,,,0.0,0.0,,,291057.0,0.0,1.0,1.0,0.2829,0.25,0.2988,1.0563,0.0,0.5,0.5,0.5992,-0.8832,126662.0,0.0,0.0,0.5,0.5,-0.75,1.25,0.0,0.0,0.0535,0.2829,0.25,0.2988,0.0,0.0,0.5,1.0,0.5,0.5992,-0.8832,0.0,0.0,moderately_skewed,variable,0.0,non_normal,16454.0,0.0,0.5,0.5,-0.75,1.25,0.0,0.0,0.0,0.0,0.0,0.0,-0.61,1.18,0.0,0.0,0.0,0.0,0.25,0.0,0.0,0.0,1.0,0.0,0.0,-0.88,moderate_deviation,False,True,False,False,none,none_needed,-0.75,1.25,approximately_normal,none_or_standard_scaler,True,False,False,True,True,True,False,True,0.7,drop_or_encode,near_constant,0.4352
442,PREV_NAME_CASH_LOAN_PURPOSE_nan_MEAN,float64,291057,1,0.0,291056,100.0,True,100.0,True,0.0,291057,"[(np.float64(0.0), 291057)]",291057,0.0,100.0,,,"[('0.0', 100.0)]",True,Appears uniformly dominated,291057,16454,5.35,1,single_category,False,False,False,False,drop_column (constant),['0.0'],,,,,,,,,,,False,0.0,0.0,,,0.0,0.0,,,291057.0,0.0,0.0,0.0,0.0,0.0,0.0,,0.0,0.0,0.0,,,291057.0,0.0,0.0,0.0,0.0,0.0,0.0,0.0,0.0,0.0535,0.0,0.0,0.0,0.0,0.0,0.0,0.0,0.0,0.0,0.0,0.0,0.0,approximately_symmetric,constant,,constant,16454.0,0.0,0.0,0.0,0.0,0.0,0.0,0.0,0.0,0.0,0.0,0.0,,,0.0,0.0,0.0,0.0,,0.0,0.0,0.0,0.0,0.0,0.0,,moderate_deviation,False,False,False,False,none,none_needed,0.0,0.0,constant_or_near_constant,drop_column,True,False,False,True,True,True,True,False,0.2,drop_or_encode,near_constant,1.0
443,PREV_NAME_CLIENT_TYPE_New_MEAN,float64,291057,161,0.06,290896,99.94,False,18.54,False,0.0,53953,"[(np.float64(0.0), 53953), (np.float64(1.0), 51938), (np.float64(0.5), 36254)]",291057,0.0,18.54,1.0,17.84,"[('0.0', 18.54), ('1.0', 17.84), ('0.5', 12.46)]",False,Most frequent dominates with 18.54%,291057,16454,5.35,161,high_cardinality,True,False,False,True,"target_encoding, frequency_encoding, or hash_encoding","['1.0', '0.0476190476190476', '0.3636363636363636', '0.0138888888888888', '0.0204081632653061']",,,,,,,,,,,False,0.0,0.0,,,0.0,0.0,,,291057.0,0.0,1.0,1.0,0.3504,0.25,0.3417,0.9753,0.1,0.5,0.4,0.9641,-0.394,53953.0,0.0,0.1,0.5,0.4,-0.5,1.1,0.0,0.0,0.0535,0.3504,0.25,0.3417,0.0,0.1,0.5,1.0,0.4,0.9641,-0.394,0.0,0.0,moderately_skewed,variable,0.0,non_normal,16454.0,0.1,0.5,0.4,-0.5,1.1,0.0,0.0,0.0,0.0,0.0,0.0,-0.67,1.38,0.0,0.0,0.0,0.0,0.22,0.0,0.0,0.0,1.0,0.0,0.0,-0.39,moderate_deviation,False,True,False,False,none,none_needed,-0.5,1.1,approximately_normal,none_or_standard_scaler,False,False,False,True,True,True,False,True,0.5,drop_or_encode,near_constant,0.1854
444,PREV_NAME_CLIENT_TYPE_Refreshed_MEAN,float64,291057,168,0.06,290889,99.94,False,73.65,False,0.0,214352,"[(np.float64(0.0), 214352), (np.float64(0.5), 14262), (np.float64(0.3333333333333333), 10724)]",291057,0.0,73.65,0.5,4.9,"[('0.0', 73.65), ('0.5', 4.9), ('0.3333333333333333', 3.68)]",False,Most frequent dominates with 73.65%,291057,16454,5.35,168,high_cardinality,True,False,False,True,"target_encoding, frequency_encoding, or hash_encoding","['0.0', '0.5714285714285714', '0.6363636363636364', '0.6153846153846154', '0.064516129032258']",,,,,,,,,,,False,0.0,0.0,,,0.0,0.0,,,291057.0,0.0,1.0,1.0,0.1002,0.0,0.2116,2.1117,0.0,0.0909,0.0909,2.4732,5.9874,214352.0,0.0,0.0,0.0909,0.0909,-0.1364,0.2273,50864.0,17.4756,0.0535,0.1002,0.0,0.2116,0.0,0.0,0.0909,1.0,0.0909,2.4732,5.9875,50864.0,0.1748,highly_skewed,variable,0.0,non_normal,16454.0,0.0,0.09,0.09,-0.14,0.23,0.0,50864.0,50864.0,17.48,30646.0,10.53,-0.53,0.74,0.0,8124.0,8124.0,2.79,0.14,8123.0,2.79,0.0,1.0,0.0,0.0,5.99,right_skewed,True,True,True,True,severe,consider_log_transform,-0.14,0.23,zero_inflated,log1p_or_tweedie,True,True,False,True,True,True,True,True,1.0,drop_or_encode,near_constant,0.7365
445,PREV_NAME_CLIENT_TYPE_Repeater_MEAN,float64,291057,219,0.08,290838,99.92,False,24.2,False,0.0,70447,"[(np.float64(0.0), 70447), (np.float64(0.5), 37664), (np.float64(0.6666666666666666), 28987)]",291057,0.0,24.2,0.5,12.94,"[('0.0', 24.2), ('0.5', 12.94), ('0.6666666666666666', 9.96)]",False,Most frequent dominates with 24.2%,291057,16454,5.35,219,very_high_cardinality,True,True,False,False,"target_encoding, hash_encoding, or embedding_layer","['0.0', '0.3', '0.975609756097561', '0.9761904761904762', '0.3888888888888889']",,,,,,,,,,,False,0.0,0.0,,,0.0,0.0,,,291057.0,0.0,1.0,1.0,0.5484,0.6667,0.354,0.6455,0.25,0.8333,0.5833,-0.532,-1.1728,70447.0,0.0,0.25,0.8333,0.5833,-0.625,1.7083,0.0,0.0,0.0535,0.5484,0.6667,0.354,0.0,0.25,0.8333,1.0,0.5833,-0.532,-1.1728,0.0,0.0,moderately_skewed,variable,0.0,non_normal,16454.0,0.25,0.83,0.58,-0.62,1.71,0.0,0.0,0.0,0.0,0.0,0.0,-0.51,1.61,0.0,0.0,0.0,0.0,0.21,0.0,0.0,0.0,1.0,0.0,0.0,-1.17,light_tailed,False,True,False,False,none,none_needed,-0.62,1.71,approximately_normal,none_or_standard_scaler,False,False,False,True,True,True,False,True,0.5,drop_or_encode,near_constant,0.242
446,PREV_NAME_CLIENT_TYPE_XNA_MEAN,float64,291057,77,0.03,290980,99.97,False,99.63,True,0.0,289968,"[(np.float64(0.0), 289968), (np.float64(0.3333333333333333), 126), (np.float64(0.5), 115)]",291057,0.0,99.63,0.3333333333333333,0.04,"[('0.0', 99.63), ('0.3333333333333333', 0.04), ('0.5', 0.04)]",True,Appears uniformly dominated,291057,16454,5.35,77,high_cardinality,True,False,False,True,"target_encoding, frequency_encoding, or hash_encoding","['0.0', '0.2', '0.1578947368421052', '0.6', '0.0277777777777777']",,,,,,,,,,,False,0.0,0.0,,,0.0,0.0,,,291057.0,0.0,1.0,1.0,0.0009,0.0,0.0193,20.4968,0.0,0.0,0.0,28.6333,1027.6727,289968.0,0.0,0.0,0.0,0.0,0.0,0.0,1089.0,0.3742,0.0535,0.0009,0.0,0.0193,0.0,0.0,0.0,1.0,0.0,28.6335,1027.6904,0.0,0.0,highly_skewed,variable,0.0,non_normal,16454.0,0.0,0.0,0.0,0.0,0.0,0.0,1089.0,1089.0,0.37,1089.0,0.37,-0.06,0.06,0.0,1032.0,1032.0,0.35,0.01,1000.0,0.34,0.0,0.0,1089.0,0.37,1027.67,right_skewed,True,True,True,True,low,investigate_individually,0.0,0.0,zero_inflated,log1p_or_tweedie,True,False,False,True,True,True,True,True,0.7,drop_or_encode,near_constant,0.9963
447,PREV_NAME_CLIENT_TYPE_nan_MEAN,float64,291057,1,0.0,291056,100.0,True,100.0,True,0.0,291057,"[(np.float64(0.0), 291057)]",291057,0.0,100.0,,,"[('0.0', 100.0)]",True,Appears uniformly dominated,291057,16454,5.35,1,single_category,False,False,False,False,drop_column (constant),['0.0'],,,,,,,,,,,False,0.0,0.0,,,0.0,0.0,,,291057.0,0.0,0.0,0.0,0.0,0.0,0.0,,0.0,0.0,0.0,,,291057.0,0.0,0.0,0.0,0.0,0.0,0.0,0.0,0.0,0.0535,0.0,0.0,0.0,0.0,0.0,0.0,0.0,0.0,0.0,0.0,0.0,0.0,approximately_symmetric,constant,,constant,16454.0,0.0,0.0,0.0,0.0,0.0,0.0,0.0,0.0,0.0,0.0,0.0,,,0.0,0.0,0.0,0.0,,0.0,0.0,0.0,0.0,0.0,0.0,,moderate_deviation,False,False,False,False,none,none_needed,0.0,0.0,constant_or_near_constant,drop_column,True,False,False,True,True,True,True,False,0.2,drop_or_encode,near_constant,1.0
448,PREV_NAME_CONTRACT_STATUS_Approved_MEAN,float64,291057,362,0.12,290695,99.88,False,43.4,False,1.0,126328,"[(np.float64(1.0), 126328), (np.float64(0.5), 30719), (np.float64(0.6666666666666666), 22736)]",291057,1.0,43.4,0.5,10.55,"[('1.0', 43.4), ('0.5', 10.55), ('0.6666666666666666', 7.81)]",False,Most frequent dominates with 43.4%,291057,16454,5.35,362,very_high_cardinality,True,True,False,False,"target_encoding, hash_encoding, or embedding_layer","['1.0', '0.4117647058823529', '0.2631578947368421', '0.2195121951219512', '0.4193548387096774']",,,,,,,,,,,False,0.0,0.0,,,0.0,0.0,,,291057.0,0.0,1.0,1.0,0.7489,0.8,0.2623,0.3503,0.5,1.0,0.5,-0.5785,-0.8786,992.0,0.0,0.5,1.0,0.5,-0.25,1.75,0.0,0.0,0.0535,0.7489,0.8,0.2623,0.0,0.5,1.0,1.0,0.5,-0.5785,-0.8786,0.0,0.0,moderately_skewed,variable,0.0,non_normal,16454.0,0.5,1.0,0.5,-0.25,1.75,0.0,0.0,0.0,0.0,0.0,0.0,-0.04,1.54,0.0,0.0,0.0,0.0,0.2,0.0,0.0,0.14,1.0,2631.0,0.9,-0.88,moderate_deviation,False,True,False,False,none,none_needed,-0.25,1.75,approximately_normal,none_or_standard_scaler,False,False,False,True,True,True,False,True,0.5,drop_or_encode,near_constant,0.0034
449,PREV_NAME_CONTRACT_STATUS_Canceled_MEAN,float64,291057,362,0.12,290695,99.88,False,61.96,False,0.0,180331,"[(np.float64(0.0), 180331), (np.float64(0.3333333333333333), 16138), (np.float64(0.5), 14860)]",291057,0.0,61.96,0.3333333333333333,5.54,"[('0.0', 61.96), ('0.3333333333333333', 5.54), ('0.5', 5.11)]",False,Most frequent dominates with 61.96%,291057,16454,5.35,362,very_high_cardinality,True,True,False,False,"target_encoding, hash_encoding, or embedding_layer","['0.0', '0.5882352941176471', '0.12', '0.3939393939393939', '0.4318181818181818']",,,,,,,,,,,False,0.0,0.0,,,0.0,0.0,,,291057.0,0.0,1.0,1.0,0.1251,0.0,0.187,1.4941,0.0,0.25,0.25,1.3383,0.8474,180331.0,0.0,0.0,0.25,0.25,-0.375,0.625,4716.0,1.6203,0.0535,0.1251,0.0,0.187,0.0,0.0,0.25,1.0,0.25,1.3383,0.8475,4716.0,0.0162,highly_skewed,variable,0.0,non_normal,16454.0,0.0,0.25,0.25,-0.38,0.62,0.0,4716.0,4716.0,1.62,0.0,0.0,-0.44,0.69,0.0,1921.0,1921.0,0.66,0.13,4477.0,1.54,0.0,0.67,1931.0,0.66,0.85,right_skewed,False,True,False,True,moderate,log_transform_or_winsorize,-0.38,0.62,zero_inflated,log1p_or_tweedie,True,False,False,True,True,True,True,True,0.7,drop_or_encode,near_constant,0.6196
450,PREV_NAME_CONTRACT_STATUS_Refused_MEAN,float64,291057,397,0.14,290660,99.86,False,65.54,False,0.0,190763,"[(np.float64(0.0), 190763), (np.float64(0.3333333333333333), 12062), (np.float64(0.5), 11007)]",291057,0.0,65.54,0.3333333333333333,4.14,"[('0.0', 65.54), ('0.3333333333333333', 4.14), ('0.5', 3.78)]",False,Most frequent dominates with 65.54%,291057,16454,5.35,397,very_high_cardinality,True,True,False,False,"target_encoding, hash_encoding, or embedding_layer","['0.0', '0.6363636363636364', '0.9375', '0.2258064516129032', '0.3928571428571428']",,,,,,,,,,,False,0.0,0.0,,,0.0,0.0,,,291057.0,0.0,1.0,1.0,0.1109,0.0,0.1843,1.6623,0.0,0.2,0.2,1.7248,2.4479,190763.0,0.0,0.0,0.2,0.2,-0.3,0.5,11158.0,3.8336,0.0535,0.1109,0.0,0.1843,0.0,0.0,0.2,1.0,0.2,1.7248,2.4479,11158.0,0.0383,highly_skewed,variable,0.0,non_normal,16454.0,0.0,0.2,0.2,-0.3,0.5,0.0,11158.0,11158.0,3.83,1070.0,0.37,-0.44,0.66,0.0,6501.0,6501.0,2.23,0.12,6565.0,2.26,0.0,0.73,2837.0,0.97,2.45,right_skewed,True,True,True,True,moderate,log_transform_or_winsorize,-0.3,0.5,zero_inflated,log1p_or_tweedie,True,False,True,True,True,True,True,True,1.0,drop_or_encode,near_constant,0.6554
451,PREV_NAME_CONTRACT_STATUS_Unused offer_MEAN,float64,291057,118,0.04,290939,99.96,False,93.46,False,0.0,272024,"[(np.float64(0.0), 272024), (np.float64(0.3333333333333333), 2402), (np.float64(0.25), 2304)]",291057,0.0,93.46,0.3333333333333333,0.83,"[('0.0', 93.46), ('0.3333333333333333', 0.83), ('0.25', 0.79)]",False,Most frequent dominates with 93.46%,291057,16454,5.35,118,high_cardinality,True,False,False,True,"target_encoding, frequency_encoding, or hash_encoding","['0.0', '0.0416666666666666', '0.0689655172413793', '0.1875', '0.1851851851851851']",,,,,,,,,,,False,0.0,0.0,,,0.0,0.0,,,291057.0,0.0,1.0,1.0,0.0151,0.0,0.0691,4.5734,0.0,0.0,0.0,6.0974,47.0951,272024.0,0.0,0.0,0.0,0.0,0.0,0.0,19033.0,6.5393,0.0535,0.0151,0.0,0.0691,0.0,0.0,0.0,1.0,0.0,6.0974,47.096,0.0,0.0,highly_skewed,variable,0.0,non_normal,16454.0,0.0,0.0,0.0,0.0,0.0,0.0,19033.0,19033.0,6.54,19033.0,6.54,-0.19,0.22,0.0,7752.0,7752.0,2.66,0.05,7732.0,2.66,0.0,0.33,2713.0,0.93,47.1,right_skewed,True,True,True,True,high,robust_scaling_or_transform,0.0,0.0,zero_inflated,log1p_or_tweedie,True,True,False,True,True,True,True,True,0.7,drop_or_encode,near_constant,0.9346
452,PREV_NAME_CONTRACT_STATUS_nan_MEAN,float64,291057,1,0.0,291056,100.0,True,100.0,True,0.0,291057,"[(np.float64(0.0), 291057)]",291057,0.0,100.0,,,"[('0.0', 100.0)]",True,Appears uniformly dominated,291057,16454,5.35,1,single_category,False,False,False,False,drop_column (constant),['0.0'],,,,,,,,,,,False,0.0,0.0,,,0.0,0.0,,,291057.0,0.0,0.0,0.0,0.0,0.0,0.0,,0.0,0.0,0.0,,,291057.0,0.0,0.0,0.0,0.0,0.0,0.0,0.0,0.0,0.0535,0.0,0.0,0.0,0.0,0.0,0.0,0.0,0.0,0.0,0.0,0.0,0.0,approximately_symmetric,constant,,constant,16454.0,0.0,0.0,0.0,0.0,0.0,0.0,0.0,0.0,0.0,0.0,0.0,,,0.0,0.0,0.0,0.0,,0.0,0.0,0.0,0.0,0.0,0.0,,moderate_deviation,False,False,False,False,none,none_needed,0.0,0.0,constant_or_near_constant,drop_column,True,False,False,True,True,True,True,False,0.2,drop_or_encode,near_constant,1.0
453,PREV_NAME_CONTRACT_TYPE_Cash loans_MEAN,float64,291057,407,0.14,290650,99.86,False,41.12,False,0.0,119675,"[(np.float64(0.0), 119675), (np.float64(0.5), 29665), (np.float64(0.3333333333333333), 17842)]",291057,0.0,41.12,0.5,10.19,"[('0.0', 41.12), ('0.5', 10.19), ('0.3333333333333333', 6.13)]",False,Most frequent dominates with 41.12%,291057,16454,5.35,407,very_high_cardinality,True,True,False,False,"target_encoding, hash_encoding, or embedding_layer","['0.0', '0.9333333333333332', '0.6521739130434783', '0.6206896551724138', '0.2244897959183673']",,,,,,,,,,,False,0.0,0.0,,,0.0,0.0,,,291057.0,0.0,1.0,1.0,0.3171,0.25,0.3201,1.0097,0.0,0.5714,0.5714,0.5015,-1.0424,119675.0,0.0,0.0,0.5714,0.5714,-0.8571,1.4286,0.0,0.0,0.0535,0.3171,0.25,0.3201,0.0,0.0,0.5714,1.0,0.5714,0.5015,-1.0424,0.0,0.0,moderately_skewed,variable,0.0,non_normal,16454.0,0.0,0.57,0.57,-0.86,1.43,0.0,0.0,0.0,0.0,0.0,0.0,-0.64,1.28,0.0,0.0,0.0,0.0,0.25,0.0,0.0,0.0,1.0,0.0,0.0,-1.04,light_tailed,False,True,False,False,none,none_needed,-0.86,1.43,approximately_normal,none_or_standard_scaler,True,False,False,True,True,True,False,True,0.7,drop_or_encode,near_constant,0.4112
454,PREV_NAME_CONTRACT_TYPE_Consumer loans_MEAN,float64,291057,377,0.13,290680,99.87,False,32.86,False,1.0,95654,"[(np.float64(1.0), 95654), (np.float64(0.5), 33010), (np.float64(0.0), 22034)]",291057,1.0,32.86,0.5,11.34,"[('1.0', 32.86), ('0.5', 11.34), ('0.0', 7.57)]",False,Most frequent dominates with 32.86%,291057,16454,5.35,377,very_high_cardinality,True,True,False,False,"target_encoding, hash_encoding, or embedding_layer","['1.0', '0.0666666666666666', '0.32', '0.6818181818181818', '0.2093023255813953']",,,,,,,,,,,False,0.0,0.0,,,0.0,0.0,,,291057.0,0.0,1.0,1.0,0.5845,0.5,0.3505,0.5997,0.2857,1.0,0.7143,-0.1099,-1.3841,22034.0,0.0,0.2857,1.0,0.7143,-0.7857,2.0714,0.0,0.0,0.0535,0.5845,0.5,0.3505,0.0,0.2857,1.0,1.0,0.7143,-0.1099,-1.3841,0.0,0.0,approximately_symmetric,variable,0.0,non_normal,16454.0,0.29,1.0,0.71,-0.79,2.07,0.0,0.0,0.0,0.0,0.0,0.0,-0.47,1.64,0.0,0.0,0.0,0.0,0.32,0.0,0.0,0.0,1.0,0.0,0.0,-1.38,light_tailed,False,False,False,False,none,none_needed,-0.79,2.07,approximately_normal,none_or_standard_scaler,False,False,False,True,True,True,False,True,0.2,drop_or_encode,near_constant,0.0757
455,PREV_NAME_CONTRACT_TYPE_Revolving loans_MEAN,float64,291057,278,0.1,290779,99.9,False,64.25,False,0.0,186998,"[(np.float64(0.0), 186998), (np.float64(0.3333333333333333), 13135), (np.float64(0.25), 12188)]",291057,0.0,64.25,0.3333333333333333,4.51,"[('0.0', 64.25), ('0.3333333333333333', 4.51), ('0.25', 4.19)]",False,Most frequent dominates with 64.25%,291057,16454,5.35,278,very_high_cardinality,True,True,False,False,"target_encoding, hash_encoding, or embedding_layer","['0.0', '0.0285714285714285', '0.032258064516129', '0.217391304347826', '0.0789473684210526']",,,,,,,,,,,False,0.0,0.0,,,0.0,0.0,,,291057.0,0.0,1.0,1.0,0.0983,0.0,0.1697,1.7269,0.0,0.1667,0.1667,2.1552,5.3549,186998.0,0.0,0.0,0.1667,0.1667,-0.25,0.4167,19076.0,6.554,0.0535,0.0983,0.0,0.1697,0.0,0.0,0.1667,1.0,0.1667,2.1552,5.355,19076.0,0.0655,highly_skewed,variable,0.0,non_normal,16454.0,0.0,0.17,0.17,-0.25,0.42,0.0,19076.0,19076.0,6.55,4982.0,1.71,-0.41,0.61,0.0,5196.0,5196.0,1.79,0.11,5902.0,2.03,0.0,0.67,2676.0,0.92,5.35,right_skewed,True,True,True,True,high,robust_scaling_or_transform,-0.25,0.42,zero_inflated,log1p_or_tweedie,True,True,False,True,True,True,True,True,1.0,drop_or_encode,near_constant,0.6425
456,PREV_NAME_CONTRACT_TYPE_XNA_MEAN,float64,291057,40,0.01,291017,99.99,False,99.9,True,0.0,290773,"[(np.float64(0.0), 290773), (np.float64(0.3333333333333333), 29), (np.float64(0.1666666666666666), 25)]",291057,0.0,99.9,0.3333333333333333,0.01,"[('0.0', 99.9), ('0.3333333333333333', 0.01), ('0.1666666666666666', 0.01)]",True,Appears uniformly dominated,291057,16454,5.35,40,medium_cardinality,False,False,False,True,"target_encoding, leave_as_integer, or one_hot_if_dense","['0.0', '0.0769230769230769', '0.1428571428571428', '0.1818181818181818', '0.0625']",,,,,,,,,,,False,0.0,0.0,,,0.0,0.0,,,291057.0,0.0,0.6667,0.6667,0.0002,0.0,0.007,39.2123,0.0,0.0,0.0,52.2272,3266.0429,290773.0,0.0,0.0,0.0,0.0,0.0,0.0,284.0,0.0976,0.0535,0.0002,0.0,0.007,0.0,0.0,0.0,0.6667,0.0,52.2275,3266.0991,0.0,0.0,highly_skewed,variable,0.0,non_normal,16454.0,0.0,0.0,0.0,0.0,0.0,0.0,284.0,284.0,0.1,284.0,0.1,-0.02,0.02,0.0,284.0,284.0,0.1,0.0,282.0,0.1,0.0,0.0,284.0,0.1,3266.04,right_skewed,True,True,True,True,low,investigate_individually,0.0,0.0,zero_inflated,log1p_or_tweedie,True,False,False,True,True,True,True,True,0.7,drop_or_encode,near_constant,0.999
457,PREV_NAME_CONTRACT_TYPE_nan_MEAN,float64,291057,1,0.0,291056,100.0,True,100.0,True,0.0,291057,"[(np.float64(0.0), 291057)]",291057,0.0,100.0,,,"[('0.0', 100.0)]",True,Appears uniformly dominated,291057,16454,5.35,1,single_category,False,False,False,False,drop_column (constant),['0.0'],,,,,,,,,,,False,0.0,0.0,,,0.0,0.0,,,291057.0,0.0,0.0,0.0,0.0,0.0,0.0,,0.0,0.0,0.0,,,291057.0,0.0,0.0,0.0,0.0,0.0,0.0,0.0,0.0,0.0535,0.0,0.0,0.0,0.0,0.0,0.0,0.0,0.0,0.0,0.0,0.0,0.0,approximately_symmetric,constant,,constant,16454.0,0.0,0.0,0.0,0.0,0.0,0.0,0.0,0.0,0.0,0.0,0.0,,,0.0,0.0,0.0,0.0,,0.0,0.0,0.0,0.0,0.0,0.0,,moderate_deviation,False,False,False,False,none,none_needed,0.0,0.0,constant_or_near_constant,drop_column,True,False,False,True,True,True,True,False,0.2,drop_or_encode,near_constant,1.0
458,PREV_NAME_GOODS_CATEGORY_Additional Service_MEAN,float64,291057,21,0.01,291036,99.99,False,99.97,True,0.0,290957,"[(np.float64(0.0), 290957), (np.float64(0.25), 17), (np.float64(0.2), 14)]",291057,0.0,99.97,0.25,0.01,"[('0.0', 99.97), ('0.25', 0.01), ('0.2', 0.0)]",True,Appears uniformly dominated,291057,16454,5.35,21,medium_cardinality,False,False,False,True,"target_encoding, leave_as_integer, or one_hot_if_dense","['0.0', '0.0714285714285714', '0.2', '1.0', '0.03125']",,,,,,,,,,,False,0.0,0.0,,,0.0,0.0,,,291057.0,0.0,1.0,1.0,0.0001,0.0,0.0073,70.0421,0.0,0.0,0.0,100.1177,11935.5333,290957.0,0.0,0.0,0.0,0.0,0.0,0.0,100.0,0.0344,0.0535,0.0001,0.0,0.0073,0.0,0.0,0.0,1.0,0.0,100.1183,11935.7383,0.0,0.0,highly_skewed,variable,0.0,non_normal,16454.0,0.0,0.0,0.0,0.0,0.0,0.0,100.0,100.0,0.03,100.0,0.03,-0.02,0.02,0.0,100.0,100.0,0.03,0.0,100.0,0.03,0.0,0.0,100.0,0.03,11935.53,right_skewed,True,True,True,True,low,investigate_individually,0.0,0.0,zero_inflated,log1p_or_tweedie,True,False,False,True,True,True,True,True,0.7,drop_or_encode,near_constant,0.9997
459,PREV_NAME_GOODS_CATEGORY_Animals_MEAN,float64,291057,2,0.0,291055,100.0,False,100.0,True,0.0,291056,"[(np.float64(0.0), 291056), (np.float64(0.3333333333333333), 1)]",291057,0.0,100.0,0.3333333333333333,0.0,"[('0.0', 100.0), ('0.3333333333333333', 0.0)]",True,Appears uniformly dominated,291057,16454,5.35,2,binary,False,False,False,False,binary_encoding or label_encoding,"['0.0', '0.3333333333333333']",,,,,,,,,,,False,0.0,0.0,,,0.0,0.0,,,291057.0,0.0,0.3333,0.3333,0.0,0.0,0.0006,539.497,0.0,0.0,0.0,539.4942,291052.0,291056.0,0.0,0.0,0.0,0.0,0.0,0.0,1.0,0.0003,0.0535,0.0,0.0,0.0006,0.0,0.0,0.0,0.3333,0.0,539.497,291057.0,0.0,0.0,highly_skewed,variable,0.0,non_normal,16454.0,0.0,0.0,0.0,0.0,0.0,0.0,1.0,1.0,0.0,1.0,0.0,-0.0,0.0,0.0,1.0,1.0,0.0,0.0,1.0,0.0,0.0,0.0,1.0,0.0,291052.0,right_skewed,True,True,True,True,low,investigate_individually,0.0,0.0,zero_inflated,log1p_or_tweedie,True,False,False,True,True,True,True,False,0.5,drop_or_encode,near_constant,1.0
460,PREV_NAME_GOODS_CATEGORY_Audio/Video_MEAN,float64,291057,182,0.06,290875,99.94,False,76.51,False,0.0,222680,"[(np.float64(0.0), 222680), (np.float64(0.5), 9093), (np.float64(0.3333333333333333), 8991)]",291057,0.0,76.51,0.5,3.12,"[('0.0', 76.51), ('0.5', 3.12), ('0.3333333333333333', 3.09)]",False,Most frequent dominates with 76.51%,291057,16454,5.35,182,high_cardinality,True,False,False,True,"target_encoding, frequency_encoding, or hash_encoding","['0.0', '0.2142857142857142', '0.0952380952380952', '0.0333333333333333', '0.1470588235294117']",,,,,,,,,,,False,0.0,0.0,,,0.0,0.0,,,291057.0,0.0,1.0,1.0,0.0786,0.0,0.1912,2.4337,0.0,0.0,0.0,3.2367,11.2544,222680.0,0.0,0.0,0.0,0.0,0.0,0.0,68377.0,23.4926,0.0535,0.0786,0.0,0.1912,0.0,0.0,0.0,1.0,0.0,3.2368,11.2546,0.0,0.0,highly_skewed,variable,0.0,non_normal,16454.0,0.0,0.0,0.0,0.0,0.0,0.0,68377.0,68377.0,23.49,68377.0,23.49,-0.49,0.65,0.0,8141.0,8141.0,2.8,0.13,7137.0,2.45,0.0,1.0,0.0,0.0,11.25,right_skewed,True,True,True,True,severe,consider_log_transform,0.0,0.0,zero_inflated,log1p_or_tweedie,True,True,False,True,True,True,True,True,0.7,drop_or_encode,near_constant,0.7651
461,PREV_NAME_GOODS_CATEGORY_Auto Accessories_MEAN,float64,291057,84,0.03,290973,99.97,False,98.17,True,0.0,285728,"[(np.float64(0.0), 285728), (np.float64(0.5), 687), (np.float64(0.3333333333333333), 630)]",291057,0.0,98.17,0.5,0.24,"[('0.0', 98.17), ('0.5', 0.24), ('0.3333333333333333', 0.22)]",True,Appears uniformly dominated,291057,16454,5.35,84,high_cardinality,True,False,False,True,"target_encoding, frequency_encoding, or hash_encoding","['0.0', '0.0666666666666666', '0.0344827586206896', '0.1875', '0.0294117647058823']",,,,,,,,,,,False,0.0,0.0,,,0.0,0.0,,,291057.0,0.0,1.0,1.0,0.006,0.0,0.0575,9.5557,0.0,0.0,0.0,13.0405,195.9136,285728.0,0.0,0.0,0.0,0.0,0.0,0.0,5329.0,1.8309,0.0535,0.006,0.0,0.0575,0.0,0.0,0.0,1.0,0.0,13.0406,195.917,0.0,0.0,highly_skewed,variable,0.0,non_normal,16454.0,0.0,0.0,0.0,0.0,0.0,0.0,5329.0,5329.0,1.83,5329.0,1.83,-0.17,0.18,0.0,3296.0,3296.0,1.13,0.04,2787.0,0.96,0.0,0.2,2787.0,0.96,195.91,right_skewed,True,True,True,True,moderate,log_transform_or_winsorize,0.0,0.0,zero_inflated,log1p_or_tweedie,True,False,False,True,True,True,True,True,0.7,drop_or_encode,near_constant,0.9817
462,PREV_NAME_GOODS_CATEGORY_Clothing and Accessories_MEAN,float64,291057,126,0.04,290931,99.96,False,94.27,False,0.0,274365,"[(np.float64(0.0), 274365), (np.float64(1.0), 2519), (np.float64(0.5), 2315)]",291057,0.0,94.27,1.0,0.87,"[('0.0', 94.27), ('1.0', 0.87), ('0.5', 0.8)]",False,Most frequent dominates with 94.27%,291057,16454,5.35,126,high_cardinality,True,False,False,True,"target_encoding, frequency_encoding, or hash_encoding","['0.0', '0.1052631578947368', '0.6', '0.2608695652173913', '0.5833333333333334']",,,,,,,,,,,False,0.0,0.0,,,0.0,0.0,,,291057.0,0.0,1.0,1.0,0.0214,0.0,0.1125,5.2681,0.0,0.0,0.0,6.8328,51.2972,274365.0,0.0,0.0,0.0,0.0,0.0,0.0,16692.0,5.735,0.0535,0.0214,0.0,0.1125,0.0,0.0,0.0,1.0,0.0,6.8328,51.2981,0.0,0.0,highly_skewed,variable,0.0,non_normal,16454.0,0.0,0.0,0.0,0.0,0.0,0.0,16692.0,16692.0,5.73,16692.0,5.73,-0.32,0.36,0.0,5438.0,5438.0,1.87,0.08,5404.0,1.86,0.0,0.5,2866.0,0.98,51.3,right_skewed,True,True,True,True,high,robust_scaling_or_transform,0.0,0.0,zero_inflated,log1p_or_tweedie,True,True,False,True,True,True,True,True,0.7,drop_or_encode,near_constant,0.9427
463,PREV_NAME_GOODS_CATEGORY_Computers_MEAN,float64,291057,193,0.07,290864,99.93,False,75.91,False,0.0,220947,"[(np.float64(0.0), 220947), (np.float64(0.5), 9656), (np.float64(0.3333333333333333), 9319)]",291057,0.0,75.91,0.5,3.32,"[('0.0', 75.91), ('0.5', 3.32), ('0.3333333333333333', 3.2)]",False,Most frequent dominates with 75.91%,291057,16454,5.35,193,high_cardinality,True,False,False,True,"target_encoding, frequency_encoding, or hash_encoding","['0.0', '0.2272727272727272', '0.3571428571428571', '0.3684210526315789', '0.6111111111111112']",,,,,,,,,,,False,0.0,0.0,,,0.0,0.0,,,291057.0,0.0,1.0,1.0,0.0852,0.0,0.203,2.3818,0.0,0.0,0.0,3.0664,9.7446,220947.0,0.0,0.0,0.0,0.0,0.0,0.0,70110.0,24.0881,0.0535,0.0852,0.0,0.203,0.0,0.0,0.0,1.0,0.0,3.0664,9.7448,0.0,0.0,highly_skewed,variable,0.0,non_normal,16454.0,0.0,0.0,0.0,0.0,0.0,0.0,70110.0,70110.0,24.09,70110.0,24.09,-0.52,0.69,0.0,8520.0,8520.0,2.93,0.14,8518.0,2.93,0.0,1.0,0.0,0.0,9.74,right_skewed,True,True,True,True,severe,consider_log_transform,0.0,0.0,zero_inflated,log1p_or_tweedie,True,True,False,True,True,True,True,True,0.7,drop_or_encode,near_constant,0.7591
464,PREV_NAME_GOODS_CATEGORY_Construction Materials_MEAN,float64,291057,117,0.04,290940,99.96,False,93.86,False,0.0,273199,"[(np.float64(0.0), 273199), (np.float64(1.0), 2414), (np.float64(0.5), 2343)]",291057,0.0,93.86,1.0,0.83,"[('0.0', 93.86), ('1.0', 0.83), ('0.5', 0.8)]",False,Most frequent dominates with 93.86%,291057,16454,5.35,117,high_cardinality,True,False,False,True,"target_encoding, frequency_encoding, or hash_encoding","['0.0', '0.0454545454545454', '0.1333333333333333', '0.1363636363636363', '0.15']",,,,,,,,,,,False,0.0,0.0,,,0.0,0.0,,,291057.0,0.0,1.0,1.0,0.0218,0.0,0.1117,5.126,0.0,0.0,0.0,6.7661,50.7702,273199.0,0.0,0.0,0.0,0.0,0.0,0.0,17858.0,6.1356,0.0535,0.0218,0.0,0.1117,0.0,0.0,0.0,1.0,0.0,6.7661,50.7711,0.0,0.0,highly_skewed,variable,0.0,non_normal,16454.0,0.0,0.0,0.0,0.0,0.0,0.0,17858.0,17858.0,6.14,17858.0,6.14,-0.31,0.36,0.0,5453.0,5453.0,1.87,0.08,5405.0,1.86,0.0,0.5,2781.0,0.96,50.77,right_skewed,True,True,True,True,high,robust_scaling_or_transform,0.0,0.0,zero_inflated,log1p_or_tweedie,True,True,False,True,True,True,True,True,0.7,drop_or_encode,near_constant,0.9386
465,PREV_NAME_GOODS_CATEGORY_Consumer Electronics_MEAN,float64,291057,183,0.06,290874,99.94,False,72.46,False,0.0,210886,"[(np.float64(0.0), 210886), (np.float64(0.5), 11032), (np.float64(0.3333333333333333), 10431)]",291057,0.0,72.46,0.5,3.79,"[('0.0', 72.46), ('0.5', 3.79), ('0.3333333333333333', 3.58)]",False,Most frequent dominates with 72.46%,291057,16454,5.35,183,high_cardinality,True,False,False,True,"target_encoding, frequency_encoding, or hash_encoding","['0.0', '0.3157894736842105', '0.1904761904761904', '0.064516129032258', '0.0789473684210526']",,,,,,,,,,,False,0.0,0.0,,,0.0,0.0,,,291057.0,0.0,1.0,1.0,0.0973,0.0,0.2135,2.1944,0.0,0.1,0.1,2.8134,8.0686,210886.0,0.0,0.0,0.1,0.1,-0.15,0.25,37422.0,12.8573,0.0535,0.0973,0.0,0.2135,0.0,0.0,0.1,1.0,0.1,2.8135,8.0687,37422.0,0.1286,highly_skewed,variable,0.0,non_normal,16454.0,0.0,0.1,0.1,-0.15,0.25,0.0,37422.0,37422.0,12.86,23227.0,7.98,-0.54,0.74,0.0,9495.0,9495.0,3.26,0.14,9494.0,3.26,0.0,1.0,0.0,0.0,8.07,right_skewed,True,True,True,True,severe,consider_log_transform,-0.15,0.25,zero_inflated,log1p_or_tweedie,True,True,False,True,True,True,True,True,1.0,drop_or_encode,near_constant,0.7246
466,PREV_NAME_GOODS_CATEGORY_Direct Sales_MEAN,float64,291057,29,0.01,291028,99.99,False,99.9,True,0.0,290765,"[(np.float64(0.0), 290765), (np.float64(1.0), 51), (np.float64(0.5), 45)]",291057,0.0,99.9,1.0,0.02,"[('0.0', 99.9), ('1.0', 0.02), ('0.5', 0.02)]",True,Appears uniformly dominated,291057,16454,5.35,29,medium_cardinality,False,False,False,True,"target_encoding, leave_as_integer, or one_hot_if_dense","['0.0', '0.2', '0.1428571428571428', '0.1', '0.2857142857142857']",,,,,,,,,,,False,0.0,0.0,,,0.0,0.0,,,291057.0,0.0,1.0,1.0,0.0004,0.0,0.0158,40.5559,0.0,0.0,0.0,52.3915,3055.2893,290765.0,0.0,0.0,0.0,0.0,0.0,0.0,292.0,0.1003,0.0535,0.0004,0.0,0.0158,0.0,0.0,0.0,1.0,0.0,52.3918,3055.3418,0.0,0.0,highly_skewed,variable,0.0,non_normal,16454.0,0.0,0.0,0.0,0.0,0.0,0.0,292.0,292.0,0.1,292.0,0.1,-0.05,0.05,0.0,292.0,292.0,0.1,0.01,289.0,0.1,0.0,0.0,292.0,0.1,3055.29,right_skewed,True,True,True,True,low,investigate_individually,0.0,0.0,zero_inflated,log1p_or_tweedie,True,False,False,True,True,True,True,True,0.7,drop_or_encode,near_constant,0.999
467,PREV_NAME_GOODS_CATEGORY_Education_MEAN,float64,291057,20,0.01,291037,99.99,False,99.97,True,0.0,290978,"[(np.float64(0.0), 290978), (np.float64(1.0), 30), (np.float64(0.5), 10)]",291057,0.0,99.97,1.0,0.01,"[('0.0', 99.97), ('1.0', 0.01), ('0.5', 0.0)]",True,Appears uniformly dominated,291057,16454,5.35,20,medium_cardinality,False,False,False,True,"target_encoding, leave_as_integer, or one_hot_if_dense","['0.0', '0.75', '0.5', '0.1428571428571428', '0.125']",,,,,,,,,,,False,0.0,0.0,,,0.0,0.0,,,291057.0,0.0,1.0,1.0,0.0002,0.0,0.011,73.2579,0.0,0.0,0.0,83.5059,7303.8027,290978.0,0.0,0.0,0.0,0.0,0.0,0.0,79.0,0.0271,0.0535,0.0002,0.0,0.011,0.0,0.0,0.0,1.0,0.0,83.5064,7303.9281,0.0,0.0,highly_skewed,variable,0.0,non_normal,16454.0,0.0,0.0,0.0,0.0,0.0,0.0,79.0,79.0,0.03,79.0,0.03,-0.03,0.03,0.0,79.0,79.0,0.03,0.01,79.0,0.03,0.0,0.0,79.0,0.03,7303.8,right_skewed,True,True,True,True,low,investigate_individually,0.0,0.0,zero_inflated,log1p_or_tweedie,True,False,False,True,True,True,True,True,0.7,drop_or_encode,near_constant,0.9997
468,PREV_NAME_GOODS_CATEGORY_Fitness_MEAN,float64,291057,23,0.01,291034,99.99,False,99.95,True,0.0,290905,"[(np.float64(0.0), 290905), (np.float64(1.0), 49), (np.float64(0.5), 32)]",291057,0.0,99.95,1.0,0.02,"[('0.0', 99.95), ('1.0', 0.02), ('0.5', 0.01)]",True,Appears uniformly dominated,291057,16454,5.35,23,medium_cardinality,False,False,False,True,"target_encoding, leave_as_integer, or one_hot_if_dense","['0.0', '0.25', '0.2', '0.0303030303030303', '0.4']",,,,,,,,,,,False,0.0,0.0,,,0.0,0.0,,,291057.0,0.0,1.0,1.0,0.0003,0.0,0.0145,52.353,0.0,0.0,0.0,61.0281,3971.8511,290905.0,0.0,0.0,0.0,0.0,0.0,0.0,152.0,0.0522,0.0535,0.0003,0.0,0.0145,0.0,0.0,0.0,1.0,0.0,61.0284,3971.9194,0.0,0.0,highly_skewed,variable,0.0,non_normal,16454.0,0.0,0.0,0.0,0.0,0.0,0.0,152.0,152.0,0.05,152.0,0.05,-0.04,0.04,0.0,151.0,151.0,0.05,0.01,150.0,0.05,0.0,0.0,152.0,0.05,3971.85,right_skewed,True,True,True,True,low,investigate_individually,0.0,0.0,zero_inflated,log1p_or_tweedie,True,False,False,True,True,True,True,True,0.7,drop_or_encode,near_constant,0.9995
469,PREV_NAME_GOODS_CATEGORY_Furniture_MEAN,float64,291057,130,0.04,290927,99.96,False,87.28,False,0.0,254036,"[(np.float64(0.0), 254036), (np.float64(0.5), 5081), (np.float64(1.0), 5019)]",291057,0.0,87.28,0.5,1.75,"[('0.0', 87.28), ('0.5', 1.75), ('1.0', 1.72)]",False,Most frequent dominates with 87.28%,291057,16454,5.35,130,high_cardinality,True,False,False,True,"target_encoding, frequency_encoding, or hash_encoding","['0.0', '0.1', '0.4444444444444444', '0.4166666666666667', '0.4666666666666667']",,,,,,,,,,,False,0.0,0.0,,,0.0,0.0,,,291057.0,0.0,1.0,1.0,0.0463,0.0,0.1594,3.4443,0.0,0.0,0.0,4.4582,21.3769,254036.0,0.0,0.0,0.0,0.0,0.0,0.0,37021.0,12.7195,0.0535,0.0463,0.0,0.1594,0.0,0.0,0.0,1.0,0.0,4.4582,21.3773,0.0,0.0,highly_skewed,variable,0.0,non_normal,16454.0,0.0,0.0,0.0,0.0,0.0,0.0,37021.0,37021.0,12.72,37021.0,12.72,-0.43,0.52,0.0,5950.0,5950.0,2.04,0.11,5934.0,2.04,0.0,1.0,0.0,0.0,21.38,right_skewed,True,True,True,True,severe,consider_log_transform,0.0,0.0,zero_inflated,log1p_or_tweedie,True,True,False,True,True,True,True,True,0.7,drop_or_encode,near_constant,0.8728
470,PREV_NAME_GOODS_CATEGORY_Gardening_MEAN,float64,291057,53,0.02,291004,99.98,False,99.28,True,0.0,288948,"[(np.float64(0.0), 288948), (np.float64(1.0), 268), (np.float64(0.3333333333333333), 258)]",291057,0.0,99.28,1.0,0.09,"[('0.0', 99.28), ('1.0', 0.09), ('0.3333333333333333', 0.09)]",True,Appears uniformly dominated,291057,16454,5.35,53,high_cardinality,True,False,False,True,"target_encoding, frequency_encoding, or hash_encoding","['0.0', '0.0833333333333333', '0.0666666666666666', '0.1818181818181818', '0.0333333333333333']",,,,,,,,,,,False,0.0,0.0,,,0.0,0.0,,,291057.0,0.0,1.0,1.0,0.0024,0.0,0.0376,15.3753,0.0,0.0,0.0,20.9027,497.9204,288948.0,0.0,0.0,0.0,0.0,0.0,0.0,2109.0,0.7246,0.0535,0.0024,0.0,0.0376,0.0,0.0,0.0,1.0,0.0,20.9028,497.9289,0.0,0.0,highly_skewed,variable,0.0,non_normal,16454.0,0.0,0.0,0.0,0.0,0.0,0.0,2109.0,2109.0,0.72,2109.0,0.72,-0.11,0.12,0.0,1737.0,1737.0,0.6,0.03,1632.0,0.56,0.0,0.0,2109.0,0.72,497.92,right_skewed,True,True,True,True,low,investigate_individually,0.0,0.0,zero_inflated,log1p_or_tweedie,True,False,False,True,True,True,True,True,0.7,drop_or_encode,near_constant,0.9928
471,PREV_NAME_GOODS_CATEGORY_Homewares_MEAN,float64,291057,68,0.02,290989,99.98,False,98.67,True,0.0,287195,"[(np.float64(0.0), 287195), (np.float64(1.0), 651), (np.float64(0.5), 478)]",291057,0.0,98.67,1.0,0.22,"[('0.0', 98.67), ('1.0', 0.22), ('0.5', 0.16)]",True,Appears uniformly dominated,291057,16454,5.35,68,high_cardinality,True,False,False,True,"target_encoding, frequency_encoding, or hash_encoding","['0.0', '0.2222222222222222', '0.0384615384615384', '0.4545454545454545', '0.12']",,,,,,,,,,,False,0.0,0.0,,,0.0,0.0,,,291057.0,0.0,1.0,1.0,0.0049,0.0,0.0558,11.3363,0.0,0.0,0.0,14.7454,240.3458,287195.0,0.0,0.0,0.0,0.0,0.0,0.0,3862.0,1.3269,0.0535,0.0049,0.0,0.0558,0.0,0.0,0.0,1.0,0.0,14.7455,240.35,0.0,0.0,highly_skewed,variable,0.0,non_normal,16454.0,0.0,0.0,0.0,0.0,0.0,0.0,3862.0,3862.0,1.33,3862.0,1.33,-0.16,0.17,0.0,2454.0,2454.0,0.84,0.04,2448.0,0.84,0.0,0.14,2742.0,0.94,240.35,right_skewed,True,True,True,True,moderate,log_transform_or_winsorize,0.0,0.0,zero_inflated,log1p_or_tweedie,True,False,False,True,True,True,True,True,0.7,drop_or_encode,near_constant,0.9867
472,PREV_NAME_GOODS_CATEGORY_House Construction_MEAN,float64,291057,1,0.0,291056,100.0,True,100.0,True,0.0,291057,"[(np.float64(0.0), 291057)]",291057,0.0,100.0,,,"[('0.0', 100.0)]",True,Appears uniformly dominated,291057,16454,5.35,1,single_category,False,False,False,False,drop_column (constant),['0.0'],,,,,,,,,,,False,0.0,0.0,,,0.0,0.0,,,291057.0,0.0,0.0,0.0,0.0,0.0,0.0,,0.0,0.0,0.0,,,291057.0,0.0,0.0,0.0,0.0,0.0,0.0,0.0,0.0,0.0535,0.0,0.0,0.0,0.0,0.0,0.0,0.0,0.0,0.0,0.0,0.0,0.0,approximately_symmetric,constant,,constant,16454.0,0.0,0.0,0.0,0.0,0.0,0.0,0.0,0.0,0.0,0.0,0.0,,,0.0,0.0,0.0,0.0,,0.0,0.0,0.0,0.0,0.0,0.0,,moderate_deviation,False,False,False,False,none,none_needed,0.0,0.0,constant_or_near_constant,drop_column,True,False,False,True,True,True,True,False,0.2,drop_or_encode,near_constant,1.0
473,PREV_NAME_GOODS_CATEGORY_Insurance_MEAN,float64,291057,20,0.01,291037,99.99,False,99.98,True,0.0,291009,"[(np.float64(0.0), 291009), (np.float64(0.2), 6), (np.float64(0.3333333333333333), 5)]",291057,0.0,99.98,0.2,0.0,"[('0.0', 99.98), ('0.2', 0.0), ('0.3333333333333333', 0.0)]",True,Appears uniformly dominated,291057,16454,5.35,20,medium_cardinality,False,False,False,True,"target_encoding, leave_as_integer, or one_hot_if_dense","['0.0', '0.2', '0.1428571428571428', '0.125', '0.0909090909090909']",,,,,,,,,,,False,0.0,0.0,,,0.0,0.0,,,291057.0,0.0,1.0,1.0,0.0,0.0,0.0045,110.3021,0.0,0.0,0.0,175.1699,36428.3549,291009.0,0.0,0.0,0.0,0.0,0.0,0.0,48.0,0.0165,0.0535,0.0,0.0,0.0045,0.0,0.0,0.0,1.0,0.0,175.1708,36428.9807,0.0,0.0,highly_skewed,variable,0.0,non_normal,16454.0,0.0,0.0,0.0,0.0,0.0,0.0,48.0,48.0,0.02,48.0,0.02,-0.01,0.01,0.0,48.0,48.0,0.02,0.0,48.0,0.02,0.0,0.0,48.0,0.02,36428.35,right_skewed,True,True,True,True,low,investigate_individually,0.0,0.0,zero_inflated,log1p_or_tweedie,True,False,False,True,True,True,True,True,0.7,drop_or_encode,near_constant,0.9998
474,PREV_NAME_GOODS_CATEGORY_Jewelry_MEAN,float64,291057,81,0.03,290976,99.97,False,98.48,True,0.0,286642,"[(np.float64(0.0), 286642), (np.float64(0.5), 551), (np.float64(0.3333333333333333), 520)]",291057,0.0,98.48,0.5,0.19,"[('0.0', 98.48), ('0.5', 0.19), ('0.3333333333333333', 0.18)]",True,Appears uniformly dominated,291057,16454,5.35,81,high_cardinality,True,False,False,True,"target_encoding, frequency_encoding, or hash_encoding","['0.0', '0.6666666666666666', '0.037037037037037', '0.0555555555555555', '0.75']",,,,,,,,,,,False,0.0,0.0,,,0.0,0.0,,,291057.0,0.0,1.0,1.0,0.005,0.0,0.0529,10.6162,0.0,0.0,0.0,14.4633,239.6313,286642.0,0.0,0.0,0.0,0.0,0.0,0.0,4415.0,1.5169,0.0535,0.005,0.0,0.0529,0.0,0.0,0.0,1.0,0.0,14.4634,239.6355,0.0,0.0,highly_skewed,variable,0.0,non_normal,16454.0,0.0,0.0,0.0,0.0,0.0,0.0,4415.0,4415.0,1.52,4415.0,1.52,-0.15,0.16,0.0,3011.0,3011.0,1.03,0.04,2640.0,0.91,0.0,0.17,2665.0,0.92,239.63,right_skewed,True,True,True,True,moderate,log_transform_or_winsorize,0.0,0.0,zero_inflated,log1p_or_tweedie,True,False,False,True,True,True,True,True,0.7,drop_or_encode,near_constant,0.9848
475,PREV_NAME_GOODS_CATEGORY_Medical Supplies_MEAN,float64,291057,62,0.02,290995,99.98,False,99.02,True,0.0,288192,"[(np.float64(0.0), 288192), (np.float64(1.0), 660), (np.float64(0.5), 427)]",291057,0.0,99.02,1.0,0.23,"[('0.0', 99.02), ('1.0', 0.23), ('0.5', 0.15)]",True,Appears uniformly dominated,291057,16454,5.35,62,high_cardinality,True,False,False,True,"target_encoding, frequency_encoding, or hash_encoding","['0.0', '0.1666666666666666', '0.0434782608695652', '0.6', '0.04']",,,,,,,,,,,False,0.0,0.0,,,0.0,0.0,,,291057.0,0.0,1.0,1.0,0.0044,0.0,0.0549,12.594,0.0,0.0,0.0,15.4926,259.967,288192.0,0.0,0.0,0.0,0.0,0.0,0.0,2865.0,0.9843,0.0535,0.0044,0.0,0.0549,0.0,0.0,0.0,1.0,0.0,15.4927,259.9715,0.0,0.0,highly_skewed,variable,0.0,non_normal,16454.0,0.0,0.0,0.0,0.0,0.0,0.0,2865.0,2865.0,0.98,2865.0,0.98,-0.16,0.17,0.0,2112.0,2112.0,0.73,0.04,2108.0,0.72,0.0,0.0,2865.0,0.98,259.97,right_skewed,True,True,True,True,low,investigate_individually,0.0,0.0,zero_inflated,log1p_or_tweedie,True,False,False,True,True,True,True,True,0.7,drop_or_encode,near_constant,0.9902
476,PREV_NAME_GOODS_CATEGORY_Medicine_MEAN,float64,291057,37,0.01,291020,99.99,False,99.59,True,0.0,289858,"[(np.float64(0.0), 289858), (np.float64(1.0), 279), (np.float64(0.5), 175)]",291057,0.0,99.59,1.0,0.1,"[('0.0', 99.59), ('1.0', 0.1), ('0.5', 0.06)]",True,Appears uniformly dominated,291057,16454,5.35,37,medium_cardinality,False,False,False,True,"target_encoding, leave_as_integer, or one_hot_if_dense","['0.0', '0.5', '0.0588235294117647', '0.6', '0.0454545454545454']",,,,,,,,,,,False,0.0,0.0,,,0.0,0.0,,,291057.0,0.0,1.0,1.0,0.0018,0.0,0.0354,19.5879,0.0,0.0,0.0,24.2417,637.966,289858.0,0.0,0.0,0.0,0.0,0.0,0.0,1199.0,0.4119,0.0535,0.0018,0.0,0.0354,0.0,0.0,0.0,1.0,0.0,24.2418,637.977,0.0,0.0,highly_skewed,variable,0.0,non_normal,16454.0,0.0,0.0,0.0,0.0,0.0,0.0,1199.0,1199.0,0.41,1199.0,0.41,-0.1,0.11,0.0,1100.0,1100.0,0.38,0.02,1067.0,0.37,0.0,0.0,1199.0,0.41,637.97,right_skewed,True,True,True,True,low,investigate_individually,0.0,0.0,zero_inflated,log1p_or_tweedie,True,False,False,True,True,True,True,True,0.7,drop_or_encode,near_constant,0.9959
477,PREV_NAME_GOODS_CATEGORY_Mobile_MEAN,float64,291057,232,0.08,290825,99.92,False,57.41,False,0.0,167106,"[(np.float64(0.0), 167106), (np.float64(0.5), 18504), (np.float64(1.0), 17419)]",291057,0.0,57.41,0.5,6.36,"[('0.0', 57.41), ('0.5', 6.36), ('1.0', 5.98)]",False,Most frequent dominates with 57.41%,291057,16454,5.35,232,very_high_cardinality,True,True,False,False,"target_encoding, hash_encoding, or embedding_layer","['0.0', '0.0416666666666666', '0.1304347826086956', '0.238095238095238', '0.4482758620689655']",,,,,,,,,,,False,0.0,0.0,,,0.0,0.0,,,291057.0,0.0,1.0,1.0,0.1741,0.0,0.2763,1.5867,0.0,0.25,0.25,1.7779,2.3807,167106.0,0.0,0.0,0.25,0.25,-0.375,0.625,24380.0,8.3764,0.0535,0.1741,0.0,0.2763,0.0,0.0,0.25,1.0,0.25,1.7779,2.3808,24380.0,0.0838,highly_skewed,variable,0.0,non_normal,16454.0,0.0,0.25,0.25,-0.38,0.62,0.0,24380.0,24380.0,8.38,0.0,0.0,-0.65,1.0,0.0,0.0,0.0,0.0,0.19,17419.0,5.98,0.0,1.0,0.0,0.0,2.38,right_skewed,True,True,True,True,high,robust_scaling_or_transform,-0.38,0.62,right_skewed,log1p,True,True,False,True,True,True,False,True,1.0,drop_or_encode,near_constant,0.5741
478,PREV_NAME_GOODS_CATEGORY_Office Appliances_MEAN,float64,291057,55,0.02,291002,99.98,False,99.36,True,0.0,289208,"[(np.float64(0.0), 289208), (np.float64(0.3333333333333333), 223), (np.float64(0.5), 200)]",291057,0.0,99.36,0.3333333333333333,0.08,"[('0.0', 99.36), ('0.3333333333333333', 0.08), ('0.5', 0.07)]",True,Appears uniformly dominated,291057,16454,5.35,55,high_cardinality,True,False,False,True,"target_encoding, frequency_encoding, or hash_encoding","['0.0', '0.125', '0.1052631578947368', '0.0454545454545454', '0.0333333333333333']",,,,,,,,,,,False,0.0,0.0,,,0.0,0.0,,,291057.0,0.0,1.0,1.0,0.0017,0.0,0.0284,16.6025,0.0,0.0,0.0,24.5201,731.4362,289208.0,0.0,0.0,0.0,0.0,0.0,0.0,1849.0,0.6353,0.0535,0.0017,0.0,0.0284,0.0,0.0,0.0,1.0,0.0,24.5202,731.4487,0.0,0.0,highly_skewed,variable,0.0,non_normal,16454.0,0.0,0.0,0.0,0.0,0.0,0.0,1849.0,1849.0,0.64,1849.0,0.64,-0.08,0.09,0.0,1619.0,1619.0,0.56,0.02,1554.0,0.53,0.0,0.0,1849.0,0.64,731.44,right_skewed,True,True,True,True,low,investigate_individually,0.0,0.0,zero_inflated,log1p_or_tweedie,True,False,False,True,True,True,True,True,0.7,drop_or_encode,near_constant,0.9936
479,PREV_NAME_GOODS_CATEGORY_Other_MEAN,float64,291057,47,0.02,291010,99.98,False,99.24,True,0.0,288832,"[(np.float64(0.0), 288832), (np.float64(0.25), 263), (np.float64(0.2), 253)]",291057,0.0,99.24,0.25,0.09,"[('0.0', 99.24), ('0.25', 0.09), ('0.2', 0.09)]",True,Appears uniformly dominated,291057,16454,5.35,47,medium_cardinality,False,False,False,True,"target_encoding, leave_as_integer, or one_hot_if_dense","['0.0', '0.0769230769230769', '0.6666666666666666', '0.1176470588235294', '0.2727272727272727']",,,,,,,,,,,False,0.0,0.0,,,0.0,0.0,,,291057.0,0.0,1.0,1.0,0.0019,0.0,0.0277,14.9348,0.0,0.0,0.0,22.9703,671.8958,288832.0,0.0,0.0,0.0,0.0,0.0,0.0,2225.0,0.7645,0.0535,0.0019,0.0,0.0277,0.0,0.0,0.0,1.0,0.0,22.9704,671.9074,0.0,0.0,highly_skewed,variable,0.0,non_normal,16454.0,0.0,0.0,0.0,0.0,0.0,0.0,2225.0,2225.0,0.76,2225.0,0.76,-0.08,0.09,0.0,1932.0,1932.0,0.66,0.02,1864.0,0.64,0.0,0.0,2225.0,0.76,671.9,right_skewed,True,True,True,True,low,investigate_individually,0.0,0.0,zero_inflated,log1p_or_tweedie,True,False,False,True,True,True,True,True,0.7,drop_or_encode,near_constant,0.9924
480,PREV_NAME_GOODS_CATEGORY_Photo / Cinema Equipment_MEAN,float64,291057,108,0.04,290949,99.96,False,93.36,False,0.0,271729,"[(np.float64(0.0), 271729), (np.float64(0.3333333333333333), 2338), (np.float64(0.25), 2318)]",291057,0.0,93.36,0.3333333333333333,0.8,"[('0.0', 93.36), ('0.3333333333333333', 0.8), ('0.25', 0.8)]",False,Most frequent dominates with 93.36%,291057,16454,5.35,108,high_cardinality,True,False,False,True,"target_encoding, frequency_encoding, or hash_encoding","['0.0', '0.3636363636363636', '0.12', '0.2666666666666666', '0.0263157894736842']",,,,,,,,,,,False,0.0,0.0,,,0.0,0.0,,,291057.0,0.0,1.0,1.0,0.0186,0.0,0.0923,4.9635,0.0,0.0,0.0,7.2248,62.7806,271729.0,0.0,0.0,0.0,0.0,0.0,0.0,19328.0,6.6406,0.0535,0.0186,0.0,0.0923,0.0,0.0,0.0,1.0,0.0,7.2248,62.7817,0.0,0.0,highly_skewed,variable,0.0,non_normal,16454.0,0.0,0.0,0.0,0.0,0.0,0.0,19328.0,19328.0,6.64,19328.0,6.64,-0.26,0.3,0.0,6184.0,6184.0,2.12,0.06,6160.0,2.12,0.0,0.5,1483.0,0.51,62.78,right_skewed,True,True,True,True,high,robust_scaling_or_transform,0.0,0.0,zero_inflated,log1p_or_tweedie,True,True,False,True,True,True,True,True,0.7,drop_or_encode,near_constant,0.9336
481,PREV_NAME_GOODS_CATEGORY_Sport and Leisure_MEAN,float64,291057,54,0.02,291003,99.98,False,99.18,True,0.0,288681,"[(np.float64(0.0), 288681), (np.float64(0.3333333333333333), 283), (np.float64(0.5), 276)]",291057,0.0,99.18,0.3333333333333333,0.1,"[('0.0', 99.18), ('0.3333333333333333', 0.1), ('0.5', 0.09)]",True,Appears uniformly dominated,291057,16454,5.35,54,high_cardinality,True,False,False,True,"target_encoding, frequency_encoding, or hash_encoding","['0.0', '0.2857142857142857', '0.0714285714285714', '0.032258064516129', '0.1538461538461538']",,,,,,,,,,,False,0.0,0.0,,,0.0,0.0,,,291057.0,0.0,1.0,1.0,0.0025,0.0,0.0373,14.7349,0.0,0.0,0.0,20.616,491.3279,288681.0,0.0,0.0,0.0,0.0,0.0,0.0,2376.0,0.8163,0.0535,0.0025,0.0,0.0373,0.0,0.0,0.0,1.0,0.0,20.6161,491.3363,0.0,0.0,highly_skewed,variable,0.0,non_normal,16454.0,0.0,0.0,0.0,0.0,0.0,0.0,2376.0,2376.0,0.82,2376.0,0.82,-0.11,0.11,0.0,1841.0,1841.0,0.63,0.03,1712.0,0.59,0.0,0.0,2376.0,0.82,491.33,right_skewed,True,True,True,True,low,investigate_individually,0.0,0.0,zero_inflated,log1p_or_tweedie,True,False,False,True,True,True,True,True,0.7,drop_or_encode,near_constant,0.9918
482,PREV_NAME_GOODS_CATEGORY_Tourism_MEAN,float64,291057,55,0.02,291002,99.98,False,99.65,True,0.0,290027,"[(np.float64(0.0), 290027), (np.float64(1.0), 243), (np.float64(0.5), 135)]",291057,0.0,99.65,1.0,0.08,"[('0.0', 99.65), ('1.0', 0.08), ('0.5', 0.05)]",True,Appears uniformly dominated,291057,16454,5.35,55,high_cardinality,True,False,False,True,"target_encoding, frequency_encoding, or hash_encoding","['0.0', '0.625', '0.6', '0.75', '0.0344827586206896']",,,,,,,,,,,False,0.0,0.0,,,0.0,0.0,,,291057.0,0.0,1.0,1.0,0.0016,0.0,0.0336,20.9218,0.0,0.0,0.0,25.4923,703.2594,290027.0,0.0,0.0,0.0,0.0,0.0,0.0,1030.0,0.3539,0.0535,0.0016,0.0,0.0336,0.0,0.0,0.0,1.0,0.0,25.4925,703.2715,0.0,0.0,highly_skewed,variable,0.0,non_normal,16454.0,0.0,0.0,0.0,0.0,0.0,0.0,1030.0,1030.0,0.35,1030.0,0.35,-0.1,0.1,0.0,936.0,936.0,0.32,0.02,897.0,0.31,0.0,0.0,1030.0,0.35,703.26,right_skewed,True,True,True,True,low,investigate_individually,0.0,0.0,zero_inflated,log1p_or_tweedie,True,False,False,True,True,True,True,True,0.7,drop_or_encode,near_constant,0.9965
483,PREV_NAME_GOODS_CATEGORY_Vehicles_MEAN,float64,291057,54,0.02,291003,99.98,False,99.11,True,0.0,288471,"[(np.float64(0.0), 288471), (np.float64(1.0), 357), (np.float64(0.5), 348)]",291057,0.0,99.11,1.0,0.12,"[('0.0', 99.11), ('1.0', 0.12), ('0.5', 0.12)]",True,Appears uniformly dominated,291057,16454,5.35,54,high_cardinality,True,False,False,True,"target_encoding, frequency_encoding, or hash_encoding","['1.0', '0.0714285714285714', '0.0434782608695652', '0.1538461538461538', '0.0476190476190476']",,,,,,,,,,,False,0.0,0.0,,,0.0,0.0,,,291057.0,0.0,1.0,1.0,0.0031,0.0,0.0431,13.7289,0.0,0.0,0.0,18.3697,382.282,288471.0,0.0,0.0,0.0,0.0,0.0,0.0,2586.0,0.8885,0.0535,0.0031,0.0,0.0431,0.0,0.0,0.0,1.0,0.0,18.3698,382.2886,0.0,0.0,highly_skewed,variable,0.0,non_normal,16454.0,0.0,0.0,0.0,0.0,0.0,0.0,2586.0,2586.0,0.89,2586.0,0.89,-0.13,0.13,0.0,2051.0,2051.0,0.7,0.03,1899.0,0.65,0.0,0.0,2586.0,0.89,382.28,right_skewed,True,True,True,True,low,investigate_individually,0.0,0.0,zero_inflated,log1p_or_tweedie,True,False,False,True,True,True,True,True,0.7,drop_or_encode,near_constant,0.9911
484,PREV_NAME_GOODS_CATEGORY_Weapon_MEAN,float64,291057,20,0.01,291037,99.99,False,99.98,True,0.0,290999,"[(np.float64(0.0), 290999), (np.float64(0.2), 9), (np.float64(0.5), 8)]",291057,0.0,99.98,0.2,0.0,"[('0.0', 99.98), ('0.2', 0.0), ('0.5', 0.0)]",True,Appears uniformly dominated,291057,16454,5.35,20,medium_cardinality,False,False,False,True,"target_encoding, leave_as_integer, or one_hot_if_dense","['0.0', '0.3333333333333333', '0.05', '0.0666666666666666', '0.0625']",,,,,,,,,,,False,0.0,0.0,,,0.0,0.0,,,291057.0,0.0,1.0,1.0,0.0001,0.0,0.0061,92.6069,0.0,0.0,0.0,125.5929,18132.2638,290999.0,0.0,0.0,0.0,0.0,0.0,0.0,58.0,0.0199,0.0535,0.0001,0.0,0.0061,0.0,0.0,0.0,1.0,0.0,125.5936,18132.5753,0.0,0.0,highly_skewed,variable,0.0,non_normal,16454.0,0.0,0.0,0.0,0.0,0.0,0.0,58.0,58.0,0.02,58.0,0.02,-0.02,0.02,0.0,58.0,58.0,0.02,0.0,58.0,0.02,0.0,0.0,58.0,0.02,18132.26,right_skewed,True,True,True,True,low,investigate_individually,0.0,0.0,zero_inflated,log1p_or_tweedie,True,False,False,True,True,True,True,True,0.7,drop_or_encode,near_constant,0.9998
485,PREV_NAME_GOODS_CATEGORY_XNA_MEAN,float64,291057,374,0.13,290683,99.87,False,32.45,False,0.0,94441,"[(np.float64(0.0), 94441), (np.float64(0.5), 33189), (np.float64(1.0), 22516)]",291057,0.0,32.45,0.5,11.4,"[('0.0', 32.45), ('0.5', 11.4), ('1.0', 7.74)]",False,Most frequent dominates with 32.45%,291057,16454,5.35,374,very_high_cardinality,True,True,False,False,"target_encoding, hash_encoding, or embedding_layer","['0.0', '0.4615384615384615', '0.6521739130434783', '0.0454545454545454', '0.98']",,,,,,,,,,,False,0.0,0.0,,,0.0,0.0,,,291057.0,0.0,1.0,1.0,0.4203,0.5,0.351,0.8351,0.0,0.7273,0.7273,0.0896,-1.3877,94441.0,0.0,0.0,0.7273,0.7273,-1.0909,1.8182,0.0,0.0,0.0535,0.4203,0.5,0.351,0.0,0.0,0.7273,1.0,0.7273,0.0896,-1.3877,0.0,0.0,approximately_symmetric,variable,0.0,non_normal,16454.0,0.0,0.73,0.73,-1.09,1.82,0.0,0.0,0.0,0.0,0.0,0.0,-0.63,1.47,0.0,0.0,0.0,0.0,0.32,0.0,0.0,0.0,1.0,0.0,0.0,-1.39,light_tailed,False,False,False,False,none,none_needed,-1.09,1.82,approximately_normal,none_or_standard_scaler,False,False,False,True,True,True,False,True,0.4,drop_or_encode,near_constant,0.3245
486,PREV_NAME_GOODS_CATEGORY_nan_MEAN,float64,291057,1,0.0,291056,100.0,True,100.0,True,0.0,291057,"[(np.float64(0.0), 291057)]",291057,0.0,100.0,,,"[('0.0', 100.0)]",True,Appears uniformly dominated,291057,16454,5.35,1,single_category,False,False,False,False,drop_column (constant),['0.0'],,,,,,,,,,,False,0.0,0.0,,,0.0,0.0,,,291057.0,0.0,0.0,0.0,0.0,0.0,0.0,,0.0,0.0,0.0,,,291057.0,0.0,0.0,0.0,0.0,0.0,0.0,0.0,0.0,0.0535,0.0,0.0,0.0,0.0,0.0,0.0,0.0,0.0,0.0,0.0,0.0,0.0,approximately_symmetric,constant,,constant,16454.0,0.0,0.0,0.0,0.0,0.0,0.0,0.0,0.0,0.0,0.0,0.0,,,0.0,0.0,0.0,0.0,,0.0,0.0,0.0,0.0,0.0,0.0,,moderate_deviation,False,False,False,False,none,none_needed,0.0,0.0,constant_or_near_constant,drop_column,True,False,False,True,True,True,True,False,0.2,drop_or_encode,near_constant,1.0
487,PREV_NAME_PAYMENT_TYPE_Cash through the bank_MEAN,float64,291057,423,0.15,290634,99.85,False,34.6,False,1.0,100717,"[(np.float64(1.0), 100717), (np.float64(0.5), 35137), (np.float64(0.6666666666666666), 23330)]",291057,1.0,34.6,0.5,12.07,"[('1.0', 34.6), ('0.5', 12.07), ('0.6666666666666666', 8.02)]",False,Most frequent dominates with 34.6%,291057,16454,5.35,423,very_high_cardinality,True,True,False,False,"target_encoding, hash_encoding, or embedding_layer","['0.0', '0.5263157894736842', '0.1935483870967742', '0.6896551724137931', '0.3421052631578947']",,,,,,,,,,,False,0.0,0.0,,,0.0,0.0,,,291057.0,0.0,1.0,1.0,0.6815,0.7,0.3015,0.4425,0.5,1.0,0.5,-0.5979,-0.5805,16970.0,0.0,0.5,1.0,0.5,-0.25,1.75,0.0,0.0,0.0535,0.6815,0.7,0.3015,0.0,0.5,1.0,1.0,0.5,-0.5979,-0.5805,0.0,0.0,moderately_skewed,variable,0.0,non_normal,16454.0,0.5,1.0,0.5,-0.25,1.75,0.0,0.0,0.0,0.0,0.0,0.0,-0.22,1.59,0.0,0.0,0.0,0.0,0.3,0.0,0.0,0.0,1.0,0.0,0.0,-0.58,moderate_deviation,False,True,False,False,none,none_needed,-0.25,1.75,approximately_normal,none_or_standard_scaler,False,False,False,True,True,True,False,True,0.5,drop_or_encode,near_constant,0.0583
488,PREV_NAME_PAYMENT_TYPE_Cashless from the account of the employer_MEAN,float64,291057,52,0.02,291005,99.98,False,99.71,True,0.0,290200,"[(np.float64(0.0), 290200), (np.float64(0.25), 86), (np.float64(0.1666666666666666), 84)]",291057,0.0,99.71,0.25,0.03,"[('0.0', 99.71), ('0.25', 0.03), ('0.1666666666666666', 0.03)]",True,Appears uniformly dominated,291057,16454,5.35,52,high_cardinality,True,False,False,True,"target_encoding, frequency_encoding, or hash_encoding","['0.0', '0.1428571428571428', '0.0588235294117647', '0.0434782608695652', '0.4']",,,,,,,,,,,False,0.0,0.0,,,0.0,0.0,,,291057.0,0.0,1.0,1.0,0.0007,0.0,0.0177,25.1395,0.0,0.0,0.0,38.9964,1876.2316,290200.0,0.0,0.0,0.0,0.0,0.0,0.0,857.0,0.2944,0.0535,0.0007,0.0,0.0177,0.0,0.0,0.0,1.0,0.0,38.9966,1876.2639,0.0,0.0,highly_skewed,variable,0.0,non_normal,16454.0,0.0,0.0,0.0,0.0,0.0,0.0,857.0,857.0,0.29,857.0,0.29,-0.05,0.05,0.0,821.0,821.0,0.28,0.01,804.0,0.28,0.0,0.0,857.0,0.29,1876.23,right_skewed,True,True,True,True,low,investigate_individually,0.0,0.0,zero_inflated,log1p_or_tweedie,True,False,False,True,True,True,True,True,0.7,drop_or_encode,near_constant,0.9971
489,PREV_NAME_PAYMENT_TYPE_Non-cash from your account_MEAN,float64,291057,98,0.03,290959,99.97,False,98.03,True,0.0,285333,"[(np.float64(0.0), 285333), (np.float64(0.3333333333333333), 692), (np.float64(0.5), 664)]",291057,0.0,98.03,0.3333333333333333,0.24,"[('0.0', 98.03), ('0.3333333333333333', 0.24), ('0.5', 0.23)]",True,Appears uniformly dominated,291057,16454,5.35,98,high_cardinality,True,False,False,True,"target_encoding, frequency_encoding, or hash_encoding","['0.0', '0.0625', '0.2307692307692307', '0.15', '0.0227272727272727']",,,,,,,,,,,False,0.0,0.0,,,0.0,0.0,,,291057.0,0.0,1.0,1.0,0.0061,0.0,0.0565,9.2506,0.0,0.0,0.0,12.8692,193.6457,285333.0,0.0,0.0,0.0,0.0,0.0,0.0,5724.0,1.9666,0.0535,0.0061,0.0,0.0565,0.0,0.0,0.0,1.0,0.0,12.8693,193.649,0.0,0.0,highly_skewed,variable,0.0,non_normal,16454.0,0.0,0.0,0.0,0.0,0.0,0.0,5724.0,5724.0,1.97,5724.0,1.97,-0.16,0.18,0.0,3418.0,3418.0,1.17,0.04,3383.0,1.16,0.0,0.2,2858.0,0.98,193.65,right_skewed,True,True,True,True,moderate,log_transform_or_winsorize,0.0,0.0,zero_inflated,log1p_or_tweedie,True,False,False,True,True,True,True,True,0.7,drop_or_encode,near_constant,0.9803
490,PREV_NAME_PAYMENT_TYPE_XNA_MEAN,float64,291057,412,0.14,290645,99.86,False,35.29,False,0.0,102726,"[(np.float64(0.0), 102726), (np.float64(0.5), 34721), (np.float64(0.3333333333333333), 23338)]",291057,0.0,35.29,0.5,11.93,"[('0.0', 35.29), ('0.5', 11.93), ('0.3333333333333333', 8.02)]",False,Most frequent dominates with 35.29%,291057,16454,5.35,412,very_high_cardinality,True,True,False,False,"target_encoding, hash_encoding, or embedding_layer","['1.0', '0.5789473684210527', '0.15', '0.032258064516129', '0.0344827586206896']",,,,,,,,,,,False,0.0,0.0,,,0.0,0.0,,,291057.0,0.0,1.0,1.0,0.3117,0.2857,0.2987,0.9583,0.0,0.5,0.5,0.6203,-0.5402,102726.0,0.0,0.0,0.5,0.5,-0.75,1.25,0.0,0.0,0.0535,0.3117,0.2857,0.2987,0.0,0.0,0.5,1.0,0.5,0.6203,-0.5402,0.0,0.0,moderately_skewed,variable,0.0,non_normal,16454.0,0.0,0.5,0.5,-0.75,1.25,0.0,0.0,0.0,0.0,0.0,0.0,-0.58,1.21,0.0,0.0,0.0,0.0,0.29,0.0,0.0,0.0,1.0,0.0,0.0,-0.54,moderate_deviation,False,True,False,False,none,none_needed,-0.75,1.25,approximately_normal,none_or_standard_scaler,False,False,False,True,True,True,False,True,0.7,drop_or_encode,near_constant,0.3529
491,PREV_NAME_PAYMENT_TYPE_nan_MEAN,float64,291057,1,0.0,291056,100.0,True,100.0,True,0.0,291057,"[(np.float64(0.0), 291057)]",291057,0.0,100.0,,,"[('0.0', 100.0)]",True,Appears uniformly dominated,291057,16454,5.35,1,single_category,False,False,False,False,drop_column (constant),['0.0'],,,,,,,,,,,False,0.0,0.0,,,0.0,0.0,,,291057.0,0.0,0.0,0.0,0.0,0.0,0.0,,0.0,0.0,0.0,,,291057.0,0.0,0.0,0.0,0.0,0.0,0.0,0.0,0.0,0.0535,0.0,0.0,0.0,0.0,0.0,0.0,0.0,0.0,0.0,0.0,0.0,0.0,approximately_symmetric,constant,,constant,16454.0,0.0,0.0,0.0,0.0,0.0,0.0,0.0,0.0,0.0,0.0,0.0,,,0.0,0.0,0.0,0.0,,0.0,0.0,0.0,0.0,0.0,0.0,,moderate_deviation,False,False,False,False,none,none_needed,0.0,0.0,constant_or_near_constant,drop_column,True,False,False,True,True,True,True,False,0.2,drop_or_encode,near_constant,1.0
492,PREV_NAME_PORTFOLIO_Cards_MEAN,float64,291057,226,0.08,290831,99.92,False,66.43,False,0.0,193341,"[(np.float64(0.0), 193341), (np.float64(0.25), 12545), (np.float64(0.3333333333333333), 12159)]",291057,0.0,66.43,0.25,4.31,"[('0.0', 66.43), ('0.25', 4.31), ('0.3333333333333333', 4.18)]",False,Most frequent dominates with 66.43%,291057,16454,5.35,226,very_high_cardinality,True,True,False,False,"target_encoding, hash_encoding, or embedding_layer","['0.0', '0.4444444444444444', '0.0232558139534883', '0.7333333333333333', '0.2162162162162162']",,,,,,,,,,,False,0.0,0.0,,,0.0,0.0,,,291057.0,0.0,1.0,1.0,0.0783,0.0,0.1428,1.824,0.0,0.125,0.125,2.5756,9.159,193341.0,0.0,0.0,0.125,0.125,-0.1875,0.3125,24614.0,8.4568,0.0535,0.0783,0.0,0.1428,0.0,0.0,0.125,1.0,0.125,2.5756,9.1591,24614.0,0.0846,highly_skewed,variable,0.0,non_normal,16454.0,0.0,0.12,0.12,-0.19,0.31,0.0,24614.0,24614.0,8.46,2468.0,0.85,-0.35,0.51,0.0,2468.0,2468.0,0.85,0.1,10350.0,3.56,0.0,0.5,2468.0,0.85,9.16,right_skewed,True,True,True,True,high,robust_scaling_or_transform,-0.19,0.31,zero_inflated,log1p_or_tweedie,True,True,False,True,True,True,True,True,1.0,drop_or_encode,near_constant,0.6643
493,PREV_NAME_PORTFOLIO_Cars_MEAN,float64,291057,34,0.01,291023,99.99,False,99.9,True,0.0,290760,"[(np.float64(0.0), 290760), (np.float64(0.5), 43), (np.float64(0.3333333333333333), 40)]",291057,0.0,99.9,0.5,0.01,"[('0.0', 99.9), ('0.5', 0.01), ('0.3333333333333333', 0.01)]",True,Appears uniformly dominated,291057,16454,5.35,34,medium_cardinality,False,False,False,True,"target_encoding, leave_as_integer, or one_hot_if_dense","['0.0', '0.1666666666666666', '0.0555555555555555', '0.1428571428571428', '0.1176470588235294']",,,,,,,,,,,False,0.0,0.0,,,0.0,0.0,,,291057.0,0.0,1.0,1.0,0.0003,0.0,0.0124,39.015,0.0,0.0,0.0,53.4943,3466.1274,290760.0,0.0,0.0,0.0,0.0,0.0,0.0,297.0,0.102,0.0535,0.0003,0.0,0.0124,0.0,0.0,0.0,1.0,0.0,53.4946,3466.1869,0.0,0.0,highly_skewed,variable,0.0,non_normal,16454.0,0.0,0.0,0.0,0.0,0.0,0.0,297.0,297.0,0.1,297.0,0.1,-0.04,0.04,0.0,296.0,296.0,0.1,0.01,294.0,0.1,0.0,0.0,297.0,0.1,3466.13,right_skewed,True,True,True,True,low,investigate_individually,0.0,0.0,zero_inflated,log1p_or_tweedie,True,False,False,True,True,True,True,True,0.7,drop_or_encode,near_constant,0.999
494,PREV_NAME_PORTFOLIO_Cash_MEAN,float64,291057,414,0.14,290643,99.86,False,48.74,False,0.0,141856,"[(np.float64(0.0), 141856), (np.float64(0.5), 21675), (np.float64(0.3333333333333333), 19895)]",291057,0.0,48.74,0.5,7.45,"[('0.0', 48.74), ('0.5', 7.45), ('0.3333333333333333', 6.84)]",False,Most frequent dominates with 48.74%,291057,16454,5.35,414,very_high_cardinality,True,True,False,False,"target_encoding, hash_encoding, or embedding_layer","['0.0', '0.1578947368421052', '0.16', '0.7619047619047619', '0.425531914893617']",,,,,,,,,,,False,0.0,0.0,,,0.0,0.0,,,291057.0,0.0,1.0,1.0,0.2073,0.1111,0.255,1.2305,0.0,0.3333,0.3333,1.1401,0.627,141856.0,0.0,0.0,0.3333,0.3333,-0.5,0.8333,8298.0,2.851,0.0535,0.2073,0.1111,0.255,0.0,0.0,0.3333,1.0,0.3333,1.1401,0.627,8298.0,0.0285,highly_skewed,variable,0.0,non_normal,16454.0,0.0,0.33,0.33,-0.5,0.83,0.0,8298.0,8298.0,2.85,0.0,0.0,-0.56,0.97,0.0,6493.0,6493.0,2.23,0.11,14818.0,5.09,0.0,1.0,0.0,0.0,0.63,right_skewed,False,True,False,True,moderate,log_transform_or_winsorize,-0.5,0.83,right_skewed,log1p,True,False,True,True,True,True,False,True,0.7,drop_or_encode,near_constant,0.4874
495,PREV_NAME_PORTFOLIO_POS_MEAN,float64,291057,364,0.13,290693,99.87,False,30.32,False,1.0,88238,"[(np.float64(1.0), 88238), (np.float64(0.5), 35197), (np.float64(0.0), 23107)]",291057,1.0,30.32,0.5,12.09,"[('1.0', 30.32), ('0.5', 12.09), ('0.0', 7.94)]",False,Most frequent dominates with 30.32%,291057,16454,5.35,364,very_high_cardinality,True,True,False,False,"target_encoding, hash_encoding, or embedding_layer","['1.0', '0.5454545454545454', '0.3225806451612903', '0.2558139534883721', '0.119047619047619']",,,,,,,,,,,False,0.0,0.0,,,0.0,0.0,,,291057.0,0.0,1.0,1.0,0.5637,0.5,0.3484,0.6181,0.25,1.0,0.75,-0.0172,-1.3674,23107.0,0.0,0.25,1.0,0.75,-0.875,2.125,0.0,0.0,0.0535,0.5637,0.5,0.3484,0.0,0.25,1.0,1.0,0.75,-0.0172,-1.3674,0.0,0.0,approximately_symmetric,variable,0.0,non_normal,16454.0,0.25,1.0,0.75,-0.88,2.12,0.0,0.0,0.0,0.0,0.0,0.0,-0.48,1.61,0.0,0.0,0.0,0.0,0.3,0.0,0.0,0.0,1.0,0.0,0.0,-1.37,light_tailed,False,False,False,False,none,none_needed,-0.88,2.12,approximately_normal,none_or_standard_scaler,False,False,False,True,True,True,False,True,0.2,drop_or_encode,near_constant,0.0794
496,PREV_NAME_PORTFOLIO_XNA_MEAN,float64,291057,390,0.13,290667,99.87,False,56.15,False,0.0,163434,"[(np.float64(0.0), 163434), (np.float64(0.3333333333333333), 19162), (np.float64(0.5), 18864)]",291057,0.0,56.15,0.3333333333333333,6.58,"[('0.0', 56.15), ('0.3333333333333333', 6.58), ('0.5', 6.48)]",False,Most frequent dominates with 56.15%,291057,16454,5.35,390,very_high_cardinality,True,True,False,False,"target_encoding, hash_encoding, or embedding_layer","['0.0', '0.4736842105263157', '0.2916666666666667', '0.2413793103448276', '0.6774193548387096']",,,,,,,,,,,False,0.0,0.0,,,0.0,0.0,,,291057.0,0.0,1.0,1.0,0.1505,0.0,0.2009,1.3351,0.0,0.2941,0.2941,1.1063,0.2552,163434.0,0.0,0.0,0.2941,0.2941,-0.4412,0.7353,2043.0,0.7019,0.0535,0.1505,0.0,0.2009,0.0,0.0,0.2941,1.0,0.2941,1.1063,0.2552,2043.0,0.007,highly_skewed,variable,0.0,non_normal,16454.0,0.0,0.29,0.29,-0.44,0.74,0.0,2043.0,2043.0,0.7,0.0,0.0,-0.45,0.75,0.0,1146.0,1146.0,0.39,0.14,2520.0,0.87,0.0,0.67,2810.0,0.97,0.26,right_skewed,False,True,False,True,low,investigate_individually,-0.44,0.74,right_skewed,log1p,True,False,False,True,True,True,False,True,0.7,drop_or_encode,near_constant,0.5615
497,PREV_NAME_PORTFOLIO_nan_MEAN,float64,291057,1,0.0,291056,100.0,True,100.0,True,0.0,291057,"[(np.float64(0.0), 291057)]",291057,0.0,100.0,,,"[('0.0', 100.0)]",True,Appears uniformly dominated,291057,16454,5.35,1,single_category,False,False,False,False,drop_column (constant),['0.0'],,,,,,,,,,,False,0.0,0.0,,,0.0,0.0,,,291057.0,0.0,0.0,0.0,0.0,0.0,0.0,,0.0,0.0,0.0,,,291057.0,0.0,0.0,0.0,0.0,0.0,0.0,0.0,0.0,0.0535,0.0,0.0,0.0,0.0,0.0,0.0,0.0,0.0,0.0,0.0,0.0,0.0,approximately_symmetric,constant,,constant,16454.0,0.0,0.0,0.0,0.0,0.0,0.0,0.0,0.0,0.0,0.0,0.0,,,0.0,0.0,0.0,0.0,,0.0,0.0,0.0,0.0,0.0,0.0,,moderate_deviation,False,False,False,False,none,none_needed,0.0,0.0,constant_or_near_constant,drop_column,True,False,False,True,True,True,True,False,0.2,drop_or_encode,near_constant,1.0
498,PREV_NAME_PRODUCT_TYPE_XNA_MEAN,float64,291057,421,0.14,290636,99.86,False,38.48,False,1.0,112009,"[(np.float64(1.0), 112009), (np.float64(0.5), 31275), (np.float64(0.6666666666666666), 23629)]",291057,1.0,38.48,0.5,10.75,"[('1.0', 38.48), ('0.5', 10.75), ('0.6666666666666666', 8.12)]",False,Most frequent dominates with 38.48%,291057,16454,5.35,421,very_high_cardinality,True,True,False,False,"target_encoding, hash_encoding, or embedding_layer","['1.0', '0.2142857142857142', '0.2105263157894736', '0.4838709677419355', '0.1481481481481481']",,,,,,,,,,,False,0.0,0.0,,,0.0,0.0,,,291057.0,0.0,1.0,1.0,0.7145,0.75,0.2866,0.4011,0.5,1.0,0.5,-0.6877,-0.4296,10834.0,0.0,0.5,1.0,0.5,-0.25,1.75,0.0,0.0,0.0535,0.7145,0.75,0.2866,0.0,0.5,1.0,1.0,0.5,-0.6877,-0.4296,0.0,0.0,moderately_skewed,variable,0.0,non_normal,16454.0,0.5,1.0,0.5,-0.25,1.75,0.0,0.0,0.0,0.0,0.0,0.0,-0.15,1.57,0.0,0.0,0.0,0.0,0.25,0.0,0.0,0.0,1.0,0.0,0.0,-0.43,moderate_deviation,False,True,False,False,none,none_needed,-0.25,1.75,approximately_normal,none_or_standard_scaler,False,False,False,True,True,True,False,True,0.5,drop_or_encode,near_constant,0.0372
499,PREV_NAME_PRODUCT_TYPE_nan_MEAN,float64,291057,1,0.0,291056,100.0,True,100.0,True,0.0,291057,"[(np.float64(0.0), 291057)]",291057,0.0,100.0,,,"[('0.0', 100.0)]",True,Appears uniformly dominated,291057,16454,5.35,1,single_category,False,False,False,False,drop_column (constant),['0.0'],,,,,,,,,,,False,0.0,0.0,,,0.0,0.0,,,291057.0,0.0,0.0,0.0,0.0,0.0,0.0,,0.0,0.0,0.0,,,291057.0,0.0,0.0,0.0,0.0,0.0,0.0,0.0,0.0,0.0535,0.0,0.0,0.0,0.0,0.0,0.0,0.0,0.0,0.0,0.0,0.0,0.0,approximately_symmetric,constant,,constant,16454.0,0.0,0.0,0.0,0.0,0.0,0.0,0.0,0.0,0.0,0.0,0.0,,,0.0,0.0,0.0,0.0,,0.0,0.0,0.0,0.0,0.0,0.0,,moderate_deviation,False,False,False,False,none,none_needed,0.0,0.0,constant_or_near_constant,drop_column,True,False,False,True,True,True,True,False,0.2,drop_or_encode,near_constant,1.0
500,PREV_NAME_PRODUCT_TYPE_walk-in_MEAN,float64,291057,333,0.11,290724,99.89,False,75.03,False,0.0,218394,"[(np.float64(0.0), 218394), (np.float64(0.5), 8388), (np.float64(0.3333333333333333), 8317)]",291057,0.0,75.03,0.5,2.88,"[('0.0', 75.03), ('0.5', 2.88), ('0.3333333333333333', 2.86)]",False,Most frequent dominates with 75.03%,291057,16454,5.35,333,very_high_cardinality,True,True,False,False,"target_encoding, hash_encoding, or embedding_layer","['0.0', '0.5625', '0.1034482758620689', '0.3793103448275862', '0.0491803278688524']",,,,,,,,,,,False,0.0,0.0,,,0.0,0.0,,,291057.0,0.0,1.0,1.0,0.0806,0.0,0.1834,2.2773,0.0,0.0,0.0,2.9836,9.8057,218394.0,0.0,0.0,0.0,0.0,0.0,0.0,72663.0,24.9652,0.0535,0.0806,0.0,0.1834,0.0,0.0,0.0,1.0,0.0,2.9836,9.8059,0.0,0.0,highly_skewed,variable,0.0,non_normal,16454.0,0.0,0.0,0.0,0.0,0.0,0.0,72663.0,72663.0,24.97,72663.0,24.97,-0.47,0.63,0.0,7481.0,7481.0,2.57,0.12,7440.0,2.56,0.0,1.0,0.0,0.0,9.81,right_skewed,True,True,True,True,severe,consider_log_transform,0.0,0.0,zero_inflated,log1p_or_tweedie,True,True,False,True,True,True,True,True,0.7,drop_or_encode,near_constant,0.7503
501,PREV_NAME_PRODUCT_TYPE_x-sell_MEAN,float64,291057,394,0.14,290663,99.86,False,48.02,False,0.0,139770,"[(np.float64(0.0), 139770), (np.float64(0.5), 23373), (np.float64(0.3333333333333333), 21345)]",291057,0.0,48.02,0.5,8.03,"[('0.0', 48.02), ('0.5', 8.03), ('0.3333333333333333', 7.33)]",False,Most frequent dominates with 48.02%,291057,16454,5.35,394,very_high_cardinality,True,True,False,False,"target_encoding, hash_encoding, or embedding_layer","['0.0', '0.2666666666666666', '0.2777777777777778', '0.5909090909090909', '0.360655737704918']",,,,,,,,,,,False,0.0,0.0,,,0.0,0.0,,,291057.0,0.0,1.0,1.0,0.205,0.125,0.2435,1.188,0.0,0.3636,0.3636,1.0021,0.2455,139770.0,0.0,0.0,0.3636,0.3636,-0.5455,0.9091,3674.0,1.2623,0.0535,0.205,0.125,0.2435,0.0,0.0,0.3636,1.0,0.3636,1.0021,0.2456,3674.0,0.0126,highly_skewed,variable,0.0,non_normal,16454.0,0.0,0.36,0.36,-0.55,0.91,0.0,3674.0,3674.0,1.26,0.0,0.0,-0.53,0.94,0.0,3588.0,3588.0,1.23,0.12,6777.0,2.33,0.0,1.0,0.0,0.0,0.25,right_skewed,False,True,False,True,moderate,log_transform_or_winsorize,-0.55,0.91,right_skewed,log1p,True,False,False,True,True,True,False,True,0.7,drop_or_encode,near_constant,0.4802
502,PREV_NAME_SELLER_INDUSTRY_Auto technology_MEAN,float64,291057,68,0.02,290989,99.98,False,98.78,True,0.0,287504,"[(np.float64(0.0), 287504), (np.float64(1.0), 540), (np.float64(0.5), 519)]",291057,0.0,98.78,1.0,0.19,"[('0.0', 98.78), ('1.0', 0.19), ('0.5', 0.18)]",True,Appears uniformly dominated,291057,16454,5.35,68,high_cardinality,True,False,False,True,"target_encoding, frequency_encoding, or hash_encoding","['1.0', '0.0909090909090909', '0.05', '0.0238095238095238', '0.0952380952380952']",,,,,,,,,,,False,0.0,0.0,,,0.0,0.0,,,291057.0,0.0,1.0,1.0,0.0046,0.0,0.0528,11.5565,0.0,0.0,0.0,15.0801,254.8859,287504.0,0.0,0.0,0.0,0.0,0.0,0.0,3553.0,1.2207,0.0535,0.0046,0.0,0.0528,0.0,0.0,0.0,1.0,0.0,15.0802,254.8903,0.0,0.0,highly_skewed,variable,0.0,non_normal,16454.0,0.0,0.0,0.0,0.0,0.0,0.0,3553.0,3553.0,1.22,3553.0,1.22,-0.15,0.16,0.0,2654.0,2654.0,0.91,0.04,2395.0,0.82,0.0,0.12,2865.0,0.98,254.89,right_skewed,True,True,True,True,moderate,log_transform_or_winsorize,0.0,0.0,zero_inflated,log1p_or_tweedie,True,False,False,True,True,True,True,True,0.7,drop_or_encode,near_constant,0.9878
503,PREV_NAME_SELLER_INDUSTRY_Clothing_MEAN,float64,291057,125,0.04,290932,99.96,False,94.28,False,0.0,274407,"[(np.float64(0.0), 274407), (np.float64(1.0), 2542), (np.float64(0.5), 2260)]",291057,0.0,94.28,1.0,0.87,"[('0.0', 94.28), ('1.0', 0.87), ('0.5', 0.78)]",False,Most frequent dominates with 94.28%,291057,16454,5.35,125,high_cardinality,True,False,False,True,"target_encoding, frequency_encoding, or hash_encoding","['0.0', '0.0625', '0.3076923076923077', '0.2608695652173913', '0.875']",,,,,,,,,,,False,0.0,0.0,,,0.0,0.0,,,291057.0,0.0,1.0,1.0,0.0215,0.0,0.113,5.268,0.0,0.0,0.0,6.8108,50.8743,274407.0,0.0,0.0,0.0,0.0,0.0,0.0,16650.0,5.7205,0.0535,0.0215,0.0,0.113,0.0,0.0,0.0,1.0,0.0,6.8109,50.8752,0.0,0.0,highly_skewed,variable,0.0,non_normal,16454.0,0.0,0.0,0.0,0.0,0.0,0.0,16650.0,16650.0,5.72,16650.0,5.72,-0.32,0.36,0.0,5476.0,5476.0,1.88,0.08,5440.0,1.87,0.0,0.6,2881.0,0.99,50.87,right_skewed,True,True,True,True,high,robust_scaling_or_transform,0.0,0.0,zero_inflated,log1p_or_tweedie,True,True,False,True,True,True,True,True,0.7,drop_or_encode,near_constant,0.9428
504,PREV_NAME_SELLER_INDUSTRY_Connectivity_MEAN,float64,291057,285,0.1,290772,99.9,False,53.43,False,0.0,155523,"[(np.float64(0.0), 155523), (np.float64(1.0), 22878), (np.float64(0.5), 20199)]",291057,0.0,53.43,1.0,7.86,"[('0.0', 53.43), ('1.0', 7.86), ('0.5', 6.94)]",False,Most frequent dominates with 53.43%,291057,16454,5.35,285,very_high_cardinality,True,True,False,False,"target_encoding, hash_encoding, or embedding_layer","['0.0', '0.0689655172413793', '0.0333333333333333', '0.5625', '0.3835616438356164']",,,,,,,,,,,False,0.0,0.0,,,0.0,0.0,,,291057.0,0.0,1.0,1.0,0.209,0.0,0.3038,1.4532,0.0,0.3333,0.3333,1.4784,1.1275,155523.0,0.0,0.0,0.3333,0.3333,-0.5,0.8333,23616.0,8.1139,0.0535,0.209,0.0,0.3038,0.0,0.0,0.3333,1.0,0.3333,1.4785,1.1275,23616.0,0.0811,highly_skewed,variable,0.0,non_normal,16454.0,0.0,0.33,0.33,-0.5,0.83,0.0,23616.0,23616.0,8.11,0.0,0.0,-0.7,1.12,0.0,0.0,0.0,0.0,0.2,0.0,0.0,0.0,1.0,0.0,0.0,1.13,right_skewed,True,True,True,True,high,robust_scaling_or_transform,-0.5,0.83,right_skewed,log1p,True,True,False,True,True,True,False,True,1.0,drop_or_encode,near_constant,0.5343
505,PREV_NAME_SELLER_INDUSTRY_Construction_MEAN,float64,291057,117,0.04,290940,99.96,False,92.88,False,0.0,270324,"[(np.float64(0.0), 270324), (np.float64(1.0), 3015), (np.float64(0.5), 2781)]",291057,0.0,92.88,1.0,1.04,"[('0.0', 92.88), ('1.0', 1.04), ('0.5', 0.96)]",False,Most frequent dominates with 92.88%,291057,16454,5.35,117,high_cardinality,True,False,False,True,"target_encoding, frequency_encoding, or hash_encoding","['0.0', '0.0526315789473684', '0.1052631578947368', '0.04', '0.8571428571428571']",,,,,,,,,,,False,0.0,0.0,,,0.0,0.0,,,291057.0,0.0,1.0,1.0,0.0262,0.0,0.1236,4.7133,0.0,0.0,0.0,6.1198,40.9835,270324.0,0.0,0.0,0.0,0.0,0.0,0.0,20733.0,7.1233,0.0535,0.0262,0.0,0.1236,0.0,0.0,0.0,1.0,0.0,6.1199,40.9842,0.0,0.0,highly_skewed,variable,0.0,non_normal,16454.0,0.0,0.0,0.0,0.0,0.0,0.0,20733.0,20733.0,7.12,20733.0,7.12,-0.34,0.4,0.0,6676.0,6676.0,2.29,0.08,6334.0,2.18,0.0,1.0,0.0,0.0,40.98,right_skewed,True,True,True,True,high,robust_scaling_or_transform,0.0,0.0,zero_inflated,log1p_or_tweedie,True,True,False,True,True,True,True,True,0.7,drop_or_encode,near_constant,0.9288
506,PREV_NAME_SELLER_INDUSTRY_Consumer electronics_MEAN,float64,291057,326,0.11,290731,99.89,False,37.91,False,0.0,110341,"[(np.float64(0.0), 110341), (np.float64(1.0), 35429), (np.float64(0.5), 27506)]",291057,0.0,37.91,1.0,12.17,"[('0.0', 37.91), ('1.0', 12.17), ('0.5', 9.45)]",False,Most frequent dominates with 37.91%,291057,16454,5.35,326,very_high_cardinality,True,True,False,False,"target_encoding, hash_encoding, or embedding_layer","['0.0', '0.3181818181818182', '0.15', '0.9375', '0.2083333333333333']",,,,,,,,,,,False,0.0,0.0,,,0.0,0.0,,,291057.0,0.0,1.0,1.0,0.302,0.2,0.3374,1.1172,0.0,0.5,0.5,0.9354,-0.3448,110341.0,0.0,0.0,0.5,0.5,-0.75,1.25,0.0,0.0,0.0535,0.302,0.2,0.3374,0.0,0.0,0.5,1.0,0.5,0.9354,-0.3448,0.0,0.0,moderately_skewed,variable,0.0,non_normal,16454.0,0.0,0.5,0.5,-0.75,1.25,0.0,0.0,0.0,0.0,0.0,0.0,-0.71,1.31,0.0,0.0,0.0,0.0,0.2,0.0,0.0,0.0,1.0,0.0,0.0,-0.34,moderate_deviation,False,True,False,False,none,none_needed,-0.75,1.25,approximately_normal,none_or_standard_scaler,True,False,False,True,True,True,False,True,0.7,drop_or_encode,near_constant,0.3791
507,PREV_NAME_SELLER_INDUSTRY_Furniture_MEAN,float64,291057,142,0.05,290915,99.95,False,86.71,False,0.0,252385,"[(np.float64(0.0), 252385), (np.float64(1.0), 5484), (np.float64(0.5), 5328)]",291057,0.0,86.71,1.0,1.88,"[('0.0', 86.71), ('1.0', 1.88), ('0.5', 1.83)]",False,Most frequent dominates with 86.71%,291057,16454,5.35,142,high_cardinality,True,False,False,True,"target_encoding, frequency_encoding, or hash_encoding","['0.0', '0.4', '0.1290322580645161', '0.5238095238095238', '0.1363636363636363']",,,,,,,,,,,False,0.0,0.0,,,0.0,0.0,,,291057.0,0.0,1.0,1.0,0.0495,0.0,0.1659,3.3489,0.0,0.0,0.0,4.2782,19.4553,252385.0,0.0,0.0,0.0,0.0,0.0,0.0,38672.0,13.2867,0.0535,0.0495,0.0,0.1659,0.0,0.0,0.0,1.0,0.0,4.2782,19.4557,0.0,0.0,highly_skewed,variable,0.0,non_normal,16454.0,0.0,0.0,0.0,0.0,0.0,0.0,38672.0,38672.0,13.29,38672.0,13.29,-0.45,0.55,0.0,6674.0,6674.0,2.29,0.11,6615.0,2.27,0.0,1.0,0.0,0.0,19.46,right_skewed,True,True,True,True,severe,consider_log_transform,0.0,0.0,zero_inflated,log1p_or_tweedie,True,True,False,True,True,True,True,True,0.7,drop_or_encode,near_constant,0.8671
508,PREV_NAME_SELLER_INDUSTRY_Industry_MEAN,float64,291057,110,0.04,290947,99.96,False,95.11,True,0.0,276824,"[(np.float64(0.0), 276824), (np.float64(1.0), 2051), (np.float64(0.5), 1791)]",291057,0.0,95.11,1.0,0.7,"[('0.0', 95.11), ('1.0', 0.7), ('0.5', 0.62)]",False,Most frequent dominates with 95.11%,291057,16454,5.35,110,high_cardinality,True,False,False,True,"target_encoding, frequency_encoding, or hash_encoding","['0.0', '0.1363636363636363', '0.037037037037037', '0.0232558139534883', '0.0285714285714285']",,,,,,,,,,,False,0.0,0.0,,,0.0,0.0,,,291057.0,0.0,1.0,1.0,0.0174,0.0,0.1013,5.8121,0.0,0.0,0.0,7.6688,65.1045,276824.0,0.0,0.0,0.0,0.0,0.0,0.0,14233.0,4.8901,0.0535,0.0174,0.0,0.1013,0.0,0.0,0.0,1.0,0.0,7.6688,65.1056,0.0,0.0,highly_skewed,variable,0.0,non_normal,16454.0,0.0,0.0,0.0,0.0,0.0,0.0,14233.0,14233.0,4.89,14233.0,4.89,-0.29,0.32,0.0,5970.0,5970.0,2.05,0.07,4298.0,1.48,0.0,0.5,2290.0,0.79,65.1,right_skewed,True,True,True,True,moderate,log_transform_or_winsorize,0.0,0.0,zero_inflated,log1p_or_tweedie,True,False,True,True,True,True,True,True,0.7,drop_or_encode,near_constant,0.9511
509,PREV_NAME_SELLER_INDUSTRY_Jewelry_MEAN,float64,291057,50,0.02,291007,99.98,False,99.35,True,0.0,289168,"[(np.float64(0.0), 289168), (np.float64(0.3333333333333333), 268), (np.float64(0.5), 263)]",291057,0.0,99.35,0.3333333333333333,0.09,"[('0.0', 99.35), ('0.3333333333333333', 0.09), ('0.5', 0.09)]",True,Appears uniformly dominated,291057,16454,5.35,50,medium_cardinality,False,False,False,True,"target_encoding, leave_as_integer, or one_hot_if_dense","['0.0', '0.3333333333333333', '0.1818181818181818', '0.2857142857142857', '0.03125']",,,,,,,,,,,False,0.0,0.0,,,0.0,0.0,,,291057.0,0.0,1.0,1.0,0.0022,0.0,0.0351,16.0594,0.0,0.0,0.0,21.7267,543.5033,289168.0,0.0,0.0,0.0,0.0,0.0,0.0,1889.0,0.649,0.0535,0.0022,0.0,0.0351,0.0,0.0,0.0,1.0,0.0,21.7268,543.5127,0.0,0.0,highly_skewed,variable,0.0,non_normal,16454.0,0.0,0.0,0.0,0.0,0.0,0.0,1889.0,1889.0,0.65,1889.0,0.65,-0.1,0.11,0.0,1591.0,1591.0,0.55,0.02,1532.0,0.53,0.0,0.0,1889.0,0.65,543.5,right_skewed,True,True,True,True,low,investigate_individually,0.0,0.0,zero_inflated,log1p_or_tweedie,True,False,False,True,True,True,True,True,0.7,drop_or_encode,near_constant,0.9935
510,PREV_NAME_SELLER_INDUSTRY_MLM partners_MEAN,float64,291057,60,0.02,290997,99.98,False,99.77,True,0.0,290379,"[(np.float64(0.0), 290379), (np.float64(1.0), 114), (np.float64(0.5), 113)]",291057,0.0,99.77,1.0,0.04,"[('0.0', 99.77), ('1.0', 0.04), ('0.5', 0.04)]",True,Appears uniformly dominated,291057,16454,5.35,60,high_cardinality,True,False,False,True,"target_encoding, frequency_encoding, or hash_encoding","['0.0', '0.1', '0.5454545454545454', '0.3636363636363636', '0.2307692307692307']",,,,,,,,,,,False,0.0,0.0,,,0.0,0.0,,,291057.0,0.0,1.0,1.0,0.001,0.0,0.0247,25.8521,0.0,0.0,0.0,32.6033,1184.0897,290379.0,0.0,0.0,0.0,0.0,0.0,0.0,678.0,0.2329,0.0535,0.001,0.0,0.0247,0.0,0.0,0.0,1.0,0.0,32.6035,1184.1101,0.0,0.0,highly_skewed,variable,0.0,non_normal,16454.0,0.0,0.0,0.0,0.0,0.0,0.0,678.0,678.0,0.23,678.0,0.23,-0.07,0.08,0.0,651.0,651.0,0.22,0.02,631.0,0.22,0.0,0.0,678.0,0.23,1184.09,right_skewed,True,True,True,True,low,investigate_individually,0.0,0.0,zero_inflated,log1p_or_tweedie,True,False,False,True,True,True,True,True,0.7,drop_or_encode,near_constant,0.9977
511,PREV_NAME_SELLER_INDUSTRY_Tourism_MEAN,float64,291057,30,0.01,291027,99.99,False,99.88,True,0.0,290719,"[(np.float64(0.0), 290719), (np.float64(0.5), 56), (np.float64(0.3333333333333333), 52)]",291057,0.0,99.88,0.5,0.02,"[('0.0', 99.88), ('0.5', 0.02), ('0.3333333333333333', 0.02)]",True,Appears uniformly dominated,291057,16454,5.35,30,medium_cardinality,False,False,False,True,"target_encoding, leave_as_integer, or one_hot_if_dense","['0.0', '0.5', '0.0714285714285714', '0.0625', '0.4']",,,,,,,,,,,False,0.0,0.0,,,0.0,0.0,,,291057.0,0.0,1.0,1.0,0.0004,0.0,0.0162,37.2731,0.0,0.0,0.0,48.8733,2709.534,290719.0,0.0,0.0,0.0,0.0,0.0,0.0,338.0,0.1161,0.0535,0.0004,0.0,0.0162,0.0,0.0,0.0,1.0,0.0,48.8735,2709.5806,0.0,0.0,highly_skewed,variable,0.0,non_normal,16454.0,0.0,0.0,0.0,0.0,0.0,0.0,338.0,338.0,0.12,338.0,0.12,-0.05,0.05,0.0,335.0,335.0,0.12,0.01,333.0,0.11,0.0,0.0,338.0,0.12,2709.53,right_skewed,True,True,True,True,low,investigate_individually,0.0,0.0,zero_inflated,log1p_or_tweedie,True,False,False,True,True,True,True,True,0.7,drop_or_encode,near_constant,0.9988
512,PREV_NAME_SELLER_INDUSTRY_XNA_MEAN,float64,291057,385,0.13,290672,99.87,False,38.8,False,0.0,112927,"[(np.float64(0.0), 112927), (np.float64(0.5), 28881), (np.float64(0.6666666666666666), 17310)]",291057,0.0,38.8,0.5,9.92,"[('0.0', 38.8), ('0.5', 9.92), ('0.6666666666666666', 5.95)]",False,Most frequent dominates with 38.8%,291057,16454,5.35,385,very_high_cardinality,True,True,False,False,"target_encoding, hash_encoding, or embedding_layer","['0.0', '0.5882352941176471', '0.9767441860465116', '0.8604651162790697', '0.2191780821917808']",,,,,,,,,,,False,0.0,0.0,,,0.0,0.0,,,291057.0,0.0,1.0,1.0,0.3662,0.3333,0.347,0.9476,0.0,0.6667,0.6667,0.3091,-1.3351,112927.0,0.0,0.0,0.6667,0.6667,-1.0,1.6667,0.0,0.0,0.0535,0.3662,0.3333,0.347,0.0,0.0,0.6667,1.0,0.6667,0.3091,-1.3351,0.0,0.0,approximately_symmetric,variable,0.0,non_normal,16454.0,0.0,0.67,0.67,-1.0,1.67,0.0,0.0,0.0,0.0,0.0,0.0,-0.67,1.41,0.0,0.0,0.0,0.0,0.33,0.0,0.0,0.0,1.0,0.0,0.0,-1.34,light_tailed,False,False,False,False,none,none_needed,-1.0,1.67,approximately_normal,none_or_standard_scaler,False,False,False,True,True,True,False,True,0.4,drop_or_encode,near_constant,0.388
513,PREV_NAME_SELLER_INDUSTRY_nan_MEAN,float64,291057,1,0.0,291056,100.0,True,100.0,True,0.0,291057,"[(np.float64(0.0), 291057)]",291057,0.0,100.0,,,"[('0.0', 100.0)]",True,Appears uniformly dominated,291057,16454,5.35,1,single_category,False,False,False,False,drop_column (constant),['0.0'],,,,,,,,,,,False,0.0,0.0,,,0.0,0.0,,,291057.0,0.0,0.0,0.0,0.0,0.0,0.0,,0.0,0.0,0.0,,,291057.0,0.0,0.0,0.0,0.0,0.0,0.0,0.0,0.0,0.0535,0.0,0.0,0.0,0.0,0.0,0.0,0.0,0.0,0.0,0.0,0.0,0.0,approximately_symmetric,constant,,constant,16454.0,0.0,0.0,0.0,0.0,0.0,0.0,0.0,0.0,0.0,0.0,0.0,,,0.0,0.0,0.0,0.0,,0.0,0.0,0.0,0.0,0.0,0.0,,moderate_deviation,False,False,False,False,none,none_needed,0.0,0.0,constant_or_near_constant,drop_column,True,False,False,True,True,True,True,False,0.2,drop_or_encode,near_constant,1.0
514,PREV_NAME_TYPE_SUITE_Children_MEAN,float64,291057,126,0.04,290931,99.96,False,92.47,False,0.0,269136,"[(np.float64(0.0), 269136), (np.float64(0.3333333333333333), 2514), (np.float64(0.25), 2419)]",291057,0.0,92.47,0.3333333333333333,0.86,"[('0.0', 92.47), ('0.3333333333333333', 0.86), ('0.25', 0.83)]",False,Most frequent dominates with 92.47%,291057,16454,5.35,126,high_cardinality,True,False,False,True,"target_encoding, frequency_encoding, or hash_encoding","['0.0', '0.0833333333333333', '0.1904761904761904', '0.2777777777777778', '0.027027027027027']",,,,,,,,,,,False,0.0,0.0,,,0.0,0.0,,,291057.0,0.0,1.0,1.0,0.0214,0.0,0.0994,4.6409,0.0,0.0,0.0,6.6814,53.2368,269136.0,0.0,0.0,0.0,0.0,0.0,0.0,21921.0,7.5315,0.0535,0.0214,0.0,0.0994,0.0,0.0,0.0,1.0,0.0,6.6814,53.2377,0.0,0.0,highly_skewed,variable,0.0,non_normal,16454.0,0.0,0.0,0.0,0.0,0.0,0.0,21921.0,21921.0,7.53,21921.0,7.53,-0.28,0.32,0.0,7131.0,7131.0,2.45,0.07,4616.0,1.59,0.0,0.5,1891.0,0.65,53.24,right_skewed,True,True,True,True,high,robust_scaling_or_transform,0.0,0.0,zero_inflated,log1p_or_tweedie,True,True,False,True,True,True,True,True,0.7,drop_or_encode,near_constant,0.9247
515,PREV_NAME_TYPE_SUITE_Family_MEAN,float64,291057,280,0.1,290777,99.9,False,60.93,False,0.0,177332,"[(np.float64(0.0), 177332), (np.float64(0.5), 15826), (np.float64(0.3333333333333333), 14347)]",291057,0.0,60.93,0.5,5.44,"[('0.0', 60.93), ('0.5', 5.44), ('0.3333333333333333', 4.93)]",False,Most frequent dominates with 60.93%,291057,16454,5.35,280,very_high_cardinality,True,True,False,False,"target_encoding, hash_encoding, or embedding_layer","['0.0', '0.5454545454545454', '0.2083333333333333', '0.081081081081081', '0.3235294117647059']",,,,,,,,,,,False,0.0,0.0,,,0.0,0.0,,,291057.0,0.0,1.0,1.0,0.1468,0.0,0.2487,1.6937,0.0,0.2222,0.2222,2.0307,3.7284,177332.0,0.0,0.0,0.2222,0.2222,-0.3333,0.5556,19338.0,6.6441,0.0535,0.1468,0.0,0.2487,0.0,0.0,0.2222,1.0,0.2222,2.0307,3.7285,19338.0,0.0664,highly_skewed,variable,0.0,non_normal,16454.0,0.0,0.22,0.22,-0.33,0.56,0.0,19338.0,19338.0,6.64,12304.0,4.23,-0.6,0.89,0.0,12304.0,12304.0,4.23,0.17,12336.0,4.24,0.0,1.0,0.0,0.0,3.73,right_skewed,True,True,True,True,high,robust_scaling_or_transform,-0.33,0.56,zero_inflated,log1p_or_tweedie,True,True,False,True,True,True,True,True,1.0,drop_or_encode,near_constant,0.6093
516,PREV_NAME_TYPE_SUITE_Group of people_MEAN,float64,291057,51,0.02,291006,99.98,False,99.38,True,0.0,289261,"[(np.float64(0.0), 289261), (np.float64(0.25), 184), (np.float64(0.2), 183)]",291057,0.0,99.38,0.25,0.06,"[('0.0', 99.38), ('0.25', 0.06), ('0.2', 0.06)]",True,Appears uniformly dominated,291057,16454,5.35,51,high_cardinality,True,False,False,True,"target_encoding, frequency_encoding, or hash_encoding","['0.0', '0.0769230769230769', '0.0555555555555555', '0.2352941176470588', '0.0263157894736842']",,,,,,,,,,,False,0.0,0.0,,,0.0,0.0,,,291057.0,0.0,1.0,1.0,0.0016,0.0,0.027,17.1349,0.0,0.0,0.0,25.8598,815.9501,289261.0,0.0,0.0,0.0,0.0,0.0,0.0,1796.0,0.6171,0.0535,0.0016,0.0,0.027,0.0,0.0,0.0,1.0,0.0,25.86,815.9642,0.0,0.0,highly_skewed,variable,0.0,non_normal,16454.0,0.0,0.0,0.0,0.0,0.0,0.0,1796.0,1796.0,0.62,1796.0,0.62,-0.08,0.08,0.0,1574.0,1574.0,0.54,0.02,1472.0,0.51,0.0,0.0,1796.0,0.62,815.95,right_skewed,True,True,True,True,low,investigate_individually,0.0,0.0,zero_inflated,log1p_or_tweedie,True,False,False,True,True,True,True,True,0.7,drop_or_encode,near_constant,0.9938
517,PREV_NAME_TYPE_SUITE_Other_A_MEAN,float64,291057,73,0.03,290984,99.97,False,97.64,True,0.0,284202,"[(np.float64(0.0), 284202), (np.float64(0.3333333333333333), 812), (np.float64(0.25), 767)]",291057,0.0,97.64,0.3333333333333333,0.28,"[('0.0', 97.64), ('0.3333333333333333', 0.28), ('0.25', 0.26)]",False,Most frequent dominates with 97.64%,291057,16454,5.35,73,high_cardinality,True,False,False,True,"target_encoding, frequency_encoding, or hash_encoding","['0.0', '0.0526315789473684', '0.4', '0.1176470588235294', '0.3076923076923077']",,,,,,,,,,,False,0.0,0.0,,,0.0,0.0,,,291057.0,0.0,1.0,1.0,0.0066,0.0,0.0562,8.501,0.0,0.0,0.0,12.3483,183.528,284202.0,0.0,0.0,0.0,0.0,0.0,0.0,6855.0,2.3552,0.0535,0.0066,0.0,0.0562,0.0,0.0,0.0,1.0,0.0,12.3483,183.5311,0.0,0.0,highly_skewed,variable,0.0,non_normal,16454.0,0.0,0.0,0.0,0.0,0.0,0.0,6855.0,6855.0,2.36,6855.0,2.36,-0.16,0.18,0.0,3812.0,3812.0,1.31,0.04,3781.0,1.3,0.0,0.25,2255.0,0.77,183.53,right_skewed,True,True,True,True,moderate,log_transform_or_winsorize,0.0,0.0,zero_inflated,log1p_or_tweedie,True,False,True,True,True,True,True,True,0.7,drop_or_encode,near_constant,0.9764
518,PREV_NAME_TYPE_SUITE_Other_B_MEAN,float64,291057,104,0.04,290953,99.96,False,95.57,True,0.0,278153,"[(np.float64(0.0), 278153), (np.float64(0.3333333333333333), 1525), (np.float64(0.25), 1492)]",291057,0.0,95.57,0.3333333333333333,0.52,"[('0.0', 95.57), ('0.3333333333333333', 0.52), ('0.25', 0.51)]",False,Most frequent dominates with 95.57%,291057,16454,5.35,104,high_cardinality,True,False,False,True,"target_encoding, frequency_encoding, or hash_encoding","['0.0', '0.6666666666666666', '0.0526315789473684', '0.2666666666666666', '0.1142857142857142']",,,,,,,,,,,False,0.0,0.0,,,0.0,0.0,,,291057.0,0.0,1.0,1.0,0.0126,0.0,0.0766,6.0928,0.0,0.0,0.0,8.7859,92.9305,278153.0,0.0,0.0,0.0,0.0,0.0,0.0,12904.0,4.4335,0.0535,0.0126,0.0,0.0766,0.0,0.0,0.0,1.0,0.0,8.7859,92.9321,0.0,0.0,highly_skewed,variable,0.0,non_normal,16454.0,0.0,0.0,0.0,0.0,0.0,0.0,12904.0,12904.0,4.43,12904.0,4.43,-0.22,0.24,0.0,5891.0,5891.0,2.02,0.05,4395.0,1.51,0.0,0.33,2690.0,0.92,92.93,right_skewed,True,True,True,True,moderate,log_transform_or_winsorize,0.0,0.0,zero_inflated,log1p_or_tweedie,True,False,True,True,True,True,True,True,0.7,drop_or_encode,near_constant,0.9557
519,"PREV_NAME_TYPE_SUITE_Spouse, partner_MEAN",float64,291057,166,0.06,290891,99.94,False,85.33,False,0.0,248352,"[(np.float64(0.0), 248352), (np.float64(0.3333333333333333), 5416), (np.float64(0.5), 5247)]",291057,0.0,85.33,0.3333333333333333,1.86,"[('0.0', 85.33), ('0.3333333333333333', 1.86), ('0.5', 1.8)]",False,Most frequent dominates with 85.33%,291057,16454,5.35,166,high_cardinality,True,False,False,True,"target_encoding, frequency_encoding, or hash_encoding","['0.0', '0.0714285714285714', '0.073170731707317', '0.32', '0.217391304347826']",,,,,,,,,,,False,0.0,0.0,,,0.0,0.0,,,291057.0,0.0,1.0,1.0,0.0471,0.0,0.1483,3.1506,0.0,0.0,0.0,4.2722,20.7996,248352.0,0.0,0.0,0.0,0.0,0.0,0.0,42705.0,14.6724,0.0535,0.0471,0.0,0.1483,0.0,0.0,0.0,1.0,0.0,4.2723,20.8,0.0,0.0,highly_skewed,variable,0.0,non_normal,16454.0,0.0,0.0,0.0,0.0,0.0,0.0,42705.0,42705.0,14.67,42705.0,14.67,-0.4,0.49,0.0,10056.0,10056.0,3.45,0.1,4809.0,1.65,0.0,1.0,0.0,0.0,20.8,right_skewed,True,True,True,True,severe,consider_log_transform,0.0,0.0,zero_inflated,log1p_or_tweedie,True,True,False,True,True,True,True,True,0.7,drop_or_encode,near_constant,0.8533
520,PREV_NAME_TYPE_SUITE_Unaccompanied_MEAN,float64,291057,389,0.13,290668,99.87,False,37.04,False,0.0,107808,"[(np.float64(0.0), 107808), (np.float64(0.5), 30310), (np.float64(0.3333333333333333), 23825)]",291057,0.0,37.04,0.5,10.41,"[('0.0', 37.04), ('0.5', 10.41), ('0.3333333333333333', 8.19)]",False,Most frequent dominates with 37.04%,291057,16454,5.35,389,very_high_cardinality,True,True,False,False,"target_encoding, hash_encoding, or embedding_layer","['0.0', '0.4117647058823529', '0.36', '0.4411764705882353', '0.3428571428571428']",,,,,,,,,,,False,0.0,0.0,,,0.0,0.0,,,291057.0,0.0,1.0,1.0,0.2845,0.25,0.2967,1.043,0.0,0.5,0.5,0.9126,0.0345,107808.0,0.0,0.0,0.5,0.5,-0.75,1.25,0.0,0.0,0.0535,0.2845,0.25,0.2967,0.0,0.0,0.5,1.0,0.5,0.9126,0.0345,0.0,0.0,moderately_skewed,variable,0.0,non_normal,16454.0,0.0,0.5,0.5,-0.75,1.25,0.0,0.0,0.0,0.0,0.0,0.0,-0.61,1.17,0.0,0.0,0.0,0.0,0.25,0.0,0.0,0.0,1.0,0.0,0.0,0.03,moderate_deviation,False,True,False,False,none,none_needed,-0.75,1.25,approximately_normal,none_or_standard_scaler,True,False,False,True,True,True,False,True,0.7,drop_or_encode,near_constant,0.3704
521,PREV_NAME_TYPE_SUITE_nan_MEAN,float64,291057,403,0.14,290654,99.86,False,19.5,False,0.0,56752,"[(np.float64(0.0), 56752), (np.float64(1.0), 45467), (np.float64(0.5), 42557)]",291057,0.0,19.5,1.0,15.62,"[('0.0', 19.5), ('1.0', 15.62), ('0.5', 14.62)]",False,Most frequent dominates with 19.5%,291057,16454,5.35,403,very_high_cardinality,True,True,False,False,"target_encoding, hash_encoding, or embedding_layer","['1.0', '0.2307692307692307', '0.4347826086956521', '0.1794871794871795', '0.5428571428571428']",,,,,,,,,,,False,0.0,0.0,,,0.0,0.0,,,291057.0,0.0,1.0,1.0,0.4794,0.5,0.3297,0.6876,0.25,0.7,0.45,0.048,-1.0183,56752.0,0.0,0.25,0.7,0.45,-0.425,1.375,0.0,0.0,0.0535,0.4794,0.5,0.3297,0.0,0.25,0.7,1.0,0.45,0.048,-1.0183,0.0,0.0,approximately_symmetric,variable,0.0,non_normal,16454.0,0.25,0.7,0.45,-0.42,1.38,0.0,0.0,0.0,0.0,0.0,0.0,-0.51,1.47,0.0,0.0,0.0,0.0,0.25,0.0,0.0,0.0,1.0,0.0,0.0,-1.02,light_tailed,False,False,False,False,none,none_needed,-0.42,1.38,approximately_normal,none_or_standard_scaler,False,False,False,True,True,True,False,True,0.2,drop_or_encode,near_constant,0.195
522,PREV_NAME_YIELD_GROUP_XNA_MEAN,float64,291057,411,0.14,290646,99.86,False,43.09,False,0.0,125426,"[(np.float64(0.0), 125426), (np.float64(0.5), 30251), (np.float64(0.3333333333333333), 24466)]",291057,0.0,43.09,0.5,10.39,"[('0.0', 43.09), ('0.5', 10.39), ('0.3333333333333333', 8.41)]",False,Most frequent dominates with 43.09%,291057,16454,5.35,411,very_high_cardinality,True,True,False,False,"target_encoding, hash_encoding, or embedding_layer","['0.0', '0.2142857142857142', '0.2962962962962963', '0.1481481481481481', '0.3170731707317073']",,,,,,,,,,,False,0.0,0.0,,,0.0,0.0,,,291057.0,0.0,1.0,1.0,0.2288,0.2,0.2437,1.0654,0.0,0.4,0.4,0.724,-0.3923,125426.0,0.0,0.0,0.4,0.4,-0.6,1.0,0.0,0.0,0.0535,0.2288,0.2,0.2437,0.0,0.0,0.4,1.0,0.4,0.724,-0.3923,0.0,0.0,moderately_skewed,variable,0.0,non_normal,16454.0,0.0,0.4,0.4,-0.6,1.0,0.0,0.0,0.0,0.0,0.0,0.0,-0.5,0.96,0.0,2494.0,2494.0,0.86,0.2,0.0,0.0,0.0,0.86,2818.0,0.97,-0.39,moderate_deviation,False,True,False,False,none,none_needed,-0.6,1.0,approximately_normal,none_or_standard_scaler,True,False,False,True,True,True,False,True,0.7,drop_or_encode,near_constant,0.4309
523,PREV_NAME_YIELD_GROUP_high_MEAN,float64,291057,341,0.12,290716,99.88,False,43.71,False,0.0,127221,"[(np.float64(0.0), 127221), (np.float64(0.5), 25470), (np.float64(0.3333333333333333), 20478)]",291057,0.0,43.71,0.5,8.75,"[('0.0', 43.71), ('0.5', 8.75), ('0.3333333333333333', 7.04)]",False,Most frequent dominates with 43.71%,291057,16454,5.35,341,very_high_cardinality,True,True,False,False,"target_encoding, hash_encoding, or embedding_layer","['0.0', '0.4666666666666667', '0.4736842105263157', '0.8064516129032258', '0.3714285714285714']",,,,,,,,,,,False,0.0,0.0,,,0.0,0.0,,,291057.0,0.0,1.0,1.0,0.2378,0.1429,0.2928,1.2315,0.0,0.3889,0.3889,1.2662,0.789,127221.0,0.0,0.0,0.3889,0.3889,-0.5833,0.9722,20414.0,7.0137,0.0535,0.2378,0.1429,0.2928,0.0,0.0,0.3889,1.0,0.3889,1.2663,0.789,20414.0,0.0701,highly_skewed,variable,0.0,non_normal,16454.0,0.0,0.39,0.39,-0.58,0.97,0.0,20414.0,20414.0,7.01,0.0,0.0,-0.64,1.12,0.0,0.0,0.0,0.0,0.14,20486.0,7.04,0.0,1.0,0.0,0.0,0.79,right_skewed,False,True,True,True,high,log_transform_or_winsorize,-0.58,0.97,right_skewed,log1p,True,True,False,True,True,True,False,True,1.0,drop_or_encode,near_constant,0.4371
524,PREV_NAME_YIELD_GROUP_low_action_MEAN,float64,291057,230,0.08,290827,99.92,False,80.24,False,0.0,233541,"[(np.float64(0.0), 233541), (np.float64(0.5), 7344), (np.float64(0.3333333333333333), 7033)]",291057,0.0,80.24,0.5,2.52,"[('0.0', 80.24), ('0.5', 2.52), ('0.3333333333333333', 2.42)]",False,Most frequent dominates with 80.24%,291057,16454,5.35,230,very_high_cardinality,True,True,False,False,"target_encoding, hash_encoding, or embedding_layer","['0.0', '0.1538461538461538', '0.1388888888888889', '0.0192307692307692', '0.631578947368421']",,,,,,,,,,,False,0.0,0.0,,,0.0,0.0,,,291057.0,0.0,1.0,1.0,0.0685,0.0,0.1842,2.6887,0.0,0.0,0.0,3.5206,13.225,233541.0,0.0,0.0,0.0,0.0,0.0,0.0,57516.0,19.7611,0.0535,0.0685,0.0,0.1842,0.0,0.0,0.0,1.0,0.0,3.5206,13.2252,0.0,0.0,highly_skewed,variable,0.0,non_normal,16454.0,0.0,0.0,0.0,0.0,0.0,0.0,57516.0,57516.0,19.76,57516.0,19.76,-0.48,0.62,0.0,7883.0,7883.0,2.71,0.12,7834.0,2.69,0.0,1.0,0.0,0.0,13.22,right_skewed,True,True,True,True,severe,consider_log_transform,0.0,0.0,zero_inflated,log1p_or_tweedie,True,True,False,True,True,True,True,True,0.7,drop_or_encode,near_constant,0.8024
525,PREV_NAME_YIELD_GROUP_low_normal_MEAN,float64,291057,326,0.11,290731,99.89,False,46.48,False,0.0,135269,"[(np.float64(0.0), 135269), (np.float64(0.5), 22056), (np.float64(0.3333333333333333), 20411)]",291057,0.0,46.48,0.5,7.58,"[('0.0', 46.48), ('0.5', 7.58), ('0.3333333333333333', 7.01)]",False,Most frequent dominates with 46.48%,291057,16454,5.35,326,very_high_cardinality,True,True,False,False,"target_encoding, hash_encoding, or embedding_layer","['1.0', '0.3181818181818182', '0.3157894736842105', '0.1162790697674418', '0.14']",,,,,,,,,,,False,0.0,0.0,,,0.0,0.0,,,291057.0,0.0,1.0,1.0,0.21,0.1111,0.2756,1.312,0.0,0.3333,0.3333,1.4994,1.6633,135269.0,0.0,0.0,0.3333,0.3333,-0.5,0.8333,17904.0,6.1514,0.0535,0.21,0.1111,0.2756,0.0,0.0,0.3333,1.0,0.3333,1.4994,1.6633,17904.0,0.0615,highly_skewed,variable,0.0,non_normal,16454.0,0.0,0.33,0.33,-0.5,0.83,0.0,17904.0,17904.0,6.15,0.0,0.0,-0.62,1.04,0.0,0.0,0.0,0.0,0.11,19839.0,6.82,0.0,1.0,0.0,0.0,1.66,right_skewed,True,True,True,True,high,robust_scaling_or_transform,-0.5,0.83,right_skewed,log1p,True,True,False,True,True,True,False,True,1.0,drop_or_encode,near_constant,0.4648
526,PREV_NAME_YIELD_GROUP_middle_MEAN,float64,291057,329,0.11,290728,99.89,False,39.36,False,0.0,114556,"[(np.float64(0.0), 114556), (np.float64(0.5), 27563), (np.float64(0.3333333333333333), 23353)]",291057,0.0,39.36,0.5,9.47,"[('0.0', 39.36), ('0.5', 9.47), ('0.3333333333333333', 8.02)]",False,Most frequent dominates with 39.36%,291057,16454,5.35,329,very_high_cardinality,True,True,False,False,"target_encoding, hash_encoding, or embedding_layer","['0.0', '0.3181818181818182', '0.2903225806451613', '0.1707317073170731', '0.5161290322580645']",,,,,,,,,,,False,0.0,0.0,,,0.0,0.0,,,291057.0,0.0,1.0,1.0,0.2549,0.1818,0.2939,1.153,0.0,0.4,0.4,1.1964,0.6665,114556.0,0.0,0.0,0.4,0.4,-0.6,1.0,0.0,0.0,0.0535,0.2549,0.1818,0.2939,0.0,0.0,0.4,1.0,0.4,1.1964,0.6665,0.0,0.0,highly_skewed,variable,0.0,non_normal,16454.0,0.0,0.4,0.4,-0.6,1.0,0.0,0.0,0.0,0.0,0.0,0.0,-0.63,1.14,0.0,0.0,0.0,0.0,0.18,0.0,0.0,0.0,1.0,0.0,0.0,0.67,right_skewed,False,True,False,False,none,none_needed,-0.6,1.0,right_skewed,log1p,True,False,False,True,True,True,False,True,0.7,drop_or_encode,near_constant,0.3936
527,PREV_NAME_YIELD_GROUP_nan_MEAN,float64,291057,1,0.0,291056,100.0,True,100.0,True,0.0,291057,"[(np.float64(0.0), 291057)]",291057,0.0,100.0,,,"[('0.0', 100.0)]",True,Appears uniformly dominated,291057,16454,5.35,1,single_category,False,False,False,False,drop_column (constant),['0.0'],,,,,,,,,,,False,0.0,0.0,,,0.0,0.0,,,291057.0,0.0,0.0,0.0,0.0,0.0,0.0,,0.0,0.0,0.0,,,291057.0,0.0,0.0,0.0,0.0,0.0,0.0,0.0,0.0,0.0535,0.0,0.0,0.0,0.0,0.0,0.0,0.0,0.0,0.0,0.0,0.0,0.0,approximately_symmetric,constant,,constant,16454.0,0.0,0.0,0.0,0.0,0.0,0.0,0.0,0.0,0.0,0.0,0.0,,,0.0,0.0,0.0,0.0,,0.0,0.0,0.0,0.0,0.0,0.0,,moderate_deviation,False,False,False,False,none,none_needed,0.0,0.0,constant_or_near_constant,drop_column,True,False,False,True,True,True,True,False,0.2,drop_or_encode,near_constant,1.0
528,PREV_PRODUCT_COMBINATION_Card Street_MEAN,float64,291057,248,0.09,290809,99.91,False,77.51,False,0.0,225601,"[(np.float64(0.0), 225601), (np.float64(0.3333333333333333), 8155), (np.float64(0.25), 7487)]",291057,0.0,77.51,0.3333333333333333,2.8,"[('0.0', 77.51), ('0.3333333333333333', 2.8), ('0.25', 2.57)]",False,Most frequent dominates with 77.51%,291057,16454,5.35,248,very_high_cardinality,True,True,False,False,"target_encoding, hash_encoding, or embedding_layer","['0.0', '0.0952380952380952', '0.238095238095238', '0.1071428571428571', '0.4583333333333333']",,,,,,,,,,,False,0.0,0.0,,,0.0,0.0,,,291057.0,0.0,1.0,1.0,0.0593,0.0,0.14,2.3605,0.0,0.0,0.0,3.2005,12.7439,225601.0,0.0,0.0,0.0,0.0,0.0,0.0,65456.0,22.4891,0.0535,0.0593,0.0,0.14,0.0,0.0,0.0,1.0,0.0,3.2005,12.7442,0.0,0.0,highly_skewed,variable,0.0,non_normal,16454.0,0.0,0.0,0.0,0.0,0.0,0.0,65456.0,65456.0,22.49,65456.0,22.49,-0.36,0.48,0.0,10151.0,10151.0,3.49,0.09,10150.0,3.49,0.0,0.6,2821.0,0.97,12.74,right_skewed,True,True,True,True,severe,consider_log_transform,0.0,0.0,zero_inflated,log1p_or_tweedie,True,True,False,True,True,True,True,True,0.7,drop_or_encode,near_constant,0.7751
529,PREV_PRODUCT_COMBINATION_Card X-Sell_MEAN,float64,291057,181,0.06,290876,99.94,False,80.15,False,0.0,233273,"[(np.float64(0.0), 233273), (np.float64(0.25), 7372), (np.float64(0.2), 7267)]",291057,0.0,80.15,0.25,2.53,"[('0.0', 80.15), ('0.25', 2.53), ('0.2', 2.5)]",False,Most frequent dominates with 80.15%,291057,16454,5.35,181,high_cardinality,True,False,False,True,"target_encoding, frequency_encoding, or hash_encoding","['0.0', '0.4444444444444444', '0.074074074074074', '0.0256410256410256', '0.09375']",,,,,,,,,,,False,0.0,0.0,,,0.0,0.0,,,291057.0,0.0,1.0,1.0,0.0389,0.0,0.0934,2.3983,0.0,0.0,0.0,3.0005,11.3373,233273.0,0.0,0.0,0.0,0.0,0.0,0.0,57784.0,19.8532,0.0535,0.0389,0.0,0.0934,0.0,0.0,0.0,1.0,0.0,3.0005,11.3375,0.0,0.0,highly_skewed,variable,0.0,non_normal,16454.0,0.0,0.0,0.0,0.0,0.0,0.0,57784.0,57784.0,19.85,57784.0,19.85,-0.24,0.32,0.0,9846.0,9846.0,3.38,0.06,9846.0,3.38,0.0,0.5,340.0,0.12,11.34,right_skewed,True,True,True,True,severe,consider_log_transform,0.0,0.0,zero_inflated,log1p_or_tweedie,True,True,False,True,True,True,True,True,0.7,drop_or_encode,near_constant,0.8015
530,PREV_PRODUCT_COMBINATION_Cash Street: high_MEAN,float64,291057,247,0.08,290810,99.92,False,88.6,False,0.0,257872,"[(np.float64(0.0), 257872), (np.float64(0.3333333333333333), 3240), (np.float64(0.25), 3018)]",291057,0.0,88.6,0.3333333333333333,1.11,"[('0.0', 88.6), ('0.3333333333333333', 1.11), ('0.25', 1.04)]",False,Most frequent dominates with 88.6%,291057,16454,5.35,247,very_high_cardinality,True,True,False,False,"target_encoding, hash_encoding, or embedding_layer","['0.0', '0.1363636363636363', '0.064516129032258', '0.3043478260869565', '0.7222222222222222']",,,,,,,,,,,False,0.0,0.0,,,0.0,0.0,,,291057.0,0.0,1.0,1.0,0.0322,0.0,0.1193,3.6994,0.0,0.0,0.0,5.2762,33.0526,257872.0,0.0,0.0,0.0,0.0,0.0,0.0,33185.0,11.4015,0.0535,0.0322,0.0,0.1193,0.0,0.0,0.0,1.0,0.0,5.2762,33.0532,0.0,0.0,highly_skewed,variable,0.0,non_normal,16454.0,0.0,0.0,0.0,0.0,0.0,0.0,33185.0,33185.0,11.4,33185.0,11.4,-0.33,0.39,0.0,7020.0,7020.0,2.41,0.08,6381.0,2.19,0.0,0.6,2752.0,0.95,33.05,right_skewed,True,True,True,True,severe,consider_log_transform,0.0,0.0,zero_inflated,log1p_or_tweedie,True,True,False,True,True,True,True,True,0.7,drop_or_encode,near_constant,0.886
531,PREV_PRODUCT_COMBINATION_Cash Street: low_MEAN,float64,291057,237,0.08,290820,99.92,False,94.29,False,0.0,274439,"[(np.float64(0.0), 274439), (np.float64(0.25), 1343), (np.float64(0.2), 1276)]",291057,0.0,94.29,0.25,0.46,"[('0.0', 94.29), ('0.25', 0.46), ('0.2', 0.44)]",False,Most frequent dominates with 94.29%,291057,16454,5.35,237,very_high_cardinality,True,True,False,False,"target_encoding, hash_encoding, or embedding_layer","['0.0', '0.1764705882352941', '0.1034482758620689', '0.3055555555555556', '0.3611111111111111']",,,,,,,,,,,False,0.0,0.0,,,0.0,0.0,,,291057.0,0.0,1.0,1.0,0.0141,0.0,0.0754,5.3467,0.0,0.0,0.0,7.874,77.2034,274439.0,0.0,0.0,0.0,0.0,0.0,0.0,16618.0,5.7095,0.0535,0.0141,0.0,0.0754,0.0,0.0,0.0,1.0,0.0,7.8741,77.2047,0.0,0.0,highly_skewed,variable,0.0,non_normal,16454.0,0.0,0.0,0.0,0.0,0.0,0.0,16618.0,16618.0,5.71,16618.0,5.71,-0.21,0.24,0.0,6310.0,6310.0,2.17,0.05,4945.0,1.7,0.0,0.38,2855.0,0.98,77.2,right_skewed,True,True,True,True,high,robust_scaling_or_transform,0.0,0.0,zero_inflated,log1p_or_tweedie,True,True,False,True,True,True,True,True,0.7,drop_or_encode,near_constant,0.9429
532,PREV_PRODUCT_COMBINATION_Cash Street: middle_MEAN,float64,291057,210,0.07,290847,99.93,False,92.93,False,0.0,270466,"[(np.float64(0.0), 270466), (np.float64(0.25), 1779), (np.float64(0.2), 1779)]",291057,0.0,92.93,0.25,0.61,"[('0.0', 92.93), ('0.25', 0.61), ('0.2', 0.61)]",False,Most frequent dominates with 92.93%,291057,16454,5.35,210,very_high_cardinality,True,True,False,False,"target_encoding, hash_encoding, or embedding_layer","['0.0', '0.1333333333333333', '0.32', '0.03125', '0.0425531914893617']",,,,,,,,,,,False,0.0,0.0,,,0.0,0.0,,,291057.0,0.0,1.0,1.0,0.0176,0.0,0.0857,4.8746,0.0,0.0,0.0,7.3389,66.4312,270466.0,0.0,0.0,0.0,0.0,0.0,0.0,20591.0,7.0746,0.0535,0.0176,0.0,0.0857,0.0,0.0,0.0,1.0,0.0,7.3389,66.4323,0.0,0.0,highly_skewed,variable,0.0,non_normal,16454.0,0.0,0.0,0.0,0.0,0.0,0.0,20591.0,20591.0,7.07,20591.0,7.07,-0.24,0.27,0.0,5749.0,5749.0,1.98,0.06,5403.0,1.86,0.0,0.45,2905.0,1.0,66.43,right_skewed,True,True,True,True,high,robust_scaling_or_transform,0.0,0.0,zero_inflated,log1p_or_tweedie,True,True,False,True,True,True,True,True,0.7,drop_or_encode,near_constant,0.9293
533,PREV_PRODUCT_COMBINATION_Cash X-Sell: high_MEAN,float64,291057,205,0.07,290852,99.93,False,87.77,False,0.0,255461,"[(np.float64(0.0), 255461), (np.float64(0.25), 3965), (np.float64(0.3333333333333333), 3830)]",291057,0.0,87.77,0.25,1.36,"[('0.0', 87.77), ('0.25', 1.36), ('0.3333333333333333', 1.32)]",False,Most frequent dominates with 87.77%,291057,16454,5.35,205,very_high_cardinality,True,True,False,False,"target_encoding, hash_encoding, or embedding_layer","['0.0', '0.0857142857142857', '0.4545454545454545', '0.0277777777777777', '0.0232558139534883']",,,,,,,,,,,False,0.0,0.0,,,0.0,0.0,,,291057.0,0.0,1.0,1.0,0.0276,0.0,0.0893,3.2284,0.0,0.0,0.0,4.0988,20.031,255461.0,0.0,0.0,0.0,0.0,0.0,0.0,35596.0,12.2299,0.0535,0.0276,0.0,0.0893,0.0,0.0,0.0,1.0,0.0,4.0988,20.0314,0.0,0.0,highly_skewed,variable,0.0,non_normal,16454.0,0.0,0.0,0.0,0.0,0.0,0.0,35596.0,35596.0,12.23,35596.0,12.23,-0.24,0.3,0.0,8998.0,8998.0,3.09,0.06,8782.0,3.02,0.0,0.5,853.0,0.29,20.03,right_skewed,True,True,True,True,severe,consider_log_transform,0.0,0.0,zero_inflated,log1p_or_tweedie,True,True,False,True,True,True,True,True,0.7,drop_or_encode,near_constant,0.8777
534,PREV_PRODUCT_COMBINATION_Cash X-Sell: low_MEAN,float64,291057,284,0.1,290773,99.9,False,77.39,False,0.0,225263,"[(np.float64(0.0), 225263), (np.float64(0.25), 7879), (np.float64(0.2), 7485)]",291057,0.0,77.39,0.25,2.71,"[('0.0', 77.39), ('0.25', 2.71), ('0.2', 2.57)]",False,Most frequent dominates with 77.39%,291057,16454,5.35,284,very_high_cardinality,True,True,False,False,"target_encoding, hash_encoding, or embedding_layer","['0.0', '0.625', '0.3793103448275862', '0.1034482758620689', '0.3870967741935484']",,,,,,,,,,,False,0.0,0.0,,,0.0,0.0,,,291057.0,0.0,1.0,1.0,0.0531,0.0,0.1179,2.2183,0.0,0.0,0.0,2.7679,9.5817,225263.0,0.0,0.0,0.0,0.0,0.0,0.0,65794.0,22.6052,0.0535,0.0531,0.0,0.1179,0.0,0.0,0.0,1.0,0.0,2.7679,9.5819,0.0,0.0,highly_skewed,variable,0.0,non_normal,16454.0,0.0,0.0,0.0,0.0,0.0,0.0,65794.0,65794.0,22.61,65794.0,22.61,-0.3,0.41,0.0,6443.0,6443.0,2.21,0.08,6415.0,2.2,0.0,0.5,1597.0,0.55,9.58,right_skewed,True,True,True,True,severe,consider_log_transform,0.0,0.0,zero_inflated,log1p_or_tweedie,True,True,False,True,True,True,True,True,0.7,drop_or_encode,near_constant,0.7739
535,PREV_PRODUCT_COMBINATION_Cash X-Sell: middle_MEAN,float64,291057,263,0.09,290794,99.91,False,75.52,False,0.0,219802,"[(np.float64(0.0), 219802), (np.float64(0.25), 8320), (np.float64(0.3333333333333333), 8234)]",291057,0.0,75.52,0.25,2.86,"[('0.0', 75.52), ('0.25', 2.86), ('0.3333333333333333', 2.83)]",False,Most frequent dominates with 75.52%,291057,16454,5.35,263,very_high_cardinality,True,True,False,False,"target_encoding, hash_encoding, or embedding_layer","['0.0', '0.2142857142857142', '0.1935483870967742', '0.45', '0.34375']",,,,,,,,,,,False,0.0,0.0,,,0.0,0.0,,,291057.0,0.0,1.0,1.0,0.0626,0.0,0.1339,2.1398,0.0,0.0,0.0,2.6257,8.0946,219802.0,0.0,0.0,0.0,0.0,0.0,0.0,71255.0,24.4815,0.0535,0.0626,0.0,0.1339,0.0,0.0,0.0,1.0,0.0,2.6257,8.0947,0.0,0.0,highly_skewed,variable,0.0,non_normal,16454.0,0.0,0.0,0.0,0.0,0.0,0.0,71255.0,71255.0,24.48,71255.0,24.48,-0.34,0.46,0.0,8692.0,8692.0,2.99,0.09,8679.0,2.98,0.0,0.55,2890.0,0.99,8.09,right_skewed,True,True,True,True,severe,consider_log_transform,0.0,0.0,zero_inflated,log1p_or_tweedie,True,True,False,True,True,True,True,True,0.7,drop_or_encode,near_constant,0.7552
536,PREV_PRODUCT_COMBINATION_Cash_MEAN,float64,291057,375,0.13,290682,99.87,False,64.71,False,0.0,188356,"[(np.float64(0.0), 188356), (np.float64(0.3333333333333333), 13914), (np.float64(0.5), 11914)]",291057,0.0,64.71,0.3333333333333333,4.78,"[('0.0', 64.71), ('0.3333333333333333', 4.78), ('0.5', 4.09)]",False,Most frequent dominates with 64.71%,291057,16454,5.35,375,very_high_cardinality,True,True,False,False,"target_encoding, hash_encoding, or embedding_layer","['0.0', '0.875', '0.391304347826087', '0.5161290322580645', '0.5588235294117647']",,,,,,,,,,,False,0.0,0.0,,,0.0,0.0,,,291057.0,0.0,1.0,1.0,0.1098,0.0,0.1748,1.5919,0.0,0.2,0.2,1.5244,1.56,188356.0,0.0,0.0,0.2,0.2,-0.3,0.5,7673.0,2.6363,0.0535,0.1098,0.0,0.1748,0.0,0.0,0.2,1.0,0.2,1.5244,1.5601,7673.0,0.0264,highly_skewed,variable,0.0,non_normal,16454.0,0.0,0.2,0.2,-0.3,0.5,0.0,7673.0,7673.0,2.64,369.0,0.13,-0.41,0.63,0.0,3682.0,3682.0,1.27,0.12,4153.0,1.43,0.0,0.67,1533.0,0.53,1.56,right_skewed,True,True,True,True,moderate,log_transform_or_winsorize,-0.3,0.5,zero_inflated,log1p_or_tweedie,True,False,True,True,True,True,True,True,0.7,drop_or_encode,near_constant,0.6471
537,PREV_PRODUCT_COMBINATION_POS household with interest_MEAN,float64,291057,273,0.09,290784,99.91,False,50.87,False,0.0,148052,"[(np.float64(0.0), 148052), (np.float64(0.5), 22188), (np.float64(1.0), 21358)]",291057,0.0,50.87,0.5,7.62,"[('0.0', 50.87), ('0.5', 7.62), ('1.0', 7.34)]",False,Most frequent dominates with 50.87%,291057,16454,5.35,273,very_high_cardinality,True,True,False,False,"target_encoding, hash_encoding, or embedding_layer","['0.0', '0.5333333333333333', '0.2272727272727272', '0.1481481481481481', '0.3287671232876712']",,,,,,,,,,,False,0.0,0.0,,,0.0,0.0,,,291057.0,0.0,1.0,1.0,0.2069,0.0,0.2933,1.4177,0.0,0.3333,0.3333,1.5212,1.4124,148052.0,0.0,0.0,0.3333,0.3333,-0.5,0.8333,21679.0,7.4484,0.0535,0.2069,0.0,0.2933,0.0,0.0,0.3333,1.0,0.3333,1.5212,1.4124,21679.0,0.0745,highly_skewed,variable,0.0,non_normal,16454.0,0.0,0.33,0.33,-0.5,0.83,0.0,21679.0,21679.0,7.45,0.0,0.0,-0.67,1.09,0.0,0.0,0.0,0.0,0.2,0.0,0.0,0.0,1.0,0.0,0.0,1.41,right_skewed,True,True,True,True,high,robust_scaling_or_transform,-0.5,0.83,right_skewed,log1p,True,True,False,True,True,True,False,True,1.0,drop_or_encode,near_constant,0.5087
538,PREV_PRODUCT_COMBINATION_POS household without interest_MEAN,float64,291057,171,0.06,290886,99.94,False,80.94,False,0.0,235571,"[(np.float64(0.0), 235571), (np.float64(0.5), 7477), (np.float64(0.3333333333333333), 7159)]",291057,0.0,80.94,0.5,2.57,"[('0.0', 80.94), ('0.5', 2.57), ('0.3333333333333333', 2.46)]",False,Most frequent dominates with 80.94%,291057,16454,5.35,171,high_cardinality,True,False,False,True,"target_encoding, frequency_encoding, or hash_encoding","['0.0', '0.0526315789473684', '0.0256410256410256', '0.1363636363636363', '0.1153846153846153']",,,,,,,,,,,False,0.0,0.0,,,0.0,0.0,,,291057.0,0.0,1.0,1.0,0.0662,0.0,0.1809,2.7333,0.0,0.0,0.0,3.5733,13.7009,235571.0,0.0,0.0,0.0,0.0,0.0,0.0,55486.0,19.0636,0.0535,0.0662,0.0,0.1809,0.0,0.0,0.0,1.0,0.0,3.5733,13.7012,0.0,0.0,highly_skewed,variable,0.0,non_normal,16454.0,0.0,0.0,0.0,0.0,0.0,0.0,55486.0,55486.0,19.06,55486.0,19.06,-0.48,0.61,0.0,7500.0,7500.0,2.58,0.12,7473.0,2.57,0.0,1.0,0.0,0.0,13.7,right_skewed,True,True,True,True,severe,consider_log_transform,0.0,0.0,zero_inflated,log1p_or_tweedie,True,True,False,True,True,True,True,True,0.7,drop_or_encode,near_constant,0.8094
539,PREV_PRODUCT_COMBINATION_POS industry with interest_MEAN,float64,291057,179,0.06,290878,99.94,False,77.94,False,0.0,226841,"[(np.float64(0.0), 226841), (np.float64(1.0), 10148), (np.float64(0.5), 9276)]",291057,0.0,77.94,1.0,3.49,"[('0.0', 77.94), ('1.0', 3.49), ('0.5', 3.19)]",False,Most frequent dominates with 77.94%,291057,16454,5.35,179,high_cardinality,True,False,False,True,"target_encoding, frequency_encoding, or hash_encoding","['0.0', '0.2727272727272727', '0.1304347826086956', '0.8484848484848485', '0.3157894736842105']",,,,,,,,,,,False,0.0,0.0,,,0.0,0.0,,,291057.0,0.0,1.0,1.0,0.0866,0.0,0.2158,2.4919,0.0,0.0,0.0,3.0547,9.1749,226841.0,0.0,0.0,0.0,0.0,0.0,0.0,64216.0,22.063,0.0535,0.0866,0.0,0.2158,0.0,0.0,0.0,1.0,0.0,3.0548,9.1751,0.0,0.0,highly_skewed,variable,0.0,non_normal,16454.0,0.0,0.0,0.0,0.0,0.0,0.0,64216.0,64216.0,22.06,64216.0,22.06,-0.56,0.73,0.0,10577.0,10577.0,3.63,0.15,10287.0,3.53,0.0,1.0,0.0,0.0,9.17,right_skewed,True,True,True,True,severe,consider_log_transform,0.0,0.0,zero_inflated,log1p_or_tweedie,True,True,False,True,True,True,True,True,0.7,drop_or_encode,near_constant,0.7794
540,PREV_PRODUCT_COMBINATION_POS industry without interest_MEAN,float64,291057,80,0.03,290977,99.97,False,96.74,True,0.0,281560,"[(np.float64(0.0), 281560), (np.float64(1.0), 1273), (np.float64(0.5), 1270)]",291057,0.0,96.74,1.0,0.44,"[('0.0', 96.74), ('1.0', 0.44), ('0.5', 0.44)]",False,Most frequent dominates with 96.74%,291057,16454,5.35,80,high_cardinality,True,False,False,True,"target_encoding, frequency_encoding, or hash_encoding","['0.0', '0.2857142857142857', '0.35', '0.0333333333333333', '0.0294117647058823']",,,,,,,,,,,False,0.0,0.0,,,0.0,0.0,,,291057.0,0.0,1.0,1.0,0.0114,0.0,0.0813,7.1287,0.0,0.0,0.0,9.5175,101.8723,281560.0,0.0,0.0,0.0,0.0,0.0,0.0,9497.0,3.2629,0.0535,0.0114,0.0,0.0813,0.0,0.0,0.0,1.0,0.0,9.5176,101.8741,0.0,0.0,highly_skewed,variable,0.0,non_normal,16454.0,0.0,0.0,0.0,0.0,0.0,0.0,9497.0,9497.0,3.26,9497.0,3.26,-0.23,0.26,0.0,4064.0,4064.0,1.4,0.05,4059.0,1.39,0.0,0.33,2784.0,0.96,101.87,right_skewed,True,True,True,True,moderate,log_transform_or_winsorize,0.0,0.0,zero_inflated,log1p_or_tweedie,True,False,True,True,True,True,True,True,0.7,drop_or_encode,near_constant,0.9674
541,PREV_PRODUCT_COMBINATION_POS mobile with interest_MEAN,float64,291057,244,0.08,290813,99.92,False,59.01,False,0.0,171753,"[(np.float64(0.0), 171753), (np.float64(0.5), 17913), (np.float64(1.0), 16600)]",291057,0.0,59.01,0.5,6.15,"[('0.0', 59.01), ('0.5', 6.15), ('1.0', 5.7)]",False,Most frequent dominates with 59.01%,291057,16454,5.35,244,very_high_cardinality,True,True,False,False,"target_encoding, hash_encoding, or embedding_layer","['0.0', '0.5454545454545454', '0.1935483870967742', '0.5217391304347826', '0.0789473684210526']",,,,,,,,,,,False,0.0,0.0,,,0.0,0.0,,,291057.0,0.0,1.0,1.0,0.1687,0.0,0.2738,1.6232,0.0,0.25,0.25,1.8136,2.5145,171753.0,0.0,0.0,0.25,0.25,-0.375,0.625,23844.0,8.1922,0.0535,0.1687,0.0,0.2738,0.0,0.0,0.25,1.0,0.25,1.8137,2.5146,23844.0,0.0819,highly_skewed,variable,0.0,non_normal,16454.0,0.0,0.25,0.25,-0.38,0.62,0.0,23844.0,23844.0,8.19,0.0,0.0,-0.65,0.99,0.0,16600.0,16600.0,5.7,0.18,16600.0,5.7,0.0,1.0,0.0,0.0,2.51,right_skewed,True,True,True,True,high,robust_scaling_or_transform,-0.38,0.62,right_skewed,log1p,True,True,False,True,True,True,False,True,1.0,drop_or_encode,near_constant,0.5901
542,PREV_PRODUCT_COMBINATION_POS mobile without interest_MEAN,float64,291057,102,0.04,290955,99.96,False,93.97,False,0.0,273503,"[(np.float64(0.0), 273503), (np.float64(0.5), 2422), (np.float64(0.3333333333333333), 2297)]",291057,0.0,93.97,0.5,0.83,"[('0.0', 93.97), ('0.5', 0.83), ('0.3333333333333333', 0.79)]",False,Most frequent dominates with 93.97%,291057,16454,5.35,102,high_cardinality,True,False,False,True,"target_encoding, frequency_encoding, or hash_encoding","['0.0', '0.2307692307692307', '0.0689655172413793', '0.0138888888888888', '0.0285714285714285']",,,,,,,,,,,False,0.0,0.0,,,0.0,0.0,,,291057.0,0.0,1.0,1.0,0.0211,0.0,0.1091,5.1599,0.0,0.0,0.0,6.863,52.6601,273503.0,0.0,0.0,0.0,0.0,0.0,0.0,17554.0,6.0311,0.0535,0.0211,0.0,0.1091,0.0,0.0,0.0,1.0,0.0,6.863,52.6611,0.0,0.0,highly_skewed,variable,0.0,non_normal,16454.0,0.0,0.0,0.0,0.0,0.0,0.0,17554.0,17554.0,6.03,17554.0,6.03,-0.31,0.35,0.0,5221.0,5221.0,1.79,0.07,5195.0,1.78,0.0,0.5,2535.0,0.87,52.66,right_skewed,True,True,True,True,high,robust_scaling_or_transform,0.0,0.0,zero_inflated,log1p_or_tweedie,True,True,False,True,True,True,True,True,0.7,drop_or_encode,near_constant,0.9397
543,PREV_PRODUCT_COMBINATION_POS other with interest_MEAN,float64,291057,118,0.04,290939,99.96,False,94.21,False,0.0,274213,"[(np.float64(0.0), 274213), (np.float64(1.0), 2496), (np.float64(0.5), 2135)]",291057,0.0,94.21,1.0,0.86,"[('0.0', 94.21), ('1.0', 0.86), ('0.5', 0.73)]",False,Most frequent dominates with 94.21%,291057,16454,5.35,118,high_cardinality,True,False,False,True,"target_encoding, frequency_encoding, or hash_encoding","['1.0', '0.0555555555555555', '0.05', '0.4545454545454545', '0.0571428571428571']",,,,,,,,,,,False,0.0,0.0,,,0.0,0.0,,,291057.0,0.0,1.0,1.0,0.0212,0.0,0.112,5.2858,0.0,0.0,0.0,6.8831,52.0041,274213.0,0.0,0.0,0.0,0.0,0.0,0.0,16844.0,5.7872,0.0535,0.0212,0.0,0.112,0.0,0.0,0.0,1.0,0.0,6.8831,52.0051,0.0,0.0,highly_skewed,variable,0.0,non_normal,16454.0,0.0,0.0,0.0,0.0,0.0,0.0,16844.0,16844.0,5.79,16844.0,5.79,-0.31,0.36,0.0,5366.0,5366.0,1.84,0.08,5323.0,1.83,0.0,0.57,2905.0,1.0,52.0,right_skewed,True,True,True,True,high,robust_scaling_or_transform,0.0,0.0,zero_inflated,log1p_or_tweedie,True,True,False,True,True,True,True,True,0.7,drop_or_encode,near_constant,0.9421
544,PREV_PRODUCT_COMBINATION_POS others without interest_MEAN,float64,291057,50,0.02,291007,99.98,False,99.35,True,0.0,289167,"[(np.float64(0.0), 289167), (np.float64(1.0), 297), (np.float64(0.5), 279)]",291057,0.0,99.35,1.0,0.1,"[('0.0', 99.35), ('1.0', 0.1), ('0.5', 0.1)]",True,Appears uniformly dominated,291057,16454,5.35,50,medium_cardinality,False,False,False,True,"target_encoding, leave_as_integer, or one_hot_if_dense","['0.0', '0.2', '0.1176470588235294', '0.0454545454545454', '0.027027027027027']",,,,,,,,,,,False,0.0,0.0,,,0.0,0.0,,,291057.0,0.0,1.0,1.0,0.0024,0.0,0.0387,15.9454,0.0,0.0,0.0,20.8353,486.7274,289167.0,0.0,0.0,0.0,0.0,0.0,0.0,1890.0,0.6494,0.0535,0.0024,0.0,0.0387,0.0,0.0,0.0,1.0,0.0,20.8354,486.7358,0.0,0.0,highly_skewed,variable,0.0,non_normal,16454.0,0.0,0.0,0.0,0.0,0.0,0.0,1890.0,1890.0,0.65,1890.0,0.65,-0.11,0.12,0.0,1586.0,1586.0,0.54,0.03,1505.0,0.52,0.0,0.0,1890.0,0.65,486.73,right_skewed,True,True,True,True,low,investigate_individually,0.0,0.0,zero_inflated,log1p_or_tweedie,True,False,False,True,True,True,True,True,0.7,drop_or_encode,near_constant,0.9935
545,PREV_PRODUCT_COMBINATION_nan_MEAN,float64,291057,40,0.01,291017,99.99,False,99.9,True,0.0,290773,"[(np.float64(0.0), 290773), (np.float64(0.3333333333333333), 29), (np.float64(0.1666666666666666), 25)]",291057,0.0,99.9,0.3333333333333333,0.01,"[('0.0', 99.9), ('0.3333333333333333', 0.01), ('0.1666666666666666', 0.01)]",True,Appears uniformly dominated,291057,16454,5.35,40,medium_cardinality,False,False,False,True,"target_encoding, leave_as_integer, or one_hot_if_dense","['0.0', '0.0769230769230769', '0.1428571428571428', '0.1818181818181818', '0.0625']",,,,,,,,,,,False,0.0,0.0,,,0.0,0.0,,,291057.0,0.0,0.6667,0.6667,0.0002,0.0,0.007,39.2123,0.0,0.0,0.0,52.2272,3266.0429,290773.0,0.0,0.0,0.0,0.0,0.0,0.0,284.0,0.0976,0.0535,0.0002,0.0,0.007,0.0,0.0,0.0,0.6667,0.0,52.2275,3266.0991,0.0,0.0,highly_skewed,variable,0.0,non_normal,16454.0,0.0,0.0,0.0,0.0,0.0,0.0,284.0,284.0,0.1,284.0,0.1,-0.02,0.02,0.0,284.0,284.0,0.1,0.0,282.0,0.1,0.0,0.0,284.0,0.1,3266.04,right_skewed,True,True,True,True,low,investigate_individually,0.0,0.0,zero_inflated,log1p_or_tweedie,True,False,False,True,True,True,True,True,0.7,drop_or_encode,near_constant,0.999
546,PREV_RATE_DOWN_PAYMENT_MAX,float64,273605,118254,43.22,155351,56.78,False,28.13,False,0.0,76954,"[(np.float64(0.0), 76954), (np.float64(0.1089090909090909), 15930), (np.float64(0.2178181818181818), 3979)]",273605,0.0,28.13,0.1089090909090909,5.82,"[('0.0', 28.13), ('0.1089090909090909', 5.82), ('0.2178181818181818', 1.45)]",False,Most frequent dominates with 28.13%,273605,33906,11.03,118254,very_high_cardinality,True,True,False,False,"target_encoding, hash_encoding, or embedding_layer","['0.0', '0.2080800361274186', '4.5937662526025175e-05', '0.1034065894323154', '0.1930117214900592']",,,,,,,,,,,False,0.0,0.0,,,0.0,0.0,,,273605.0,0.0,1.0,1.0,0.128,0.1053,0.1311,1.0243,0.0,0.1946,0.1946,1.581,3.149,76954.0,0.0,0.0,0.1946,0.1946,-0.2919,0.4864,8271.0,3.023,0.1103,0.128,0.1053,0.1311,0.0,0.0,0.1946,1.0,0.1946,1.581,3.1491,8271.0,0.0302,highly_skewed,variable,0.0,non_normal,33906.0,0.0,0.19,0.19,-0.29,0.49,0.0,8271.0,8271.0,3.02,198.0,0.07,-0.27,0.52,0.0,6321.0,6321.0,2.31,0.1,1173.0,0.43,0.0,0.56,2737.0,1.0,3.15,right_skewed,True,True,True,True,moderate,log_transform_or_winsorize,-0.29,0.49,heavy_tailed,log1p_or_quantile_transform,True,False,True,True,False,False,False,True,0.8,bin,high_skew,0.2813
547,PREV_RATE_DOWN_PAYMENT_MEAN,float64,273605,165733,60.57,107872,39.43,False,28.13,False,0.0,76953,"[(np.float64(0.0), 76953), (np.float64(0.1089090909090909), 6349), (np.float64(0.0544545454545454), 2729)]",273605,0.0,28.13,0.1089090909090909,2.32,"[('0.0', 28.13), ('0.1089090909090909', 2.32), ('0.0544545454545454', 1.0)]",False,Most frequent dominates with 28.13%,273605,33906,11.03,165733,very_high_cardinality,True,True,False,False,"target_encoding, hash_encoding, or embedding_layer","['0.0', '0.104305971552818', '0.0515716880902978', '0.1788207504886075', '0.2178357350603301']",,,,,,,,,,,False,0.0,0.0,,,0.0,0.0,,,273605.0,-0.0,0.9897,0.9897,0.0819,0.0663,0.0895,1.0927,0.0,0.1089,0.1089,2.0455,6.955,76953.0,1.0,0.0,0.1089,0.1089,-0.1634,0.2723,10536.0,3.8508,0.1103,0.0819,0.0663,0.0895,-0.0,0.0,0.1089,0.9897,0.1089,2.0455,6.9551,10536.0,0.0385,highly_skewed,variable,0.0,non_normal,33906.0,0.0,0.11,0.11,-0.16,0.27,0.0,10536.0,10536.0,3.85,2343.0,0.86,-0.19,0.35,0.0,4922.0,4922.0,1.8,0.05,5236.0,1.91,0.0,0.42,2738.0,1.0,6.95,right_skewed,True,True,True,True,moderate,log_transform_or_winsorize,-0.16,0.27,heavy_tailed,quantile_transform_or_robust_scaler,True,False,True,True,False,False,False,True,0.8,bin,high_skew,0.2813
548,PREV_SK_ID_PREV_NUNIQUE,float64,291057,65,0.02,290992,99.98,False,18.05,False,1.0,52533,"[(np.float64(1.0), 52533), (np.float64(2.0), 45799), (np.float64(3.0), 40014)]",291057,1.0,18.05,2.0,15.74,"[('1.0', 18.05), ('2.0', 15.74), ('3.0', 13.75)]",False,Most frequent dominates with 18.05%,291057,16454,5.35,65,high_cardinality,True,False,False,True,"target_encoding, frequency_encoding, or hash_encoding","['1.0', '26.0', '35.0', '40.0', '67.0']",,,,,,,,,,,False,0.0,0.0,,,0.0,0.0,,,291057.0,1.0,73.0,72.0,4.8571,4.0,4.147,0.8538,2.0,6.0,4.0,2.3122,10.475,0.0,0.0,2.0,6.0,4.0,-4.0,12.0,15426.0,5.3,0.0535,4.8571,4.0,4.147,1.0,2.0,6.0,73.0,4.0,2.3122,10.4752,15426.0,0.053,highly_skewed,variable,0.0,non_normal,16454.0,2.0,6.0,4.0,-4.0,12.0,0.0,15426.0,15426.0,5.3,3806.0,1.31,-7.58,17.3,0.0,4718.0,4718.0,1.62,2.0,9422.0,3.24,1.0,20.0,2501.0,0.86,10.47,right_skewed,True,True,True,True,high,robust_scaling_or_transform,-4.0,12.0,heavy_tailed,log1p_or_quantile_transform,True,True,False,True,True,True,False,True,0.8,drop_or_encode,near_constant,0.0
549,PREV_WEEKDAY_APPR_PROCESS_START_FRIDAY_MEAN,float64,291057,313,0.11,290744,99.89,False,58.84,False,0.0,171263,"[(np.float64(0.0), 171263), (np.float64(0.5), 15651), (np.float64(0.3333333333333333), 15203)]",291057,0.0,58.84,0.5,5.38,"[('0.0', 58.84), ('0.5', 5.38), ('0.3333333333333333', 5.22)]",False,Most frequent dominates with 58.84%,291057,16454,5.35,313,very_high_cardinality,True,True,False,False,"target_encoding, hash_encoding, or embedding_layer","['0.0', '0.4615384615384615', '0.037037037037037', '0.4193548387096774', '0.5416666666666666']",,,,,,,,,,,False,0.0,0.0,,,0.0,0.0,,,291057.0,0.0,1.0,1.0,0.1473,0.0,0.2369,1.6083,0.0,0.25,0.25,1.9548,3.6539,171263.0,0.0,0.0,0.25,0.25,-0.375,0.625,15226.0,5.2313,0.0535,0.1473,0.0,0.2369,0.0,0.0,0.25,1.0,0.25,1.9548,3.654,15226.0,0.0523,highly_skewed,variable,0.0,non_normal,16454.0,0.0,0.25,0.25,-0.38,0.62,0.0,15226.0,15226.0,5.23,0.0,0.0,-0.56,0.86,0.0,9550.0,9550.0,3.28,0.16,9781.0,3.36,0.0,1.0,0.0,0.0,3.65,right_skewed,True,True,True,True,high,robust_scaling_or_transform,-0.38,0.62,heavy_tailed,log1p_or_quantile_transform,True,True,False,True,True,True,False,True,1.0,drop_or_encode,near_constant,0.5884
550,PREV_WEEKDAY_APPR_PROCESS_START_MONDAY_MEAN,float64,291057,304,0.1,290753,99.9,False,59.52,False,0.0,173227,"[(np.float64(0.0), 173227), (np.float64(0.5), 15405), (np.float64(0.3333333333333333), 14581)]",291057,0.0,59.52,0.5,5.29,"[('0.0', 59.52), ('0.5', 5.29), ('0.3333333333333333', 5.01)]",False,Most frequent dominates with 59.52%,291057,16454,5.35,304,very_high_cardinality,True,True,False,False,"target_encoding, hash_encoding, or embedding_layer","['0.0', '0.4444444444444444', '0.3571428571428571', '0.2258064516129032', '0.064516129032258']",,,,,,,,,,,False,0.0,0.0,,,0.0,0.0,,,291057.0,0.0,1.0,1.0,0.1455,0.0,0.2361,1.6225,0.0,0.25,0.25,1.9623,3.6738,173227.0,0.0,0.0,0.25,0.25,-0.375,0.625,15251.0,5.2399,0.0535,0.1455,0.0,0.2361,0.0,0.0,0.25,1.0,0.25,1.9623,3.6739,15251.0,0.0524,highly_skewed,variable,0.0,non_normal,16454.0,0.0,0.25,0.25,-0.38,0.62,0.0,15251.0,15251.0,5.24,0.0,0.0,-0.56,0.85,0.0,9374.0,9374.0,3.22,0.16,9562.0,3.29,0.0,1.0,0.0,0.0,3.67,right_skewed,True,True,True,True,high,robust_scaling_or_transform,-0.38,0.62,heavy_tailed,log1p_or_quantile_transform,True,True,False,True,True,True,False,True,1.0,drop_or_encode,near_constant,0.5952
551,PREV_WEEKDAY_APPR_PROCESS_START_SATURDAY_MEAN,float64,291057,301,0.1,290756,99.9,False,59.01,False,0.0,171760,"[(np.float64(0.0), 171760), (np.float64(0.5), 16258), (np.float64(0.3333333333333333), 14822)]",291057,0.0,59.01,0.5,5.59,"[('0.0', 59.01), ('0.5', 5.59), ('0.3333333333333333', 5.09)]",False,Most frequent dominates with 59.01%,291057,16454,5.35,301,very_high_cardinality,True,True,False,False,"target_encoding, hash_encoding, or embedding_layer","['1.0', '0.0285714285714285', '0.12', '0.1851851851851851', '0.8461538461538461']",,,,,,,,,,,False,0.0,0.0,,,0.0,0.0,,,291057.0,0.0,1.0,1.0,0.1541,0.0,0.2507,1.6276,0.0,0.25,0.25,1.933,3.3217,171760.0,0.0,0.0,0.25,0.25,-0.375,0.625,18252.0,6.2709,0.0535,0.1541,0.0,0.2507,0.0,0.0,0.25,1.0,0.25,1.933,3.3218,18252.0,0.0627,highly_skewed,variable,0.0,non_normal,16454.0,0.0,0.25,0.25,-0.38,0.62,0.0,18252.0,18252.0,6.27,0.0,0.0,-0.6,0.91,0.0,12126.0,12126.0,4.17,0.17,12154.0,4.18,0.0,1.0,0.0,0.0,3.32,right_skewed,True,True,True,True,high,robust_scaling_or_transform,-0.38,0.62,heavy_tailed,log1p_or_quantile_transform,True,True,False,True,True,True,False,True,1.0,drop_or_encode,near_constant,0.5901
552,PREV_WEEKDAY_APPR_PROCESS_START_SUNDAY_MEAN,float64,291057,259,0.09,290798,99.91,False,68.36,False,0.0,198955,"[(np.float64(0.0), 198955), (np.float64(0.5), 12105), (np.float64(0.3333333333333333), 11327)]",291057,0.0,68.36,0.5,4.16,"[('0.0', 68.36), ('0.5', 4.16), ('0.3333333333333333', 3.89)]",False,Most frequent dominates with 68.36%,291057,16454,5.35,259,very_high_cardinality,True,True,False,False,"target_encoding, hash_encoding, or embedding_layer","['0.0', '0.5454545454545454', '0.037037037037037', '0.5238095238095238', '0.32']",,,,,,,,,,,False,0.0,0.0,,,0.0,0.0,,,291057.0,0.0,1.0,1.0,0.1133,0.0,0.2247,1.9821,0.0,0.1429,0.1429,2.4865,6.1305,198955.0,0.0,0.0,0.1429,0.1429,-0.2143,0.3571,30972.0,10.6412,0.0535,0.1133,0.0,0.2247,0.0,0.0,0.1429,1.0,0.1429,2.4865,6.1306,30972.0,0.1064,highly_skewed,variable,0.0,non_normal,16454.0,0.0,0.14,0.14,-0.21,0.36,0.0,30972.0,30972.0,10.64,14160.0,4.87,-0.56,0.79,0.0,9847.0,9847.0,3.38,0.15,9847.0,3.38,0.0,1.0,0.0,0.0,6.13,right_skewed,True,True,True,True,severe,consider_log_transform,-0.21,0.36,zero_inflated,log1p_or_tweedie,True,True,False,True,True,True,True,True,1.0,drop_or_encode,near_constant,0.6836
553,PREV_WEEKDAY_APPR_PROCESS_START_THURSDAY_MEAN,float64,291057,319,0.11,290738,99.89,False,59.35,False,0.0,172752,"[(np.float64(0.0), 172752), (np.float64(0.5), 15288), (np.float64(0.3333333333333333), 14752)]",291057,0.0,59.35,0.5,5.25,"[('0.0', 59.35), ('0.5', 5.25), ('0.3333333333333333', 5.07)]",False,Most frequent dominates with 59.35%,291057,16454,5.35,319,very_high_cardinality,True,True,False,False,"target_encoding, hash_encoding, or embedding_layer","['0.0', '0.0454545454545454', '0.0344827586206896', '0.1481481481481481', '0.4230769230769231']",,,,,,,,,,,False,0.0,0.0,,,0.0,0.0,,,291057.0,0.0,1.0,1.0,0.1451,0.0,0.2359,1.6251,0.0,0.25,0.25,1.983,3.7786,172752.0,0.0,0.0,0.25,0.25,-0.375,0.625,15116.0,5.1935,0.0535,0.1451,0.0,0.2359,0.0,0.0,0.25,1.0,0.25,1.983,3.7786,15116.0,0.0519,highly_skewed,variable,0.0,non_normal,16454.0,0.0,0.25,0.25,-0.38,0.62,0.0,15116.0,15116.0,5.19,0.0,0.0,-0.56,0.85,0.0,9547.0,9547.0,3.28,0.16,9700.0,3.33,0.0,1.0,0.0,0.0,3.78,right_skewed,True,True,True,True,high,robust_scaling_or_transform,-0.38,0.62,heavy_tailed,log1p_or_quantile_transform,True,True,False,True,True,True,False,True,1.0,drop_or_encode,near_constant,0.5935
554,PREV_WEEKDAY_APPR_PROCESS_START_TUESDAY_MEAN,float64,291057,316,0.11,290741,99.89,False,58.91,False,0.0,171462,"[(np.float64(0.0), 171462), (np.float64(0.5), 15632), (np.float64(0.3333333333333333), 15028)]",291057,0.0,58.91,0.5,5.37,"[('0.0', 58.91), ('0.5', 5.37), ('0.3333333333333333', 5.16)]",False,Most frequent dominates with 58.91%,291057,16454,5.35,316,very_high_cardinality,True,True,False,False,"target_encoding, hash_encoding, or embedding_layer","['0.0', '0.0416666666666666', '0.28', '0.3548387096774194', '0.2162162162162162']",,,,,,,,,,,False,0.0,0.0,,,0.0,0.0,,,291057.0,0.0,1.0,1.0,0.147,0.0,0.2362,1.6068,0.0,0.25,0.25,1.9502,3.6405,171462.0,0.0,0.0,0.25,0.25,-0.375,0.625,15201.0,5.2227,0.0535,0.147,0.0,0.2362,0.0,0.0,0.25,1.0,0.25,1.9502,3.6405,15201.0,0.0522,highly_skewed,variable,0.0,non_normal,16454.0,0.0,0.25,0.25,-0.38,0.62,0.0,15201.0,15201.0,5.22,0.0,0.0,-0.56,0.86,0.0,9415.0,9415.0,3.23,0.16,9599.0,3.3,0.0,1.0,0.0,0.0,3.64,right_skewed,True,True,True,True,high,robust_scaling_or_transform,-0.38,0.62,heavy_tailed,log1p_or_quantile_transform,True,True,False,True,True,True,False,True,1.0,drop_or_encode,near_constant,0.5891
555,PREV_WEEKDAY_APPR_PROCESS_START_WEDNESDAY_MEAN,float64,291057,316,0.11,290741,99.89,False,58.81,False,0.0,171167,"[(np.float64(0.0), 171167), (np.float64(0.5), 15602), (np.float64(0.3333333333333333), 14868)]",291057,0.0,58.81,0.5,5.36,"[('0.0', 58.81), ('0.5', 5.36), ('0.3333333333333333', 5.11)]",False,Most frequent dominates with 58.81%,291057,16454,5.35,316,very_high_cardinality,True,True,False,False,"target_encoding, hash_encoding, or embedding_layer","['0.0', '0.4615384615384615', '0.2592592592592592', '0.45', '0.3214285714285714']",,,,,,,,,,,False,0.0,0.0,,,0.0,0.0,,,291057.0,0.0,1.0,1.0,0.1476,0.0,0.2372,1.6066,0.0,0.25,0.25,1.9488,3.6167,171167.0,0.0,0.0,0.25,0.25,-0.375,0.625,15478.0,5.3179,0.0535,0.1476,0.0,0.2372,0.0,0.0,0.25,1.0,0.25,1.9488,3.6168,15478.0,0.0532,highly_skewed,variable,0.0,non_normal,16454.0,0.0,0.25,0.25,-0.38,0.62,0.0,15478.0,15478.0,5.32,0.0,0.0,-0.56,0.86,0.0,9509.0,9509.0,3.27,0.16,9763.0,3.35,0.0,1.0,0.0,0.0,3.62,right_skewed,True,True,True,True,high,robust_scaling_or_transform,-0.38,0.62,heavy_tailed,log1p_or_quantile_transform,True,True,False,True,True,True,False,True,1.0,drop_or_encode,near_constant,0.5881
556,PREV_WEEKDAY_APPR_PROCESS_START_nan_MEAN,float64,291057,1,0.0,291056,100.0,True,100.0,True,0.0,291057,"[(np.float64(0.0), 291057)]",291057,0.0,100.0,,,"[('0.0', 100.0)]",True,Appears uniformly dominated,291057,16454,5.35,1,single_category,False,False,False,False,drop_column (constant),['0.0'],,,,,,,,,,,False,0.0,0.0,,,0.0,0.0,,,291057.0,0.0,0.0,0.0,0.0,0.0,0.0,,0.0,0.0,0.0,,,291057.0,0.0,0.0,0.0,0.0,0.0,0.0,0.0,0.0,0.0535,0.0,0.0,0.0,0.0,0.0,0.0,0.0,0.0,0.0,0.0,0.0,0.0,approximately_symmetric,constant,,constant,16454.0,0.0,0.0,0.0,0.0,0.0,0.0,0.0,0.0,0.0,0.0,0.0,,,0.0,0.0,0.0,0.0,,0.0,0.0,0.0,0.0,0.0,0.0,,moderate_deviation,False,False,False,False,none,none_needed,0.0,0.0,constant_or_near_constant,drop_column,True,False,False,True,True,True,True,False,0.2,drop_or_encode,near_constant,1.0
557,REFUSED_AMT_APPLICATION_MAX,float64,100294,17300,17.25,82994,82.75,False,8.13,False,0.0,8154,"[(np.float64(0.0), 8154), (np.float64(225000.0), 6278), (np.float64(450000.0), 4652)]",100294,0.0,8.13,225000.0,6.26,"[('0.0', 8.13), ('225000.0', 6.26), ('450000.0', 4.64)]",False,Most frequent dominates with 8.13%,100294,207217,67.39,17300,very_high_cardinality,True,True,False,False,"target_encoding, hash_encoding, or embedding_layer","['688500.0', '53860.5', '143109.0', '327132.0', '94725.0']",,,,,,,,,,,False,0.0,0.0,,,0.0,0.0,,,100294.0,0.0,4455000.0,4455000.0,388414.356,202500.0,481614.6854,1.24,67500.0,494988.75,427488.75,2.1275,5.5392,8154.0,0.0,67500.0,494988.75,427488.75,-573733.125,1136221.875,8447.0,8.4222,0.6739,388414.356,202500.0,481614.6854,0.0,67500.0,494988.75,4455000.0,427488.75,2.1275,5.5396,8447.0,0.0842,highly_skewed,variable,0.0,non_normal,207217.0,67500.0,494988.75,427488.75,-573733.12,1136221.88,0.0,8447.0,8447.0,8.42,2649.0,2.64,-1056429.7,1833258.41,0.0,1729.0,1729.0,1.72,157500.0,11225.0,11.19,0.0,2250000.0,493.0,0.49,5.54,right_skewed,True,True,True,True,high,robust_scaling_or_transform,-573733.12,1136221.88,heavy_tailed,log1p_or_quantile_transform,True,True,False,True,False,False,False,True,0.8,bin,"high_skew, high_outliers",0.0813
558,REFUSED_AMT_APPLICATION_MEAN,float64,100294,32297,32.2,67997,67.8,False,8.13,False,0.0,8154,"[(np.float64(0.0), 8154), (np.float64(225000.0), 3264), (np.float64(45000.0), 2984)]",100294,0.0,8.13,225000.0,3.25,"[('0.0', 8.13), ('225000.0', 3.25), ('45000.0', 2.98)]",False,Most frequent dominates with 8.13%,100294,207217,67.39,32297,very_high_cardinality,True,True,False,False,"target_encoding, hash_encoding, or embedding_layer","['688500.0', '52141.5', '146223.0', '217356.361875', '476152.125']",,,,,,,,,,,False,0.0,0.0,,,0.0,0.0,,,100294.0,0.0,4455000.0,4455000.0,295893.0026,157354.3125,373811.0293,1.2633,58447.125,382500.0,324052.875,2.4505,8.0139,8154.0,0.0,58447.125,382500.0,324052.875,-427632.1875,868579.3125,8630.0,8.6047,0.6739,295893.0026,157354.3125,373811.0293,0.0,58447.125,382500.0,4455000.0,324052.875,2.4506,8.0143,8630.0,0.086,highly_skewed,variable,0.0,non_normal,207217.0,58447.12,382500.0,324052.88,-427632.19,868579.31,0.0,8630.0,8630.0,8.6,2141.0,2.13,-825540.09,1417326.09,0.0,1899.0,1899.0,1.89,115106.06,10617.0,10.59,0.0,1755000.0,1002.0,1.0,8.01,right_skewed,True,True,True,True,high,robust_scaling_or_transform,-427632.19,868579.31,heavy_tailed,log1p_or_quantile_transform,True,True,False,True,False,False,False,True,0.8,bin,"high_skew, high_outliers",0.0813
559,REFUSED_AMT_CREDIT_MAX,float64,100294,24804,24.73,75490,75.27,False,4.92,False,0.0,4930,"[(np.float64(0.0), 4930), (np.float64(225000.0), 3826), (np.float64(45000.0), 2977)]",100294,0.0,4.92,225000.0,3.81,"[('0.0', 4.92), ('225000.0', 3.81), ('45000.0', 2.97)]",False,Most frequent dominates with 4.92%,100294,207217,67.39,24804,very_high_cardinality,True,True,False,False,"target_encoding, hash_encoding, or embedding_layer","['906615.0', '137731.5', '121410.0', '86211.0', '1140156.0']",,,,,,,,,,,False,0.0,0.0,,,0.0,0.0,,,100294.0,0.0,4104351.0,4104351.0,434790.9588,225000.0,523043.1537,1.203,85037.625,585000.0,499962.375,2.0575,5.1295,4930.0,0.0,85037.625,585000.0,499962.375,-664905.9375,1334943.5625,7773.0,7.7502,0.6739,434790.9588,225000.0,523043.1537,0.0,85037.625,585000.0,4104351.0,499962.375,2.0575,5.1298,7773.0,0.0775,highly_skewed,variable,0.0,non_normal,207217.0,85037.62,585000.0,499962.38,-664905.94,1334943.56,0.0,7773.0,7773.0,7.75,1641.0,1.64,-1134338.5,2003920.42,0.0,2214.0,2214.0,2.21,180000.0,10557.0,10.53,0.0,2303460.0,1000.0,1.0,5.13,right_skewed,True,True,True,True,high,robust_scaling_or_transform,-664905.94,1334943.56,heavy_tailed,log1p_or_quantile_transform,True,True,False,True,False,False,False,True,0.8,bin,"high_skew, high_outliers",0.0492
560,REFUSED_AMT_CREDIT_MEAN,float64,100294,53226,53.07,47068,46.93,False,4.92,False,0.0,4930,"[(np.float64(0.0), 4930), (np.float64(45000.0), 2561), (np.float64(225000.0), 2100)]",100294,0.0,4.92,45000.0,2.55,"[('0.0', 4.92), ('45000.0', 2.55), ('225000.0', 2.09)]",False,Most frequent dominates with 4.92%,100294,207217,67.39,53226,very_high_cardinality,True,True,False,False,"target_encoding, hash_encoding, or embedding_layer","['906615.0', '1368000.0', '112743.0', '203400.0', '37782.0']",,,,,,,,,,,False,0.0,0.0,,,0.0,0.0,,,100294.0,0.0,4085550.0,4085550.0,331421.6774,180000.0,404992.1972,1.222,70864.125,443160.0,372295.875,2.3748,7.4352,4930.0,0.0,70864.125,443160.0,372295.875,-487579.6875,1001603.8125,7515.0,7.493,0.6739,331421.6774,180000.0,404992.1972,0.0,70864.125,443160.0,4085550.0,372295.875,2.3748,7.4356,7515.0,0.0749,highly_skewed,variable,0.0,non_normal,207217.0,70864.12,443160.0,372295.88,-487579.69,1001603.81,0.0,7515.0,7515.0,7.49,1875.0,1.87,-883554.91,1546398.27,0.0,1912.0,1912.0,1.91,135000.0,9835.0,9.81,0.0,1862802.0,996.0,0.99,7.44,right_skewed,True,True,True,True,high,robust_scaling_or_transform,-487579.69,1001603.81,heavy_tailed,log1p_or_quantile_transform,True,True,False,True,False,False,False,True,0.8,bin,"high_skew, high_outliers",0.0492
561,REFUSED_APP_CREDIT_PERC_MAX,float64,95364,22656,23.76,72708,76.24,False,42.43,False,1.0,40460,"[(np.float64(1.0), 40460), (np.float64(0.0), 3224), (np.float64(1.1111111111111112), 3175)]",95364,1.0,42.43,0.0,3.38,"[('1.0', 42.43), ('0.0', 3.38), ('1.1111111111111112', 3.33)]",False,Most frequent dominates with 42.43%,95364,212147,68.99,22656,very_high_cardinality,True,True,False,False,"target_encoding, hash_encoding, or embedding_layer","['0.7594182756737976', '1.5831169653600152', '1.1111431704079866', '0.9528246942341292', '0.8988130724621972']",,,,,,,,,,,False,0.0,0.0,,,0.0,0.0,,,95364.0,0.0,17.0,17.0,0.9725,1.0,0.2974,0.3058,0.9132,1.0,0.0868,8.9381,341.1312,3224.0,0.0,0.9132,1.0,0.0868,0.783,1.1302,12310.0,12.9084,0.6899,0.9725,1.0,0.2974,0.0,0.9132,1.0,17.0,0.0868,8.9382,341.1492,12310.0,0.1291,highly_skewed,variable,0.0,non_normal,212147.0,0.91,1.0,0.09,0.78,1.13,5531.0,6779.0,12310.0,12.91,6428.0,6.74,0.08,1.86,3225.0,731.0,3956.0,4.15,0.06,6727.0,7.05,0.0,1.71,953.0,1.0,341.13,right_skewed,True,True,True,True,severe,consider_log_transform,0.78,1.13,heavy_tailed,log1p_or_quantile_transform,True,True,False,True,False,False,False,True,0.8,bin,"high_skew, high_outliers",0.0338
562,REFUSED_APP_CREDIT_PERC_MEAN,float64,95364,43000,45.09,52364,54.91,False,26.84,False,1.0,25591,"[(np.float64(1.0), 25591), (np.float64(0.0), 3224), (np.float64(1.1111111111111112), 1675)]",95364,1.0,26.84,0.0,3.38,"[('1.0', 26.84), ('0.0', 3.38), ('1.1111111111111112', 1.76)]",False,Most frequent dominates with 26.84%,95364,212147,68.99,43000,very_high_cardinality,True,True,False,False,"target_encoding, hash_encoding, or embedding_layer","['0.7594182756737976', '0.9827558485408796', '1.1585354496627578', '0.8634437017629443', '0.8581070947187349']",,,,,,,,,,,False,0.0,0.0,,,0.0,0.0,,,95364.0,0.0,8.5,8.5,0.922,0.9603,0.2431,0.2637,0.8794,1.0,0.1206,0.4881,50.053,3224.0,0.0,0.8794,1.0,0.1206,0.6985,1.1809,9923.0,10.4054,0.6899,0.922,0.9603,0.2431,0.0,0.8794,1.0,8.5,0.1206,0.4881,50.0557,9923.0,0.1041,approximately_symmetric,variable,0.0,non_normal,212147.0,0.88,1.0,0.12,0.7,1.18,6721.0,3202.0,9923.0,10.41,6203.0,6.5,0.19,1.65,3286.0,509.0,3795.0,3.98,0.05,9127.0,9.57,0.0,1.43,954.0,1.0,50.05,heavy_tailed,True,False,True,True,severe,consider_log_transform,0.7,1.18,heavy_tailed,quantile_transform_or_robust_scaler,True,True,False,True,False,False,False,True,0.5,bin,high_outliers,0.0338
563,REFUSED_DAYS_DECISION_MEAN,float64,100294,17440,17.39,82854,82.61,False,0.15,False,-245.0,146,"[(np.float64(-245.0), 146), (np.float64(-238.0), 132), (np.float64(-210.0), 124)]",100294,-245.0,0.15,-238.0,0.13,"[('-245.0', 0.15), ('-238.0', 0.13), ('-210.0', 0.12)]",False,Most frequent dominates with 0.15%,100294,207217,67.39,17440,very_high_cardinality,True,True,False,False,"target_encoding, hash_encoding, or embedding_layer","['-181.0', '-1504.0', '-1375.4', '-588.25', '-2415.25']",,,,,,,,,,,False,0.0,0.0,,,0.0,0.0,,,100294.0,-2922.0,-2.0,2920.0,-847.7527,-548.8452,744.5077,0.8782,-1218.0,-286.0,932.0,-1.1391,0.1965,0.0,100294.0,-1218.0,-286.0,932.0,-2616.0,1112.0,2981.0,2.9723,0.6739,-847.7527,-548.8452,744.5077,-2922.0,-1218.0,-286.0,-2.0,932.0,-1.1392,0.1966,2981.0,0.0297,highly_skewed,variable,0.0,non_normal,207217.0,-1218.0,-286.0,932.0,-2616.0,1112.0,2981.0,0.0,2981.0,2.97,0.0,0.0,-3081.28,1385.77,0.0,0.0,0.0,0.0,331.4,8515.0,8.49,-2785.03,-13.0,1950.0,1.94,0.2,left_skewed,False,True,False,True,moderate,winsorize_lower_or_clip,-2616.0,1112.0,left_skewed,yeo_johnson_or_square_transform,True,False,True,True,False,False,False,True,0.5,bin,high_skew,0.0
564,REFUSED_DAYS_DECISION_MIN,float64,100294,2921,2.91,97373,97.09,False,0.17,False,-245.0,168,"[(np.float64(-245.0), 168), (np.float64(-238.0), 149), (np.float64(-252.0), 148)]",100294,-245.0,0.17,-238.0,0.15,"[('-245.0', 0.17), ('-238.0', 0.15), ('-252.0', 0.15)]",False,Most frequent dominates with 0.17%,100294,207217,67.39,2921,very_high_cardinality,True,True,False,False,"target_encoding, hash_encoding, or embedding_layer","['-181.0', '-1052.0', '-2401.0', '-2545.0', '-1016.0']",,,,,,,,,,,False,0.0,0.0,,,0.0,0.0,,,100294.0,-2922.0,-2.0,2920.0,-983.9491,-642.0,832.5195,0.8461,-1532.0,-316.0,1216.0,-0.8651,-0.5905,0.0,100294.0,-1532.0,-316.0,1216.0,-3356.0,1508.0,0.0,0.0,0.6739,-983.9491,-642.0,832.5195,-2922.0,-1532.0,-316.0,-2.0,1216.0,-0.8651,-0.5904,0.0,0.0,moderately_skewed,variable,0.0,non_normal,207217.0,-1532.0,-316.0,1216.0,-3356.0,1508.0,0.0,0.0,0.0,0.0,0.0,0.0,-3481.51,1513.61,0.0,0.0,0.0,0.0,418.0,1424.0,1.42,-2841.0,-14.0,1995.0,1.99,-0.59,moderate_deviation,False,True,False,False,none,none_needed,-3356.0,1508.0,approximately_normal,none_or_standard_scaler,True,False,False,True,True,False,False,True,0.5,treat_as_categorical,"high_skew, discrete",0.0
565,REFUSED_SK_ID_PREV_NUNIQUE,float64,100294,45,0.04,100249,99.96,False,46.4,False,1.0,46534,"[(np.float64(1.0), 46534), (np.float64(2.0), 22739), (np.float64(3.0), 11859)]",100294,1.0,46.4,2.0,22.67,"[('1.0', 46.4), ('2.0', 22.67), ('3.0', 11.82)]",False,Most frequent dominates with 46.4%,100294,207217,67.39,45,medium_cardinality,False,False,False,True,"target_encoding, leave_as_integer, or one_hot_if_dense","['1.0', '7.0', '18.0', '37.0', '47.0']",,,,,,,,,,,False,0.0,0.0,,,0.0,0.0,,,100294.0,1.0,68.0,67.0,2.4467,2.0,2.3716,0.9693,1.0,3.0,2.0,4.0792,36.4159,0.0,0.0,1.0,3.0,2.0,-2.0,6.0,5530.0,5.5138,0.6739,2.4467,2.0,2.3716,1.0,1.0,3.0,68.0,2.0,4.0793,36.4178,5530.0,0.0551,highly_skewed,variable,0.0,non_normal,207217.0,1.0,3.0,2.0,-2.0,6.0,0.0,5530.0,5530.0,5.51,2022.0,2.02,-4.67,9.56,0.0,2022.0,2022.0,2.02,1.0,3784.0,3.77,1.0,12.0,825.0,0.82,36.42,right_skewed,True,True,True,True,high,robust_scaling_or_transform,-2.0,6.0,heavy_tailed,log1p_or_quantile_transform,True,True,False,True,True,True,False,True,0.8,drop_or_encode,near_constant,0.0
566,REGION_POPULATION_RELATIVE,float64,307511,81,0.03,307430,99.97,False,5.34,False,0.035792,16408,"[(np.float64(0.035792), 16408), (np.float64(0.04622), 13442), (np.float64(0.030755), 12163)]",307511,0.035792,5.34,0.04622,4.37,"[('0.035792', 5.34), ('0.04622', 4.37), ('0.030755', 3.96)]",False,Most frequent dominates with 5.34%,307511,0,0.0,81,high_cardinality,True,False,False,True,"target_encoding, frequency_encoding, or hash_encoding","['0.018801', '0.04622', '0.006629', '0.00712', '0.00963']",,,,,,,,,,,False,0.0,0.0,,,0.0,0.0,,,307511.0,0.0003,0.0725,0.0722,0.0209,0.0188,0.0138,0.6628,0.01,0.0287,0.0187,1.488,3.26,0.0,0.0,0.01,0.0287,0.0187,-0.018,0.0566,8412.0,2.7355,0.0,0.0209,0.0188,0.0138,0.0003,0.01,0.0287,0.0725,0.0187,1.488,3.2601,8412.0,0.0274,highly_skewed,variable,0.0,non_normal,0.0,0.01,0.03,0.02,-0.02,0.06,0.0,8412.0,8412.0,2.74,0.0,0.0,-0.02,0.06,0.0,8412.0,8412.0,2.74,0.01,8412.0,2.74,0.0,0.07,2971.0,0.97,3.26,right_skewed,True,True,True,True,moderate,log_transform_or_winsorize,-0.02,0.06,heavy_tailed,log1p_or_quantile_transform,True,False,True,True,True,True,False,True,0.5,drop_or_encode,near_constant,0.0
567,REGION_RATING_CLIENT,int64,307511,3,0.0,307508,100.0,False,73.81,False,2,226984,"[(np.int64(2), 226984), (np.int64(3), 48330), (np.int64(1), 32197)]",307511,2,73.81,3,15.72,"[('2', 73.81), ('3', 15.72), ('1', 10.47)]",False,Most frequent dominates with 73.81%,307511,0,0.0,3,low_cardinality,False,False,False,True,one_hot_encoding or label_encoding,"['2', '1', '3']",,,,,,,,,,,False,0.0,0.0,,,0.0,0.0,,,307511.0,1.0,3.0,2.0,2.0525,2.0,0.509,0.248,2.0,2.0,0.0,0.0875,0.8004,0.0,0.0,2.0,2.0,0.0,2.0,2.0,80527.0,26.1867,0.0,2.0525,2.0,0.509,1.0,2.0,2.0,3.0,0.0,0.0875,0.8004,0.0,0.0,approximately_symmetric,variable,0.0,non_normal,0.0,2.0,2.0,0.0,2.0,2.0,32197.0,48330.0,80527.0,26.19,80527.0,26.19,0.53,3.58,0.0,0.0,0.0,0.0,0.34,0.0,0.0,1.0,3.0,0.0,0.0,0.8,approximately_normal,False,False,True,True,severe,review_data_source,2.0,2.0,approximately_normal,none_or_standard_scaler,False,True,False,True,True,True,False,False,0.0,drop_or_encode,near_constant,0.0
568,REGION_RATING_CLIENT_W_CITY,int64,307511,3,0.0,307508,100.0,False,74.63,False,2,229484,"[(np.int64(2), 229484), (np.int64(3), 43860), (np.int64(1), 34167)]",307511,2,74.63,3,14.26,"[('2', 74.63), ('3', 14.26), ('1', 11.11)]",False,Most frequent dominates with 74.63%,307511,0,0.0,3,low_cardinality,False,False,False,True,one_hot_encoding or label_encoding,"['2', '1', '3']",,,,,,,,,,,False,0.0,0.0,,,0.0,0.0,,,307511.0,1.0,3.0,2.0,2.0315,2.0,0.5027,0.2475,2.0,2.0,0.0,0.0597,0.9335,0.0,0.0,2.0,2.0,0.0,2.0,2.0,78027.0,25.3737,0.0,2.0315,2.0,0.5027,1.0,2.0,2.0,3.0,0.0,0.0597,0.9336,0.0,0.0,approximately_symmetric,variable,0.0,non_normal,0.0,2.0,2.0,0.0,2.0,2.0,34167.0,43860.0,78027.0,25.37,78027.0,25.37,0.52,3.54,0.0,0.0,0.0,0.0,0.34,0.0,0.0,1.0,3.0,0.0,0.0,0.93,approximately_normal,False,False,True,True,severe,review_data_source,2.0,2.0,approximately_normal,none_or_standard_scaler,False,True,False,True,True,True,False,False,0.0,drop_or_encode,near_constant,0.0
569,REG_CITY_NOT_LIVE_CITY,int64,307511,2,0.0,307509,100.0,False,92.18,False,0,283472,"[(np.int64(0), 283472), (np.int64(1), 24039)]",307511,0,92.18,1,7.82,"[('0', 92.18), ('1', 7.82)]",False,Most frequent dominates with 92.18%,307511,0,0.0,2,binary,False,False,False,False,binary_encoding or label_encoding,"['0', '1']",,,,,,,,,,,False,0.0,0.0,,,0.0,0.0,,,307511.0,0.0,1.0,1.0,0.0782,0.0,0.2684,3.434,0.0,0.0,0.0,3.1428,7.877,283472.0,0.0,0.0,0.0,0.0,0.0,0.0,24039.0,7.8173,0.0,0.0782,0.0,0.2684,0.0,0.0,0.0,1.0,0.0,3.1428,7.8771,0.0,0.0,highly_skewed,variable,0.0,non_normal,0.0,0.0,0.0,0.0,0.0,0.0,0.0,24039.0,24039.0,7.82,24039.0,7.82,-0.73,0.88,0.0,24039.0,24039.0,7.82,0.18,24039.0,7.82,0.0,1.0,0.0,0.0,7.88,right_skewed,True,True,True,True,high,robust_scaling_or_transform,0.0,0.0,zero_inflated,log1p_or_tweedie,True,True,False,True,True,True,True,False,0.5,drop_or_encode,near_constant,0.9218
570,REG_CITY_NOT_WORK_CITY,int64,307511,2,0.0,307509,100.0,False,76.95,False,0,236644,"[(np.int64(0), 236644), (np.int64(1), 70867)]",307511,0,76.95,1,23.05,"[('0', 76.95), ('1', 23.05)]",False,Most frequent dominates with 76.95%,307511,0,0.0,2,binary,False,False,False,False,binary_encoding or label_encoding,"['0', '1']",,,,,,,,,,,False,0.0,0.0,,,0.0,0.0,,,307511.0,0.0,1.0,1.0,0.2305,0.0,0.4211,1.8274,0.0,0.0,0.0,1.2801,-0.3613,236644.0,0.0,0.0,0.0,0.0,0.0,0.0,70867.0,23.0454,0.0,0.2305,0.0,0.4211,0.0,0.0,0.0,1.0,0.0,1.2801,-0.3613,0.0,0.0,highly_skewed,variable,0.0,non_normal,0.0,0.0,0.0,0.0,0.0,0.0,0.0,70867.0,70867.0,23.05,70867.0,23.05,-1.03,1.49,0.0,0.0,0.0,0.0,0.28,0.0,0.0,0.0,1.0,0.0,0.0,-0.36,right_skewed,False,True,True,True,severe,review_data_source,0.0,0.0,zero_inflated,log1p_or_tweedie,True,True,False,True,True,True,True,False,0.5,drop_or_encode,near_constant,0.7695
571,REG_REGION_NOT_LIVE_REGION,int64,307511,2,0.0,307509,100.0,False,98.49,True,0,302854,"[(np.int64(0), 302854), (np.int64(1), 4657)]",307511,0,98.49,1,1.51,"[('0', 98.49), ('1', 1.51)]",True,Appears uniformly dominated,307511,0,0.0,2,binary,False,False,False,False,binary_encoding or label_encoding,"['0', '1']",,,,,,,,,,,False,0.0,0.0,,,0.0,0.0,,,307511.0,0.0,1.0,1.0,0.0151,0.0,0.1221,8.0643,0.0,0.0,0.0,7.9402,61.0474,302854.0,0.0,0.0,0.0,0.0,0.0,0.0,4657.0,1.5144,0.0,0.0151,0.0,0.1221,0.0,0.0,0.0,1.0,0.0,7.9403,61.0484,0.0,0.0,highly_skewed,variable,0.0,non_normal,0.0,0.0,0.0,0.0,0.0,0.0,0.0,4657.0,4657.0,1.51,4657.0,1.51,-0.35,0.38,0.0,4657.0,4657.0,1.51,0.08,4657.0,1.51,0.0,1.0,0.0,0.0,61.05,right_skewed,True,True,True,True,moderate,log_transform_or_winsorize,0.0,0.0,zero_inflated,log1p_or_tweedie,True,False,False,True,True,True,True,False,0.5,drop_or_encode,near_constant,0.9849
572,REG_REGION_NOT_WORK_REGION,int64,307511,2,0.0,307509,100.0,False,94.92,False,0,291899,"[(np.int64(0), 291899), (np.int64(1), 15612)]",307511,0,94.92,1,5.08,"[('0', 94.92), ('1', 5.08)]",False,Most frequent dominates with 94.92%,307511,0,0.0,2,binary,False,False,False,False,binary_encoding or label_encoding,"['0', '1']",,,,,,,,,,,False,0.0,0.0,,,0.0,0.0,,,307511.0,0.0,1.0,1.0,0.0508,0.0,0.2195,4.324,0.0,0.0,0.0,4.0927,14.7506,291899.0,0.0,0.0,0.0,0.0,0.0,0.0,15612.0,5.0769,0.0,0.0508,0.0,0.2195,0.0,0.0,0.0,1.0,0.0,4.0928,14.7508,0.0,0.0,highly_skewed,variable,0.0,non_normal,0.0,0.0,0.0,0.0,0.0,0.0,0.0,15612.0,15612.0,5.08,15612.0,5.08,-0.61,0.71,0.0,15612.0,15612.0,5.08,0.15,15612.0,5.08,0.0,1.0,0.0,0.0,14.75,right_skewed,True,True,True,True,high,robust_scaling_or_transform,0.0,0.0,zero_inflated,log1p_or_tweedie,True,True,False,True,True,True,True,False,0.5,drop_or_encode,near_constant,0.9492
573,SK_ID_CURR,int64,307511,307511,100.0,0,0.0,False,0.0,False,100002,1,"[(np.int64(100002), 1), (np.int64(100003), 1), (np.int64(100004), 1)]",307511,100002,0.0,100003,0.0,"[('100002', 0.0), ('100003', 0.0), ('100004', 0.0)]",False,Most frequent dominates with 0.0%,307511,0,0.0,307511,very_high_cardinality,True,True,True,False,"target_encoding, hash_encoding, or embedding_layer","['100002', '171327', '242626', '313865', '384696']",,,,,,,,,,,False,0.0,0.0,,,0.0,0.0,,,307511.0,100002.0,456255.0,356253.0,278180.5186,278202.0,102790.1753,0.3695,189145.5,367142.5,177997.0,-0.0012,-1.199,0.0,0.0,189145.5,367142.5,177997.0,-77850.0,634138.0,0.0,0.0,0.0,278180.5186,278202.0,102790.1753,100002.0,189145.5,367142.5,456255.0,177997.0,-0.0012,-1.199,0.0,0.0,approximately_symmetric,variable,0.0,non_normal,0.0,189145.5,367142.5,177997.0,-77850.0,634138.0,0.0,0.0,0.0,0.0,0.0,0.0,-30190.01,586551.04,0.0,0.0,0.0,0.0,88999.0,0.0,0.0,103590.2,452712.9,6152.0,2.0,-1.2,light_tailed,False,False,False,False,none,none_needed,-77850.0,634138.0,approximately_normal,none_or_standard_scaler,True,False,False,True,False,False,False,False,0.2,keep_continuous,no_strong_signal,0.0
574,TARGET,int64,307511,2,0.0,307509,100.0,False,91.93,False,0,282686,"[(np.int64(0), 282686), (np.int64(1), 24825)]",307511,0,91.93,1,8.07,"[('0', 91.93), ('1', 8.07)]",False,Most frequent dominates with 91.93%,307511,0,0.0,2,binary,False,False,False,False,binary_encoding or label_encoding,"['1', '0']",,,,,,,,,,,,,,,,,,,,307511.0,0.0,1.0,1.0,0.0807,0.0,0.2724,3.3745,0.0,0.0,0.0,3.0781,7.475,282686.0,0.0,0.0,0.0,0.0,0.0,0.0,24825.0,8.0729,0.0,0.0807,0.0,0.2724,0.0,0.0,0.0,1.0,0.0,3.0782,7.4751,0.0,0.0,highly_skewed,variable,0.0,non_normal,0.0,0.0,0.0,0.0,0.0,0.0,0.0,24825.0,24825.0,8.07,24825.0,8.07,-0.74,0.9,0.0,24825.0,24825.0,8.07,0.18,24825.0,8.07,0.0,1.0,0.0,0.0,7.47,right_skewed,True,True,True,True,high,robust_scaling_or_transform,0.0,0.0,zero_inflated,log1p_or_tweedie,True,True,False,True,True,True,True,False,0.5,drop_or_encode,near_constant,0.9193
575,TOTALAREA_MODE,float64,159080,5116,3.22,153964,96.78,False,0.37,False,0.0,582,"[(np.float64(0.0), 582), (np.float64(0.057), 247), (np.float64(0.0547), 230)]",159080,0.0,0.37,0.057,0.16,"[('0.0', 0.37), ('0.057', 0.16), ('0.0547', 0.14)]",False,Most frequent dominates with 0.37%,159080,148431,48.27,5116,very_high_cardinality,True,True,False,False,"target_encoding, hash_encoding, or embedding_layer","['0.0149', '0.044', '0.3103', '0.1929', '0.3932']",,,,,,,,,,,False,0.0,0.0,,,0.0,0.0,,,159080.0,0.0,1.0,1.0,0.1025,0.0688,0.1075,1.0479,0.0412,0.1276,0.0864,2.7975,12.1671,582.0,0.0,0.0412,0.1276,0.0864,-0.0884,0.2572,12091.0,7.6006,0.4827,0.1025,0.0688,0.1075,0.0,0.0412,0.1276,1.0,0.0864,2.7976,12.1675,12091.0,0.076,highly_skewed,variable,0.0,non_normal,148431.0,0.04,0.13,0.09,-0.09,0.26,0.0,12091.0,12091.0,7.6,4305.0,2.71,-0.22,0.42,0.0,3323.0,3323.0,2.09,0.04,11542.0,7.26,0.0,0.53,3047.0,1.92,12.17,right_skewed,True,True,True,True,high,robust_scaling_or_transform,-0.09,0.26,heavy_tailed,log1p_or_quantile_transform,True,True,False,True,True,False,False,True,0.8,treat_as_categorical,"high_skew, high_outliers, discrete",0.0037
576,WALLSMATERIAL_MODE,object,151170,7,0.0,151163,100.0,False,43.69,False,Panel,66040,"[('Panel', 66040), ('Stone, brick', 64815), ('Block', 9253)]",151170,Panel,43.69,"Stone, brick",42.88,"[('Panel', 43.69), ('Stone, brick', 42.88), ('Block', 6.12)]",False,Most frequent dominates with 43.69%,151170,156341,50.84,7,low_cardinality,False,False,False,False,one_hot_encoding or label_encoding,"['Stone, brick', 'Block', 'Panel', 'Mixed', 'Wooden']",156341.0,50.84,Panel,43.69,0.0,0.0,False,relatively_balanced,0.6058,False,False,0.0,0.0,,,7.0,7.0,"panel(66040), stone, brick(64815), block(9253)","panel(11269), stone, brick(10434), block(1428)",,,,,,,,,,,,,,,,,,,,,,,,,,,,,,,,,,,,,,,,,,,,,,,,,,,,,,,,,,,,,,,,,,,,,,,,,,,,,,,,,,,,,,,,
577,WEEKDAY_APPR_PROCESS_START,object,307511,7,0.0,307504,100.0,False,17.53,False,TUESDAY,53901,"[('TUESDAY', 53901), ('WEDNESDAY', 51934), ('MONDAY', 50714)]",307511,TUESDAY,17.53,WEDNESDAY,16.89,"[('TUESDAY', 17.53), ('WEDNESDAY', 16.89), ('MONDAY', 16.49)]",False,Most frequent dominates with 17.53%,307511,0,0.0,7,low_cardinality,False,False,False,False,one_hot_encoding or label_encoding,"['WEDNESDAY', 'MONDAY', 'THURSDAY', 'SUNDAY', 'SATURDAY']",0.0,0.0,TUESDAY,17.53,0.0,0.0,False,highly_balanced,0.9732,False,False,0.0,0.0,,,7.0,7.0,"tuesday(53901), wednesday(51934), monday(50714)","tuesday(9751), wednesday(8457), thursday(8418)",,,,,,,,,,,,,,,,,,,,,,,,,,,,,,,,,,,,,,,,,,,,,,,,,,,,,,,,,,,,,,,,,,,,,,,,,,,,,,,,,,,,,,,,
578,YEARS_BEGINEXPLUATATION_AVG,float64,157504,285,0.18,157219,99.82,False,2.74,False,0.9871,4311,"[(np.float64(0.9871), 4311), (np.float64(0.9856), 4189), (np.float64(0.9861), 4171)]",157504,0.9871,2.74,0.9856,2.66,"[('0.9871', 2.74), ('0.9856', 2.66), ('0.9861', 2.65)]",False,Most frequent dominates with 2.74%,157504,150007,48.78,285,very_high_cardinality,True,True,False,False,"target_encoding, hash_encoding, or embedding_layer","['0.9722', '0.9921', '0.4913', '0.9066', '0.4968']",,,,,,,,,,,False,0.0,0.0,,,0.0,0.0,,,157504.0,0.0,1.0,1.0,0.9777,0.9816,0.0592,0.0606,0.9767,0.9866,0.0099,-15.5151,248.1684,514.0,0.0,0.9767,0.9866,0.0099,0.9618,1.0015,4784.0,3.0374,0.4878,0.9777,0.9816,0.0592,0.0,0.9767,0.9866,1.0,0.0099,-15.5153,248.1763,4784.0,0.0304,highly_skewed,variable,0.0,non_normal,150007.0,0.98,0.99,0.01,0.96,1.0,4784.0,0.0,4784.0,3.04,1420.0,0.9,0.8,1.16,694.0,0.0,694.0,0.44,0.01,2837.0,1.8,0.95,1.0,2421.0,1.54,248.17,left_skewed,True,True,True,True,moderate,winsorize_lower_or_clip,0.96,1.0,heavy_tailed,quantile_transform_or_robust_scaler,True,False,True,True,True,True,False,True,0.8,drop_or_encode,near_constant,0.0033
579,YEARS_BEGINEXPLUATATION_MEDI,float64,157504,245,0.16,157259,99.84,False,2.74,False,0.9871,4314,"[(np.float64(0.9871), 4314), (np.float64(0.9861), 4247), (np.float64(0.9856), 4199)]",157504,0.9871,2.74,0.9861,2.7,"[('0.9871', 2.74), ('0.9861', 2.7), ('0.9856', 2.67)]",False,Most frequent dominates with 2.74%,157504,150007,48.78,245,very_high_cardinality,True,True,False,False,"target_encoding, hash_encoding, or embedding_layer","['0.9722', '0.9692', '0.9613', '0.4883', '0.9215']",,,,,,,,,,,False,0.0,0.0,,,0.0,0.0,,,157504.0,0.0,1.0,1.0,0.9778,0.9816,0.0599,0.0613,0.9767,0.9866,0.0099,-15.573,248.3886,548.0,0.0,0.9767,0.9866,0.0099,0.9618,1.0015,4762.0,3.0234,0.4878,0.9778,0.9816,0.0599,0.0,0.9767,0.9866,1.0,0.0099,-15.5731,248.3965,4762.0,0.0302,highly_skewed,variable,0.0,non_normal,150007.0,0.98,0.99,0.01,0.96,1.0,4762.0,0.0,4762.0,3.02,1376.0,0.87,0.8,1.16,652.0,0.0,652.0,0.41,0.01,2799.0,1.78,0.95,1.0,2462.0,1.56,248.39,left_skewed,True,True,True,True,moderate,winsorize_lower_or_clip,0.96,1.0,heavy_tailed,quantile_transform_or_robust_scaler,True,False,True,True,True,True,False,True,0.8,drop_or_encode,near_constant,0.0035
580,YEARS_BEGINEXPLUATATION_MODE,float64,157504,221,0.14,157283,99.86,False,2.72,False,0.9871,4291,"[(np.float64(0.9871), 4291), (np.float64(0.9866), 4173), (np.float64(0.9861), 4167)]",157504,0.9871,2.72,0.9866,2.65,"[('0.9871', 2.72), ('0.9866', 2.65), ('0.9861', 2.65)]",False,Most frequent dominates with 2.72%,157504,150007,48.78,221,very_high_cardinality,True,True,False,False,"target_encoding, hash_encoding, or embedding_layer","['0.9722', '0.9926', '0.9553', '0.9538', '0.9533']",,,,,,,,,,,False,0.0,0.0,,,0.0,0.0,,,157504.0,0.0,1.0,1.0,0.9771,0.9816,0.0646,0.0661,0.9767,0.9866,0.0099,-14.7552,219.9557,142.0,0.0,0.9767,0.9866,0.0099,0.9618,1.0015,5074.0,3.2215,0.4878,0.9771,0.9816,0.0646,0.0,0.9767,0.9866,1.0,0.0099,-14.7553,219.9628,5074.0,0.0322,highly_skewed,variable,0.0,non_normal,150007.0,0.98,0.99,0.01,0.96,1.0,5074.0,0.0,5074.0,3.22,1455.0,0.92,0.78,1.17,680.0,0.0,680.0,0.43,0.01,2950.0,1.87,0.95,1.0,2484.0,1.58,219.96,left_skewed,True,True,True,True,moderate,winsorize_lower_or_clip,0.96,1.0,heavy_tailed,quantile_transform_or_robust_scaler,True,False,True,True,True,True,False,True,0.8,drop_or_encode,near_constant,0.0009
581,YEARS_BUILD_AVG,float64,103023,149,0.14,102874,99.86,False,2.91,False,0.8232,2999,"[(np.float64(0.8232), 2999), (np.float64(0.8164), 2864), (np.float64(0.8028), 2848)]",103023,0.8232,2.91,0.8164,2.78,"[('0.8232', 2.91), ('0.8164', 2.78), ('0.8028', 2.76)]",False,Most frequent dominates with 2.91%,103023,204488,66.5,149,high_cardinality,True,False,False,True,"target_encoding, frequency_encoding, or hash_encoding","['0.6192', '0.6668', '0.0276', '0.422', '0.286']",,,,,,,,,,,False,0.0,0.0,,,0.0,0.0,,,103023.0,0.0,1.0,1.0,0.7525,0.7552,0.1133,0.1505,0.6872,0.8232,0.136,-0.9625,4.3995,102.0,0.0,0.6872,0.8232,0.136,0.4832,1.0272,2154.0,2.0908,0.665,0.7525,0.7552,0.1133,0.0,0.6872,0.8232,1.0,0.136,-0.9625,4.3998,2154.0,0.0209,moderately_skewed,variable,0.0,non_normal,204488.0,0.69,0.82,0.14,0.48,1.03,2154.0,0.0,2154.0,2.09,397.0,0.39,0.41,1.09,1193.0,0.0,1193.0,1.16,0.07,1146.0,1.11,0.35,0.99,1657.0,1.61,4.4,heavy_tailed,True,True,True,True,moderate,winsorize_lower_or_clip,0.48,1.03,heavy_tailed,quantile_transform_or_robust_scaler,True,False,True,True,True,True,False,True,0.5,drop_or_encode,near_constant,0.001
582,YEARS_BUILD_MEDI,float64,103023,151,0.15,102872,99.85,False,2.91,False,0.8256,2994,"[(np.float64(0.8256), 2994), (np.float64(0.8189), 2883), (np.float64(0.8054), 2842)]",103023,0.8256,2.91,0.8189,2.8,"[('0.8256', 2.91), ('0.8189', 2.8), ('0.8054', 2.76)]",False,Most frequent dominates with 2.91%,103023,204488,66.5,151,high_cardinality,True,False,False,True,"target_encoding, frequency_encoding, or hash_encoding","['0.6243', '0.7182', '0.4834', '0.309', '0.3626']",,,,,,,,,,,False,0.0,0.0,,,0.0,0.0,,,103023.0,0.0,1.0,1.0,0.7557,0.7585,0.1121,0.1483,0.6914,0.8256,0.1342,-0.9628,4.4685,101.0,0.0,0.6914,0.8256,0.1342,0.4901,1.0269,2274.0,2.2073,0.665,0.7557,0.7585,0.1121,0.0,0.6914,0.8256,1.0,0.1342,-0.9628,4.4688,2274.0,0.0221,moderately_skewed,variable,0.0,non_normal,204488.0,0.69,0.83,0.13,0.49,1.03,2274.0,0.0,2274.0,2.21,405.0,0.39,0.42,1.09,1206.0,0.0,1206.0,1.17,0.07,1157.0,1.12,0.36,0.99,1682.0,1.63,4.47,heavy_tailed,True,True,True,True,moderate,winsorize_lower_or_clip,0.49,1.03,heavy_tailed,quantile_transform_or_robust_scaler,True,False,True,True,True,True,False,True,0.5,drop_or_encode,near_constant,0.001
583,YEARS_BUILD_MODE,float64,103023,154,0.15,102869,99.85,False,2.87,False,0.8301,2960,"[(np.float64(0.8301), 2960), (np.float64(0.8236), 2879), (np.float64(0.7387), 2789)]",103023,0.8301,2.87,0.8236,2.79,"[('0.8301', 2.87), ('0.8236', 2.79), ('0.7387', 2.71)]",False,Most frequent dominates with 2.87%,103023,204488,66.5,154,high_cardinality,True,False,False,True,"target_encoding, frequency_encoding, or hash_encoding","['0.6341', '0.7256', '0.9151', '0.2617', '0.0395']",,,,,,,,,,,False,0.0,0.0,,,0.0,0.0,,,103023.0,0.0,1.0,1.0,0.7596,0.7648,0.1101,0.145,0.6994,0.8236,0.1242,-1.0023,4.7642,103.0,0.0,0.6994,0.8236,0.1242,0.5131,1.0099,2537.0,2.4626,0.665,0.7596,0.7648,0.1101,0.0,0.6994,0.8236,1.0,0.1242,-1.0023,4.7645,2537.0,0.0246,highly_skewed,variable,0.0,non_normal,204488.0,0.7,0.82,0.12,0.51,1.01,2537.0,0.0,2537.0,2.46,471.0,0.46,0.43,1.09,1208.0,0.0,1208.0,1.17,0.07,1208.0,1.17,0.37,0.99,1419.0,1.38,4.76,left_skewed,True,True,True,True,moderate,winsorize_lower_or_clip,0.51,1.01,heavy_tailed,quantile_transform_or_robust_scaler,True,False,True,True,True,True,False,True,0.5,drop_or_encode,near_constant,0.001
